Tên dự án,Giá,Diện tích,Phòng ngủ,Phòng vệ sinh,Vị trí,Định Vị,Latitude,Longitude
"SHOPHOUSE SÔNG HÀN, PHÁO HOA XÂY 3 - 5 TẦNG, SỞ HỮU LÂU DÀI, CHIẾT KHẤU 12,5%, VỐN CHỈ TỪ 5,7 TỶ","15,5 tỷ",108 m²,8,10,"Sơn Trà, Đà Nẵng"," Đường Trần Hưng Đạo,  Phường Nại Hiên Đông ,  Sơn Trà,  Đà Nẵng",16.08516825,108.2288678
"TÔI CHÍNH CHỦ BÁN TÒA NHÀ 9 TẦNG, GÓC NGÃ TƯ TỐ HỮU - VẠN PHÚC, HÀ ĐÔNG, 3 MẶT THOÁNG",160 tỷ,"122,5 m²",5,6,"Hà Đông, Hà Nội","Số 186, Phố Vạn Phúc, Phường Vạn Phúc, Hà Đông, Hà Nội",20.9706711,105.7754762
"EMERAL68 - SUẤT NỘI BỘ 3 CĂN HOA HẬU VIEW ĐẸP, GIÁ BÁN VÀ CHÍNH SÁCH ƯU ĐÃI TỐT NHẤT 0914 570 ***",3 tỷ,"61,1 m²",2,1,"Thuận An, Bình Dương","The Emerald 68, Vĩnh Phú 16, Vĩnh Phú, Thuận An, Bình Dương",10.87319405,106.7053414
"GIỎ HÀNG MỚI NHẤT BÁN CĂN HỘ VINHOMES GOLDEN RIVER QUẬN 1 ( 1P -6,5TY, 2P-9TY2, 3P-17TY, 4P-36TY)","10,3 tỷ",70 m²,2,2,"Quận 1, Hồ Chí Minh","Vinhomes Golden River Ba Son, Tôn Đức Thắng, Bến Nghé, Quận 1, Hồ Chí Minh",10.78498207,106.703426
"Bán nhà đẹp vuông văn siêu hiếm ở Ngõ 222 Lê Duẩn, Đống Đa, 6,1 tỷ, 30m2, 4 tầng, 2PN, 4WC, Hot!","6,1 tỷ",30 m²,2,4,"Đống Đa, Hà Nội","Ngõ 222 Đường Lê Duẩn, Phường Khâm Thiên, Đống Đa, Hà Nội",21.0192241,105.8390581
Quỹ căn hộ giá rẻ không chênh hỗ trợ vay vốn ngân hàng 80% sổ đỏ sang tên rẻ hơn CDT 500 triệu,"2,6 tỷ",58 m²,2,2,"Đông Anh, Hà Nội"," Đường 5,  Xã Đông Hội,  Đông Anh,  Hà Nội",21.13968625,105.8518553
"Bán chuyển nhượng 100 căn dự án Imperia Sky Garden, xem nhà trực tiếp LH TPKD: Hoài Thu 0913 484 ***",Giá thỏa thuận,"74,83 m²",2,2,"Hai Bà Trưng, Hà Nội","Imperia Sky Garden, 423, Đường Minh Khai, Phường Vĩnh Tuy, Hai Bà Trưng, Hà Nội",20.99496378,105.8675578
NHÀ CHÍNH CHỦ- BA ĐÌNH- THANG MÁY DÂN TRÍ CAO- DÒNG TIỀN TỐT,"17,5 tỷ",40 m²,4,4,"Ba Đình, Hà Nội","Phố Kim Mã Thượng, Phường Cống Vị, Ba Đình, Hà Nội",21.03593635,105.81262
Suất nội bộ giá tốt căn đẹp của dự án Viha 107 Nguyễn Tuân. Liên hệ ngay 0988 160 ***,"6,48 tỷ",72 m²,2,2,"Thanh Xuân, Hà Nội","Viha Complex, 107, Đường Nguyễn Tuân, Phường Thanh Xuân Trung, Thanh Xuân, Hà Nội",20.9957616,105.8054269
(58 căn chủ đầu tư) The MarQ giỏ hàng 58 căn ký trực tiếp chủ đầu tư. Full 1PN 2PN 3PN 4PN,"8,5 tỷ",51 m²,1,1,"Quận 1, Hồ Chí Minh","The Marq, Nguyễn Đình Chiểu, Đa Kao, Quận 1, Hồ Chí Minh",10.79141683,106.7023799
"Căn góc 3PN, hướng mát, tầng trung, nhà mới 100%. Nội thất cao cấp, có slot oto. Tháng 6 nhận nhà",Giá thỏa thuận,96 m²,3,2,"Thanh Xuân, Hà Nội","Handico Complex, Số 33, Đường Lê Văn Lương, Phường Nhân Chính, Thanh Xuân, Hà Nội",21.00694099,105.807155
"Nhà phố 5.4 tỷ, biệt thự 14.5 tỷ Aqua City view sông, sẵn nhà pháp lý HĐMB, PKD Novaland","5,4 tỷ",120 m²,4,3,"Biên Hòa, Đồng Nai"," Xã Long Hưng,  Biên Hòa,  Đồng Nai",10.8735292,106.8577933
"Xem nhà 24/7 - Bình Minh Land chuyên bán CC Royal City giá tốt nhất thị trường, hỗ trợ vay 80%",9 tỷ,110 m²,2,2,"Thanh Xuân, Hà Nội","Royal City, 72A, Đường Nguyễn Trãi, Phường Thượng Đình, Thanh Xuân, Hà Nội",21.0043562,105.8159117
"Bán quán Karaoke 15 tỷ, 160m2, 2 mặt tiền tại Tỉnh Lộ 298, Phường Bích Động, Việt Yên, Bắc Giang",15 tỷ,160 m²,6,12,"Việt Yên, Bắc Giang","Đường Tỉnh Lộ 298, Thị trấn Bích Động, Việt Yên, Bắc Giang",21.27516465,106.1003452
BÁN CĂN HỘ VIEW TRỰC DIỆN SÔNG HÀN - SỔ LÂU DÀI - VỊ TRÍ XEM PHÁO HOA SIÊU ĐẸP - 2PN - 76M2,4 tỷ,76 m²,2,2,"Sơn Trà, Đà Nẵng","Peninsula Đà Nẵng , Lê Văn Duyệt, Nại Hiên Đông , Sơn Trà, Đà Nẵng",16.09521033,108.2245759
"Nhà 3 tầng mới xây, nhỉnh 3 tỷ gần bến xe Yên Nghĩa - Hà Đông - sổ đỏ tên tôi","3,49 tỷ",63 m²,3,2,"Chương Mỹ, Hà Nội","Xã Phụng Châu, Chương Mỹ, Hà Nội",20.936692,105.7094257
"Tổng hợp những căn nhà đáng mua nhất tại An Đồng, An Dương, Hải Phòng 3 tầng xây mới giá hơn 2 tỷ",Giá thỏa thuận,60 m²,3,3,"An Dương, Hải Phòng","Đường Máng Nước, Xã An Đồng, An Dương, Hải Phòng",21.1251133,105.63764
Ra mắt quỹ căn tầng đẹp giá tốt 2PN - 3PN dự án Fibonan - KĐT Ecopark vốn chỉ cần 900 triệu,"3,9 tỷ",60 m²,2,2,"Văn Giang, Hưng Yên"," Xã Xuân Quan,  Văn Giang,  Hưng Yên",20.9577012,105.9161321
"Giỏ hàng 93 căn giá tốt hơn thị trường 500tr các căn hộ 1,2,3PN, Kingdom 101 Quận 10 đã có sổ hồng","5,67 tỷ",79 m²,2,2,"Quận 10, Hồ Chí Minh"," Đường Tô Hiến Thành,  Phường 14,  Quận 10,  Hồ Chí Minh",10.7737407,106.6628205
Cập nhật: Quỹ căn Vinhomes Skylake 1PN- 2PN- 3PN- 4PN- penthouse- SkyVilla View Hồ chỉ từ 92.5tr/m2,"9,2 tỷ",86 m²,3,2,"Nam Từ Liêm, Hà Nội"," Đường Phạm Hùng,  Phường Mỹ Đình 1,  Nam Từ Liêm,  Hà Nội",21.02017478,105.7799731
"Tổng hợp căn hộ royal city bán mới nhất,1N,2N,3N,4N,5N,duplex, đập thông giá tốt nhất.","8,4 tỷ",105 m²,2,2,"Thanh Xuân, Hà Nội","Royal City, Nguyễn Trãi, Thượng Đình, Thanh Xuân, Hà Nội",21.0043562,105.8159117
"Diện tích 80m2, mặt tiền 5m, đường 13m. Thông QL5A và 5B tại phân khu Ánh Dương Vin 3",11 tỷ,80 m²,5,5,"Văn Giang, Hưng Yên"," Xã Nghĩa Trụ,  Văn Giang,  Hưng Yên",20.9298976,105.963275
"Chính chủ (không qua MG) Cần BÁN GẤP toà 7 tầng 100m MT5,5m Ngõ ô tô đỗ cửa","30,5 tỷ","98,5 m²",3,3,"Đống Đa, Hà Nội","Số 31, Ngõ 2 Đường Tam Khương, Phường Khương Thượng, Đống Đa, Hà Nội",20.99791061,105.8413052
Westgate đã có sổ hồng - view nội khu giá tốt nhất thị trường - đã có sổ,"2,4 tỷ",59 m²,2,2,"Bình Chánh, Hồ Chí Minh"," Đường Tân Túc,  Thị trấn Tân Túc,  Bình Chánh,  Hồ Chí Minh",10.6878759,106.5850546
"Chính chủ bán căn hộ chung cư khu đô thị Xa La, 77m2 tặng full nội thất, sổ đỏ lâu dài","3,5 tỷ",77 m²,2,2,"Hà Đông, Hà Nội"," Phố Phùng Hưng,  Phường Phúc La,  Hà Đông,  Hà Nội",20.9728547,105.7833134
"Chiết khấu 25%, thanh toán giãn 480 ngày, QL giỏ hàng thanh lý giá cực tốt The Origami view cực đẹp","2,45 tỷ",47 m²,1,1,"Quận 9, Hồ Chí Minh"," Đường Phước Thiện,  Phường Long Bình,  Quận 9,  Hồ Chí Minh",10.7589554,106.6730492
"Chính chủ trên sổ bán chung cư FLC, diện tích 113,3m2 4 ngủ 2 vệ sinh, giá 5.85 tỷ có thương lượng","5,85 tỷ","113,3 m²",4,2,"Hà Đông, Hà Nội"," Đường Quang Trung,  Phường Quang Trung,  Hà Đông,  Hà Nội",20.96471352,105.7678278
"Bán căn hộ Vinhomes Central Park 2 phòng ngủ 86m2 giá 6,8 tỷ bao hết. LH ngay 0901 692 ***","6,8 tỷ",86 m²,2,2,"Bình Thạnh, Hồ Chí Minh"," Đường Nguyễn Hữu Cảnh,  Phường 22,  Bình Thạnh,  Hồ Chí Minh.",10.79269259,106.7180643
"Bán căn hộ 3 phòng ngủ Vinhomes Central Park 126.2m2, căn góc view sông",9 tỷ,"126,2 m²",3,2,"Bình Thạnh, Hồ Chí Minh"," Đường Điện Biên Phủ,  Phường 22,  Bình Thạnh,  Hồ Chí Minh",10.79834217,106.7196859
Cập nhật rổ hàng chuyển nhượng những căn giá tốt nhất tại dự án Aqua City cho nhà đầu tư,"5,1 tỷ",120 m²,3,3,"Biên Hòa, Đồng Nai"," Xã Long Hưng,  Biên Hòa,  Đồng Nai",10.8735292,106.8577933
"Chính chủ bán chuyển nhượng căn 2N 54m2 3,3 tỷ full Nội thất đẹp LH 0963 882 ***","3,3 tỷ",54 m²,2,2,"Nam Từ Liêm, Hà Nội","The Sapphire-Vinhomes Smart City, Phường Tây Mỗ, Nam Từ Liêm, Hà Nội",21.0096762,105.7445572
"(Chính chủ)Bán nhà mặt phố Hàng Bún DT 160m2, MT 8m, view đẹp hàng hiếm tại khu vực phố cổ Hà Nội","89,9 tỷ",160 m²,6,6,"Ba Đình, Hà Nội","Phố Hàng Bún, Phường Trúc Bạch, Ba Đình, Hà Nội",21.04172068,105.8449725
1 TRONG 2 CĂN DUPLEX view trực diện sông Giá tốt nhất thị trường,"48,8 tỷ",215 m²,3,3,"Quận 2, Hồ Chí Minh","Zeit River Thủ Thiêm , An Khánh, Quận 2, Hồ Chí Minh",10.7586562,106.6992049
"MỞ BÁN QUỸ CĂN VIP TẠI DỰ ÁN HOÀNG HUY GREEN RIVER ,CHÍNH SÁCH TỐT TỪ CHỦ ĐẦU TƯ","7,37 tỷ","82,5 m²",4,4,"Thủy Nguyên, Hải Phòng","Hoàng Huy Green River, Phường Hoa Động, Thủy Nguyên, Hải Phòng",20.8901738,106.6631377
Chỉ từ 78tr/m sở hữu căn hộ đầy đủ nội thất tiêu chuẩn Châu Âu tại toà tháp đôi Kapler Land,"5,5 tỷ","65,5 m²",2,2,"Hà Đông, Hà Nội","Tháp đôi Kepler Land, Phường Mỗ Lao, Hà Đông, Hà Nội",20.9821715,105.7842539
"PKD HàPKD Hà Đô Centrosa bán CH T3/2025 loại 1PN - 6.5 tỷ, 2PN - 8tỷ, 2 + - 12 tỷ, 134m2 - 15.5 tỷ",8 tỷ,78 m²,2,2,"Quận 10, Hồ Chí Minh"," Đường 3/2,  Phường 12,  Quận 10,  Hồ Chí Minh",10.76976565,106.6708768
"Chỉ 3,6 tỷ (30%) sở hữu biệt thự Centa Riverside - Đô thị Singapore đầu tiên tại đất Vua Kinh Bắc",12 tỷ,180 m²,4,5,"Từ Sơn, Bắc Ninh"," Đường Hữu Nghị,  Phường Phù Chẩn,  Từ Sơn,  Bắc Ninh",21.08308623,105.9652381
"Bán căn 83m2 nội thất cơ bản view Vườn Tùng giá 3tỷ550 bao phí sang tên, LH 0868 683 ***","3,55 tỷ",83 m²,2,2,"Văn Giang, Hưng Yên"," Đường Trúc,  Xã Xuân Quan,  Văn Giang,  Hưng Yên",20.9577012,105.9161321
"Chính chủ kẹt tiền cần bán 2PN - 78m2 Kingdom 101, giá 5.7 tỷ, đã có sổ hồng, LH 0933 752 ***","5,8 tỷ",78 m²,2,2,"Quận 10, Hồ Chí Minh","Kingdom 101, Tô Hiến Thành, 14, Quận 10, Hồ Chí Minh",10.7757295,106.6628754
"Chỉ với 480 Triệu sở hữu ngay căn góc 78m2 dự án A&T Sky Garden, View trực diện hồ gươm xanh","2,3 tỷ",73 m²,2,2,"Thuận An, Bình Dương","A&T Sky Garden, Cách Mạng Tháng Tám, Lái Thiêu, Thuận An, Bình Dương",-25.1076701,-64.3494964
"Ban quản lí gửi em bán gấp căn hộ 2PN, 3PN dự án Imperia Sky Garden. LH xem nhà TPKD 0387 032 ***",Giá thỏa thuận,"74,83 m²",2,2,"Hai Bà Trưng, Hà Nội"," Đường Minh Khai,  Phường Vĩnh Tuy,  Hai Bà Trưng,  Hà Nội",20.99496378,105.8675578
Chính chủ bán nhà mặt phố Lương Văn Can quận Hà Đông,"17,5 tỷ",70 m²,4,3,"Hà Đông, Hà Nội","Đường Lương Văn Can, Phường Nguyễn Trãi, Hà Đông, Hà Nội",20.97160515,105.7788376
"BÁN LIỀN KỀ CẠNH VINHOMES - 3 OTO TRÁNH - FULL NỘI THẤT LONG LANH - 90M2 - 18,5 TỈ","18,5 tỷ",90 m²,4,5,"Nam Từ Liêm, Hà Nội","Phường Tây Mỗ, Nam Từ Liêm, Hà Nội",21.0096762,105.7445572
"Tôi chính chủ cần bán cả 2 căn: 2PN+1, 69m2-3 tỷ450 và 2PN, 59m2 hơn 2 tỷ 650 Vinhomes Smart City",Giá thỏa thuận,59 m²,2,1,"Nam Từ Liêm, Hà Nội"," Phường Tây Mỗ,  Nam Từ Liêm,  Hà Nội",21.0096762,105.7445572
"Căn hộ trung tâm Đà Nẵng - sổ hồng lâu dài - giá gốc CĐT - view bao trọn sông Hàn, pháo hoa","4,1 tỷ",76 m²,2,2,"Hải Châu, Đà Nẵng"," Đường Xô Viết Nghệ Tĩnh,  Phường Hòa Cường Nam,  Hải Châu,  Đà Nẵng",16.03243564,108.2197473
"Quỹ 66 căn chuyển nhượng 2PN - 7tỉ, 3PN, Dual Key - 11 tỉ The Matrix One-GD1, GD2-Cam kết giá tốt","8,67 tỷ",115 m²,3,2,"Nam Từ Liêm, Hà Nội"," Đường Lê Quang Đạo,  Phường Mễ Trì,  Nam Từ Liêm,  Hà Nội",21.01350886,105.7701658
"Bán gấp căn hộ Hoàng Anh River View, Block C trực diện sông 177.85m2","9,7 tỷ","177,85 m²",4,4,"Quận 2, Hồ Chí Minh"," Đường Nguyễn Văn Hưởng,  Phường Thảo Điền,  Quận 2,  Hồ Chí Minh",10.81604325,106.7282586
Giá mới cực tốt - PKD Đảo Kim Cương chuyên bán đủ loại hình căn hộ từ 1-2-3-4PN-Villa view sông đẹp,"5,7 tỷ",65 m²,2,2,"Quận 2, Hồ Chí Minh","Diamond Island, Bình Trưng Tây, Quận 2, Hồ Chí Minh",10.80484845,106.7167622
"Bán nhà riêng phân lô 7,2 tỷ, 43m2 tại Khu đô thị Văn La - Văn Khê, Hà Đông, Hà Nội giá siêu hời","7,2 tỷ",43 m²,2,1,"Hà Đông, Hà Nội","Khu đô thị Văn La - Văn Khê, Quang Trung, La Khê, Hà Đông, Hà Nội",20.96102008,105.7630835
"Bán Nhà Riêng Chính Chủ Tại Thị Trấn Nhà Bè, 5.8 tỷ, DTSD 139m2, Chính chủ giá ưu đãi","5,8 tỷ",56 m²,4,3,"Nhà Bè, Hồ Chí Minh","Nhà Bè, Nhà Bè, Hồ Chí Minh",10.6956953,106.7395591
"Quỹ chuyển nhượng chính chủ Vinhomes Ocean Park giá tốt nhất - Hỗ trợ ngân hàng, lãi suất thấp","2,3 tỷ",43 m²,1,1,"Gia Lâm, Hà Nội"," Xã Dương Xá,  Gia Lâm,  Hà Nội",21.0046345,105.970087
CHÍNH CHỦ BÁN CĂN GÓC TOPAZ CITY 96M2 3PN 2WC VIEW Q1 CHỈ HƠN 3.6TỶ~ 38TR/M2 NT CAO CẤP 0964 161 ***,"3,65 tỷ",96 m²,3,2,"Quận 8, Hồ Chí Minh"," Đường Cao Lỗ,  Phường 4,  Quận 8,  Hồ Chí Minh",10.74012373,106.6779372
Giỏ hàng The River Thủ Thiêm giá tốt - đã có sổ hồng - Hỗ trợ vay 70%,"9,4 tỷ",64 m²,1,1,"Quận 2, Hồ Chí Minh"," Đường Nguyễn Cơ Thạch,  Phường An Khánh,  Quận 2,  Hồ Chí Minh",10.80484845,106.7167622
Một căn hộ - Hai cuộc sống - Một viễn cảnh tương lai của dự án Vista Đà Nẵng,"4,24 tỷ",76 m²,2,2,"Hải Châu, Đà Nẵng"," Đường Xô Viết Nghệ Tĩnh,  Phường Hòa Cường Nam,  Hải Châu,  Đà Nẵng",16.03243564,108.2197473
"Tin thật 100% - Top căn hộ đáng mua nhất Vista Verde T4/2025, cam kết giá bán tốt nhất thị trường","6,9 tỷ",89 m²,2,2,"Quận 2, Hồ Chí Minh"," Đường Phan Văn Đáng,  Phường Thạnh Mỹ Lợi,  Quận 2,  Hồ Chí Minh",10.77073175,106.7702559
Bán gấp căn 2PN hoa hậu view nội khu giá tốt nhất - Quản lý rổ hàng chính chủ Celesta 100%,"5,1 tỷ",80 m²,2,2,"Nhà Bè, Hồ Chí Minh"," Đường Nguyễn Hữu Thọ,  Xã Phước Kiển,  Nhà Bè,  Hồ Chí Minh",10.71772076,106.7026202
Mia Center Point cơ hội đón đầu sóng đầu tư tại Tây Bắc Đà Nẵng sau chuyến thăm của TBT Tô Lâm,Giá thỏa thuận,67 m²,2,2,"Liên Chiểu, Đà Nẵng"," Đường Ngô Thì Nhậm,  Phường Hòa Khánh Bắc,  Liên Chiểu,  Đà Nẵng",16.0765052,108.1488365
"Chính chủ bán căn hộ 3PN dự án The Matrix One. View Hồ, SVĐ Mỹ Đình. Tầng trung, số đẹp. Giá 12 tỷ","12,5 tỷ",115 m²,3,2,"Nam Từ Liêm, Hà Nội"," Đường Lê Quang Đạo,  Phường Mễ Trì,  Nam Từ Liêm,  Hà Nội",21.01350886,105.7701658
Tổng kho hàng chuyển nhượng - Vị trí siêu đẹp - giá rẻ nhất thị trường (mới nhất),"17,5 tỷ",110 m²,6,7,"Hoài Đức, Hà Nội","Hà Đô Charm Villas, Đại lộ Thăng Long, An Thượng, Hoài Đức, Hà Nội",21.0041628,105.6792539
"Sốc! Bán căn 2PN 3,9 tỷ Masteri Central Point - Tầng trung - view cực chill","3,9 tỷ",72 m²,2,2,"Quận 9, Hồ Chí Minh"," Phường Long Bình,  Quận 9,  Hồ Chí Minh",10.7589554,106.6730492
Thật 100% căn hộ sổ hồng - (76m2 - 4.8tỷ) (97m2 - 5.1tỷ) (124m2 - 6.7tỷ) tại Sunrise City Q. 7,"6,7 tỷ",124 m²,3,2,"Quận 7, Hồ Chí Minh"," Đường Nguyễn Hữu Thọ,  Phường Tân Hưng,  Quận 7,  Hồ Chí Minh",10.74250976,106.7013355
Cơ Hội Đầu Tư Vàng: Nhận Booking Giai Đoạn Đầu Tiên CH Happy One Sora! Giá dự kiến chỉ từ 45.9tr/m2,Giá thỏa thuận,59 m²,2,1,"Thủ Đức, Hồ Chí Minh"," Đường Số 9,  Phường Linh Xuân,  Thủ Đức,  Hồ Chí Minh",10.8873072,106.7705576
Có sẵn 3tỷ sở hữu ngay căn hộ siêu đẹp và giá tốt nhất tại 33 Lê Văn Lương - Handico Com,"5,84 tỷ",70 m²,2,2,"Thanh Xuân, Hà Nội","Handico Complex, 33, Đường Lê Văn Lương, Phường Nhân Chính, Thanh Xuân, Hà Nội",21.00694099,105.807155
Tin hot! Căn hộ Gò Vấp giá rẻ chỉ 1tỷ680/căn - 2PN - Tặng bộ nội thất 70tr nhận nhà ở ngay,"1,68 tỷ",48 m²,2,1,"Gò Vấp, Hồ Chí Minh","Đường Trần Bình Trọng, Phường 1, Gò Vấp, Hồ Chí Minh",10.81587072,106.6854725
"[Tư vấn thật, không báo giá ảo] Grand Marina - Bán lỗ thu hồi vốn (1PN-20tỷ) (2PN-33tỷ)(3PN-68tỷ)","20,6 tỷ",57 m²,1,1,"Quận 1, Hồ Chí Minh"," Phố Tôn Đức Thắng,  Phường Bến Nghé,  Quận 1,  Hồ Chí Minh",10.78507305,106.7021751
"Hàng hiếm! Cần bán gấp căn góc 64m2, PK GS1, full nội thất siêu đẹp, BC Đông Nam giá 4.1 tỷ","4,1 tỷ",64 m²,2,2,"Nam Từ Liêm, Hà Nội"," Phường Tây Mỗ,  Nam Từ Liêm,  Hà Nội",21.0096762,105.7445572
"Bán nhà ngõ 308 Tây Sơn, Đống Đa DT106m2, MT5m, 5tầng, 6PN, ôtô đỗ, SĐCC, giá bán 29tỷ có TL sâu",29 tỷ,106 m²,6,5,"Đống Đa, Hà Nội","Ngõ 308, Đường Tây Sơn, Phường Thịnh Quang, Đống Đa, Hà Nội",21.0085471,105.8174276
"Bán nhà Lạc Long Quân, Tây Hồ, mặt ngõ thông tứ tung, rộng rãi ba góc đua, mấy bước chân ra hồ Tây","10,5 tỷ",60 m²,2,2,"Tây Hồ, Hà Nội","Đường Lạc Long Quân, Phường Xuân La, Tây Hồ, Hà Nội",21.06535487,105.8100573
"Bán biệt thự Indochine tại Xóm Tây, Quốc Oai, Hà Nội, 36 triệu/m2, 200.1m2, view núi Thầy","7,2 tỷ","200,1 m²",3,1,"Quốc Oai, Hà Nội","Xóm Tây, xã Sài Sơn, huyện Quốc Oai, TP Hà Nội",21.01683775,105.6481839
"Top 3 biệt thự song lập Chà Là, Cọ Xanh, Hải Âu giá siêu mềm chỉ 121tr/m2 trong tháng 2/2025","15,5 tỷ","127,5 m²",5,5,"Văn Giang, Hưng Yên"," Xã Long Hưng,  Văn Giang,  Hưng Yên",20.942226,105.957565
"Bán biệt thự Hado Charm Villas giá 160 triệu/m² tại Hoài Đức, Hà Nội","27,28 tỷ","170,5 m²",4,5,"Hoài Đức, Hà Nội"," Đường Đại lộ Thăng Long,  Xã An Thượng,  Hoài Đức,  Hà Nội",20.9940074,105.7040625
"Nhà Phố xây dựng mới hiện đại - đường 8m KDC Đào Tông Nguyên, Nhà Bè - 4m x 13,5m - Giá 6,95 tỷ","6,95 tỷ",54 m²,4,5,"Nhà Bè, Hồ Chí Minh","Đường Đào Tông Nguyên, Thị trấn Nhà Bè, Nhà Bè, Hồ Chí Minh",10.68630756,106.7522195
200 Căn chuyển nhượng giá từ 7 tỷ - 8tỷ tại The Matrix One . Tư vấn giai đoạn 2 tháng 3 mở bán !,Giá thỏa thuận,"111,98 m²",3,2,"Nam Từ Liêm, Hà Nội"," Đường Lê Quang Đạo,  Phường Mễ Trì,  Nam Từ Liêm,  Hà Nội",21.01350886,105.7701658
"Dual front Sun Symphony - dinh thự ""mặt tiền kép"" trên không, siêu hiếm, căn hộ 3 tầng, CK 22%","26,6 tỷ","278,7 m²",4,4,"Sơn Trà, Đà Nẵng"," Đường Trần Hưng Đạo,  Phường Nại Hiên Đông ,  Sơn Trà,  Đà Nẵng",16.08516825,108.2288678
"2025 rồi. Liệu có toà chung cư nào mới 100%, bàn giao cao cấp, tháng 6 nhận nhà. Giá chỉ 8xtr/m2",Giá thỏa thuận,83 m²,2,2,"Thanh Xuân, Hà Nội","Handico Complex, 33, Đường Lê Văn Lương, Phường Nhân Chính, Thanh Xuân, Hà Nội",21.00694099,105.807155
"Bán căn hộ Conic Riverside, Q8. DT: 65m2, giá: 2,58 tỷ (bớt lộc)","2,58 tỷ",65 m²,2,1,"Quận 8, Hồ Chí Minh"," Phố Tạ Quang Bửu,  Phường 7,  Quận 8,  Hồ Chí Minh",10.7056884,106.624332
Hot deal - 4PN - view trực diện công viên - có sổ - tin thật 100%,"19,5 tỷ",160 m²,4,3,"Bình Thạnh, Hồ Chí Minh"," Đường Điện Biên Phủ,  Phường 22,  Bình Thạnh,  Hồ Chí Minh",10.79834217,106.7196859
"Mã căn độc quyền 3PN view sông SG giá chỉ 2,4 tỷ, 2PN 1,9 tỷ, 1PN 1,5 tỷ (Full VAT) LH 0971 589 ***","2,4 tỷ",82 m²,3,3,"Thủ Dầu Một, Bình Dương","The Maison, Phan Bội Châu, Phú Thọ, Thủ Dầu Một, Bình Dương",10.95054598,106.6609498
"Bán căn hộ giá tốt tại Detaco Nhơn Trạch, 430 triệu, 52 m2",430 triệu,52 m²,2,2,"Nhơn Trạch, Đồng Nai","Detaco Nhơn Trạch (DTA City), Đường Nguyễn Văn Cừ, Xã Phước An, Nhơn Trạch, Đồng Nai",10.65898039,106.9221669
"(Update mới) quỹ căn hộ GoldMark City chuyển nhượng 2PN - 3PN - 4PN, nguồn chính chủ giá tốt nhất","5,8 tỷ",94 m²,3,2,"Bắc Từ Liêm, Hà Nội","Goldmark City, 136, Đường Hồ Tùng Mậu, Phường Phú Diễn, Bắc Từ Liêm, Hà Nội",21.0419326,105.7678915
"Siêu phẩm 3PN view thoáng, tầng đẹp tại Ocean Park","7,66 tỷ","101,5 m²",3,2,"Gia Lâm, Hà Nội"," Xã Dương Xá,  Gia Lâm,  Hà Nội",21.0046345,105.970087
"Bán nhà mặt tiền Nguyễn Thượng Hiền, Bình Thạnh dòng tiền sau cải tạo 14 phòng 90tr/tháng","14,9 tỷ",65 m²,5,3,"Bình Thạnh, Hồ Chí Minh","131 Đường Nguyễn Thượng Hiền, Phường 6, Bình Thạnh, Hồ Chí Minh",10.7841123,106.6589641
"CHỈ 2.6 TỶ SỞ HỮU CĂN 93M2 TẠI VIHA NGUYỄN TUÂN , HTLS vay 0% đến 31/12/2025. CAM KẾT GIÁ TỐT NHẤT",Giá thỏa thuận,93 m²,3,3,"Thanh Xuân, Hà Nội"," Đường Nguyễn Tuân,  Phường Thanh Xuân Trung,  Thanh Xuân,  Hà Nội",20.9957616,105.8054269
"Bán gấp căn hộ 2PN, 2WC giá tốt tại Nguyễn Văn Cừ, Phước An, Nhơn Trạch, Đồng Nai",500 triệu,52 m²,2,2,"Nhơn Trạch, Đồng Nai","Detaco Nhơn Trạch (DTA City), Đường Nguyễn Văn Cừ, Xã Phước An, Nhơn Trạch, Đồng Nai",10.65898039,106.9221669
"Trực tiếp CĐT: Full quỹ căn 2PN 3PN Khai Sơn City, chiết khấu 10.5%, lãi 0% 18 tháng, quà tặng 80tr","5,2 tỷ","89,5 m²",2,2,"Long Biên, Hà Nội"," Phường Ngọc Thụy,  Long Biên,  Hà Nội",21.0601064,105.8670441
"Căn hộ Ori Garden view biển, hỗ trợ vay, khu trung tâm thương mại Đà Nẵng, sổ lâu dài, CC ở ngay","1,35 tỷ",48 m²,2,1,"Liên Chiểu, Đà Nẵng"," Đường Mê Linh,  Phường Hòa Hiệp Nam,  Liên Chiểu,  Đà Nẵng",16.1043829,108.1329695
"Bán căn hộ Home City - Phố Trung Kính, 2PN, 2VS, DT: 70m2, đủ đồ đẹp, giá 6,05 tỷ. LH: 0972 682 ***","6,05 tỷ",70 m²,2,2,"Cầu Giấy, Hà Nội","Home City - Trung Kính Complex, 177, Phố Trung Kính, Phường Yên Hòa, Cầu Giấy, Hà Nội",21.01665806,105.7939798
"Cam kết GH ngoại giao, GH ẩn MCP - LBV giá tốt nhất hôm nay - CK khủng 9,5% - Đóng 10% nhận nhà","3,9 tỷ",79 m²,2,2,"Quận 9, Hồ Chí Minh"," Phường Long Bình,  Quận 9,  Hồ Chí Minh",10.7589554,106.6730492
"Tin thật 100% - Cập nhật mới nhất giá bán căn hộ Feliz En Vista T4/2025, với đủ loại hình phòng ngủ",9 tỷ,107 m²,3,3,"Quận 2, Hồ Chí Minh","Feliz En Vista, Phan Văn Đáng, Thạnh Mỹ Lợi, Quận 2, Hồ Chí Minh",10.77073175,106.7702559
"Bán căn góc duy nhất tầng cao 146m2, 3PN2WC, full nội thất. View trọn Hồ Tây siêu xinh. Giá 17,5tỷ","17,5 tỷ",146 m²,3,2,"Tây Hồ, Hà Nội","D’. Le Roi Soleil , 59, Đường Xuân Diệu, Phường Quảng An, Tây Hồ, Hà Nội",21.06534505,105.827026
Chuyên bán tại D'Capitale. Cập nhật mới T4/2025. Căn hộ Studio-1-2-3 phòng ngủ. Hỗ trợ pháp lý,"8,2 tỷ",83 m²,3,2,"Cầu Giấy, Hà Nội","Vinhomes D'Capitale, 119, Đường Trần Duy Hưng, Phường Trung Hòa, Cầu Giấy, Hà Nội",21.0066242,105.795503
"Quỹ căn 1N, 2N, giá tốt nhất, chỉ từ 600tr sở hữu HĐMB, cho thuê dòng tiền lên đến 250tr/năm","3,5 tỷ",55 m²,1,1,"Cát Hải, Hải Phòng"," Thị trấn Cát Bà,  Cát Hải,  Hải Phòng",20.7321058,107.0483333
"Bán liền kề 120m2 Jade Square ngay Phạm Văn Đồng, duy nhất 1 căn giá 40 tỷ. Giá nét không ảo",40 tỷ,120 m²,5,4,"Bắc Từ Liêm, Hà Nội"," Đường Nguyễn Đình Tứ,  Phường Xuân Đỉnh,  Bắc Từ Liêm,  Hà Nội",21.07619787,105.7938631
"Hàng hiếm tại The Marq, Q1, HCM, 13,7 tỷ, 72m2, 2PN, 2WC, full nội thất","13,7 tỷ",72 m²,2,2,"Quận 1, Hồ Chí Minh","The Marq, Nguyễn Đình Chiểu, Đa Kao, Quận 1, Hồ Chí Minh",10.79141683,106.7023799
Quỹ căn độc quyền - giá tốt nhất Wisteria - Cập nhật tháng 3/2025,"4,5 tỷ",73 m²,2,2,"Hoài Đức, Hà Nội","Chung cư The Wisteria, 32, Di Trạch, Hoài Đức, Hà Nội",21.0498409,105.7207904
Hàng đầu tư Saigon Mia 2PN 2WC - căn gốc - 2 view vip không đối cửa sổ - pháp lý rõ ràng,"3,9 tỷ",75 m²,2,2,"Bình Chánh, Hồ Chí Minh"," Đường Số 9A,  Xã Bình Chánh,  Bình Chánh,  Hồ Chí Minh",10.66394106,106.572374
"Em Đức. Quỹ căn hộ (T4 - 2025) 2PN-3PN-4PN-Penthouse Indochina Plaza - không báo ảo, hỗ trợ A - Z",Giá thỏa thuận,110 m²,3,2,"Cầu Giấy, Hà Nội"," Đường Xuân Thủy,  Phường Dịch Vọng Hậu,  Cầu Giấy,  Hà Nội",21.03652303,105.7853934
"Bán shophouse view hồ bơi tại Sky Center, Phổ Quang, Tân Bình, giá rẻ 8,5 tỷ, 132m2","8,5 tỷ",132 m²,3,2,"Tân Bình, Hồ Chí Minh"," Đường Phổ Quang,  Phường 2,  Tân Bình,  Hồ Chí Minh",10.80674143,106.66908
"Chung cư căn góc tầng trung, diện tích 235 m2 có thể vừa ở vừa làm văn phòng","15,5 tỷ",235 m²,4,3,"Cầu Giấy, Hà Nội"," Phố Hoàng Đạo Thúy,  Phường Trung Hòa,  Cầu Giấy,  Hà Nội",21.00898892,105.8010325
"Bán căn hộ chung cư 1702 tại 197 Trần Phú, 4,35 tỷ, 70,6m2, 2PN, 2WC, Hà Đông, Hà Nội","4,35 tỷ","70,6 m²",2,2,"Hà Đông, Hà Nội"," Đường Trần Phú,  Phường Văn Quán,  Hà Đông,  Hà Nội",20.98346048,105.7921278
Tổng giỏ hàng Aqua City cập nhật t4/2025 những căn giá tốt nhất cho quý nhà đầu tư tại Aqua City,"5,1 tỷ",120 m²,3,4,"Biên Hòa, Đồng Nai"," Xã Long Hưng,  Biên Hòa,  Đồng Nai",10.8735292,106.8577933
"Bán căn hộ tại Vista Residence Da Nang, view ngắm pháo hoa Đà Nẵng. Căn góc 2 mặt tiền ban công.","4,92 tỷ",82 m²,2,2,"Hải Châu, Đà Nẵng","Vista Residence Da Nang, Xô Viết Nghệ Tĩnh, Hòa Cường Nam, Hải Châu, Đà Nẵng",16.03243564,108.2197473
"Duy nhất căn liền kề đường 30m tại dự án Hinode Royal Park, đã có sổ đỏ, nhỉnh 18 tỉ chút xíu",Giá thỏa thuận,100 m²,6,6,"Hoài Đức, Hà Nội"," Đường Quốc lộ 32,  Xã Di Trạch,  Hoài Đức,  Hà Nội",21.0498409,105.7207904
CHÍNH CHỦ CẦN BÁN GẤP CĂN 3PN 95M2 MIZUKI. BLOCK MP678. NT CƠ BẢN. ĐÃ CÓ SỔ. GIÁ 4tỷ970,"4,97 tỷ",95 m²,3,2,"Bình Chánh, Hồ Chí Minh"," Đường Nguyễn Văn Linh,  Xã Bình Hưng,  Bình Chánh,  Hồ Chí Minh",10.72891091,106.6801554
Duy nhất một căn tân cổ điển 3 tầng độc lập,"4,6 tỷ",90 m²,3,4,"An Dương, Hải Phòng","Đường Cách Hạ, Phường Nam Sơn, An Dương, Hải Phòng",20.8772179,106.6097831
"Chính chủ bán căn 2pn2wc - giá chỉ 3,65 tỷ - tầng trung đẹp - đáng mua nhất","3,65 tỷ",71 m²,2,2,"Đông Anh, Hà Nội"," Đường 5,  Xã Đông Hội,  Đông Anh,  Hà Nội",21.13968625,105.8518553
"Giỏ hàng độc quyền quỹ căn view pháo hoa, CK 11%, ký trực tiếp CĐT, duy nhất 3 căn",Giá thỏa thuận,119 m²,2,2,"Hải Châu, Đà Nẵng"," Đường Xô Viết Nghệ Tĩnh,  Phường Hòa Cường Nam,  Hải Châu,  Đà Nẵng",16.03243564,108.2197473
Chính chủ cần bán gấp nhà mặt phố Trương Công Giai 120m2 mặt tiền 8.8m vỉa hè rộng giá 66 tỷ,66 tỷ,120 m²,4,5,"Cầu Giấy, Hà Nội","Đường Trương Công Giai, Phường Dịch Vọng, Cầu Giấy, Hà Nội",21.0350602,105.793398
"BÁN 3 NGỦ CHỈ 8,2 TỶ CÓ SLOT Ô TÔ CỐ ĐỊNH TRONG HỢP ĐỒNG MUA BÁN LIÊN HỆ EM NGỌC XEM NHÀ 0398 930 ***","7,6 tỷ",95 m²,3,2,"Hai Bà Trưng, Hà Nội","Times City, Minh Khai, Vĩnh Tuy, Hai Bà Trưng, Hà Nội",20.9959723,105.8667531
"Bán gấp căn 59m2 (giá 2,3) tỷ, 69m2 (giá 2,8 tỷ), 85m2 3phòng ngủ (giá 3,3 tỷ) LH: 0934 987 ***","2,3 tỷ",59 m²,2,2,"Bình Chánh, Hồ Chí Minh"," Đường Tân Túc,  Thị trấn Tân Túc,  Bình Chánh,  Hồ Chí Minh",10.6878759,106.5850546
"Cập nhật các căn hộ chuyển nhượng chung cư Thái Hà - 43 Phạm Văn Đồng, giá tốt nhất thị trường","4,45 tỷ",70 m²,2,2,"Bắc Từ Liêm, Hà Nội","Nhà ở cho CBCS Bộ Công an, 43, Đường Phạm Văn Đồng, Phường Cổ Nhuế 2, Bắc Từ Liêm, Hà Nội",21.05891727,105.7828288
Hàng hiếm duy nhất tại Midtown M5 - cơ hội đầu tư vàng căn hộ 3PN - giá siêu tốt chỉ 12.6 tỷ,"12,6 tỷ",130 m²,3,3,"Quận 7, Hồ Chí Minh"," Phường Tân Phú,  Quận 7,  Hồ Chí Minh",10.727068,106.7261695
"Cần sang nhượng villas nghỉ dưỡng tại Bảo Lộc: 4000m2, 1945m2 thổ cư, đã xây dựng hoàn chỉnh",24 tỷ,4.000 m²,9,10,"Bảo Lộc, Lâm Đồng","289/19 Đường Đoàn Thị Điểm, Xã Lộc Thanh, Bảo Lộc, Lâm Đồng",11.56472453,107.8512568
"Celadon City chỉ cần thanh toán 20% là có thể nhận nhà ngay, thật hay đùa? 0936 021 *** Ms Tiên","5,01 tỷ",85 m²,2,2,"Tân Phú, Hồ Chí Minh","Celadon City, N1, Sơn Kỳ, Tân Phú, Hồ Chí Minh",10.80469525,106.6204799
"Bán nhà FPT hoàn thiện 3 tầng, sát Nam Kỳ Khởi Nghĩa, giá tốt, thuận lợi ở hoặc kinh doanh","4,95 tỷ",106 m²,3,3,"Ngũ Hành Sơn, Đà Nẵng"," Đường Võ Chí Công,  Phường Hòa Hải,  Ngũ Hành Sơn,  Đà Nẵng",15.9962329,108.2642553
"Bán nhà riêng lô góc ngõ 158 Trương Định, 8,5 tỷ, 43m2, mặt tiền 5m, 5 phòng ngủ, sổ vuông đẹp","8,5 tỷ",43 m²,5,4,"Hai Bà Trưng, Hà Nội","Ngõ 158, Đường Trương Định, Phường Trương Định, Hai Bà Trưng, Hà Nội",20.99444847,105.8497381
"Bán khách sạn Tam Đảo, Vĩnh Phúc, 708.8m2 x 30m mặt tiền, giá chỉ 32,5 tỷ","32,5 tỷ","708,8 m²",14,20,"Tam Đảo, Vĩnh Phúc","Thị trấn Tam Đảo, Tam Đảo, Vĩnh Phúc",21.4546863,105.6448651
Hiếm 2phòng ngủ - Zenpark - R105 - full đồ tâng trung - view thoáng 70m2 giá 4.250tỷ,"4,25 tỷ",70 m²,2,2,"Gia Lâm, Hà Nội"," Đường Đông Dư,  Thị trấn Trâu Quỳ,  Gia Lâm,  Hà Nội",21.00686405,105.9511242
"Vừa ở vừa kinh doanh CHDV, dòng tiền gần 500tr/năm. Diện tích đất 300m2. Cạnh các trường đại học","15,5 tỷ",300 m²,10,10,"Thủ Đức, Hồ Chí Minh","Đường Dương Đình Hội, Phường Phước Long B, Thủ Đức, Hồ Chí Minh",10.82152498,106.7794817
"Chính chủ bán 3PN-căn mới, chưa nhận nhà - sang tên liền. Giá 4,8 tỷ bao hết 102%. LH: 0901 435 ***","4,8 tỷ",83 m²,3,2,"Bình Tân, Hồ Chí Minh","The Privia, Đường An Dương Vương, Phường An Lạc, Bình Tân, Hồ Chí Minh",10.7223892,106.6197111
Căn góc hiếm đẹp giá tốt tại Centa City Bắc Ninh. 6tỷ550,"6,55 tỷ",90 m²,4,4,"Từ Sơn, Bắc Ninh"," Đường Hữu Nghị,  Phường Phù Chẩn,  Từ Sơn,  Bắc Ninh",21.08308623,105.9652381
Phòng KD dự án Lumi: Qũy căn chuyển nhượng 1-2-3PN cắt lỗ sâu gía tốt nhất thị trường LH 0969 264 ***,"9,6 tỷ",127 m²,4,3,"Nam Từ Liêm, Hà Nội"," Đường Đại lộ Thăng Long,  Phường Tây Mỗ,  Nam Từ Liêm,  Hà Nội",21.0090956,105.7462871
"Bán căn hộ 2PN, 2WC góc view siêu đẹp, giá siêu hời, 79m2 tại căn hộ hạng sang Eaton Park, Q2, HCM","11,8 tỷ",79 m²,2,2,"Quận 2, Hồ Chí Minh"," Đường Mai Chí Thọ,  Phường An Phú,  Quận 2,  Hồ Chí Minh",10.7365876,106.7120245
"Căn hộ 2PN tại The Rivana, 2,6tỷ, 72m2 giá cực chất chỉ có thể vay lên đến 70%, Liên hệ đi xem ngay","2,6 tỷ",72 m²,2,2,"Thuận An, Bình Dương"," Đường Quốc Lộ 13,  Phường Vĩnh Phú,  Thuận An,  Bình Dương",10.8723579,106.7047852
Rổ sỉ T03/2025 dự án Elysian ký HĐMB trực tiếp với CĐT thanh toán 30% nhận nhà. Lịch TT giãn 5 năm,"4,18 tỷ",80 m²,2,2,"Quận 9, Hồ Chí Minh"," Đường Lò Lu,  Phường Trường Thạnh,  Quận 9,  Hồ Chí Minh",10.7793365,106.6880766
"Nhà mình chuyển lên căn 3 ngủ cần bán căn 2 ngủ 65.1m2 tại Golden field 24 Nguyễn Cơ Thạch, Mỹ đình","4,2 tỷ","65,1 m²",2,2,"Nam Từ Liêm, Hà Nội","Golden Field Mỹ Đình, Đường Nguyễn Cơ Thạch, Phường Cầu Diễn, Nam Từ Liêm, Hà Nội",21.0345973,105.7625765
Bán biệt thự SL 170m2 Vin Harmony khu có hồ 12ha đã hoàn thiện có thang máy về ở ngay,Giá thỏa thuận,170 m²,5,4,"Long Biên, Hà Nội"," Phường Việt Hưng,  Long Biên,  Hà Nội",21.0542433,105.904724
Rẻ nhất bảng hàng Hà Nội Melody - mua trực tiếp CĐT - chỉ từ 59tr/m2 - tặng tới 1 lượng vàng,"4,72 tỷ",80 m²,2,2,"Hoàng Mai, Hà Nội"," Đường Bằng Liệt,  Phường Hoàng Liệt,  Hoàng Mai,  Hà Nội",20.966795,105.824457
Phan Hằng Group tổng hợp 30 căn hộ Skylake loại 1-2-3-4 Ngủ & Sky Villa giá chuyển nhượng cực tốt,"6,8 tỷ",75 m²,2,2,"Nam Từ Liêm, Hà Nội"," Đường Phạm Hùng,  Phường Mỹ Đình 1,  Nam Từ Liêm,  Hà Nội",21.02017478,105.7799731
"Biệt thự thiết kế tân cổ điển, full nội thất cao cấp xe hơi đổ trong nhà khu VIP Phạm Văn Hai","11,9 tỷ",63 m²,4,5,"Tân Bình, Hồ Chí Minh","Đường Phạm Văn Hai, Phường 5, Tân Bình, Hồ Chí Minh",10.7916072,106.6608146
"Chính chủ bán nhà 48 ngõ 112 Trần Phú Hà Đôg, 46m2, 3T nhà 2 mặt tiền, ô tô vào nhà, hướng Đông Nam","10,2 tỷ",46 m²,3,2,"Hà Đông, Hà Nội","Số 48 ngõ 112, Đường Trần Phú, Phường Mỗ Lao, Hà Đông, Hà Nội",20.98326242,105.7915209
Bán nhà phố mặt tiền diện tích 1380m2 thu nhập hơn 100 triệu/tháng,92 tỷ,1.380 m²,5,5,"Thủ Đức, Hồ Chí Minh","128, Đường Gò Dưa, Phường Tam Bình, Thủ Đức, Hồ Chí Minh",10.8666019,106.7267852
CƠ HỘI VÀNG CUỐI CÙNG SỞ HỮU CĂN HỘ TRUNG TÂM HẢI PHÒNG SỔ ĐỎ TRAO TAY!,"1,1 tỷ","51,35 m²",2,1,"Ngô Quyền, Hải Phòng"," Đường Lê Lai,  Phường Máy Chai,  Ngô Quyền,  Hải Phòng",20.8696936,106.7075491
Chính chủ cần bán gấp tòa nhà 8 tầng thang máy phố Nguyễn Khánh Toàn full nội thất giá 19 tỷ,19 tỷ,56 m²,4,7,"Cầu Giấy, Hà Nội","Đường Nguyễn Khánh Toàn, Phường Quan Hoa, Cầu Giấy, Hà Nội",21.03834754,105.8002309
Căn hộ cao cấp đập thông độc bản tại Vinhomes Ocean Park. 0928 856 ***,Giá thỏa thuận,"112,2 m²",3,3,"Gia Lâm, Hà Nội"," Đường Đông Dư,  Thị trấn Trâu Quỳ,  Gia Lâm,  Hà Nội",21.00686405,105.9511242
Cần bán nhà mặt phố Tôn Đức Thắng (ảnh thật 100%),"10,6 tỷ",25 m²,3,3,"Đống Đa, Hà Nội","Phố Tôn Đức Thắng, Phường Hàng Bột, Đống Đa, Hà Nội",21.02216763,105.8315756
Định cư nước ngoài Cần bán KHÁCH SẠN Hòa Phú TPM Bình Dương,15 tỷ,150 m²,25,26,"Thủ Dầu Một, Bình Dương","Đường 13, Phường Hòa Phú, Thủ Dầu Một, Bình Dương",10.9806072,106.667887
Mua song lập tặng vườn - Vinhomes Wonder City - view mặt hồ 228m2 đẳng cấp song lập - 34 tỷ,34 tỷ,228 m²,5,5,"Đan Phượng, Hà Nội"," Xã Tân Hội,  Đan Phượng,  Hà Nội",21.09337,105.6980589
Bán Vinhomes Skylake từ 1PN 4.9 tỷ - 2PN 6.3 tỷ - 3PN 10 tỷ - 4PN 15 tỷ - Penthouse LH 0976 069 ***,10 tỷ,100 m²,3,2,"Nam Từ Liêm, Hà Nội"," Đường Phạm Hùng,  Phường Mỹ Đình 1,  Nam Từ Liêm,  Hà Nội",21.02017478,105.7799731
"Căn hộ Lê Thành Tân Kiên, giá chỉ từ 630tr/căn. Đưa trước 200tr, góp 7tr/tháng. Lh 0931 442 ***",990 triệu,45 m²,2,1,"Bình Chánh, Hồ Chí Minh"," Đường Nguyễn Cửu Phú,  Xã Tân Kiên,  Bình Chánh,  Hồ Chí Minh",10.70740997,106.5816523
"Bán căn hộ Elysian Thủ Đức, 60 triệu/m2, 82m2, giá ưu đãi liên hệ: 0337 686 ***","4,92 tỷ",82 m²,2,2,"Quận 9, Hồ Chí Minh"," Đường Lò Lu,  Phường Trường Thạnh,  Quận 9,  Hồ Chí Minh",10.7793365,106.6880766
"Phòng kinh doanh CDT Vạn Thái - rổ hàng mua bán, cho thuê giá tốt nhất, uy tín LH 0974 025 ***","2,75 tỷ",60 m²,2,2,"Quận 8, Hồ Chí Minh"," Đường Cao Lỗ,  Phường 4,  Quận 8,  Hồ Chí Minh",10.74012373,106.6779372
Phú Đông Premier bán giá 2.6 tỷ full NT . Hỗ trợ vay bank. Tận tình hướng dẫn. LH: 0706 679 ***,"2,6 tỷ",66 m²,2,2,"Dĩ An, Bình Dương"," Đường Lê Trọng Tấn,  Phường An Bình,  Dĩ An,  Bình Dương",10.8762964,106.7565322
"Bán biệt thự view đẹp tại The Crown - Vinhomes Ocean Park 3, Nghĩa Trụ, 40,1 tỷ, 162m2","40,1 tỷ",162 m²,12,12,"Văn Giang, Hưng Yên","The Crown - Vinhomes Ocean Park 3, Nghĩa Trụ, Văn Giang, Hưng Yên",20.9298976,105.963275
"Giỏ hàng 58 căn mua trực tiếp CDT, sẵn sổ hồng, full nội thất, TT 30% nhận nhà 0981 167 ***",21 tỷ,128 m²,3,2,"Quận 1, Hồ Chí Minh"," Đường Nguyễn Đình Chiểu,  Phường Đa Kao,  Quận 1,  Hồ Chí Minh",10.78723945,106.6978685
Sở hữu ngay căn hộ Duplex - 3PN dự án The Senique Hà Nội DT 109m2 - 134m2 vốn chỉ với 700 triệu,7 tỷ,117 m²,3,2,"Gia Lâm, Hà Nội"," Xã Dương Xá,  Gia Lâm,  Hà Nội",21.0046345,105.970087
"Bán căn hộ 1N Pavilion siêu đẹp hướng Đông Nam giá nhỉnh 2 tỷ full đồ siêu đẹp, căn siêu hiếm!","2,4 tỷ",43 m²,1,1,"Gia Lâm, Hà Nội"," Đường Lý Thánh Tông,  Xã Dương Xá,  Gia Lâm,  Hà Nội",21.0046345,105.970087
Quản lý 100 % giỏ hàng chuyển nhượng căn hộ cao cấp Celesta Rise giá tốt T3 2025,"4,6 tỷ",80 m²,2,2,"Nhà Bè, Hồ Chí Minh"," Đường Nguyễn Hữu Thọ,  Xã Phước Kiển,  Nhà Bè,  Hồ Chí Minh",10.71772076,106.7026202
"Bảng giá căn hộ Mizuki Park MP6 7 8 giá bán tháng 3/2025 (2PN 2.95tỷ), (2PN 3.6tỷ) - Đã có sổ hồng","2,95 tỷ",58 m²,2,1,"Bình Chánh, Hồ Chí Minh"," Đường Nguyễn Văn Linh,  Xã Bình Hưng,  Bình Chánh,  Hồ Chí Minh",10.72891091,106.6801554
"Bán nhà riêng, Minh Khai, 11 tỷ, 62.4m2, 7PN, 5WC, Chính chủ, giá tốt",11 tỷ,"62,4 m²",7,5,"Hoàng Mai, Hà Nội","Đường Minh Khai, Phường Mai Động, Hoàng Mai, Hà Nội",20.9913448,105.8644046
"Quỹ BT Vin Thăng Long, giá chỉ từ 21 tỷ 130 m2. BT 200m2 lô góc giá 170 triệu/m2, 95 m2 17 tỷ",17 tỷ,95 m²,4,5,"Hoài Đức, Hà Nội"," Xã An Khánh,  Hoài Đức,  Hà Nội",21.005128,105.73304
"Bán nhà đất ngõ xe tải Tây Hồ rộng 340m - Mặt tiền 20m - giá 22.75 tỷ, GPXD 9T CCMN, cách hồ 300m","22,75 tỷ",340 m²,3,2,"Tây Hồ, Hà Nội","Đường An Dương, Phường Tứ Liên, Tây Hồ, Hà Nội",21.0656505,105.8377445
"Chính chủ bán nhà ngõ 105/1/25 Doãn Kế Thiện, sát phố, dt 50m2 x 5 t, giá 9.2 tỷ","9,2 tỷ",50 m²,7,5,"Cầu Giấy, Hà Nội","Ngõ 105 Ngách, Phố Doãn Kế Thiện, Phường Mai Dịch, Cầu Giấy, Hà Nội",21.04139668,105.7778717
"Mua căn hộ The Beverly sở hữu ngay VF3, CK tới 14%, tặng ngay học bổng Vinschool, hỗ trợ vay 70%","4,4 tỷ",79 m²,2,2,"Quận 9, Hồ Chí Minh","The Beverly - Vinhomes Grand Park, Phường Long Thạnh Mỹ, Quận 9, Hồ Chí Minh",10.7589554,106.6730492
Bán nhanh căn hộ 2PN giá chỉ 6.4 tỷ 87m2 tại Vinhomes Central Park,"6,4 tỷ",87 m²,2,2,"Bình Thạnh, Hồ Chí Minh"," Đường Điện Biên Phủ,  Phường 22,  Bình Thạnh,  Hồ Chí Minh",10.79834217,106.7196859
Giỏ hàng thật 100% bán lỗ 3PN Celesta Rise Keppel Land DT 105m2 thô bán 6ty2 giá 102% - HTCB 7ty250,"6,2 tỷ",105 m²,3,2,"Nhà Bè, Hồ Chí Minh"," Đường Nguyễn Hữu Thọ,  Xã Phước Kiển,  Nhà Bè,  Hồ Chí Minh",10.71772076,106.7026202
DUY NHẤT QUỸ CĂN BIỆT THỰ LIỀN KÊ ÁNH DƯƠNG GIÁ TỐT NHẤT THỊ TRƯỜNG 12X TRIỆU/M2 XÂY DỰNG TỐI ĐA,"10,4 tỷ",80 m²,6,5,"Văn Giang, Hưng Yên"," Xã Nghĩa Trụ,  Văn Giang,  Hưng Yên",20.9298976,105.963275
"MÔI GIỚI CÓ TÂM, NHÀ RẺ, RỔ HÀNG MỚI NHẤT THÁNG 03/2025 GIÁ CẠNH TRANH, LIÊN HỆ EM: 0938 799 *** LIÊM",Giá thỏa thuận,78 m²,2,2,"Quận 2, Hồ Chí Minh"," Đường Xa Lộ Hà Nội,  Phường Thảo Điền,  Quận 2,  Hồ Chí Minh",10.8037248,106.7462249
GIỎ HÀNG AKARI CITY ĐẦY ĐỦ DIỆN TÍCH 60-80-99M2 MUA TRỰC TIẾP NAM LONG KHÔNG TRẢ LÃI TRONG 18 THÁNG,"3,9 tỷ",80 m²,2,2,"Bình Tân, Hồ Chí Minh"," Đường Võ Văn Kiệt,  Phường An Lạc,  Bình Tân,  Hồ Chí Minh",10.72606923,106.6198035
"QUỸ HÀNG RẺ NHẤT VIN 2-3 60M2 -250M2 GIÁ TỪ 8.5 TỶ LIỀN KỀ ,SHOPHOUSE ,TỨ LẬP ,SONG LẬP 0979 227 ***","8,5 tỷ",64 m²,4,3,"Văn Giang, Hưng Yên","The Crown - Vinhomes Ocean Park 3, Xã Nghĩa Trụ, Văn Giang, Hưng Yên",20.9298976,105.963275
ĐỪNG BỎ LỠ! CELADON CITY RA MẮT CHƯƠNG TRÌNH BOOKING CÓ HOÀN LẠI VỚI LỊCH THANH TOÁN GIÃN 3 NĂM,"4,9 tỷ",86 m²,2,2,"Tân Phú, Hồ Chí Minh"," Đường N1,  Phường Sơn Kỳ,  Tân Phú,  Hồ Chí Minh",10.80369491,106.6148742
BÁN CĂN LIỀN KỀ NS8 - ĐỐI DIỆN CÔNG VIÊN - 21 TỶ - DỰ ÁN VINHOMES CỔ LOA - ĐÔNG ANH - HÀ NỘI,21 tỷ,63 m²,5,5,"Đông Anh, Hà Nội"," Đường Cổ Loa,  Xã Đông Hội,  Đông Anh,  Hà Nội",21.13968625,105.8518553
CĂN HỘ THE GIÓ CHIẾT KHẤU 14% - BOOKING 50 TRIỆU TẶNG 50 TRIỆU VÀ 2 CHỈ VÀNG PNJ,Giá thỏa thuận,40 m²,2,1,"Dĩ An, Bình Dương"," Đường Vành Đai 3,  Phường Bình Thắng,  Dĩ An,  Bình Dương",10.89908843,106.8237522
"BOOKING 50TR CH HẠNG SANG KEPLERLAND MỖ LAO 3 HẦM ĐỂ XE, DỰ KIẾN TỪ 7X/M2 CK LÊN TỚI 12,8%, HTLS 0%",5 tỷ,67 m²,2,2,"Hà Đông, Hà Nội"," Phường Mỗ Lao,  Hà Đông,  Hà Nội",20.9821715,105.7842539
TỔNG HỢP QUỸ CĂN HỘ CHUYỂN NHƯỢNG TẠI GOLDMARK CITY ĐẦY ĐỦ 2 PN - 3 PN & 4 PN GIÁ TỐT NHẤT,"5,9 tỷ",93 m²,2,2,"Bắc Từ Liêm, Hà Nội","Goldmark City, số 136, Đường Hồ Tùng Mậu, Phường Phú Diễn, Bắc Từ Liêm, Hà Nội",21.04106732,105.7634152
RA HÀNG GẤP - ANH TRAI QUYẾT MUA 5 CĂN NÊN MUỐN RA HÀNG BỚT. CĂN 3PN TẦNG 16 VIEW NHẠC NƯỚC,Giá thỏa thuận,118 m²,3,2,"Quận 2, Hồ Chí Minh","Masteri Grand View, Liên Phường, An Phú, Quận 2, Hồ Chí Minh",10.795478,106.7365254
CHỐT GẤP 3PN 91.71M2 GIÁ 4.X TỶ FULL NỘI THẤT VÀ SẴN CAM KẾT THUÊ 15 TRIỆU/THÁNG. RẺ HƠN CĐT 300TR,"3,97 tỷ","91,71 m²",3,2,"Vũng Tàu, Bà Rịa Vũng Tàu","Vung Tau Centre Point, Nguyễn Hữu Cảnh, Nguyễn An Ninh, Vũng Tàu, Bà Rịa Vũng Tàu",10.37397532,107.115475
DANH SÁCH CĂN HỘ BÁN RẺ NHẤT VINHOMES SMART CITY THÁNG 3/2025 LH 0911 447 ***,"3,6 tỷ",55 m²,2,1,"Nam Từ Liêm, Hà Nội"," Phường Tây Mỗ,  Nam Từ Liêm,  Hà Nội",21.0096762,105.7445572
"NEW- CẬP NHẬT FULL GIỎ HÀNG CN OPERA T3/2025, 1PN-11 TỶ; 2PN-18 TỶ;3PN-50 TỶ;4PN-55. LH 0901 235 ***",25 tỷ,94 m²,2,2,"Quận 2, Hồ Chí Minh"," Đường Đại Lộ Vòng Cung,  Phường Thủ Thiêm,  Quận 2,  Hồ Chí Minh",10.80484845,106.7167622
"THỰC TẾ NHẤT TÌNH HÌNH MUA BÁN CHUYỂN NHƯỢNG TẠI KHU ĐÔ THỊ ĐẢO NGỌC SWANBAY, WEBSITE SWANBAY.CO","19,84 tỷ",320 m²,4,3,"Nhơn Trạch, Đồng Nai","Đại Phước Lotus, Đại Phước, Nhơn Trạch, Đồng Nai",10.7355009,106.8171232
"BÁN CĂN LIỀN KỀ GÓC BÌNH MINH BM09-1X - GẦN CÔNG VIÊN - 26,7 TỶ DỰ ÁN VINHOMES WONDER CITY","26,7 tỷ","122,7 m²",6,5,"Đan Phượng, Hà Nội"," Xã Tân Hội,  Đan Phượng,  Hà Nội",21.09337,105.6980589
SỔ HỒNG CẦM TAY - TT CHỈ TỪ 10% NHẬN NHÀ CC THE RIVANA CẬP NHẬT THÁNG 03/25,"2,49 tỷ",72 m²,2,2,"Thuận An, Bình Dương"," Đường Quốc Lộ 13,  Phường Vĩnh Phú,  Thuận An,  Bình Dương",10.8723579,106.7047852
"CHÍNH CHỦ CẦN BÁN GẤP BIỆT THỰ ĐƠN LẬP 288M2 NGỌC TRAI, TẠI VINHOMES OCEAN PARK GIA LÂM, 65 TỶ VND",65 tỷ,288 m²,4,3,"Gia Lâm, Hà Nội"," Xã Dương Xá,  Gia Lâm,  Hà Nội",21.0046345,105.970087
"TOP 5 CĂN HỘ 2PN ĐẸP NHẤT BÊN SÔNG HÀN, ĐÀ NẴNG. BÀN GIAO NỘI THẤT CAO CẤP CHUẨN QUỐC TẾ- PENINSULA",Giá thỏa thuận,"71,8 m²",2,2,"Sơn Trà, Đà Nẵng"," Đường Lê Văn Duyệt,  Phường Nại Hiên Đông ,  Sơn Trà,  Đà Nẵng",16.09521033,108.2245759
"VỢ CHỒNG TÔI VỀ QUÊ CẦN BÁN NHÀ ĐƯỜNG KỲ ĐỒNG, QUẬN 3, GIÁ 2TỶ390 DT 61M2, SỔ TÔI ĐỨNG TÊN","2,39 tỷ",61 m²,4,4,"Quận 3, Hồ Chí Minh","Đường Kỳ Đồng, Phường 9, Quận 3, Hồ Chí Minh",10.78277596,106.6815398
CHÍNH CHỦ BÁN 6 CĂN HỘ CHUNG CƯ SUNSHINE GARDEN TỪ 1N - 4N GIÁ TỐT - LIÊN HỆ EM TUẤN ANH 0889 108 ***,"6,4 tỷ",129 m²,4,3,"Hai Bà Trưng, Hà Nội"," Đường Dương Văn Bé,  Phường Vĩnh Tuy,  Hai Bà Trưng,  Hà Nội",20.99506525,105.8729502
"BÁN CC 2PN, 2WC, 74M2 TẠI PHẠM VĂN ĐỒNG, CỔ NHUẾ 2, BẮC TỪ LIÊM, HÀ NỘI, GIÁ ƯU ĐÃI 5,2 TỶ","5,2 tỷ",74 m²,2,2,"Bắc Từ Liêm, Hà Nội"," Đường Phạm Văn Đồng,  Phường Cổ Nhuế 2,  Bắc Từ Liêm,  Hà Nội",21.05891727,105.7828288
"SĂN HÀNG GIÁ TỐT TẠI ECO GREEN Q7 SỔ HỒNG TRAO TAY - 1PN, 2PN, 3PN GIÁ TỪ 3,7 TỶ HỖ TRỢ VAY 70%","4,5 tỷ",67 m²,2,2,"Quận 7, Hồ Chí Minh"," Đường Nguyễn Văn Linh,  Phường Tân Thuận Tây,  Quận 7,  Hồ Chí Minh",10.74820169,106.7207
"HÀNG HIẾM TẠI 350/8 LÊ VĂN SỸ, 14,5 TỶ, 65,6M2, 4PN, 4WC, 2 TẦNG","14,5 tỷ","65,6 m²",4,4,"Quận 3, Hồ Chí Minh","350/8 Lê Văn Sỹ, Phường 14, Quận 3, Hồ Chí Minh.",10.78690706,106.6796546
"BÁN NHÀ MẶT TIỀN KINH DOANH 3 LẦU ĐƯỜNG TRƯƠNG VĨNH KÝ GẦN LŨY BÁN BÍCH, 15,5 TỶ, 72M2, 240M2 SÀN","15,5 tỷ",72 m²,4,4,"Tân Phú, Hồ Chí Minh","Đường Trương Vĩnh Ký, Phường Tân Thành, Tân Phú, Hồ Chí Minh",10.790984,106.6344165
"GIỎ HÀNG NHÀ PHỐ LIỀN KỀ GIẢM 20% GIÁ GỐC THE GLOBAL CITY T2/2025, LH 0769 868 ***",33 tỷ,95 m²,4,4,"Quận 2, Hồ Chí Minh"," Phường An Phú,  Quận 2,  Hồ Chí Minh",10.7365876,106.7120245
NHẬN BOOKING ƯU TIÊN VỊ TRÍ KHOẢNG TẦNG ĐẸP CĂN HỘ MẶT BIỂN SUN CÁT BÀ VỐN CHỈ TỪ 600TR,Giá thỏa thuận,33 m²,1,1,"Cát Hải, Hải Phòng"," Thị trấn Cát Bà,  Cát Hải,  Hải Phòng",20.7321058,107.0483333
TOP CĂN HỘ EMPIRE CITY CHỌN LỌC ĐÁNG MUA NHẤT THÁNG 3/2025. LH: 0909 828 *** MẠNH ĐINH,"24,85 tỷ",93 m²,2,2,"Quận 2, Hồ Chí Minh","Empire City Thủ Thiêm, Mai Chí Thọ, Thủ Thiêm, Quận 2, Hồ Chí Minh",10.78263325,106.7193548
SỞ HỮU CĂN HỘ 2PN 2 BAN CÔNG VIEW BIỂN GIÁ GỐC CĐT HỖ TRỢ VAY 70% VÀ NHIỀU ƯU ĐÃI LÊN ĐẾN 1 TỶ ĐỒNG,Giá thỏa thuận,"63,5 m²",2,2,"Liên Chiểu, Đà Nẵng"," Đường Ngô Thì Nhậm,  Phường Hòa Khánh Bắc,  Liên Chiểu,  Đà Nẵng",16.0765052,108.1488365
"* Bán nhà nguyên căn đường Âu Dương Lân, Quận 8. (5.97x12.03) 2Lầu, SHR, Nở Hậu, Mới Đẹp, Nhỉnh 6tỷ","6,2 tỷ","66,5 m²",3,3,"Quận 8, Hồ Chí Minh","Đường Âu Dương Lân, Phường 3, Quận 8, Hồ Chí Minh",10.74517,106.6846187
"2 P ngủ Masteri dự kiến 3,2tỷ đối diện công viên trung tâm ngắm pháo hoa tại Vinhomes Ocean Park 2",Giá thỏa thuận,60 m²,2,2,"Văn Giang, Hưng Yên"," Xã Nghĩa Trụ,  Văn Giang,  Hưng Yên",20.9298976,105.963275
QUẢN LÝ GIỎ HÀNG 100 SUẤT NỘI BỘ 1-2-3PN HỜI NHẤT TẠI MASTERI CENTRE POINT LIÊN HỆ 0932 778 ***,"4,2 tỷ",74 m²,2,2,"Quận 9, Hồ Chí Minh"," Đường Nguyễn Xiển,  Phường Long Bình,  Quận 9,  Hồ Chí Minh",10.7589554,106.6730492
Bán căn biệt thự song lập Jade Square Phạm Văn Đồng rẻ hơn liền kề xung quanh LH:0915 568 ***,52 tỷ,180 m²,4,3,"Bắc Từ Liêm, Hà Nội","Jade Square, Nguyễn Đình Tứ, Xuân Đỉnh, Bắc Từ Liêm, Hà Nội",21.07153132,105.7827977
"CHÍNH CHỦ BÁN NHÀ RIÊNG PHỐ TRUNG KÍNH, CẦU GIẤY, Ô TÔ TRÁNH, KD, 81m 6T, GIÁ 23 TỶ",23 tỷ,81 m²,5,5,"Cầu Giấy, Hà Nội","Phố Trung Kính, Phường Trung Hòa, Cầu Giấy, Hà Nội",21.01665806,105.7939798
"Bán nhà MTKD 115 Nguyễn Súy, Tân Quý, Tân Phú, 12,3 tỷ, 79,8m2, chính chủ giá tốt","12,3 tỷ","79,8 m²",2,1,"Tân Phú, Hồ Chí Minh","Đường Nguyễn Súy, Phường Tân Quý, Tân Phú, Hồ Chí Minh",10.79295816,106.6225122
"Chọn lọc các căn 2PN 2WC Moonlight cần bán 3.2tỷ, nhiều căn, nhiều tầng, nhiều view 0911 850 ***","3,2 tỷ",64 m²,2,2,"Thủ Đức, Hồ Chí Minh","Moonlight Residences, 102, Đường Đặng Văn Bi, Phường Bình Thọ, Thủ Đức, Hồ Chí Minh",10.84727967,106.7605032
"Khai xuân đón lộc chốt nhanh Q7 Riverside 3PN giá 4.05 tỷ hỗ trợ vay, view sông - call: 0911 850 ***","4,05 tỷ",86 m²,3,2,"Quận 7, Hồ Chí Minh"," Đường Đào Trí,  Phường Phú Thuận,  Quận 7,  Hồ Chí Minh",10.73432452,106.7412179
"Hiếm - suất NNN Masteri Centre Point, tặng full nội thất, chiết khấu 9.5%, tặng PQL đến T12/2028","4,3 tỷ",72 m²,2,2,"Quận 9, Hồ Chí Minh"," Phường Long Bình,  Quận 9,  Hồ Chí Minh",10.7589554,106.6730492
Bán nhà TX40 m.tiền kênh 3L-5 PN sân dài sọc. DT 4x32=128m2 đất. Để được 4 xe hơi cho đại gia đình,"5,76 tỷ",128 m²,5,5,"Quận 12, Hồ Chí Minh","Đường Thạnh Xuân 40, Phường Thạnh Xuân, Quận 12, Hồ Chí Minh",10.88835044,106.6825712
"Bán CHDV Tây Tựu, Bắc Từ Liêm, 5,25 tỷ, 37m2, 7PN, 8WC, dòng tiền 2x tr/tháng - ô tô vào cửa","5,25 tỷ",37 m²,7,8,"Bắc Từ Liêm, Hà Nội","Đường Tây Tựu, Phường Tây Tựu, Bắc Từ Liêm, Hà Nội",21.06213723,105.7303072
Em Được chuyên bán chuyển nhượng giá tốt nhất dự án Imperia Smart City. Có Hỗ trợ vay ngân hàng,"4,35 tỷ",64 m²,2,2,"Nam Từ Liêm, Hà Nội"," Đường Đại lộ Thăng Long,  Phường Tây Mỗ,  Nam Từ Liêm,  Hà Nội",21.0090956,105.7462871
"Suất đặc biệt - duy nhất 1 căn 3PN - 167m2 Trần cao 4m2 - Căn thường 3m3, View Sông & Thảo Cầm Viên",51 tỷ,167 m²,3,2,"Quận 1, Hồ Chí Minh"," Phố Tôn Đức Thắng,  Phường Bến Nghé,  Quận 1,  Hồ Chí Minh",10.78507305,106.7021751
Bán CH duplex 3PN The Infinity Q7 Keppel DT~146m2 view hồ bơi mát giá 10ty150xem nhà mẫu 0933 776 ***,"10,15 triệu","145,4 m²",3,3,"Quận 7, Hồ Chí Minh"," Đường Huỳnh Tấn Phát,  Phường Tân Phú,  Quận 7,  Hồ Chí Minh",10.72606433,106.7338333
"Bán GẤP căn hộ 4PN 188m view trực diện sông công viên , giá : 25 tỷ . LH 0909 106 *** Thu Hiền 24/7",24 tỷ,188 m²,4,3,"Bình Thạnh, Hồ Chí Minh","Vinhomes Central Park, Điện Biên Phủ, 22, Bình Thạnh, Hồ Chí Minh",10.7989822,106.7188362
"Cần bán nhanh căn hộ 137m chung cư Mulberry Lane, Mỗ Lao, Hà Đông","7,5 tỷ",137 m²,3,2,"Hà Đông, Hà Nội"," Phường Mỗ Lao,  Hà Đông,  Hà Nội",20.9821715,105.7842539
"Quỹ căn bán cắt lỗ: Shophouse 75m2, 99m2, 120m2; liền Kề 99m; biệt thự 160m2 & BT 200m2",28 tỷ,75 m²,6,6,"Hoàng Mai, Hà Nội"," Đường Nguyễn Xiển,  Phường Đại Kim,  Hoàng Mai,  Hà Nội",20.97883203,105.8128546
"Suất ngoại giao quỹ căn đẹp chiết khấu cao tại toà The Xanh 1 dự án Sun Cát Bà, giá chỉ từ 1.9 tỷ",Giá thỏa thuận,32 m²,1,1,"Cát Hải, Hải Phòng","Thị trấn Cát Bà, Cát Hải, Hải Phòng",20.7321058,107.0483333
"Căn Góc 3PN 2WC, 108m2 view đẹp, rẻ hơn 300 triệu so với khu Thanh Xuân, Duy nhất 1 suất Ck 300tr","8,2 tỷ",108 m²,3,2,"Thanh Xuân, Hà Nội","Handico Complex, Lê Văn Lương, Nhân Chính, Thanh Xuân, Hà Nội",21.00694099,105.807155
Quỹ căn giá tốt tầng đẹp dự án Khai Sơn City - chiết khấu 10.5% - lãi suất 0% 18 tháng - tặng 80tr,"6,5 tỷ",120 m²,3,3,"Long Biên, Hà Nội"," Phường Ngọc Thụy,  Long Biên,  Hà Nội",21.0601064,105.8670441
"Quản lý 100% giỏ hàng mua bán giá siêu tốt tại Vinhomes Central Park (1-2-3-4 PN, Penthouse, LM81)","6,4 tỷ",82 m²,2,2,"Bình Thạnh, Hồ Chí Minh","Vinhomes Central Park, Đường Điện Biên Phủ, Phường 22, Quận Bình Thạnh, Hồ Chí Minh",10.79834217,106.7196859
Tôi chính chủ cần bán căn hộ Lavita Charm 2PN 3.3tỷ có nội thất 0911 850 ***,"3,3 tỷ",68 m²,2,2,"Thủ Đức, Hồ Chí Minh"," Đường 1,  Phường Trường Thọ,  Thủ Đức,  Hồ Chí Minh",10.8569155,106.7570566
"Bán nhà hẻm 4,2m Huỳnh Văn Bánh 5 Tầng. Giá chỉ 7,499 tỷ","7,5 tỷ",40 m²,3,4,"Phú Nhuận, Hồ Chí Minh","Đường Huỳnh Văn Bánh, Phường 13, Phú Nhuận, Hồ Chí Minh",10.7904745,106.6693155
"Nhà chính chủ Quận 10 cần bán gấp hẻm xe ô tô quay đầu, cách mặt tiền đường CMT8 70m, thiện chí bán",8 tỷ,"53,9 m²",2,1,"Quận 10, Hồ Chí Minh","457/29 Đường Cách Mạng Tháng Tám, Phường 13, Quận 10, Hồ Chí Minh",10.7793424,106.6706065
Chính chủ gửi bán quỹ căn hộ The Sapphire tháng 4 năm 2025 giá chỉ từ 1.6 tỷ nhận nhà ở ngay,"2,2 tỷ",43 m²,1,1,"Gia Lâm, Hà Nội"," Xã Đa Tốn,  Gia Lâm,  Hà Nội",20.9862042,105.930004
"Bán căn hộ chung cư tại Vinhomes Ocean Park Gia Lâm, 5,18 tỷ, 77m2, 3PN, 2WC","5,18 tỷ",77 m²,3,2,"Gia Lâm, Hà Nội","Vinhomes Ocean Park Gia Lâm, Dương Xá, Gia Lâm, Hà Nội",21.0046345,105.970087
"Bán nhà riêng tại Xã Mỹ Hạnh Nam, Đức Hòa, Long An, 400 triệu, 100m2 giá siêu hời.",400 triệu,100 m²,2,2,"Đức Hòa, Long An","Xã Mỹ Hạnh Nam, Đức Hòa, Long An",10.8640461,106.4917002
"Chỉ từ 1,65 tỷ sở hữu ngay căn hộ 3PN 3WC 109m2. Tháng 5 nhận nhà. Miễn lãi gốc đến T7/2026","7,4 tỷ",109 m²,3,3,"Hoài Đức, Hà Nội","The Wisteria, Đường 32, Xã Di Trạch, Hoài Đức, Hà Nội",21.04984988,105.724827
"Chính chủ gửi bán quỹ căn 3PN, đập thông và 4PN tòa G1, G2 90-125m2 cắt lỗ 600tr Vinhomes GreenBay","9,5 tỷ","113,5 m²",3,2,"Nam Từ Liêm, Hà Nội"," Đường Đại lộ Thăng Long,  Phường Mễ Trì,  Nam Từ Liêm,  Hà Nội.",21.01930277,105.78074
"Độc quyền 200 căn MT Eastmark City, chỉ 2,6 tỷ sổ hồng, 2,5 tỷ chưa có sổ, 3 căn CĐT chiết khấu 5%","2,6 tỷ",65 m²,2,1,"Quận 9, Hồ Chí Minh"," Đường Vành Đai 3,  Phường Long Trường,  Quận 9,  Hồ Chí Minh",10.7589554,106.6730492
Bán nhanh Vinhomes Golden River Ba Son view Bitexco đẹp rẻ nhất diện tích 121m2. LH 0777 888 ***,"28,6 tỷ",121 m²,3,2,"Quận 1, Hồ Chí Minh"," Phố Tôn Đức Thắng,  Phường Bến Nghé,  Quận 1,  Hồ Chí Minh",10.78507305,106.7021751
Giá tốt (156tr/m2): Quỹ căn Vinhomes Metropolis ngày 28/03: SDT 0913 809 ***,"26,5 tỷ",146 m²,4,3,"Ba Đình, Hà Nội"," Phố Liễu Giai,  Phường Ngọc Khánh,  Ba Đình,  Hà Nội",21.03219695,105.81337
"Hàng cực hiếm! Bán nhanh căn hộ Seasons Avenue, dt 117m2, full đồ đẹp, giá 7 tỷ, hướng mát, SHLD",7 tỷ,117 m²,3,2,"Hà Đông, Hà Nội"," Phường Mỗ Lao,  Hà Đông,  Hà Nội",20.9821715,105.7842539
"Thông tin chuẩn! Chính chủ bán gấp 2 căn hộ tại tòa B và tòa C Mulberry Lane, 2pn-3pn, giá giảm sâu","6,3 tỷ",116 m²,3,2,"Hà Đông, Hà Nội"," Phường Mỗ Lao,  Hà Đông,  Hà Nội",20.9821715,105.7842539
"Biệt thự view hồ khu đô thị Vĩnh Hoàng P Hoàng Văn Thụ, Q Hoàng Mai Hà Nội 216m2 sổ đỏ sẵn két",98 tỷ,216 m²,12,12,"Hoàng Mai, Hà Nội"," Đường Vĩnh Hoàng,  Phường Lĩnh Nam,  Hoàng Mai,  Hà Nội",20.9870824,105.8683055
Eco Retreat rừng retreat của riêng bạn. Nhận booking giỏ hàng độc quyền & suất ưu đãi 200tr hôm nay,Giá thỏa thuận,300 m²,4,3,"Bến Lức, Long An"," Xã Thanh Phú,  Bến Lức,  Long An",10.6661421,106.5117389
"Bán gấp căn 3PN 117m2, Vinhomes Central Park, Bình Thạnh, nội thất Châu Âu, view cực Chill","12,9 tỷ",117 m²,3,2,"Bình Thạnh, Hồ Chí Minh"," Đường Điện Biên Phủ,  Phường 22,  Bình Thạnh,  Hồ Chí Minh",10.79834217,106.7196859
Giảm 300tr còn 9.6tỷ! Nhà cấp 4 - P12 Gò Vấp đang cho thuê 1x triệu/tháng đầu tư sinh lời ngay.,"9,6 tỷ",65 m²,2,2,"Gò Vấp, Hồ Chí Minh","Đường Nguyễn Tư Giản, Phường 12, Gò Vấp, Hồ Chí Minh",10.83321316,106.6388399
Em Thắng chuyên chuyển nhượng nhận ký gửi mua bán căn hộ tại dự án Imperia The Sola Park Tây Mỗ,"3,5 tỷ",54 m²,2,2,"Nam Từ Liêm, Hà Nội","Imperia Sola Park, Tây Mỗ, Nam Từ Liêm, Hà Nội",21.0096762,105.7445572
"Chính chủ cần bán nhà trung tâm cầu giấy , xây tâm huyết , kd phòng khám hoặc mở cty , spa đều đươc","34,8 tỷ",100 m²,15,8,"Cầu Giấy, Hà Nội","Phường Nghĩa Đô, Quận Cầu Giấy, Hà Nội",21.0469903,105.8027493
"Bán căn hộ CC Dolphin Plaza, Trần Bình, 9,45 tỷ, 165m2, giá ưu đãi Hot!","9,45 tỷ",165 m²,3,2,"Nam Từ Liêm, Hà Nội","Dolphin Plaza, Trần Bình, Mỹ Đình 2, Nam Từ Liêm, Hà Nội",21.03066864,105.7763755
"Bán căn hộ 1PN, 1WC, 43m2 tại The Sapphire 1, Đa Tốn, Gia Lâm, Hà Nội, 2,46 tỷ","2,46 tỷ",43 m²,1,1,"Gia Lâm, Hà Nội","The Sapphire 1 - Vinhomes Ocean Park, Đa Tốn, Gia Lâm, Hà Nội",20.9862042,105.930004
"Bán nhà riêng 488/25 Phạm Văn Chiêu, Gò Vấp, 50m2, 9,286 tỷ VND","9,29 tỷ",50 m²,4,5,"Gò Vấp, Hồ Chí Minh","488/25 Đường Phạm Văn Chiêu, Phường 16, Gò Vấp, Hồ Chí Minh",10.8464989,106.666088
"Mở bán Khải Hoàn Prime chiết khấu 16% thanh toán 20% nhận nhà, tặng 1 năm phí quản lý LH 0903 066 ***","2,37 tỷ",47 m²,2,2,"Nhà Bè, Hồ Chí Minh"," Đường Lê Văn Lương,  Xã Nhơn Đức,  Nhà Bè,  Hồ Chí Minh",10.6868021,106.6999079
Quỹ căn hộ bán cắt lỗ sâu 2PN 3PN tại Imperia 423 Minh Khai. LH 0947 418 ***,Giá thỏa thuận,105 m²,3,2,"Hai Bà Trưng, Hà Nội","Imperia Sky Garden, 423, Đường Minh Khai, Phường Vĩnh Tuy, Hai Bà Trưng, Hà Nội",20.99496378,105.8675578
"Bán căn 2PN + 1 tòa S5 Sunshine City view sân golf nhà mới tinh chưa ở giá 7,5 tỷ","7,5 tỷ",85 m²,2,2,"Bắc Từ Liêm, Hà Nội"," Phường Đông Ngạc,  Bắc Từ Liêm,  Hà Nội",21.0887962,105.7852886
Mình là Thắng bán 09 căn: Stu - 1tỷ680; 1PN + 2tỷ55; 2PN - 3.2 tỷ; 3PN - 5.1tỷ Masteri West Heights,"2,55 tỷ","46,5 m²",1,1,"Nam Từ Liêm, Hà Nội"," Phường Tây Mỗ,  Nam Từ Liêm,  Hà Nội.",21.0096762,105.7445572
Giỏ hàng độc quyền hơn 200 + căn giá tốt nhất dự án MT Eastmark City tháng 3/25 - Googlereal,"2,5 tỷ","65,4 m²",1,1,"Quận 9, Hồ Chí Minh"," Đường Trường Lưu,  Phường Long Trường,  Quận 9,  Hồ Chí Minh",10.7589554,106.6730492
(Tin thật 100%) Bán CCMN lô góc 50m2 x 11CH tại Quan Hoa - Dòng tiền 800 triệu/năm - Nhà gần phố,"12,5 tỷ",50 m²,11,11,"Cầu Giấy, Hà Nội","Đường Quan Hoa, Phường Quan Hoa, Cầu Giấy, Hà Nội",21.03526306,105.7934242
"Bán Căn hộ mini Detaco Nhơn Trạch, giá cực chất 500 triệu, 52m2, view đẹp",500 triệu,52 m²,2,2,"Nhơn Trạch, Đồng Nai","Detaco Nhơn Trạch (DTA City), Đường Nguyễn Văn Cừ, Xã Phước An, Nhơn Trạch, Đồng Nai",10.65898039,106.9221669
Biệt thự đơn lập Riviera Cove Q9. DT đất 720m2. Sân vườn siêu rộng. Sổ hồng sẵn. Giá 68 tỷ,68 tỷ,720 m²,6,6,"Quận 9, Hồ Chí Minh","Riviera Cove, D3, Phước Long B, Quận 9, Hồ Chí Minh",10.8063168,106.7784645
"Bán Nhà Phố Quang Trung . DT :79 m , kinh doanh đa nghề . Giá 16 tỷ .",16 tỷ,79 m²,3,3,"Hà Đông, Hà Nội","Đường Trần Đăng Ninh, Phường Quang Trung, Hà Đông, Hà Nội",20.971131,105.7714768
Bán căn hộ Haus Đà Lạt | Haus Sky Maison Lumen H301 - 273m2 sân vườn 37m2 giá thoả thuận,Giá thỏa thuận,273 m²,4,5,"Đà Lạt, Lâm Đồng","Đinh Tiên Hoàng, 2, Đà Lạt, Lâm Đồng",11.94760659,108.4434026
Có nên mua Căn Hộ View Thành Phố với giá F0 từ Chủ Đầu Tư rẻ hơn so với Sàn ngoài 200Tr không ?,2 tỷ,"77,3 m²",2,2,"Thái Bình, Thái Bình","Eden Garden Thái Bình, Đường Lê Lợi, Phường Lê Hồng Phong, Thái Bình, Thái Bình",,
"Chính chủ kẹt tiền ngân hàng bán lỗ căn hộ Rivana 1PN 1ty780, 2PN 2ty490 view đẹp. LH xem nhà ngay","1,78 tỷ",52 m²,1,1,"Thuận An, Bình Dương"," Đường Quốc Lộ 13,  Phường Vĩnh Phú,  Thuận An,  Bình Dương",10.8723579,106.7047852
Cần bán gấp nhiều căn 1PN 2PN 3PN 4PN đã có sổ hồng tại Vinhomes Central Park 0901 511 ***,"7,3 tỷ",87 m²,2,2,"Bình Thạnh, Hồ Chí Minh"," Đường Điện Biên Phủ,  Phường 22,  Bình Thạnh,  Hồ Chí Minh",10.79834217,106.7196859
Nhà mặt phố kinh doanh giá rẻ 172m Thới hòa Mỹ Phước 4,"4,6 tỷ",172 m²,1,1,"Bến Cát, Bình Dương","Oasis City, Đường Vành Đai 4, Phường Thới Hòa, Bến Cát, Bình Dương",11.10643191,106.6041326
"Bán nhà KPL phố Tân Mai, hồ Đền Lừ. 80m2 xây mới 7 tầng. Nhà 2 mặt thoáng. Ô tô đỗ cửa. Kinh doanh","25,5 tỷ",80 m²,5,8,"Hoàng Mai, Hà Nội","Đường Tân Mai, Phường Tân Mai, Hoàng Mai, Hà Nội",20.9763224,105.8104688
"Bán nhà mặt phố Lê Trọng Tấn,100m x 8 tầng thang máy giá 56 tỷ,tòa văn phòng mới tinh,đầy đủ pccc",56 tỷ,100 m²,7,7,"Thanh Xuân, Hà Nội","Đường Lê Trọng Tấn, Phường Khương Mai, Thanh Xuân, Hà Nội",20.9971341,105.8290537
"Bcons Garden nói không với giá ảo 57m2 2PN + 2WC, 1,5 tỷ cam kết không phát sinh gì thêm","1,5 tỷ",57 m²,2,2,"Dĩ An, Bình Dương","Bcons Garden, 25A, Đường Phạm Hữu Lầu, Phường Dĩ An, Dĩ An, Bình Dương",10.9056486,106.7640638
"CĂN HỘ SUN SYMPHONY RESIDENCE VIEW TRỰC DIỆN SÔNG HÀN DT 50M2, GIÁ 3 TỶ 879TR - CĂN ĐỘC QUYỀN","3,88 tỷ",50 m²,2,1,"Sơn Trà, Đà Nẵng"," Đường Trần Hưng Đạo,  Phường Nại Hiên Đông ,  Sơn Trà,  Đà Nẵng",16.08516825,108.2288678
"QUỸ CĂN STU, 1-3PN VIN OCP CHÍNH CHỦ VIEW ĐẸP GIÁ RẺ, PHÁP LÝ RÕ RÀNG MIỄN PHÍ MG, HT VAY 80%","2,6 tỷ",59 m²,2,1,"Gia Lâm, Hà Nội"," Xã Dương Xá,  Gia Lâm,  Hà Nội",21.0046345,105.970087
NẮM KEY NHIỀU CĂN GIÁ TỐT CHỐT NHANH TẠI THE RIVER: (PENT-99TỶ) (4PN-43TỶ) (3PN-18TỶ) (2PN-11TỶ),"18,5 tỷ",139 m²,3,2,"Quận 2, Hồ Chí Minh","The River Thủ Thiêm, số 33, Đường Trần Bạch Đằng, Phường An Khánh, Quận 2, Hồ Chí Minh",10.80484845,106.7167622
"THE OPERA (1PN - 9,3 TỶ)(2PN - 12 TỶ)(3PN - 22 TỶ)(4PN - 30 TỶ) LOFT, DUPLEX GIÁ RẺ NHẤT THỊ TRƯỜNG",15 tỷ,84 m²,2,2,"Quận 2, Hồ Chí Minh"," Đường Đại Lộ Vòng Cung,  Phường Thủ Thiêm,  Quận 2,  Hồ Chí Minh",10.80484845,106.7167622
BIGHOMES ĐẠI LÝ PHÂN PHỐI CHÍNH THỨC TÒA PR3-THE PARIS. TOÀ CUỐI VIEW SÔNG TẠI VINHOMES OCEAN PARK,Giá thỏa thuận,43 m²,1,1,"Gia Lâm, Hà Nội"," Xã Đa Tốn,  Gia Lâm,  Hà Nội",20.9862042,105.930004
BÁN NHANH BIỆT THỰ - LIỀN KỀ VINHOMES GRAND PARK SẴN SỔ HỒNG - GIÁ TỐT VỊ TRÍ ĐẸP LH 0938 703 ***,20 tỷ,144 m²,3,4,"Quận 9, Hồ Chí Minh"," Phường Long Thạnh Mỹ,  Quận 9,  Hồ Chí Minh",10.7589554,106.6730492
CĂN HỘ ĐỐI DIỆN VINCOM. CHỈ 01 CĂN 2PN 70 M2 VIEW SÔNG GIÁ 3.2 TỶ VINHOMES GRAND PARK 0903 040 ***,"3,19 tỷ",70 m²,3,2,"Quận 9, Hồ Chí Minh"," Phường Long Thạnh Mỹ,  Quận 9,  Hồ Chí Minh",10.7589554,106.6730492
"CÒN 01 CĂN RẺ NHẤT OCEAN PARK 3 NHỈNH 100TR/M2 - HỖ TRỢ VAY 70%, MIỄN GỐC LÃI 30THÁNG, CK TỚI 20,2%",11 tỷ,102 m²,5,3,"Văn Giang, Hưng Yên"," Xã Nghĩa Trụ,  Văn Giang,  Hưng Yên",20.9298976,105.963275
"NẮM GIỎ HÀNG ĐỘC QUYỀN HƠN 99 CĂN THE OPERA METROPOLE THỦ THIÊM ĐẸP NHẤT, GIÁ TỐT NHẤT THỊ TRƯỜNG","15,7 tỷ",81 m²,2,2,"Quận 2, Hồ Chí Minh"," Đường Đại Lộ Vòng Cung,  Phường Thủ Thiêm,  Quận 2,  Hồ Chí Minh",10.80484845,106.7167622
"MỚI! QUỸ CĂN VIP TOWNHOUSE, BIỆT THỰ MẶT SÔNG HÀN, NGẮM PHÁO HOA ĐÀ NẴNG CK 12,5% TỪ CĐT SUN GROUP.","15,39 tỷ",108 m²,5,6,"Sơn Trà, Đà Nẵng","Sun Symphony Residence, Trần Hưng Đạo, Nại Hiên Đông , Sơn Trà, Đà Nẵng",16.08516825,108.2288678
"QUỸ 18 CĂN NGOẠI GIAO PHÂN KHU BÌNH MINH VÀ HĐ VIN ĐAN PHƯỢNG GIÁ TỪ 17 TỶ CHIẾT KHẤU 10,5% + 11%",Giá thỏa thuận,88 m²,4,4,"Đan Phượng, Hà Nội"," Xã Tân Hội,  Đan Phượng,  Hà Nội",21.09337,105.6980589
"BÁN NHANH CĂN 3PN 2WC GIÁ CHỈ 10 TỶ, 130M2 BAO ĐẸP TẠI VINHOMES CENTRAL PARK",10 tỷ,130 m²,3,2,"Bình Thạnh, Hồ Chí Minh","Vinhomes Central Park, Điện Biên Phủ, 22, Bình Thạnh, Hồ Chí Minh",10.7989822,106.7188362
"ĐỘC QUYỀN OPERA METROPOLE GIÁ TỐT NHẤT: 1PN-9,2TỶ; 2PN-11,9TỶ; 3PN-21,9TỶ; 4PN-39,9TỶ; LOFT; DUPLEX","14,5 tỷ",82 m²,2,2,"Quận 2, Hồ Chí Minh"," Đường Đại Lộ Vòng Cung,  Phường Thủ Thiêm,  Quận 2,  Hồ Chí Minh",10.80484845,106.7167622
HOT: BOOKING RỔ HÀNG CĐT KHU DIAMOND DỰ ÁN CELADON CITY TỪ 20/3/2025 CHỈ THANH TOÁN 20% NHẬN NHÀ!,"5,5 tỷ",85 m²,2,2,"Tân Phú, Hồ Chí Minh"," Đường N1,  Phường Sơn Kỳ,  Tân Phú,  Hồ Chí Minh",10.80369491,106.6148742
DK CHỈ 390 TRIỆU - CHIẾT KHẤU 12% - SỞ HỮU CĂN HỘ VIEW HỒ PK THE PARIS - VINHOMES OCEANPARK 1,Giá thỏa thuận,61 m²,2,2,"Gia Lâm, Hà Nội"," Xã Đa Tốn,  Gia Lâm,  Hà Nội",20.9862042,105.930004
"CHỈ CẦN THANH TOÁN 180TR CHO CĂN 2PN DIỆN TÍCH 56M2 CHO ĐẾN KHI NHẬN NHÀ, QUÀ TẶNG LÊN ĐẾN 59TR","1,63 tỷ","55,6 m²",2,1,"Dĩ An, Bình Dương"," Đường Vũng Thiện,  Phường Tân Đông Hiệp,  Dĩ An,  Bình Dương",10.9214709,106.7668045
HOT! CĂN HỘ 2PN 3PN VIEW PANAROMA SÔNG HÀN TẦNG CAO NGẮM PHÁO HOA TUYỆT ĐẸP - CAM KẾT GIÁ TỐT NHẤT,Giá thỏa thuận,"93,3 m²",1,1,"Sơn Trà, Đà Nẵng"," Đường Lê Văn Duyệt,  Phường Nại Hiên Đông ,  Sơn Trà,  Đà Nẵng",16.09521033,108.2245759
RẺ NHẤT THỊ TRƯỜNG CĂN HỘ SUN SYMPHONY TRỰC DIỆN SÔNG HÀN ĐÀ NẴNG - CHIẾT KHẤU LÊN TỚI 21%,"3,45 tỷ",60 m²,2,2,"Sơn Trà, Đà Nẵng"," Đường Trần Hưng Đạo,  Phường Nại Hiên Đông ,  Sơn Trà,  Đà Nẵng",16.08516825,108.2288678
"EM BÁN CĂN ECO GREEN 3PN 2WC NHÀ ĐẸP GIÁ TỐT 5.4 TỶ, NHÀ MỚI, VIEW ĐẸP. LH TƯ VẤN 0939 720 ***","5,4 tỷ",80 m²,3,2,"Quận 7, Hồ Chí Minh"," Đường Nguyễn Văn Linh,  Phường Tân Thuận Tây,  Quận 7,  Hồ Chí Minh",10.74820169,106.7207
"NHỈNH 7 TỶ SỞ HỮU CĂN LK 80M2 VIN CỔ LOA VỊ TRÍ SIÊU ĐẸP TRỤC ĐƯỜNG 25M, QUÀ TẶNG 600TR, VAY 70%-0%",21 tỷ,80 m²,5,5,"Đông Anh, Hà Nội"," Đường Cổ Loa,  Xã Đông Hội,  Đông Anh,  Hà Nội",21.13968625,105.8518553
"ORIGAMI ĐỐT CHÁY THỊ TRƯỜNG CK 25%, THANH TOÁN 480 NGÀY, CĂN 2PN GIÁ 2.650 TỶ, TẶNG NỘI THẤT 250TR","2,65 tỷ",59 m²,2,2,"Quận 9, Hồ Chí Minh"," Đường Phước Thiện,  Phường Long Bình,  Quận 9,  Hồ Chí Minh",10.7589554,106.6730492
BÁN MASTERI THẢO ĐIỀN - CẬP NHẬT NHANH CHÓNG GIỎ HÀNG GIÁ TỐT NHẤT THỊ TRƯỜNG. HƯƠNG: 0937 886 ***,Giá thỏa thuận,70 m²,2,2,"Quận 2, Hồ Chí Minh"," Đường Xa Lộ Hà Nội,  Phường Thảo Điền,  Quận 2,  Hồ Chí Minh",10.8037248,106.7462249
"HOT! VINHOMES OCEAN PARK 2 SÓNG LỚN. NHÀ PHỐ VEN HÀ NỘI TỪ 130TR/M2, VAY MIỄN LÃI 30 THÁNG","8,45 tỷ",65 m²,6,5,"Văn Giang, Hưng Yên"," Xã Long Hưng,  Văn Giang,  Hưng Yên",20.942226,105.957565
MỞ BÁN CHÍNH THỨC DỰ ÁN SUN URBAN CITY HÀ NAM PHÂN KHU LIỀN KỀ VÀ BIỆT THỰ,6 tỷ,60 m²,3,3,"Phủ Lý, Hà Nam","Sun Urban City, Lam Hạ, Phủ Lý, Hà Nam",20.5020473,105.9185094
"BÁN CĂN HỘ HOMYLAND RIVERSIDE 75M2 GIÁ 3.7TỶ, 81M2 GIÁ 3,75 TỶ, 3PN 95M2 GIÁ 4,320T LH 0915 698 ***","3,7 tỷ",81 m²,2,2,"Quận 2, Hồ Chí Minh"," Đường Nguyễn Duy Trinh,  Phường Bình Trưng Đông,  Quận 2,  Hồ Chí Minh",10.80484845,106.7167622
BÁN CĂN XẺ KHE - 80M2 - MẶT ĐƯỜNG 25M - HƯỚNG ĐÔNG NAM - DỰ ÁN VINHOMES CỔ LOA,28 tỷ,80 m²,6,5,"Đông Anh, Hà Nội"," Đường Cổ Loa,  Xã Đông Hội,  Đông Anh,  Hà Nội",21.13968625,105.8518553
"GIỎ HÀNG THE ORIGAMI GIÁ SỐC CK 25%, THANH TOÁN GIÃN 480 NGÀY, CƠ HỘI ĐẦU TƯ HIẾM CÓ LH 0903 040 ***","2,4 tỷ",48 m²,2,2,"Quận 9, Hồ Chí Minh"," Đường Phước Thiện,  Phường Long Bình,  Quận 9,  Hồ Chí Minh",10.7589554,106.6730492
"QUỸ CĂN HOT MỞ BÁN ĐỢT ĐẦU VINHOMES WONDER CITY HÀNG ĐẸP, GIÁ ĐẤT NHỈNH 100TR/M2. LH 0982 022 ***",Giá thỏa thuận,88 m²,5,5,"Đan Phượng, Hà Nội"," Xã Tân Hội,  Đan Phượng,  Hà Nội",21.09337,105.6980589
"(50 CĂN CHUYỂN NHƯỢNG) GIAI ĐOẠN 1 DỰ ÁN EATON PARK, GIÁ TỐT NHẤT THỊ TRƯỜNG. LIÊN HỆ 0911 693 ***","6,7 tỷ",50 m²,3,2,"Quận 2, Hồ Chí Minh"," Đường Mai Chí Thọ,  Phường An Phú,  Quận 2,  Hồ Chí Minh",10.7365876,106.7120245
"XEM GIỎ HÀNG CĂN ĐẸP VÀ BẢNG GIÁ BCONS CITY THÁP GREEN SAPPHIRE, THÁP GREEN EMERALD TẠI ĐÂY","1,67 tỷ",52 m²,2,2,"Dĩ An, Bình Dương"," Đường Thống Nhất,  Phường Đông Hòa,  Dĩ An,  Bình Dương",10.8946458,106.7811372
CHÍNH THỨC CÔNG BỐ GIỎ HÀNG TẦNG CAO VIEW SÔNG SUN SYMPHONY ĐÀ NẴNG - QUỸ CĂN ĐỘC QUYỀN,"4,45 tỷ",79 m²,2,2,"Sơn Trà, Đà Nẵng"," Đường Trần Hưng Đạo,  Phường Nại Hiên Đông ,  Sơn Trà,  Đà Nẵng",16.08516825,108.2288678
"GIỎ HÀNG NỘI BỘ CĂN RẼ NHẤT DỰ ÁN BCONS CITY, SẴN HỢP ĐỒNG CAM KẾT THUÊ, CALL 0899 525 *** THÔNG","1,95 tỷ",54 m²,2,2,"Dĩ An, Bình Dương"," Đường Thống Nhất,  Phường Đông Hòa,  Dĩ An,  Bình Dương",10.8946458,106.7811372
"NẮM CHÍNH CHỦ RỔ HÀNG THE RIVANA, NHIỀU CĂN GIÁ TỐT 1PN 1.85 TỶ - 2PN 2.5 TỶ - 3PN 3.55 TỶ","2,5 tỷ",72 m²,2,2,"Thuận An, Bình Dương"," Đường Quốc Lộ 13,  Phường Vĩnh Phú,  Thuận An,  Bình Dương",10.8723579,106.7047852
HÓT HÓT NHÀ RẺ QUÁ CẢ NHÀ ƠI DT : 4.2 X 15 TRẾT LẦU 3 PN HẺM XE HƠI GIÁ CHỈ 4TỶ550,"4,55 tỷ",61 m²,3,2,"Quận 12, Hồ Chí Minh","Đường Nguyễn Văn Quá, Phường Đông Hưng Thuận, Quận 12, Hồ Chí Minh",10.82627475,106.6265979
"GIỎ HÀNG BIỆT THỰ ĐẢO, BIỆT THỰ ĐƠN LẬP TRỰC TIẾP CĐT NAM LONG THANH TOÁN THEO TIẾN ĐỘ 36 THÁNG","14,5 tỷ",400 m²,4,4,"Bến Lức, Long An"," Đường Tỉnh lộ 824,  Xã An Thạnh,  Bến Lức,  Long An",10.64662758,106.4877082
CK CAO NHẤT! BOOKING CÓ HOÀN LẠI. BAO THUẾ PHÍ +5% SỔ. TT 20% NHẬN NHÀ Ở NGAY -MIỄN PQL.FREE ĐẬU XE,"4,59 tỷ",87 m²,2,2,"Tân Phú, Hồ Chí Minh","Celadon City, Đường N1, Phường Sơn Kỳ, Tân Phú, Hồ Chí Minh",10.80469525,106.6204799
QUỸ CĂN ĐỘC QUYỀN! DỰ ÁN THE CHARM AN HƯNG. BÁN SUẤT NGOẠI GIAO TẦNG ĐẸP 3PN 2PN GIÁ TỐT 0983 180 ***,"5,1 tỷ",74 m²,2,2,"Hà Đông, Hà Nội"," Đường Tố Hữu,  Phường La Khê,  Hà Đông,  Hà Nội",20.9696783,105.7601018
"CĂN HỘ QUẬN 9 ELYSIAN - GAMUDA LAND, GIÁ SIÊU RẺ ĐẦU TƯ SINH LỜI CAO LH 0901 555 *** MR THẮNG","4,51 tỷ",82 m²,2,2,"Quận 9, Hồ Chí Minh","Elysian, Đường Lò Lu, Phường Trường Thạnh, Quận 9, Hồ Chí Minh",10.7793365,106.6880766
"TRỰC TIẾP CHỦ ĐẦU TƯ: CĂN 2 - 3N GIÁ RẺ NHẤT MELODY LINH ĐÀM, VIEW HỒ, CHIẾT KHẤU 8%, TẶNG VÀNG 999","3,65 tỷ",68 m²,2,2,"Hoàng Mai, Hà Nội"," Đường Bằng Liệt,  Phường Hoàng Liệt,  Hoàng Mai,  Hà Nội",20.966795,105.824457
"QUỸ CĂN HỘ VINHOMES GRAND PARK GIÁ TỐT NHẤT THỊ TRƯỜNG, CHỈ TỪ 1.45 TỶ, THÍCH HỢP ĐẦU TƯ VÀ AN CƯ!","1,45 tỷ",30 m²,2,2,"Quận 9, Hồ Chí Minh"," Đường Phước Thiện,  Phường Long Bình,  Quận 9,  Hồ Chí Minh",10.7589554,106.6730492
LH TƯ VẤN GIÁ BÁN Q7 RIVERSIDE: 1PN-2.3TỶ /2PN-2.9TỶ/ 3PN-4.2TỶ (NHIỀU CĂN VÀ GIÁ TỐT) 0706 679 ***,"2,35 tỷ",53 m²,1,1,"Quận 7, Hồ Chí Minh","Q7 Saigon Riverside, 04 Đào Trí, Phường Phú Thuận, Quận 7, Hồ Chí Minh",10.73821327,106.7385896
BÁN Q7 RIVERSIDE 1PN + VIEW TRỰC DIỆN SÔNG 2.5 TỶ TRỐNG HOẶC SẴN HỢP ĐỒNG THUÊ 0911 850 ***,"2,5 tỷ","53,67 m²",1,1,"Quận 7, Hồ Chí Minh"," Đường Đào Trí,  Phường Phú Thuận,  Quận 7,  Hồ Chí Minh",10.73432452,106.7412179
"(TOÀN BỘ GIỎ HÀNG 4 BLOCK CĂN GÓC 2PN 68M2) Q7 RIVERSIDE GIÁ SIÊU TỐT, VIEW SÔNG 2.7TỶ 0902 651 ***","2,7 tỷ",67 m²,2,2,"Quận 7, Hồ Chí Minh"," Đường Đào Trí,  Phường Phú Thuận,  Quận 7,  Hồ Chí Minh",10.73432452,106.7412179
CƠ HỘI ĐẦU TƯ GĐ1 BOOKING DỰ KIẾN TỪ 50TR/M2 SỞ HỮU CH CAO CẤP VỊ TRÍ VÀNG BLUEGEM TOWER PHÁP VÂN,Giá thỏa thuận,"84,7 m²",3,2,"Thanh Trì, Hà Nội"," Đường Nguyễn Bặc,  Xã Tứ Hiệp,  Thanh Trì,  Hà Nội",20.9497791,105.8480418
"CHUNG CƯ COSMOPOLITAN MIK CỔ LOA CĂN 2PN 70M2 GIÁ CHỈ 89TR/M2 C.KHẤU 15,5%, QUÀ TẶNG 500 TRIỆU","6,2 tỷ",70 m²,2,2,"Đông Anh, Hà Nội","Vinhomes Cổ Loa, Cổ Loa, Đông Hội, Đông Anh, Hà Nội",21.0966838,105.8680621
"TT 20%, TRẢ CHẬM 3 NĂM LS 0%. GIÁ CĐT F0, LIÊN HỆ EM ĐỂ CÓ CHÍNH SÁCH ƯU ĐÃI TỐT NHẤT - 0935 686 ***","4,9 tỷ",87 m²,2,2,"Tân Phú, Hồ Chí Minh"," Đường N1,  Phường Sơn Kỳ,  Tân Phú,  Hồ Chí Minh",10.80369491,106.6148742
"NHỈNH 11 TỶ CĂN SHOPHOUSE TRỤC ĐẠI LỘ HỪNG ĐÔNG 75 M2, MẶT ĐƯỜNG 25 MÉT, CANH TRƯỜNG HỌC, CÔNG VIÊN","11,6 tỷ",75 m²,5,3,"Văn Giang, Hưng Yên"," Xã Long Hưng,  Văn Giang,  Hưng Yên",20.942226,105.957565
"BÁN CĂN BT 80 M2 ÁNH DƯƠNG, CẠNH CÔNG VIÊN BIỂN HỒ, ĐƯỜNG LỚN, CAM KẾT GIÁ TỐT NHẤT THỊ TRƯỜNG","10,3 tỷ",80 m²,6,3,"Văn Giang, Hưng Yên"," Xã Nghĩa Trụ,  Văn Giang,  Hưng Yên",20.9298976,105.963275
CƠN SỐT ĐẦU TƯ TẠI THE GIÓ RIVERSIDE - DỰ ÁN VEN SÔNG ĐÁNG SỞ HỮU NHẤT NĂM 2025!,Giá thỏa thuận,65 m²,2,2,"Dĩ An, Bình Dương","The Gió Riverside, Đường Vành Đai 3, Phường Bình Thắng, Dĩ An, Bình Dương",10.89908843,106.8237522
CẬP NHẬT QUỸ CĂN CHUYỂN NHƯỢNG GIÁ RẺ NHẤT HIỆN TẠI Ở SMART CITY. LH XEM NHÀ: 0941 982 *** (ZALO),"2,75 tỷ",43 m²,1,1,"Nam Từ Liêm, Hà Nội"," Phường Tây Mỗ,  Nam Từ Liêm,  Hà Nội",21.0096762,105.7445572
"CHỈ 1%/THÁNG SỞ HỮU CĂN HỘ THE GIÓ RIVERSIDE VỚI CHUẨN SỐNG XANH, TIỆN NGHI BẬC NHẤT KHU ĐÔNG SÀI",Giá thỏa thuận,65 m²,2,2,"Dĩ An, Bình Dương","The Gió Riverside, Đường Vành Đai 3, Phường Bình Thắng, Dĩ An, Bình Dương",10.89908843,106.8237522
"QUỸ 15 CĂN SIÊU HÓT KHU HỪNG ĐÔNG VIN ĐAN PHƯỢNG GIÁ DỰ KIẾN TỪ 17 TỶ CHIẾT KHẤU 10,5% + 11%",Giá thỏa thuận,96 m²,4,5,"Đan Phượng, Hà Nội"," Xã Tân Hội,  Đan Phượng,  Hà Nội",21.09337,105.6980589
"CHIẾT KHẤU 21% - HÀNG ĐỘC QUYỀN: CĂN SIÊU ĐẸP VIEW SÔNG, GIÁ CHỈ 3, X TỶ",Giá thỏa thuận,52 m²,1,1,"Sơn Trà, Đà Nẵng","Sun Symphony Residence, Trần Hưng Đạo, Nại Hiên Đông , Sơn Trà, Đà Nẵng",16.08516825,108.2288678
"BÁN GẤP NHÀ PHỐ 5X20M DỰ ÁN LAVILLA GREEN CITY, VIEW SÔNG, CẠNH AEON MALL TÂN AN, ĐƯỜNG HÙNG VƯƠNG","3,18 tỷ",100 m²,3,3,"Tân An, Long An"," Đường Hùng Vương,  Phường 6,  Tân An,  Long An",10.55748156,106.3948541
"CĂN HỘ VEN SÔNG HÀN SUN SYMPHONY ĐÀ NẴNG, VIEW TRỰC DIỆN PHÁO HOA, GIÁ CĐT, CK ĐẾN 22%","5,58 tỷ",70 m²,3,3,"Sơn Trà, Đà Nẵng"," Đường Trần Hưng Đạo,  Phường Nại Hiên Đông ,  Sơn Trà,  Đà Nẵng",16.08516825,108.2288678
ĐẠI LÝ TOP 1 DỰ ÁN CELADON A/C LH EM BOOKING ĐỂ CÓ THÊM GIỎ HÀNG ƯT1 THAY VÌ CHỈ 1 GIỎ HÀNG,"4,5 tỷ",85 m²,2,2,"Tân Phú, Hồ Chí Minh","Celadon City, N1, Sơn Kỳ, Tân Phú, Hồ Chí Minh",10.80469525,106.6204799
GIÁ GỐC CĐT - QUỸ CĂN 80M2 ÁP GÓC ĐỐI DIỆN CHUNG CƯ VINHOME CỔ LOA CỰC ĐẸP - TT CHỈ 7TỶ SỞ HỮU NGAY,19 tỷ,80 m²,5,5,"Đông Anh, Hà Nội"," Đường Cổ Loa,  Xã Đông Hội,  Đông Anh,  Hà Nội",21.13968625,105.8518553
"RỔ HÀNG ĐỘC QUYỀN CELADON CITY GIÁ 5,9 TỶ - TT 20% NHẬN NHÀ- CK ĐẾN 10%, 12 THÁNG PQL +GÓI NỘI THẤT","5,9 tỷ",96 m²,2,2,"Tân Phú, Hồ Chí Minh","Celadon City, N1, Sơn Kỳ, Tân Phú, Hồ Chí Minh",10.80469525,106.6204799
"QUÀ TẶNG 500 TRIỆU KHÁCH HÀNG BOOKING SỚM TỪ 89TR VIEW HỒ, CK 16% HTLS 36T, NỘI THẤT KHÁCH SẠN 5SAO",Giá thỏa thuận,45 m²,1,1,"Đông Anh, Hà Nội"," Xã Đông Hội,  Đông Anh,  Hà Nội",21.13968625,105.8518553
"CHIẾT KHẤU KHỦNG 25%, ĐƯỢC THANH TOÁN 30% (550 TRIỆU) TRONG 360 NGÀY, NHẬN NHÀ Ở NGAY, NHÀ MỚI 100%","4,35 tỷ",93 m²,3,2,"Quận 9, Hồ Chí Minh","Vinhomes Grand Park, Long Thạnh Mỹ, Quận 9, Hồ Chí Minh",10.7589554,106.6730492
"CĂN HỘ GÓC 2PN2WC - 80M2 CHỈ 7,52 TỶ VIP NHẤT VINHOMES CỔ LOA,CK 15%,3 HẦM ĐỖ XE, KẾ BÊN GRAND EXPO","7,52 tỷ",80 m²,2,2,"Đông Anh, Hà Nội","Vinhomes Cổ Loa, Cổ Loa, Đông Hội, Đông Anh, Hà Nội",21.0966838,105.8680621
CC BÁN CHUYỂN NHƯỢNG: STU-1TỶ180; 1PN+ 2.1 TỶ; 2PN-2.5TỶ; 2PN+ 3.3 TỶ; 3PN-HƠN 3.8TỶ VIN SMART CITY,Giá thỏa thuận,81 m²,3,2,"Nam Từ Liêm, Hà Nội"," Phường Tây Mỗ,  Nam Từ Liêm,  Hà Nội",21.0096762,105.7445572
"ĐỘC QUYỀN 25 CĂN MUA GIÁ GỐC TRỰC TIẾP CĐT, CHIẾT KHẤU 15,5% ,HỖ TRỢ VAY VỐN 70% ÂN HẠN GỐC LÃI 24T","3,6 tỷ","77,2 m²",3,2,"Đông Anh, Hà Nội","Eurowindow River Park, 5, Đông Hội, Đông Anh, Hà Nội",21.0790467,105.8746919
"SỞ HỮU PHÂN KHU ĐẸP NHẤT DIAMOND CENTERY, CHỈ TỪ 1.2 TỶ DÒNG TIỀN SẴN ,TT TRONG 3 NĂM,FREE PQL",6 tỷ,96 m²,2,2,"Tân Phú, Hồ Chí Minh","Diamond Centery, N1, Sơn Kỳ, Tân Phú, Hồ Chí Minh",10.8040522,106.6206836
"CĂN HỘ KEPLER LAND MỖ LAO GIÁ CHỈ TỪ 7XTR/M2, 3 HẦM ĐỂ XE, NHẬN NHÀ QUÝ 3/2026 HTLS 0% 18T MIỄN PDV",Giá thỏa thuận,77 m²,2,2,"Hà Đông, Hà Nội"," Phường Mỗ Lao,  Hà Đông,  Hà Nội",20.9821715,105.7842539
"BÁN NHÀ MẶT PHỐ TRẦN ĐĂNG NINH . GIÁ 12,5 TỶ X 5 TẦNG","12,5 tỷ",46 m²,5,3,"Hà Đông, Hà Nội","Đường Trần Đăng Ninh. Phường Quang Trung , Hà Đông , Hà Nội .",20.9551855,105.758011
"THE PARIS MỞ BÁN TÒA PR3 VIEW HỒ, CĂN 1PN, 2PN, 3PN C.KHẤU LÊN ĐẾN 12% RẺ NHẤT VINHOMES OCEAN PARK1","5,3 tỷ",80 m²,3,2,"Gia Lâm, Hà Nội","The Paris - Vinhomes Ocean Park, Đường Lý Thánh Tông, Xã Đa Tốn, Gia Lâm, Hà Nội",20.99269348,105.9246946
"BÁN NHANH QUỸ CĂN NGOẠI GIAO VIN CỔ LOA 63-75-80M2 ĐỐI DIỆN CHUNG CƯ, TRỤC ĐƯỜNG 25M, VAY 0% - 36TH",Giá thỏa thuận,63 m²,5,5,"Đông Anh, Hà Nội"," Đường Cổ Loa,  Xã Đông Hội,  Đông Anh,  Hà Nội",21.13968625,105.8518553
BÁN CĂN BT5A-25 DIỆN TÍCH 140M2 TẠI CIPUTRA TÂY HỒ SÁT CV 65HA VÀ SÂN GOLF GIÁ 50 TỶ. LH 0969 524 ***,50 tỷ,140 m²,4,5,"Tây Hồ, Hà Nội"," Đường Võ Chí Công,  Phường Phú Thượng,  Tây Hồ,  Hà Nội",21.07529443,105.8111542
CELADON CITY MỞ BÁN RỔ HÀNG GIAI ĐOẠN CUỐI,8 tỷ,120 m²,3,3,"Tân Phú, Hồ Chí Minh","Celadon City, Đường N1, Phường Sơn Kỳ, Tân Phú, Hồ Chí Minh",10.80469525,106.6204799
"CĂN 88M2, 96M2 GIÃN XÂY GIÁ TỐT PHÂN KHU HỪNG ĐÔNG GẦN CÔNG VIÊN VINHOMES ĐAN PHƯỢNG WONDER CITY",Giá thỏa thuận,96 m²,4,5,"Đan Phượng, Hà Nội"," Xã Tân Hội,  Đan Phượng,  Hà Nội",21.09337,105.6980589
BÁN CĂN LIỀN KỀ VIEW CÔNG VIÊN VÀ SÂN TẬP THỂ THAO GIÁ CHỈ CHƯA ĐẾN 9 TỶ RẺ NHẤT OCEANPARK 3,"8,6 tỷ",65 m²,4,5,"Văn Giang, Hưng Yên","The Crown - Vinhomes Ocean Park 3, Nghĩa Trụ, Văn Giang, Hưng Yên",20.9298976,105.963275
"CC BÁN 4 CĂN STUDIO-1.7TỶ, 1PN-2.6TỶ, 2PN - 55M - 3.15TỶ, 2PN-69M-CĂN GÓC-3.5TỶ KĐT VH SMARTCITY","3,5 tỷ",69 m²,2,2,"Nam Từ Liêm, Hà Nội","Vinhomes Smart City , Phường Tây Mỗ, Nam Từ Liêm, Hà Nội",21.0072395,105.7372088
AKARI CITY NAM LONG MỞ BÁN 30 CĂN HỘ 2PN-3PN - CHÍNH SÁCH HẤP DẪN - HỖ TRỢ LS 0% - PKD: 0932 661 ***,"3,99 tỷ",81 m²,2,2,"Bình Tân, Hồ Chí Minh"," Đường Võ Văn Kiệt,  Phường An Lạc,  Bình Tân,  Hồ Chí Minh",10.72606923,106.6198035
"BÁN CĂN BT ĐƠN LẬP 455M2 KHU PARK VILLAGE, KĐT WATER POINT LONG AN, HTLS VAY BANK 30 THÁNG",29 tỷ,455 m²,4,4,"Bến Lức, Long An","Waterpoint, Đường 824, Xã An Thạnh, Bến Lức, Long An",10.6516575,106.4712271
"NHÀ PHỐ 96M2 GIÁ BÁN SIÊU TỐT 14 TỶ, GẦN CV VỊ TRI ĐẸP GIÁ TỐT LH: 0908 494 ***",14 tỷ,96 m²,5,5,"Quận 9, Hồ Chí Minh"," Đường Nguyễn Xiển,  Phường Long Thạnh Mỹ,  Quận 9,  Hồ Chí Minh",10.7589554,106.6730492
NẮM FULL GIỎ HÀNG ĐANG BÁN TẠI EMPIRE CITY 1PN-2PN-3PN-4PN MỚI NHẤT. CAM KẾT GIÁ RẺ NHẤT THỊ TRƯỜNG,"9,5 tỷ",64 m²,1,1,"Quận 2, Hồ Chí Minh","Empire City Thủ Thiêm, Mai Chí Thọ, Thủ Thiêm, Quận 2, Hồ Chí Minh",10.78263325,106.7193548
"ĐỘC QUYỀN! QUỸ NGOẠI GIAO CĐT MELODY LINH ĐÀM CHỈ 54TR/M2,CHIẾT KHẤU 8%,TẶNG 1 CÂY VÀNG,VIEW HỒ ĐẸP","3,6 tỷ",68 m²,2,2,"Hoàng Mai, Hà Nội"," Đường Bằng Liệt,  Phường Hoàng Liệt,  Hoàng Mai,  Hà Nội",20.966795,105.824457
"TIN GIÁ THẬT. EM HIỆP CHUYÊN BÁN CĂN HỘ LUMIERE RIVERSIDE, QUẬN 2. ĐÃ CÓ SỔ HỒNG","8,9 tỷ","74,2 m²",2,2,"Quận 2, Hồ Chí Minh"," Đường Võ Nguyên Giáp,  Phường An Phú,  Quận 2,  Hồ Chí Minh",10.7365876,106.7120245
"NHẬN NHÀ Ở HOẶC CHO THUÊ NGAY, CHIẾT KHẤU LÊN ĐẾN 12% GTCH. GIÁ TRỰC TIẾP TỪ CHỦ ĐẦU TƯ PHÚ ĐÔNG","2,72 tỷ","68,2 m²",2,2,"Dĩ An, Bình Dương"," Đường An Bình,  Phường An Bình,  Dĩ An,  Bình Dương",10.87141891,106.7551239
"ĐỘC QUYỀN 10 CĂN TẦNG TRUNG VIEW HỒ, STUDIO - 1PN - 2PN-3PN, CHIẾT KHẤU NGAY 18,5% KÝ TRỰC TIẾP CĐT",Giá thỏa thuận,60 m²,2,2,"Đông Anh, Hà Nội"," Xã Đông Hội,  Đông Anh,  Hà Nội",21.13968625,105.8518553
"1PN-2PN-3PN VINHOMES Q9 CẮT LỖ 500-1.2 TỶ, CAM KẾT GIÁ RẺ HƠN 100 - 200TR LH 0931 896 *** XEM NHÀ","2,65 tỷ",60 m²,2,2,"Quận 9, Hồ Chí Minh"," Phường Long Thạnh Mỹ,  Quận 9,  Hồ Chí Minh",10.7589554,106.6730492
"(TIN THẬT) CỰC HIẾM, BÁN NHÀ QUẬN TÂN BÌNH, MT 6M, PHÂN LÔ VỈA HÈ, Ô TÔ TRÁNH, KHÔNG LỖI, XÂY CCMN","12,5 tỷ",121 m²,3,3,"Tân Bình, Hồ Chí Minh","Đường Phạm Văn Bạch, Phường 14, Tân Bình, Hồ Chí Minh",10.7937663,106.6419696
"BÁN CĂN 2N2VS 65M2, FULL ĐỒ, HƯỚNG ĐÔNG BẮC MÁT MẺ, GIÁ CHỈ 3.06 TỶ","3,06 tỷ",65 m²,2,2,"Gia Lâm, Hà Nội"," Xã Dương Xá,  Gia Lâm,  Hà Nội",21.0046345,105.970087
"HOT! TỔNG HỢP RỔ HÀNG CHUYỂN NHƯỢNG SWANBAY MỚI NHẤT T3/2025, NHIỀU CĂN GIÁ TỐT NHẤT, VỊ TRÍ ĐẸP",18 tỷ,320 m²,3,3,"Nhơn Trạch, Đồng Nai"," Xã Đại Phước,  Nhơn Trạch,  Đồng Nai",10.7355009,106.8171232
"BÁN CĂN HỘ CHUNG CƯ TẠI VINHOMES OCEAN PARK GIA LÂM, 2,48 TỶ, 48M2, HÀNG HIẾM GIÁ SIÊU HỜI","2,48 tỷ",48 m²,1,1,"Gia Lâm, Hà Nội"," Xã Dương Xá,  Gia Lâm,  Hà Nội",21.0046345,105.970087
"MỞ BÁN PHÂN KHU DIAMOND, TT20% CÒN LẠI GÓP 3 NĂM 0% LS, LH EM ĐỂ CÓ ƯU ĐÃI TỐT NHẤT - 0935 686 ***","4,4 tỷ",85 m²,2,2,"Tân Phú, Hồ Chí Minh"," Đường N1,  Phường Sơn Kỳ,  Tân Phú,  Hồ Chí Minh",10.80369491,106.6148742
CENTA RIVERSIDE - ĐÔ THỊ SINGAPORE ĐẦU TIÊN TẠI ĐẤT VUA KINH BẮC - MỞ BÁN PHÂN KHU MỚI. GIÁ GỐC CĐT,"7,7 tỷ",120 m²,3,4,"Từ Sơn, Bắc Ninh","Hữu Nghị, Phù Chẩn, Từ Sơn, Bắc Ninh",21.08308623,105.9652381
"QUỸ 15 CĂN NGOẠI GIAO KHU HỪNG ĐÔNG, BÌNH MINH VIN ĐAN PHƯỢNG GIÁ TỪ 17 TỶ CHIẾT KHẤU 10,5% + 11%",Giá thỏa thuận,88 m²,4,5,"Đan Phượng, Hà Nội","Xã Tân Hội, Đan Phượng, Hà Nội",21.09337,105.6980589
CẬP NHẬT QUỸ CĂN CHUYỂN NHƯỢNG GOLDEN RIVER - CIPUTRA GIÁ TỐT NHẤT THÁNG 02/2025,12 tỷ,141 m²,3,2,"Tây Hồ, Hà Nội","Phường Phú Thượng, Tây Hồ, Hà Nội",21.081992,105.8073736
"TRỰC TIẾP CĐT GAMUDALAND: MỞ BÁN TÒA A4 ĐẸP NHẤT EATON PARK, TT CHỈ 5% KÝ HĐMB - CK ĐẾN 10%","6,5 tỷ",56 m²,1,1,"Quận 2, Hồ Chí Minh","Mai Chí Thọ, Phường An Phú, Quận 2, Hồ Chí Minh",10.7365876,106.7120245
BÁN CĂN NHẬT NGUYỆT 2 - 17 TỶ HƠN - ĐÔNG NAM - GẦN VINCOM VÀ TRƯỜNG HỌC - VINHOMES CỔ LOA,"17,3 tỷ","62,5 m²",5,5,"Đông Anh, Hà Nội","Cổ Loa, Xã Đông Hội, Đông Anh, Hà Nội",21.0966838,105.8680621
"CĂN HỘ VEN SÔNG HÀN SUN SYMPHONY ĐÀ NẴNG TÒASS23, CĂN 3PN VIEW TRỰC DIỆN SÔNG HÀN, GIÁ CĐT, CK 21%","10,58 tỷ","102,8 m²",3,3,"Sơn Trà, Đà Nẵng"," Trần Hưng Đạo, Phường Nại Hiên Đông , Sơn Trà, Đà Nẵng",16.08516825,108.2288678
CĂN HỘ ĐÀ NẴNG SYMPHONY NGAY SÔNG HÀN PHÁO HOA QUỐCTẾ GIÁ GỐC CĐT CHIẾT KHẤU CAO 21% SỞ HỮU LÂU DÀI,"4,95 tỷ",96 m²,3,2,"Sơn Trà, Đà Nẵng","Trần Hưng Đạo, Phường Nại Hiên Đông , Sơn Trà, Đà Nẵng",16.08516825,108.2288678
"SIÊU PHẨM 3PHÒNG NGỦ NHƯ 1CĂN PENTHOUSE VIEW TRỰC DIỆN SÔNG HÀN, PHÁO HOA DIFF CHIẾT KHẤU KHỦNG 21%","8,9 tỷ","98,3 m²",3,3,"Sơn Trà, Đà Nẵng","Trần Hưng Đạo, Phường Nại Hiên Đông , Sơn Trà, Đà Nẵng",16.08516825,108.2288678
ĐỘC QUYỀN SHOPHOUSE MẶT ĐƯỜNG LỚN 25M GIÁ SIÊU TỐT CHỈ TỪ 233TRIỆU/M2 TẠI VINHOMES CỔ LOA,"18,64 tỷ",80 m²,6,6,"Đông Anh, Hà Nội"," Cổ Loa, Xã Đông Hội, Đông Anh, Hà Nội",21.0966838,105.8680621
BÁN MASTERI THẢO ĐIỀN - CẬP NHẬT NHANH CHÓNG GIỎ HÀNG GIÁ TỐT NHẤT THỊ TRƯỜNG. HƯƠNG: 0937 886 ***,Giá thỏa thuận,70 m²,2,2,"Quận 2, Hồ Chí Minh"," Xa Lộ Hà Nội, Phường Thảo Điền, Quận 2, Hồ Chí Minh",10.8037248,106.7462249
GẦN PHÁO HOA DIFF GIỎ HÀNG ĐỘC QUYỀN CĐT SUN GR QUỸ CĂN 2PN CHIẾT KHẤU CÒN 4.6TỶ VÀ 3PN CÒN 5.8 TỶ,Giá thỏa thuận,89 m²,2,2,"Ngũ Hành Sơn, Đà Nẵng"," Trần Thị Lý, Phường Mỹ An, Ngũ Hành Sơn, Đà Nẵng",16.05038966,108.2299929
QUỸ CĂN NGOẠI GIAO DIỆN TÍCH TỪ 88M2 - 96M2 - 120M2 - 136M2 VINHOMES ĐAN PHƯỢNG,Giá thỏa thuận,96 m²,3,5,"Đan Phượng, Hà Nội","Xã Tân Hội, Đan Phượng, Hà Nội",21.09337,105.6980589
"BÁN GẤP SHOPHOUSE VINHOMES OCEAN PARK 3 DIỆN TÍCH SỬ DỤNG GẦN 300M2 SÀN, ĐƠN GIÁ CHỈ 122TR/M2","9,2 tỷ",75 m²,5,5,"Văn Giang, Hưng Yên","Xã Nghĩa Trụ, Văn Giang, Hưng Yên",20.9298976,105.963275
"MỞ BÁN BIỆT THỰ TỨ LẬP ÁNH DƯƠNG VIEW TRỰC DIỆN BIỂN HỒ, HTLS 30 THÁNG, NHẬN NHÀ Ở NGAY, SỔ LÂU DÀI","17,7 tỷ",120 m²,5,3,"Văn Giang, Hưng Yên","Xã Nghĩa Trụ, Văn Giang, Hưng Yên",20.9298976,105.963275
Chính chủ bán căn hộ có HĐMB 75m2 2PN CC Cao cấp Garden Gate Phú Nhuận,"5,4 tỷ",75 m²,2,2,"Phú Nhuận, Hồ Chí Minh","Garden Gate, 8 Đường Hoàng Minh Giám, Phường 9, Phú Nhuận, Hồ Chí Minh",10.80911944,106.6741552
Chuyển nhượng căn 2PN tầng 18 view trực diện biển Mỹ Khê Đà Nẵng,"4,9 tỷ","82,5 m²",2,2,"Ngũ Hành Sơn, Đà Nẵng"," Đường Phạm Kiệt,  Phường Khuê Mỹ,  Ngũ Hành Sơn,  Đà Nẵng.",16.03851388,108.2475484
"Bán gấp căn 2N 69,9m2 toà Thăng Long Capital, full nội thất nhập cạnh Vinsmart, có slot ô tô hầm",3 tỷ,"69,9 m²",2,2,"Hoài Đức, Hà Nội"," Xã An Khánh,  Hoài Đức,  Hà Nội",21.005128,105.73304
"Trực tiếp CĐT Khải Hoàn Prime - Nhận đăng ký giữ chỗ tháp Vinci, Mika, rổ hàng giá rẻ, đẹp nhất","2,56 tỷ","45,8 m²",1,1,"Nhà Bè, Hồ Chí Minh"," Đường Lê Văn Lương,  Xã Nhơn Đức,  Nhà Bè,  Hồ Chí Minh",10.6868021,106.6999079
"Mặt tiền Lô góc - Cực hiếm - Lạc Long Quân Q11 - 4,1x12 - Giá còn 13.x còn TL","13,5 tỷ",49 m²,2,2,"Quận 11, Hồ Chí Minh","Đường Lạc Long Quân, Phường 5, Quận 11, Hồ Chí Minh",10.76839747,106.6434112
"Bán nhà mặt Hồ Tây phố Từ Hoa, lô góc 225m2, 8 tầng, MT 10 m. Vuông đẹp nhất phố Từ Hoa",160 tỷ,225 m²,10,10,"Tây Hồ, Hà Nội","Phố Từ Hoa, Phường Quảng An, Tây Hồ, Hà Nội",21.05792187,105.8297059
QUỸ CĂN NHÀ TẠI KHU A GELEXIMCO CHỦ NHÀ THIỆN CHÍ BÁN CHỈ TỪ 153TR/M2 CẢ NHÀ,Giá thỏa thuận,240 m²,5,4,"Hoài Đức, Hà Nội","Khu A, D - Geleximco Lê Trọng Tấn, Lê Trọng Tấn, An Khánh, Hoài Đức, Hà Nội",21.0045767,105.7324499
"Bán biệt thự tứ lập phân khu Ánh Dương, 120m2 xây 4 tầng 287m2 giá từ 17 tỷ, mặt công viên, Sát góc",17 tỷ,120 m²,6,5,"Văn Giang, Hưng Yên","The Crown - Vinhomes Ocean Park 3, Nghĩa Trụ, Văn Giang, Hưng Yên",20.9298976,105.963275
Gia đình đang cần bán căn nhà tại KĐT Văn phú. Nhà 75m2 đường rộng 24m.,"20,8 tỷ",75 m²,5,5,"Hà Đông, Hà Nội","Đường Văn Phú, Phường Phú La, Hà Đông, Hà Nội",20.9263129,105.7609795
(Giỏ hàng 30 căn) Giá tốt nhất - căn hộ Galleria Residence - Metropole,"8,99 tỷ",50 m²,1,1,"Quận 2, Hồ Chí Minh"," Đường Đại Lộ Vòng Cung,  Phường An Khánh,  Quận 2,  Hồ Chí Minh",10.80484845,106.7167622
"Bán gấp biệt thự đẹp tại Gamuda Gardens, 25 tỷ, 95 m2, 4PN, 4WC",25 tỷ,95 m²,4,4,"Hoàng Mai, Hà Nội","Gamuda Gardens, Phường Trần Phú, Hoàng Mai, Hà Nội",20.9711195,105.8832556
"(Đức Duy Land) chuyển nhượng hàng đầu tại Green Park, tổng hợp quỹ căn hộ 2 - 3 - PN giá tốt nhất","3,8 tỷ",55 m²,2,2,"Hoàng Mai, Hà Nội","Green Park Trần Thủ Độ, Trần Thủ Độ, Hoàng Liệt, Hoàng Mai, Hà Nội",20.96330175,105.8449574
"Cần bán nhà mặt tiền đường quốc lộ 1A đường rộng 30m, nằm sát ngã tư đèn đỏ, vị trí đắc địa","4,8 tỷ",125 m²,10,11,"Tư Nghĩa, Quảng Ngãi","Thị trấn La Hà, Tư Nghĩa, Quảng Ngãi",15.0915895,108.771711
"CẦN BÁN NHANH CĂN BIỆT THỰ LÔ GÓC VINHOMES THƯỢNG LÝ, HỒNG BÀNG, HẢI PHÒNG 247M, MẶT TIỀN 15M,",36 tỷ,247 m²,6,8,"Hồng Bàng, Hải Phòng","Vinhomes Imperia Hải Phòng, Đường Bạch Đằng, Phường Thượng Lý, Hồng Bàng, Hải Phòng",20.862086,106.6665383
Chính chủ cần bán FPT Plaza 2 giá 2.250 liên hệ 0906 565 ***,"2,25 tỷ",72 m²,2,2,"Ngũ Hành Sơn, Đà Nẵng","FPT Plaza 2, Đường Hoàng Minh Thắng, Phường Hòa Hải, Quận Ngũ Hành Sơn, Đà Nẵng",15.98224935,108.2608304
"SIÊU PHẨM QUỲNH ĐÔ, THANH TRÌ, GARA Ô TÔ, 6 TẦNG, THANG MÁY, NỘI THẤT SANG TRỌNG, ĐẲNG CẤP!!!","9,7 tỷ",100 m²,6,7,"Thanh Trì, Hà Nội","Xã Vĩnh Quỳnh, Thanh Trì, Hà Nội",20.9360832,105.8309372
Duy nhất căn hộ vị trí góc 62m2 tầng trung giá tốt nhất dự án chung cư Tecco Thái Nguyên,"1,43 tỷ",62 m²,2,2,"Thái Nguyên, Thái Nguyên","Tecco Elite City, Quang Trung, Thịnh Đán, Thái Nguyên, Thái Nguyên",21.56779422,105.8100904
Chủ nhà đi Mỹ bán rẻ căn Mezza KĐT Ecopark hoàn thiện nội thất 2 tầng 3 phòng ngủ 2WC giá 6tỷ300,"6,3 tỷ",101 m²,3,2,"Văn Giang, Hưng Yên","Ecopark Grand - The Island , Xuân Quan, Văn Giang, Hưng Yên",20.96350148,105.918669
"1PN- CÓ BAN CÔNG- GIÁ TỪ 1,9 TỶ. GIỎ HÀNG ĐỘC QUYỀN THE EMERAL 68 - LH 0903 091 *** MS NGA PKD CĐT",Giá thỏa thuận,35 m²,1,1,"Thuận An, Bình Dương","The Emerald 68, Vĩnh Phú 16, Vĩnh Phú, Thuận An, Bình Dương",10.87319405,106.7053414
"Cập nhật giỏ hàng mới Feliz En Vista: 1-2-3-4PN, duplex, penthouse nhà đẹp giá tốt. LH 0938 693 ***","16,5 tỷ",173 m²,4,4,"Quận 2, Hồ Chí Minh","Feliz En Vista, Đồng Văn Cống, Thạnh Mỹ Lợi, Quận 2, Hồ Chí Minh",10.77073175,106.7702559
"Mới Coong! Bán căn hộ 3PN2VS/85,3m2 Eurowindow Cổ Loa Ntcb Giá 46tr/m2 Ở Ngay + Đầu Tư 0967 565 ***","4,3 tỷ","82,1 m²",3,2,"Đông Anh, Hà Nội","Eurowindow River Park, Đường 5, Xã Đông Hội, Đông Anh, Hà Nội",21.0800293,105.8724053
"Bán CC tại Riverside sang xịn (Smart Home, điều khiển bằng giọng nói) 15 tỷ",15 tỷ,129 m²,3,2,"Quận 7, Hồ Chí Minh"," Đường Nguyễn Lương Bằng,  Phường Tân Phú,  Quận 7,  Hồ Chí Minh",10.727068,106.7261695
"Bán nhà 5 tầng đẹp đường 7m, ô tô đỗ cửa, gần Nguyễn Chí Thanh sổ đỏ chính chủ","7,1 tỷ",25 m²,3,4,"Đống Đa, Hà Nội","Đường Huỳnh Thúc Kháng, Phường Láng Hạ, Đống Đa, Hà Nội",21.0148521,105.8116394
"Bán nhà góc 2MT hẻm 8m đường Kênh 26/3, gần Eon Mall Tân Phú, 7.7x14, 3 lầu, 5pn, 12.2 tỷ","12,2 tỷ",110 m²,5,5,"Tân Phú, Hồ Chí Minh","Đường 26/3, Phường Sơn Kỳ, Tân Phú, Hồ Chí Minh",10.8040522,106.6206836
"+ Bán nhà Cự Khối -Long Biên. DT 104m Mt 5,3-H 5,4m x3tầng ô tô vào sân- Giá 8,8 tỷ","8,8 tỷ",104 m²,3,4,"Long Biên, Hà Nội","Đường Cự Khối, Phường Cự Khối, Long Biên, Hà Nội",21.0130287,105.9108095
Chính chủ cần tiền bán gấp đất tặng nhà 52m mặt 8m 3tầng đường 3 ô tô tránh Kd luôn,7 tỷ,52 m²,3,3,"Hoài Đức, Hà Nội","Đường Liên Xã, Xã Đông La, Hoài Đức, Hà Nội",20.9659419,105.7221001
"Có 102! Bán nhà phố Trung Kính, lô góc, 2 thoáng, ô tô tránh, TM, KD cực đỉnh 65m2*6T, MT 5.5m.",25 tỷ,65 m²,4,4,"Cầu Giấy, Hà Nội","Phố Trung Kính, Phường Yên Hòa, Cầu Giấy, Hà Nội",21.01665806,105.7939798
"Bán CC Eaton Park, Mai Chí Thọ, An Phú, Q2, HCM, 12 tỷ, 75m2 thanh toán siêu nhẹ full nội thất",12 tỷ,75 m²,2,2,"Quận 2, Hồ Chí Minh"," Đường Mai Chí Thọ,  Phường An Phú,  Quận 2,  Hồ Chí Minh",10.7365876,106.7120245
"Bán biệt thự DT147m2, MT7,03m, 5T, ôtô tránh tại Phùng Khoang, Trung Văn, SĐCC, giá bán 31tỷ TL sâu",31 tỷ,147 m²,6,4,"Nam Từ Liêm, Hà Nội","Phùng Khoang, ngõ 67, Đường Phùng Khoang, Phường Trung Văn, Nam Từ Liêm, Hà Nội",20.98866422,105.7904083
"Bán nhà ngõ 308 Tây Sơn, Đống Đa DT106m2, MT5m, 5tầng, 6PN, ôtô đỗ, SĐCC, giá bán 29tỷ có TL sâu",29 tỷ,106 m²,6,5,"Đống Đa, Hà Nội","Ngõ 308, Đường Tây Sơn, Phường Thịnh Quang, Đống Đa, Hà Nội",21.0085471,105.8174276
"Bán Nhà ôtô đậu sảnh, Huỳnh Văn Bánh, DT: 63m2 (4,1m x 16m), 3 lầu, giá 11,9 tỷ","11,9 tỷ",63 m²,5,4,"Phú Nhuận, Hồ Chí Minh","Đường Huỳnh Văn Bánh, Phường 13, Phú Nhuận, Hồ Chí Minh",10.7904745,106.6693155
"Bán căn CCMN tại Xuân Đỉnh, ngõ thông ô tô qua, 19 phòng khép kín, dòng tiền 100tr/tháng, giá 25 tỷ",25 tỷ,108 m²,19,19,"Bắc Từ Liêm, Hà Nội","Đường Xuân Đỉnh, Phường Xuân Đỉnh, Bắc Từ Liêm, Hà Nội",21.07180181,105.7900943
Khu đô thị Izumi City - mở bán giỏ hàng trực tiếp CĐT - chiết khấu cực hấp dẫn - Hotline 0932 661 ***,"5,53 tỷ",117 m²,4,4,"Biên Hòa, Đồng Nai"," Đường Hương lộ 2,  Xã Long Hưng,  Biên Hòa,  Đồng Nai",10.8735292,106.8577933
Bán gấp & cho thuê CH An Gia Sky Line 3PN đầy đủ nội thất giá cực tốt. LH: 0987 253 *** Hân Hân,Giá thỏa thuận,108 m²,3,2,"Quận 7, Hồ Chí Minh","Phường Phú Thuận, Quận 7, Hồ Chí Minh",10.7294201,106.7348597
Mizuki Park - Mở bán giỏ hàng Panorama mua trực tiếp chủ đầu tư căn hộ view sông - PKD 0932 661 ***,"3,2 tỷ",61 m²,2,1,"Bình Chánh, Hồ Chí Minh"," Đường Nguyễn Văn Linh,  Xã Bình Hưng,  Bình Chánh,  Hồ Chí Minh",10.72891091,106.6801554
"Bán nhà Tân Sơn Nhì, 4x16m, 2 lầu, ST, 4PN, 4WC, nhà đang ở đẹp, 7.8 tỷ","7,8 tỷ",64 m²,4,4,"Tân Phú, Hồ Chí Minh","Đường Tân Sơn Nhì, Phường Tân Sơn Nhì, Tân Phú, Hồ Chí Minh",10.80086622,106.6320383
"Giỏ hàng chuyển nhượng Bcons Plaza 1PN-2PN, Làng Đại học giá 1.5-1.750 tỷ. LH tư vấn 0767 500 *** ạ","1,75 tỷ",51 m²,2,2,"Dĩ An, Bình Dương","Bcons Plaza, Thống Nhất, Đông Hòa, Dĩ An, Bình Dương",10.89105648,106.8024909
Chỉ 9.6 tỷ sở hữu ngay nhà 2 MTKD sầm uất 91 Hàn Hải Nguyên P.2 Quận 11.,"9,6 tỷ","65,2 m²",2,1,"Quận 11, Hồ Chí Minh","Đường Hàn Hải Nguyên, Phường 2, Quận 11, Hồ Chí Minh",10.7544303,106.6483103
"BÁN NHÀ PHÂN LÔ PHỐ NGUYỄN NGỌC NẠI 40M, 6 TẦNG, Ô TÔ VÀO NHÀ, THANG MÁY, 10 xxx TỶ - THANH XUÂN.",16 tỷ,40 m²,5,6,"Thanh Xuân, Hà Nội","Đường Nguyễn Ngọc Nại, Phường Khương Trung, Thanh Xuân, Hà Nội",20.9973125,105.8222383
Biệt thự 3PN trên đồi ôm trọn tầm view biển tại Ixora Hồ Tràm với lịch thanh toán trong 7 năm,"30,13 tỷ",351 m²,3,4,"Xuyên Mộc, Bà Rịa Vũng Tàu"," Xã Phước Thuận,  Xuyên Mộc,  Bà Rịa Vũng Tàu",10.5279716,107.3921728
Chính Thức Mở Bán Nhận Booking Siêu Dự Án Masteri Trinity Square Ocean Park 2 chỉ 5xtr/m2,Giá thỏa thuận,60 m²,2,1,"Văn Giang, Hưng Yên","Mega Complex - Vinhomes Ocean Park 2, Nghĩa Trụ, Văn Giang, Hưng Yên",20.9298976,105.963275
"Víp! PHÁO ĐÀI LÁNG 33M,MT 4,2M 5TẦNG NHÀ MỚI 2 THOÁNG CÁCH OTO 20M, 7,2 TỶ ( có thương lượng).",7 tỷ,33 m²,5,5,"Đống Đa, Hà Nội","Phố Pháo Đài Láng, Phường Láng Thượng, Đống Đa, Hà Nội",21.01908663,105.8049357
"Nhanh tay sở hữu ngay nhà MT KD Lò Siêu, P.8, Quận 11.","10,38 tỷ","146,5 m²",3,3,"Quận 11, Hồ Chí Minh","Đường Lò Siêu, Phường 8, Quận 11, Hồ Chí Minh",10.76086749,106.6511008
"Bán nhà 4 tầng hẻm 8m Nguyễn Gia Trí, Bình Thạnh. 4PN, 4WC, sổ hồng riêng. Giá chỉ 8,8 tỷ TL","8,8 tỷ",40 m²,4,4,"Bình Thạnh, Hồ Chí Minh","Đường Nguyễn Gia Trí, Phường 25, Bình Thạnh, Hồ Chí Minh",10.80223676,106.716248
"Chính chủ bán mặt tiền KD NA2 sát cổng KCN MP3 16x27m, full TC, chỉ 15,5 tỷ, đt 0908 194 *** Nga","15,5 tỷ",425 m²,2,2,"Bến Cát, Bình Dương","Đường NA2, Phường Thới Hòa, Bến Cát, Bình Dương",11.09258429,106.6109084
"Bán toà căn hộ 9 phòng ngủ mặt phố, dòng tiền thu nhập ổn định","8,5 tỷ",90 m²,9,10,"Ngũ Hành Sơn, Đà Nẵng","Đường Trương Văn Hiến, Phường Khuê Mỹ, Ngũ Hành Sơn, Đà Nẵng",16.01900694,108.254899
Em bán quỹ căn đầy đủ nhất CC Indochina 2PN-3PN-4PN-Penthouse với giá tốt nhất thị trường T3/2025,"13,78 tỷ",145 m²,3,2,"Cầu Giấy, Hà Nội","Indochina Plaza, 241, Đường Xuân Thủy, Phường Dịch Vọng Hậu, Cầu Giấy, Hà Nội",21.0361782,105.7822685
Cần bán nhanh căn hộ 1PN hướng ĐÔNG NAM - View hồ thoáng mát - full nội thất đẹp,"2,3 tỷ",41 m²,1,1,"Gia Lâm, Hà Nội","The Sapphire 1 - Vinhomes Ocean Park, Xã Đa Tốn, Gia Lâm, Hà Nội",20.9862042,105.930004
Bán căn hộ STown Phúc An tại Dĩ An Bình Dương đã có sổ hồng - hổ trợ vay 80% - thanh toán 250 triệu,"1,3 tỷ",55 m²,2,2,"Dĩ An, Bình Dương"," Đường N3,  Phường Dĩ An,  Dĩ An,  Bình Dương",10.90563487,106.7438423
"Bán Nhà Mặt Phố Quan Hoa, 59 tỷ, 110m2, 12PN, 8WC, 9Tầng, Mặt Tiền 6m",59 tỷ,110 m²,12,8,"Cầu Giấy, Hà Nội","Đường Quan Hoa, Phường Quan Hoa, Cầu Giấy, Hà Nội",21.03526306,105.7934242
"Bán liền kề Trần Phú, ô tô tránh, vỉa hè, kinh doanh văn phòng, 100m","6,2 triệu",100 m²,6,6,"Từ Sơn, Bắc Ninh","Đường Trần Phú, Phường Đình Bảng, Từ Sơn, Bắc Ninh",21.11173943,105.9480824
"Tổng hợp quỹ căn mới nhất tại Starlake tháng 3/2025 căn góc 2 - 3 - 4PN đẹp, giá 12 tỷ/căn full đồ",12 tỷ,91 m²,2,2,"Tây Hồ, Hà Nội"," Phường Xuân La,  Tây Hồ,  Hà Nội",21.0632614,105.8070213
Liên Khu 4-5 nhà mới 5 tầng - 85m2 ngang 5m - hẻm 7m thông - ngộp bán 6 tỷ hơn,"6,98 tỷ",85 m²,4,4,"Bình Tân, Hồ Chí Minh","Phường Bình Hưng Hòa B, Bình Tân, Hồ Chí Minh",10.801923,106.5913656
"Bán BT sân vườn, Lưu Hữu Phước, Mỹ Đình 2, Nam Từ Liêm DT 200m2x4T MT 10m vỉa hè ô tô tránh dừng đỗ","47,5 tỷ",200 m²,5,5,"Nam Từ Liêm, Hà Nội","Đường Lưu Hữu Phước, Phường Mỹ Đình 2, Nam Từ Liêm, Hà Nội",21.0282405,105.7746453
Biệt thự đơn lập và song lập tại Xanh Villas 2 - Đón đầu tuyến đường Metro số 5 Văn Cao - Hòa Lạc,"14,5 tỷ",260 m²,4,3,"Thạch Thất, Hà Nội","Hà Nội Tropical Garden, Đường ĐCT08(Hòa Lạc), Xã Yên Bình, Thạch Thất, Hà Nội",20.9891349,105.4576923
"Chung cư 25 Lê Văn Lương, Bán căn hộ 3PN, 3WC, 144m2, chỉ từ 15. X tỷ. LH: 0963 805 ***",Giá thỏa thuận,144 m²,3,3,"Thanh Xuân, Hà Nội","The Diamond Residence, 25, Đường Lê Văn Lương, Phường Nhân Chính, Thanh Xuân, Hà Nội",21.00694099,105.807155
Bán gấp nhà khu VIP Lữ Gia P.15 Quận 11.,"14,5 tỷ","198,7 m²",3,3,"Quận 11, Hồ Chí Minh","Đường Cư Xá Lữ Gia, Phường 15, Quận 11, Hồ Chí Minh",10.7739564,106.6552538
Bán nhà 4 tầng sổ hồng chính chủ,"4,6 tỷ","53,8 m²",3,3,"Thủ Đức, Hồ Chí Minh","Đường 12, Phường Trường Thạnh, Thủ Đức, Hồ Chí Minh",10.80935845,106.8353271
"Cho con học Thụy Sỹ bán 1 căn view đẹp 68m2, 2PN + 1, 2WC 3,6tỷ sổ hồng, ở ngay xem nhà 0909 719 ***","3,6 tỷ",68 m²,3,2,"Bình Tân, Hồ Chí Minh"," Đường An Dương Vương,  Phường An Lạc,  Bình Tân,  Hồ Chí Minh",10.7223892,106.6197111
Bán gấp nhà Nguyễn Bỉnh Khiêm ngay Gem Center - DT 12x15m - trệt 3 lầu - cho thuê 105tr/th - 39 tỷ,39 tỷ,170 m²,11,11,"Quận 1, Hồ Chí Minh","Đường Nguyễn Bỉnh Khiêm, Phường Đa Kao, Quận 1, Hồ Chí Minh",10.791498,106.6999442
"Ra nhanh CHCC Gold View Q4 căn đẹp view thoáng mát 2PN2WC 81m Giá THẬT 4,8 tỷ LH: 0944 904 *** Lý","4,8 tỷ",81 m²,2,2,"Quận 4, Hồ Chí Minh"," Đường Bến Vân Đồn,  Phường 1,  Quận 4,  Hồ Chí Minh",10.75714744,106.6917033
"Bán nhà riêng tại đường hàng cây sà cừ Yên Nghĩa 50m2, giá thỏa thuận, tầng hầm, thang máy 8PN, 8WC",Giá thỏa thuận,50 m²,8,8,"Hà Đông, Hà Nội","Đường Nghĩa Lộ, Phường Yên Nghĩa, Hà Đông, Hà Nội",20.9508404,105.7399655
Vốn nhỉnh 1 tỷ có ngay nhà Vin- ngân hàng hỗ trợ hơn 2 tỷ Chiết khấu như TT sớm LH 0396 369 ***,"3,15 tỷ",75 m²,5,5,"Móng Cái, Quảng Ninh","Vinhomes Golden Avenue Móng Cái, Phường Hải Hòa, Móng Cái, Quảng Ninh",21.51956125,108.019765
"Sở hữu ngay căn hộ dòng thu 1,4 tỷ/ năm tại Trâu Quỳ","31,3 tỷ",210 m²,58,58,"Gia Lâm, Hà Nội","Đường Trâu Quỳ, Thị trấn Trâu Quỳ, Gia Lâm, Hà Nội",21.00549621,105.9376297
"Bán nhà 4 tầng, hẻm 5m, Bình Lợi, Phường 13, Bình Thạnh, 70m2, nhỉnh 8 tỷ.","8,9 tỷ",70 m²,5,3,"Bình Thạnh, Hồ Chí Minh","Đường Bình Lợi, Phường 13, Bình Thạnh, Hồ Chí Minh",10.8266462,106.7047977
CDT MỞ BÁN QUỸ CĂN PENHOUSE DUPLEX DT 160M-190M-230M-270M-350M VIEW HỒ TÂY,36 tỷ,200 m²,4,4,"Tây Hồ, Hà Nội","Heritage West Lake, Lạc Long Quân, Phú Thượng, Tây Hồ, Hà Nội",21.07332352,105.8127116
Bán căn góc 2 mặt tiền đường lớn tổng 540m2 đất giá 95 tỷ,95 tỷ,540 m²,12,12,"Tân Phú, Hồ Chí Minh","Đường Vườn Lài, Phường Phú Thọ Hòa, Tân Phú, Hồ Chí Minh",10.78711836,106.6291875
"Sống Đẳng Cấp Tại Diamond Celadon City - 20% Nhận Nhà, 0% Lãi Suất - Gọi NGAY 0936 459 ***.","6,45 tỷ",86 m²,2,2,"Tân Phú, Hồ Chí Minh","Diamond Centery, N1, Sơn Kỳ, Tân Phú, Hồ Chí Minh",10.8040522,106.6206836
Nhà Lô Góc Sát Phố Kim Giang Đại Kim Hoàng Mai 51m 10Tỷ 4Tầng Mt6m Ở Sướng Đầu Tư Tốt,10 tỷ,51 m²,4,4,"Hoàng Mai, Hà Nội","Đường Kim Giang, Phường Đại Kim, Hoàng Mai, Hà Nội",20.97719491,105.8242672
"Tổng hợp những căn nhà đáng mua nhất tại An Đồng, An Dương, Hải Phòng 3 tầng xây mới giá hơn 2 tỷ",Giá thỏa thuận,60 m²,3,3,"An Dương, Hải Phòng","Đường Máng Nước, Xã An Đồng, An Dương, Hải Phòng",21.1251133,105.63764
"Em bán căn 186m gồm 4PN3WC full nội thất nhập khẩu, tầng trung view thoáng có sổ đỏ có slot oto vip","11,2 tỷ",186 m²,4,3,"Nam Từ Liêm, Hà Nội","Dolphin Plaza, 28, Phố Trần Bình, Phường Mỹ Đình 2, Nam Từ Liêm, Hà Nội",21.03066864,105.7763755
"Chủ đầu tư Nam Long bán nhà phố vườn, shophouse dự án Izumi City giá 6.080 tỷ, 0909 425 ***","6,08 tỷ",111 m²,3,3,"Biên Hòa, Đồng Nai"," Đường Long Hưng - Phước Tân,  Xã Long Hưng,  Biên Hòa,  Đồng Nai",10.86373175,106.8753611
"Bán căn hộ trệt Ehome Southgate 88m2, có thể kinh doanh mua bán 3.5 tỷ",Giá thỏa thuận,51 m²,1,1,"Bến Lức, Long An"," Đường ĐT 830,  Xã An Thạnh,  Bến Lức,  Long An",10.77349696,106.4393333
30.5 tỷ mặt tiền Cityland Nguyễn Văn Lượng (5x20m) 1 trệt - 4 lầu cho thuê 60tr/tháng,"30,5 tỷ",100 m²,8,6,"Gò Vấp, Hồ Chí Minh"," Đường Nguyễn Văn Lượng,  Phường 10,  Gò Vấp,  Hồ Chí Minh",10.83857479,106.6693397
"RẺ RẺ, Cần bán căn 2pn+1,2vs 64m tại chung cư VinSmart City Tây Mỗ Giá 3,9x tỷ","3,9 tỷ",64 m²,2,2,"Nam Từ Liêm, Hà Nội","The Sapphire-Vinhomes Smart City, Tây Mỗ, Nam Từ Liêm, Hà Nội",21.0096762,105.7445572
"Chính chủ cần bán căn 4PN, 2WC, 142m, căn góc, toà mới N01T6 Ngoại Giao Đoàn, 16 tỷ, 0393 755 ***",16 tỷ,142 m²,4,3,"Bắc Từ Liêm, Hà Nội","Khu Ngoại Giao Đoàn, Xuân Đỉnh, Xuân Đỉnh, Bắc Từ Liêm, Hà Nội",21.07296926,105.7882749
Nhà đẹp Ngọc Lâm - Nguyễn Văn Cừ - Long Biên 45m2 6 tầng thang máy gara ô tô,"8,9 tỷ",45 m²,4,4,"Long Biên, Hà Nội","Đường Nguyễn Văn Cừ, Phường Ngọc Lâm, Long Biên, Hà Nội",21.04169285,105.8698938
"Cơ Hội Vàng: Giỏ Hàng Cuối Celadon City - Shophouse Thuê Lại 5 Năm, Skyline, Căn hộ - Chỉ 200 căn.","6,45 tỷ",86 m²,2,2,"Tân Phú, Hồ Chí Minh","Diamond Centery, N1, Sơn Kỳ, Tân Phú, Hồ Chí Minh",10.8040522,106.6206836
The Privia - rổ hàng bán căn hộ 1PN - 2PN - 3PN giá nét bán nhanh,"3,97 tỷ",69 m²,2,2,"Bình Tân, Hồ Chí Minh"," Đường An Dương Vương,  Phường An Lạc,  Bình Tân,  Hồ Chí Minh",10.7223892,106.6197111
"Nhà nằm ngay vị trí đẹp Sư Vạn Hạnh P12 Q10 giá 3tỷ050tr DT 42.9m2, đang cho thuê 15tr/tháng","3,05 tỷ","42,9 m²",4,5,"Quận 10, Hồ Chí Minh","Đường Sư Vạn Hạnh, Phường 12, Quận 10, Hồ Chí Minh",10.77089035,106.6700976
"Bán biệt thự đơn lập, lô góc 3 mặt thoáng, tại Đường Sa Đôi, Đại Mỗ, diện tích 206m2, giá 63,5 tỷ","63,5 tỷ",206 m²,4,6,"Nam Từ Liêm, Hà Nội","Đường Sa Đôi, Phường Đại Mỗ, Nam Từ Liêm, Hà Nội",20.9932717,105.7630172
Bán căn hộ chung cư Quận Gò Vấp giá rẻ 1 tỷ 680 - full nội thất chiết khấu lên đến 5% + 3 chỉ vàng,"1,68 tỷ",44 m²,2,1,"Gò Vấp, Hồ Chí Minh","Đường Trần Bình Trọng, Phường 1, Gò Vấp, Hồ Chí Minh",10.81587072,106.6854725
"Siêu Hiếm Triều Khúc Thanh Trì 270m2 mặt tiền 10m, vỉa hè ô tô, giá chỉ 60 tỷ, xây tòa nhà VIP",60 tỷ,270 m²,2,2,"Thanh Trì, Hà Nội","Xã Tân Triều, Thanh Trì, Hà Nội",20.9770834,105.8042144
"Chính chủ cần bán căn hộ cao cấp 3PN, 2WC tại The Prince Residence, giá 8.5 tỷ, 110m2, Q Phú Nhuận","8,5 tỷ",110 m²,3,2,"Phú Nhuận, Hồ Chí Minh"," Đường Nguyễn Văn Trỗi,  Phường 12,  Phú Nhuận,  Hồ Chí Minh",10.8030061,106.6778362
"Hoàng 3333 giá thật, nói không với căn ảo mất thời gian. Căn 2N từ 4 tỷ 550, căn 3N từ 5 tỷ 9, SĐ","5,9 tỷ",95 m²,3,2,"Thanh Trì, Hà Nội","Eco Green City, 286, Đường Nguyễn Xiển, Xã Tân Triều, Thanh Trì, Hà Nội",20.9831813,105.8087009
"Nhà HXH đường Linh Đông 149m2 3 tầng 12,6 tỷ","12,6 tỷ",149 m²,3,3,"Thủ Đức, Hồ Chí Minh","Đường Linh Đông, Phường Linh Đông, Thủ Đức, Hồ Chí Minh",10.85758935,106.7447159
"XANH ISLAND CÁT BÀ 34m2 view vịnh Lan Hạ, full nội thất, đóng trước 650tr vay miễn lãi 30th","1,8 tỷ",34 m²,1,1,"Cát Hải, Hải Phòng","Xanh Island Cát Bà, Đường 1/4, Thị trấn Cát Bà, Cát Hải, Hải Phòng",20.7321058,107.0483333
"Giá thật! Cập nhật giỏ hàng những căn rẻ nhất Sài Gòn Intela. 2PN chỉ từ 1,450 tỷ!","1,45 tỷ",50 m²,2,2,"Bình Chánh, Hồ Chí Minh"," Đường Nguyễn Văn Linh,  Xã Phong Phú,  Bình Chánh,  Hồ Chí Minh",10.6968222,106.6546923
Tổng kho dự án Dragon Castle - 99 căn chuyển nhượng giá tốt nhất 2PN giá 1.45 tỷ,"1,45 tỷ",57 m²,2,2,"Hạ Long, Quảng Ninh"," Đường Cái Lân,  Phường Bãi Cháy,  Hạ Long,  Quảng Ninh",20.96677757,107.0495531
"Độc quyền rổ hàng Melosa Garden căn 5x17m thô 7,95 tỷ, 6x18m nội thất 9,5 tỷ Biệt thự 8x18m 12,8 tỷ","7,95 tỷ",85 m²,4,4,"Quận 9, Hồ Chí Minh"," Đường Vành Đai Trong,  Phường Phú Hữu,  Quận 9,  Hồ Chí Minh",10.7608529,106.7012374
CÒN ĐÚNG DUY NHẤT MỘT CĂN 3PN ( 89M2) DÒNG LIMITED VIEW SÔNG. GIÁ 7 TỶ CÓ VAT. GỌI EM 0901 353 ***,7 tỷ,89 m²,3,2,"Quận 2, Hồ Chí Minh","Victoria Village, Đồng Văn Cống, Thạnh Mỹ Lợi, Quận 2, Hồ Chí Minh",10.77073175,106.7702559
BÁN CĂN HỘ CAO CẤP 3 PHÒNG NGỦ TẠI Q2 FRASER THẢO ĐIỀN,"12,2 tỷ",100 m²,3,2,"Quận 2, Hồ Chí Minh","Q2 Thảo Điền, Võ Trường Toản, Thảo Điền, Quận 2, Hồ Chí Minh",10.8170764,106.7315493
"Bán căn hộ Sunshine Sky City suất SPA 7,4 tỷ, 132m2, 4PN, 3WC liền kề Phú Mỹ Hưng LH 0357 313 ***","7,4 tỷ",132 m²,4,3,"Quận 7, Hồ Chí Minh","Sunshine Sky City , Phú Thuận, Tân Phú, Quận 7, Hồ Chí Minh",10.7313572,106.7317098
"Cập nhật Quỹ Căn Chuyển Nhượng dự án Heritage Westlake Lạc Long Quân, Tây Hồ",15 tỷ,150 m²,3,3,"Tây Hồ, Hà Nội","Endless Skyline West Lake, Võ Chí Công, Phú Thượng, Tây Hồ, Hà Nội",21.07529443,105.8111542
Kẹt tiền bán lỗ căn 57m2 2pn 2wc giá chỉ 1ty390 bao thuế phí,"1,39 tỷ",57 m²,2,2,"Quận 8, Hồ Chí Minh","Dream Home Riverside, Nguyễn Văn Linh, 7, Quận 8, Hồ Chí Minh",10.6970203,106.6220128
"Chính chủ bán căn hộ chung cư Imperia Garden 100m2, góc 3 phòng ngủ tầng trung đồ cơ bản giá tốt",Giá thỏa thuận,100 m²,3,2,"Thanh Xuân, Hà Nội","Imperia Garden, 203, Đường Nguyễn Huy Tưởng, Phường Thanh Xuân Trung, Thanh Xuân, Hà Nội",20.9944171,105.8171316
"Em bán quỹ căn 2PN - 3PN mới nhất đầy đủ nhất tháng 3/2025, cam kết chính chủ, sổ đỏ lâu dài","7,7 tỷ","88,1 m²",2,2,"Cầu Giấy, Hà Nội","Tràng An Complex, Phùng Chí Kiên, Nghĩa Đô, Cầu Giấy, Hà Nội",21.04202494,105.8025152
"Thanh toán chỉ 10% kí HĐMB với lịch thanh toán kéo dài, nhận nhà có thể cho thuê ngay","2,6 tỷ",61 m²,2,1,"Thủ Dầu Một, Bình Dương","Midori Park The Glory, Đường Bùi Thị Xuân, Phường Hòa Phú, Thủ Dầu Một, Bình Dương",11.07005926,106.6825366
Độc quyền 50m2-1Tỷ470 - Bao thuế phí 55m2 - 1Tỷ580 Trả trước 600tr - Nhận nhà ngay. Hỗ trợ vay 70%,"1,47 tỷ",50 m²,2,2,"Bình Chánh, Hồ Chí Minh"," Đường Nguyễn Văn Linh,  Xã Phong Phú,  Bình Chánh,  Hồ Chí Minh.",10.6968222,106.6546923
"CHÍNH CHỦ GỬI BÁN CĂN HỘ 3PN (93 - 96m2), 2WC, FULL NỘI THẤT, SẴN SỔ. LH 0986 936 *** XEM NHÀ NGAY",6 tỷ,72 m²,2,2,"Nam Từ Liêm, Hà Nội","Mỹ Đình Pearl, Đường Châu Văn Liêm, Phường Phú Đô, Nam Từ Liêm, Hà Nội",21.0065875,105.7678878
"Cần bán gấp Biệt thự Thanh Liên tại Vườn Vua Resort, DT 322,5m2 full nội thất . Hotline: 0936 383 ***",7 tỷ,"322,6 m²",3,3,"Thanh Thủy, Phú Thọ","Vườn Vua Resort & Villas, Đồng Trung, Thanh Thủy, Phú Thọ",21.123781,105.287858
"Bán nhà riêng, Lê Văn Lương, Nhơn Đức, Nhà Bè, HCM, 7,8 tỷ, 267m2","7,8 tỷ",267 m²,7,7,"Nhà Bè, Hồ Chí Minh","Đường Lê Văn Lương, Xã Nhơn Đức, Nhà Bè, Hồ Chí Minh",10.6868021,106.6999079
"Bán CC 2PN, 1WC, D4, Bửu Long, Biên Hòa, 1,2 tỷ, 50m2","1,2 tỷ",50 m²,2,1,"Biên Hòa, Đồng Nai","Đường D4, Phường Bửu Long, Biên Hòa, Đồng Nai",10.95910753,106.8045247
Chung cư 275 Nguyễn Trãi tòa A Golden Land Hoàng Huy,"6,45 tỷ","95,1 m²",2,2,"Thanh Xuân, Hà Nội","Đường Nguyễn Trãi, Phường Thanh Xuân Trung, Thanh Xuân, Hà Nội",20.99311456,105.8052676
"Chủ nhà gửi bán nhanh căn 3 ngủ diện tích từ 95 -100m2 chung cư coma 6 tây mỗ, Nam từ liêm ,HN",Giá thỏa thuận,95 m²,3,2,"Nam Từ Liêm, Hà Nội","Dream Town, đường Tây Mỗ, Phường Tây Mỗ, Nam Từ Liêm, Hà Nội",21.00302268,105.7501363
Chính chủ cần bán gấp căn hộ chung cư cao cấp 4PN nội thất cơ bản tòa N01T8,"12,38 tỷ",136 m²,4,3,"Bắc Từ Liêm, Hà Nội"," Phường Xuân Tảo,  Bắc Từ Liêm,  Hà Nội",21.0611692,105.7942037
"Chinh chu: Bán căn hộ đặc biệt 163m2, bancong 7met 3PN, 3WC tại Sunrise City Quận 7 giá 9.9 tỷ","9,9 tỷ",163 m²,3,3,"Quận 7, Hồ Chí Minh"," Đường Nguyễn Hữu Thọ,  Phường Tân Hưng,  Quận 7,  Hồ Chí Minh",10.74250976,106.7013355
"Quỹ căn ngoại giao (118m2, duplex 145m2) giá tốt nhất siêu hời, quỹ ẩn trực tiếp CĐT, LH 0966 088 ***","9,68 tỷ",118 m²,4,4,"Thanh Xuân, Hà Nội","Viha Complex, số 107, Đường Nguyễn Tuân, Phường Thanh Xuân Trung, Thanh Xuân, Hà Nội",20.9957616,105.8054269
"Chính chủ bán căn góc liền kề 90m2, giá tốt",Giá thỏa thuận,90 m²,4,3,"Hoài Đức, Hà Nội"," Xã An Khánh,  Hoài Đức,  Hà Nội",21.005128,105.73304
"Bán nhà 3PN, 3WC, 100m2 tại Khuê Mỹ,ngay gần Đoàn Khuê+Bùi Tá Hán, Đà Nẵng, giá 6,7 tỷ","6,7 tỷ",100 m²,3,3,"Ngũ Hành Sơn, Đà Nẵng","Phường Khuê Mỹ, Ngũ Hành Sơn, Đà Nẵng",16.0272634,108.2445037
"Chính chủ bán căn góc - 108m2 - 3PN, 2WC, view thoáng full nội thất toà Hà Nội Paragon, giá 6,5 tỷ","6,5 tỷ",108 m²,3,2,"Cầu Giấy, Hà Nội"," Phường Dịch Vọng Hậu,  Cầu Giấy,  Hà Nội",21.0365503,105.7858195
Gia đình em bán căn góc 198m2 3PN+1 - 2WC ban công hướng Nam full nội thất Dolphin Plaza giá 10.6tỷ,"10,6 tỷ",198 m²,3,2,"Nam Từ Liêm, Hà Nội","Dolphin Plaza, Phố Trần Bình, Phường Mỹ Đình 2, Nam Từ Liêm, Hà Nội",21.03066864,105.7763755
"Chính chủ bán CH 78m2 - 2PN ban công Đông Nam, view thoáng full nội thất ở Roman Plaza giá 4,6 tỷ","4,6 tỷ",78 m²,2,2,"Nam Từ Liêm, Hà Nội"," Đường Tố Hữu,  Phường Đại Mỗ,  Nam Từ Liêm,  Hà Nội",20.98516554,105.7758725
"Chính chủ! Bán biệt thự Song lập Swanbay căn góc, vị trí đẹp, sổ hồng cầm tay. LH: 0938 652 ***","22,5 tỷ",323 m²,4,3,"Nhơn Trạch, Đồng Nai","Swan Bay , Đường Quốc Lộ 51, Xã Đại Phước, Huyện Nhơn Trạch, Đồng Nai",10.7355009,106.8171232
"Vốn ban đầu chỉ cần từ 3.9 tỷ/căn shophouse đường 25m, nhà 5 tầng tại Vin 3","10,8 tỷ",75 m²,4,4,"Văn Giang, Hưng Yên"," Xã Nghĩa Trụ,  Văn Giang,  Hưng Yên",20.9298976,105.963275
Nhà 1 trệt 1 lầu đường ô tô phường Phú Thọ- Thủ Dầu Một - Giá 1.99tỷ.,"1,99 tỷ","63,3 m²",2,2,"Thủ Dầu Một, Bình Dương","Đường Lê Hồng Phong, Phường Phú Thọ, Thủ Dầu Một, Bình Dương",10.9495025,106.6645388
"[Slot cuối cùng] Chỉ 3,x tỷ có căn 2PN view pháo hoa tầng cao, Căn hộ cao cấp biển Mỹ Khê Đà Nẵng","3,67 tỷ","82,5 m²",2,2,"Ngũ Hành Sơn, Đà Nẵng","The Sang Residence, Đường Phạm Kiệt, Phường Khuê Mỹ, Ngũ Hành Sơn, Đà Nẵng",16.03851388,108.2475484
"ĐHG chuyên Opal Boulevard đã 4 năm, bán 2PN 75.4m2, 2,75 tỷ có sổ hồng, công chứng ngay 0931 866 ***","2,75 tỷ","75,4 m²",2,2,"Dĩ An, Bình Dương"," Đường Kha Vạn Cân,  Phường An Bình,  Dĩ An,  Bình Dương",10.86919616,106.7632086
"Chính chủ gửi bán CH 97m2 giá 6,2 tỷ (btp) tầng cao, hướng mát sẵn sổ giao dịch ngay cạnh Vinhomes","6,2 tỷ",97 m²,3,2,"Long Biên, Hà Nội","Le Grand Jardin Sài Đồng, Huỳnh Văn Nghệ, Sài Đồng, Long Biên, Hà Nội",21.04065286,105.9088155
"Bán quỹ CH rẻ nhất thị trường DT 133-152-164-191_198m2 Dolphin Plaza, Phố Trần Bình LH: 0906 241 ***","7,5 tỷ",152 m²,3,2,"Nam Từ Liêm, Hà Nội"," Phố Trần Bình,  Phường Mỹ Đình 2,  Nam Từ Liêm,  Hà Nội",21.03066864,105.7763755
"3,4 tỷ giảm còn 3 tỷ 190. Bán gấp căn 64m2 Võ Văn Tần gần chợ Vườn Chuối. Xây 1 trệt 4 lầu, hẻm 6m.","3,19 tỷ",64 m²,5,5,"Quận 3, Hồ Chí Minh","Đường Võ Văn Tần, Phường Võ Thị Sáu, Quận 3, Hồ Chí Minh",10.782932,106.6893481
"Căn Hộ Eco Xuân: Bán 2PN 68m2 - 1,70 tỷ, 3PN 86m2 - 1.9x tỷ, 1PN 47m2 1,2 tỷ Thuận An - Bình Dương","1,7 tỷ",68 m²,2,2,"Thuận An, Bình Dương"," Đường Quốc Lộ 13,  Phường Lái Thiêu,  Thuận An,  Bình Dương",10.8970914,106.7085812
