Tên dự án,Giá,Diện tích,Phòng ngủ,Phòng vệ sinh,Vị trí,Định Vị,Latitude,Longitude,Total_Amenities,Average_Distance_All,Average_Distance_Hospital,Average_Distance_School,Average_Distance_Restaurant,Average_Distance_Attraction,Average_Distance_Public_Transport
"ĐỘC QUYỀN! QUỸ NGOẠI GIAO CĐT MELODY LINH ĐÀM CHỈ 54TR/M2,CHIẾT KHẤU 8%,TẶNG 1 CÂY VÀNG,VIEW HỒ ĐẸP","3,6 tỷ",68 m²,2,2,"Hoàng Mai, Hà Nội"," Đường Bằng Liệt,  Phường Hoàng Liệt,  Hoàng Mai,  Hà Nội",20.966795,105.824457,14,1.2980818601739774,2.0103746751709455,1.7967077696649225,0.9973266987338943,0.0,0.0
"TIN GIÁ THẬT. EM HIỆP CHUYÊN BÁN CĂN HỘ LUMIERE RIVERSIDE, QUẬN 2. ĐÃ CÓ SỔ HỒNG","8,9 tỷ","74,2 m²",2,2,"Quận 2, Hồ Chí Minh"," Đường Võ Nguyên Giáp,  Phường An Phú,  Quận 2,  Hồ Chí Minh",10.7365876,106.7120245,109,1.2267768135034145,1.6867338601728834,1.5161008760853787,1.1590947137101744,1.2486633864966536,0.0
"NHẬN NHÀ Ở HOẶC CHO THUÊ NGAY, CHIẾT KHẤU LÊN ĐẾN 12% GTCH. GIÁ TRỰC TIẾP TỪ CHỦ ĐẦU TƯ PHÚ ĐÔNG","2,72 tỷ","68,2 m²",2,2,"Dĩ An, Bình Dương"," Đường An Bình,  Phường An Bình,  Dĩ An,  Bình Dương",10.87141891,106.7551239,14,1.602902974113977,1.443485626354822,1.4633334758699759,1.7150230413651606,0.0,0.0
"ĐỘC QUYỀN 10 CĂN TẦNG TRUNG VIEW HỒ, STUDIO - 1PN - 2PN-3PN, CHIẾT KHẤU NGAY 18,5% KÝ TRỰC TIẾP CĐT",Giá thỏa thuận,60 m²,2,2,"Đông Anh, Hà Nội"," Xã Đông Hội,  Đông Anh,  Hà Nội",21.13968625,105.8518553,0,0.0,0.0,0.0,0.0,0.0,0.0
"1PN-2PN-3PN VINHOMES Q9 CẮT LỖ 500-1.2 TỶ, CAM KẾT GIÁ RẺ HƠN 100 - 200TR LH 0931 896 *** XEM NHÀ","2,65 tỷ",60 m²,2,2,"Quận 9, Hồ Chí Minh"," Phường Long Thạnh Mỹ,  Quận 9,  Hồ Chí Minh",10.7589554,106.6730492,414,1.6733296695092115,1.1638557778393117,1.5122363127537346,1.7018920440815228,1.9558045877698915,0.0
"(TIN THẬT) CỰC HIẾM, BÁN NHÀ QUẬN TÂN BÌNH, MT 6M, PHÂN LÔ VỈA HÈ, Ô TÔ TRÁNH, KHÔNG LỖI, XÂY CCMN","12,5 tỷ",121 m²,3,3,"Tân Bình, Hồ Chí Minh","Đường Phạm Văn Bạch, Phường 14, Tân Bình, Hồ Chí Minh",10.7937663,106.6419696,81,1.7525734422138068,1.2533904495426806,1.8595640641446511,1.7367870212500558,1.3862091272542418,0.0
"BÁN CĂN 2N2VS 65M2, FULL ĐỒ, HƯỚNG ĐÔNG BẮC MÁT MẺ, GIÁ CHỈ 3.06 TỶ","3,06 tỷ",65 m²,2,2,"Gia Lâm, Hà Nội"," Xã Dương Xá,  Gia Lâm,  Hà Nội",21.0046345,105.970087,3,1.518894384018541,0.0,2.0276790297871825,0.0,0.5013250924812572,0.0
"HOT! TỔNG HỢP RỔ HÀNG CHUYỂN NHƯỢNG SWANBAY MỚI NHẤT T3/2025, NHIỀU CĂN GIÁ TỐT NHẤT, VỊ TRÍ ĐẸP",18 tỷ,320 m²,3,3,"Nhơn Trạch, Đồng Nai"," Xã Đại Phước,  Nhơn Trạch,  Đồng Nai",10.7355009,106.8171232,1,1.883209152020908,0.0,1.883209152020908,0.0,0.0,0.0
"BÁN CĂN HỘ CHUNG CƯ TẠI VINHOMES OCEAN PARK GIA LÂM, 2,48 TỶ, 48M2, HÀNG HIẾM GIÁ SIÊU HỜI","2,48 tỷ",48 m²,1,1,"Gia Lâm, Hà Nội"," Xã Dương Xá,  Gia Lâm,  Hà Nội",21.0046345,105.970087,3,1.518894384018541,0.0,2.0276790297871825,0.0,0.5013250924812572,0.0
"MỞ BÁN PHÂN KHU DIAMOND, TT20% CÒN LẠI GÓP 3 NĂM 0% LS, LH EM ĐỂ CÓ ƯU ĐÃI TỐT NHẤT - 0935 686 ***","4,4 tỷ",85 m²,2,2,"Tân Phú, Hồ Chí Minh"," Đường N1,  Phường Sơn Kỳ,  Tân Phú,  Hồ Chí Minh",10.80369491,106.6148742,26,1.5578229444242742,2.341698012371944,1.5708045028047548,1.4855418853078568,0.0,0.0
"Bán nhanh căn hộ 2 ngủ 71m2 tại chung cư A5 hoac Viện Quân Y, sổ đỏ nhà mới bàn giao giá 4. X tỷ lh","4,1 tỷ",71 m²,2,2,"Hà Đông, Hà Nội"," Phố Phùng Hưng,  Phường Phúc La,  Hà Đông,  Hà Nội",20.9728547,105.7833134,31,1.2259201682711756,1.4787287808788778,1.5710581076534342,0.9832949687378227,1.7421116144053204,0.0
ĐƯỜNG LẠC LONG QUÂN F9 TÂN BÌNH 60M 4TẦNG 9TY2 4PN 3WC,"9,2 tỷ",60 m²,4,4,"Tân Bình, Hồ Chí Minh","Đường Lạc Long Quân, Phường 9, Tân Bình, Hồ Chí Minh",10.77491314,106.6481678,170,1.882347723785949,1.5389126688817476,1.3733582840659078,2.0281500989336054,2.116409564408833,0.0
"Cần bán nhanh nên giảm 111 triệu căn 3PN Tứ Hiệp Plaza, đầy đủ nội thất tâm huyết, sổ đỏ chính chủ",Giá thỏa thuận,84 m²,3,2,"Thanh Trì, Hà Nội","Tứ Hiệp Plaza, Xã Tứ Hiệp, Thanh Trì, Hà Nội",20.95253485,105.8519668,5,1.979322581066294,1.4195764527893793,2.058594519952312,2.3012528926851537,0.0,0.0
"Siêu hiếm chỉ ""95tr/m2""! Bán gấp CHDV 3 tầng 170m2 - Ngang 5m - 21 phòng dòng tiền ""80tr/tháng""","16,3 tỷ",170 m²,21,21,"Bình Thạnh, Hồ Chí Minh","Đường Nguyễn Xí, Phường 26, Bình Thạnh, Hồ Chí Minh",10.81695364,106.7061509,61,1.8198917780107027,0.0,1.9487263500996583,1.7934478957013693,2.319575535782634,0.0
"Bán nhà thổ cư - Hà Đông, Hà Nội 67m2 sổ đỏ giá 8.5 tỷ lh 0878 800 ***","8,5 tỷ","67,7 m²",4,3,"Hà Đông, Hà Nội","Đường Hoàng Văn Thụ, Phường Dương Nội, Hà Đông, Hà Nội",20.9809284,105.74637,8,1.8854121933416568,2.3857294481565297,2.2264994464549757,1.6739438629470504,1.548793753878569,0.0
Chính chủ cần bán gấp villa nghỉ dưỡng Venus Flamingo Đại Lải không qua trung gian 0922 211 ***,"9,5 tỷ",180 m²,4,4,"Phúc Yên, Vĩnh Phúc"," Xã Ngọc Thanh,  Phúc Yên,  Vĩnh Phúc",21.2332705,105.7035505,0,0.0,0.0,0.0,0.0,0.0,0.0
"Bán Nhà đẹp 1 trệt 2 lầu, ngay đường Nguyễn Ái Quốc, Tân Hiệp - vị trí kinh doanh - Giảm sâu","5,3 tỷ",68 m²,3,3,"Biên Hòa, Đồng Nai","Đường Nguyễn Ái Quốc, Phường Tân Hiệp, Biên Hòa, Đồng Nai",10.96737482,106.8564429,2,1.4360624591480473,0.0,0.0,1.4360624591480473,0.0,0.0
Không ở tôi bán căn hộ chung cư Berriver No2 3PN+2WC 113m2 giá 8 tỷ bao thuế phí có thương lượng.,8 tỷ,113 m²,3,2,"Long Biên, Hà Nội","Berriver Jardin Long Biên, Nguyễn Văn Cừ, Bồ Đề, Long Biên, Hà Nội",21.04122651,105.8694521,421,2.0417735750364843,1.6642330133550127,1.4841009089918726,2.051790666891604,2.083755742982726,0.0
"Bán NR 3PN, 3WC tại Nguyễn Súy, Tân Quý, Tân Phú, 52m2",Giá thỏa thuận,52 m²,3,3,"Tân Phú, Hồ Chí Minh","Đường Nguyễn Súy, Phường Tân Quý, Tân Phú, Hồ Chí Minh",10.79295816,106.6225122,43,1.7408436406143923,2.225402017055301,1.9066670290899437,1.6064167723126284,1.3632822425541054,0.0
"Căn hộ 2PN The Beverly Solari Vinhomes Grand Park giá 2,9 tỷ thanh toán dài hạn 2 đến 3 năm","2,9 tỷ",59 m²,2,2,"Quận 9, Hồ Chí Minh"," Phường Long Bình,  Quận 9,  Hồ Chí Minh",10.7589554,106.6730492,414,1.6733296695092115,1.1638557778393117,1.5122363127537346,1.7018920440815228,1.9558045877698915,0.0
"Nhà mới đường 28A phường Bình Trị Đông B - khu Tên Lửa cạnh siêu thị Coopmart đường 19 - 4,5m x 20m","12,5 tỷ",90 m²,5,5,"Bình Tân, Hồ Chí Minh","Đường 28A, Phường Bình Trị Đông B, Bình Tân, Hồ Chí Minh",10.75425635,106.614243,56,1.4345287880944368,1.2091806614141787,1.8898912722966883,1.3285220189580593,0.0,0.0
"Căn hộ The Beverly Solari giá 1,862 tỷ thanh toán dài hạn 2 đến 3 năm ưu đãi lãi suất lên đến 2 năm","1,86 tỷ",30 m²,1,1,"Quận 9, Hồ Chí Minh"," Phường Long Thạnh Mỹ,  Quận 9,  Hồ Chí Minh",10.7589554,106.6730492,414,1.6733296695092115,1.1638557778393117,1.5122363127537346,1.7018920440815228,1.9558045877698915,0.0
"Bán Nhà 5 Tầng THANG MÁY, Ô TÔ TRÁNH - 37m, khu giãn dân Mỗ Lao, Hà Đông, Chính Chủ - Chỉ hơn 9 Tỷ",9 tỷ,37 m²,3,4,"Hà Đông, Hà Nội","Mỗ Lao, Đường Vũ Trọng Khánh, Phường Mỗ Lao, Hà Đông, Hà Nội",20.9821715,105.7842539,32,1.5678301750677546,1.5468325431351557,1.9060471647189758,1.5147334918128788,1.0967637348270365,0.0
"Bán căn hộ Vinhomes Grand Park 2 phòng ngủ, 2 toilet giá chỉ 2 tỷ 650 sẵn sổ hồng công chứng ngay","2,65 tỷ",67 m²,2,2,"Quận 9, Hồ Chí Minh"," Đường Nguyễn Xiển,  Phường Long Thạnh Mỹ,  Quận 9,  Hồ Chí Minh",10.7589554,106.6730492,414,1.6733296695092115,1.1638557778393117,1.5122363127537346,1.7018920440815228,1.9558045877698915,0.0
"BÁN NHÀ MỚI 7 tầng HOÀNG CẦU 15,5tỷ * DT 50m2* MT 4,1m* Nở Hậu - thang máy - Full nội thất",15 tỷ,50 m²,3,3,"Đống Đa, Hà Nội","Phường Ô Chợ Dừa, Đống Đa, Hà Nội",21.0213924,105.8250224,382,1.7697624128012612,1.5632281438590738,1.6400406405613281,1.7090203652826486,2.2354993953235422,0.0
Nhà 1 trệt 1 lầu 64m . Kdc Lê phong tân bình dĩ an,"3,2 tỷ",64 m²,3,2,"Dĩ An, Bình Dương","Đường Lê Hồng Phong, Phường Tân Bình, Dĩ An, Bình Dương",10.9367255,106.762126,0,0.0,0.0,0.0,0.0,0.0,0.0
Cắt lỗ 800 triệu căn hộ góc 2 phòng ngủ cộng 1 phòng plus origami có nội thất giá chỉ 3tỷ2,"3,2 tỷ",70 m²,3,2,"Quận 9, Hồ Chí Minh"," Đường Phước Thiện,  Phường Long Bình,  Quận 9,  Hồ Chí Minh",10.7589554,106.6730492,414,1.6733296695092115,1.1638557778393117,1.5122363127537346,1.7018920440815228,1.9558045877698915,0.0
"Nhà đường 27 khu Tên Lửa - Bình Tân, cạnh nhà có 2 công viên lớn - diện tích: 4mx20m xây 3,5 lầu","9,6 tỷ",80 m²,4,5,"Bình Tân, Hồ Chí Minh","Đường 27, Phường Bình Trị Đông B, Bình Tân, Hồ Chí Minh",10.7504813,106.6128383,54,1.1931448564822587,0.7981329903057903,1.9821832449823011,1.046369931734643,0.0,0.0
"Bán nhà 65 Mậu Thân , TP Phan Thiết, sát siêu thị Coop Mart 88m2 = 5,8 tỷ . Cách Biển 1km","5,8 tỷ",88 m²,1,1,"Phan Thiết, Bình Thuận","65 Đường Mậu Thân, Phường Bình Hưng, Phan Thiết, Bình Thuận",10.9284228,108.1054967,38,1.1324718753958134,0.9392128425138613,1.55519970708069,1.0254967115488447,0.0,0.0
Nhà bán 1 lầu ngay chợ 640tr bao sang tên,640 triệu,20 m²,2,1,"Quận 12, Hồ Chí Minh","Đường Tô Ngọc Vân, Phường Thạnh Xuân, Quận 12, Hồ Chí Minh",10.86530336,106.6746732,16,1.8086889790653968,1.9622793021096232,1.7474886309911821,1.9003716106049815,0.0,0.0
"Cắt lỗ căn 1PN + 1 phân khu The Beverly Solari giá chỉ 2,350tỷ hỗ trợ vay ngân hàng 60% - 70%","2,35 tỷ","43,09 m²",1,1,"Quận 9, Hồ Chí Minh"," Phường Long Bình,  Quận 9,  Hồ Chí Minh",10.7589554,106.6730492,414,1.6733296695092115,1.1638557778393117,1.5122363127537346,1.7018920440815228,1.9558045877698915,0.0
"HOT! BÁN CĂN SIÊU PHẨM GIÁ CỰC TỐT CHỈ 3TỶ250 (TL)/51.7m2 - NGAY NGUYỄN CÔNG HOAN, P7, PHÚ NHUẬN","3,25 tỷ",52 m²,4,3,"Phú Nhuận, Hồ Chí Minh","Nguyễn Công Hoan, Phường 7, Phú Nhuận",10.79847715,106.6904929,405,1.6592194198652965,1.6287459244723086,1.662561070121533,1.654554846406448,1.9014380686883208,0.0
"Giảm 300 triệu bán gấp nhà 2 mặt tiền đường Sương Nguyệt Ánh, 4x17, hoàn thiện mới 100% có nội thât","1,89 tỷ",100 m²,2,2,"Rạch Giá, Kiên Giang","Đường Sương Nguyệt Ánh, Phường Vĩnh Lạc, Rạch Giá, Kiên Giang",9.9931437,105.0931342,12,1.9366505773047684,0.0,0.0,2.063983999520131,0.5359829329357793,0.0
"Chính chủ bán nhà phố Trung Kính, Cầu Giấy","8,2 tỷ",45 m²,9,9,"Cầu Giấy, Hà Nội","Ngõ 43, Phố Trung Kính, Phường Trung Hòa, Cầu Giấy, Hà Nội",21.01665806,105.7939798,198,1.672284485098851,2.0115181097961714,1.7972808531444673,1.572294333415462,1.9843607676346953,0.0
Hạ Giá Cần Bán Gấp Nhà Mặt Tiền Đường Lũy Bán Bích Q.TP DT 18x30m trệt 3 lầu HĐT 220tr giá 60 tỷ,60 tỷ,540 m²,20,20,"Tân Phú, Hồ Chí Minh","Đường Lũy Bán Bích, Phường Tân Thành, Tân Phú, Hồ Chí Minh",10.78945323,106.6381594,71,1.7058063407329485,1.7107400353479736,1.875313905796757,1.5971549517399726,1.3896762787836527,0.0
"Bán nhà tiện CHDV 12x23m (240m2) hẻm 8m Xô Viết Nghệ Tĩnh, GPXD hầm trệt 5L sân thượng, giá 20.9 tỷ","20,9 tỷ",240 m²,3,4,"Bình Thạnh, Hồ Chí Minh","Đường Xô Viết Nghệ Tĩnh, Phường 25, Bình Thạnh, Hồ Chí Minh",10.80633469,106.7115558,162,1.8983560598303884,2.484637089072062,1.8285791295359695,1.9009714256590948,1.8587634915972946,0.0
"Bán căn hộ 2PN 2WC chung cư Swanlake The Onsen Ecopark. 72m2 view hồ sân golf tòa R2 giá 5,1 tỷ","5,1 tỷ",72 m²,2,2,"Văn Giang, Hưng Yên"," Xã Xuân Quan,  Văn Giang,  Hưng Yên",20.9577012,105.9161321,2,1.9865893852096135,0.0,0.0,1.9865893852096135,0.0,0.0
"Bán nhà 7tầng,phố Trạm,60m,thang máy,gara 2 ô tô,kinh doanh đa dạng,nội thất sang sịn,16xty","16,8 tỷ",60 m²,4,7,"Long Biên, Hà Nội","Đường Phố Trạm, Phường Long Biên, Long Biên, Hà Nội",21.0209967,105.8862185,12,1.7578726083657266,0.0,0.0,1.7578726083657266,0.0,0.0
"Bán nhà Trần Thái Tông, Nhà mới - Full nội thất, 5T - Hiện Đại, Giá: 6 tỷ",6 tỷ,30 m²,3,4,"Cầu Giấy, Hà Nội","Đường Trần Thái Tông, Phường Dịch Vọng Hậu, Cầu Giấy, Hà Nội",21.0365503,105.7858195,209,1.4807988204804365,1.8622805902899142,1.7312761798467937,1.2906149298151541,2.1332213266587234,0.0
"Bán nhà rẻ nhất KV Yên Nghĩa, chỉ 3.25 tỷ sở hữu căn 4 tầng, 32m2 ngõ thông ô tô đỗ cửa. 0966 929 ***","3,25 tỷ",32 m²,4,4,"Hà Đông, Hà Nội","Phường Yên Nghĩa, Hà Đông, Hà Nội",20.951446,105.7351127,2,1.9697079233112464,0.0,0.0,1.9697079233112464,0.0,0.0
"Tôi bán gấp: Căn 4T, DT: 109M2, MT:7M.Đ/C: KĐT Đặng Xá, Gia Lâm, HN. Cho thuê dòng tiền ổn định .",14 tỷ,109 m²,5,5,"Gia Lâm, Hà Nội"," Đường Nguyễn Đức Thuận,  Xã Đặng Xá,  Gia Lâm,  Hà Nội",21.01193795,105.9511607,10,2.0656240284074228,0.0,1.550783310516024,2.1967121093832516,2.177688897359422,0.0
"Chính chủ cần chuyển đổi căn rộng hơn nên bán gấp căn 2PN1VS giá 3,62 tỷ full nội thất mơi cao cấp","3,62 tỷ","55,2 m²",2,1,"Nam Từ Liêm, Hà Nội"," Đường Đại lộ Thăng Long,  Phường Tây Mỗ,  Nam Từ Liêm,  Hà Nội",21.0090956,105.7462871,9,1.5048005805010258,0.8027841397559079,1.3689417339061958,1.9582252738645058,1.956135921685312,0.0
"Hiếm! Chỉ 8,8 tỷ sở hữu ngay căn 4PN + 3VS, DT: 129,4m2 BC: ĐN, rẻ nhất dự án Vinhomes West Point","8,8 tỷ","129,4 m²",4,3,"Nam Từ Liêm, Hà Nội"," Đường Phạm Hùng,  Phường Mễ Trì,  Nam Từ Liêm,  Hà Nội",21.01417304,105.784808,100,1.722849379447433,0.0,2.1327294739453024,1.7012767428949138,0.0,0.0
"Chỉ với 7,95 tỷ có ngay nhà dòng tiền 35tr/tháng ở Trịnh Văn Bô, Nam Từ Liêm; DT 54m2 x 4 tầng","7,95 tỷ",54 m²,9,9,"Nam Từ Liêm, Hà Nội","Đường Trịnh Văn Bô, Phường Phương Canh, Nam Từ Liêm, Hà Nội",21.0420791,105.7313997,18,1.4202388852887244,1.6631757558655251,1.4848885536594552,1.3954231381341737,0.0,0.0
"Chính chủ bán căn studio tòa G3 Vinhomes Green Bay Mễ Trì - Giá 1,75 tỷ view siêu đẹp - 0974 121 ***","1,75 tỷ","28,2 m²",1,1,"Nam Từ Liêm, Hà Nội"," Đường Đại lộ Thăng Long,  Phường Mễ Trì,  Nam Từ Liêm,  Hà Nội",21.01930277,105.78074,114,1.8632097795399378,1.8452307364957885,2.494613448532542,1.8577327739511127,0.0,0.0
Quỹ căn Hoàng Thành Pearl giá từ 6 tỷ sở hữu 2-3PN DT 80m2-108m2-114m2 full đồ LH 0983 051 ***,6 tỷ,80 m²,2,2,"Nam Từ Liêm, Hà Nội","Hoàng Thành Pearl, Nguyễn Văn Giáp, Cầu Diễn, Nam Từ Liêm, Hà Nội",21.02369542,105.7552656,16,2.012365795154671,2.1756491925642103,2.3403090112802447,1.9231769946306954,0.0,0.0
The Pride quỹ căn 2PN DT 70 - 73 - 75m2 giá cực tốt full NT sổ đỏ liên hệ Đăng 0983 051 ***,"3,6 tỷ",73 m²,2,2,"Hà Đông, Hà Nội"," Đường Tố Hữu,  Phường La Khê,  Hà Đông,  Hà Nội",20.9696783,105.7601018,18,1.813510386072669,1.9198744104414227,0.0,1.799015280499752,1.818208920928921,0.0
"Rẻ nhất Văn Phú! Lô góc 130m nhỉnh 36 Tỷ, 2 mặt phố, trục chính Lacasta, KD đỉnh, Mở cửa đếm tiền",Giá thỏa thuận,130 m²,4,4,"Hà Đông, Hà Nội","Khu đô thị mới Văn Phú, Lê Trọng Tấn, Phú La, Hà Đông, Hà Nội",20.9580348,105.7641533,15,1.7558260318761236,1.8820871344087777,0.0,1.6938339210532918,2.4354623700402795,0.0
"Siêu hiếm !!!! Nhà NGUYỄN SƠN , LONG BIÊN - KINH DOANH - VĂN PHÒNG. LÔ GÓC - ÔTÔ TRÁNH. GIÁ 19X TỶ","19,45 tỷ",74 m²,4,4,"Long Biên, Hà Nội","Đường Nguyễn Sơn, Phường Gia Thụy, Long Biên, Hà Nội",21.04544016,105.8810842,31,1.4090008277507158,1.6612447009665452,1.3673210562239764,1.373314304710895,1.9217154718947997,0.0
Càn bán căn 1 ngủ toà B westbay tầng cao view thoáng giá 2.180 tỷ bao phí Lh 0961 694 ***,"2,18 tỷ",45 m²,1,1,"Văn Giang, Hưng Yên","Westbay Sky Residences - Ecopark , Xã Phụng Công, Văn Giang, Hưng Yên",20.9478817,105.9237285,1,1.0755036058198493,0.0,0.0,1.0755036058198493,0.0,0.0
Căn Hộ Cao Cấp Masteri Grand View Quận 2 Mặt Tiền Liên Phường 3PN 2WC Góc 2 Mặt Tiền View Đẹp,"11,18 tỷ","113,5 m²",3,2,"Quận 2, Hồ Chí Minh","Masteri Grand View, Liên Phường, An Phú, Quận 2, Hồ Chí Minh",10.795478,106.7365254,134,1.50866230411857,0.37375579876362613,1.2375850546896163,1.5466215891554043,1.7530381281439127,0.0
"Bán nhà khu giãn dân Mỗ Lao, Hà Đông, diện tích 45m2, 4 tầng, hơn 7 tỷ, cách ô tô tránh 20m",Giá thỏa thuận,45 m²,3,3,"Hà Đông, Hà Nội","Đường Vũ Trọng Khánh, Phường Mỗ Lao, Hà Đông, Hà Nội",20.9821715,105.7842539,32,1.5678301750677546,1.5468325431351557,1.9060471647189758,1.5147334918128788,1.0967637348270365,0.0
"Bán nhà 3 tầng mặt tiền kinh doanh đường 2/4, P vĩnh Phước. Thuận tiện vừa kinh doanh buôn bán","7,8 tỷ","58,5 m²",3,3,"Nha Trang, Khánh Hòa","Đường 2/4, Phường Vĩnh Phước, Nha Trang, Khánh Hòa",12.27059546,109.1975539,69,1.4514500110479935,2.279117287149379,1.9529055912489524,1.4445001882536626,0.7585551222149314,0.0
"Bán nhà 4 tầng vị trí kim cương Đường Thanh Bình, Mỗ Lao - Hà Đông","12,5 tỷ",32 m²,3,4,"Hà Đông, Hà Nội","Đường Thanh Bình, Phường Mỗ Lao, Hà Đông, Hà Nội",20.98078611,105.7788172,29,1.5229251991904393,1.3902599545633703,2.027160017871106,1.4991735323221997,0.5116802403408434,0.0
"KĐG Ngô Thì Nhậm, Hà Đông 46m 5 tầng thang máy, Ô tô vào nhà Giá hơn 11 tỷ","11,29 tỷ",46 m²,6,4,"Hà Đông, Hà Nội","Đường Ngô Thì Nhậm, Phường Hà Cầu, Hà Đông, Hà Nội",20.9649387,105.7782818,29,1.2605090794313987,1.0330918693586435,1.6966085832945934,1.1092706178514806,1.654482537170208,0.0
"Chính chủ cần bán nhà phố Ngô Thì Nhậm, Hà Đông, DT 45m2, 4 tầng, ô tô, nhỉnh 8 tỷ",8 tỷ,45 m²,4,3,"Hà Đông, Hà Nội","Đường Ngô Thì Nhậm, Phường Hà Cầu, Hà Đông, Hà Nội",20.9649387,105.7782818,29,1.2605090794313987,1.0330918693586435,1.6966085832945934,1.1092706178514806,1.654482537170208,0.0
"Bán nhà MT Trần Quang Khải (4,6mx34m, 130m2), C4 giá 41 tỷ TL",41 tỷ,130 m²,1,1,"Quận 1, Hồ Chí Minh","Đường Trần Quang Khải, Phường Tân Định, Quận 1, Hồ Chí Minh",10.79154216,106.6891095,666,1.6863587223789809,1.8079987300931184,1.6437036746643352,1.6822996572972675,1.8831058578995028,0.0
"Mặt phố chính Văn Phú, 79m2x5T nhỉnh 21 Tỷ, Hàng xóm La Casta, View CV, KD 24/7, Xe tải tránh",Giá thỏa thuận,79 m²,5,5,"Hà Đông, Hà Nội"," Phường Phú La,  Hà Đông,  Hà Nội",20.9580348,105.7641533,15,1.7558260318761236,1.8820871344087777,0.0,1.6938339210532918,2.4354623700402795,0.0
+ Bán nhà 6.2m2-3 tầng-CMT8 P13Q10--1.25 tỷ,"1,25 tỷ",6 m²,2,1,"Quận 10, Hồ Chí Minh","Đường Cách Mạng Tháng Tám, Phường 13, Quận 10, Hồ Chí Minh",10.7793424,106.6706065,485,1.7066978542807194,1.8623545352492177,1.6927927787710115,1.7054526725261783,1.6224249753962552,0.0
"Chính chủ gửi bán nhà khu lk Ngô Thì Nhậm, Hà Đông 51m2 ô tô vào nhà, 2 mặt thoáng chỉ hơn 9 tỷ","9,95 tỷ",51 m²,3,2,"Hà Đông, Hà Nội","Đường Ngô Thì Nhậm, Phường Hà Cầu, Hà Đông, Hà Nội",20.9649387,105.7782818,29,1.2605090794313987,1.0330918693586435,1.6966085832945934,1.1092706178514806,1.654482537170208,0.0
Em sẵn mấy lô kiot cần bán và cho thuê HH Linh Đàm giá trị ròng tiền cao Hoàng Liệt,16 tỷ,86 m²,1,1,"Hoàng Mai, Hà Nội","HH1 Linh Đàm, Linh Đường, Hoàng Liệt, Hoàng Mai, Hà Nội",20.95974673,105.8326955,11,1.1578711280520388,0.8509377898315337,1.2900370228688092,1.1450762214477805,0.0,0.0
"Bán nhà gần phố Lê Trọng Tấn, Hà Đông, 50m2, 4 tầng, ô tô đỗ cổng, ngõ thông, giá hơn 6 tỷ","6,29 tỷ",50 m²,4,3,"Hà Đông, Hà Nội","Đường Lê Trọng Tấn, Phường La Khê, Hà Đông, Hà Nội",20.96415289,105.7616362,16,1.6742901925491975,2.0019599436855566,0.0,1.5878090197229338,2.1432059370179073,0.0
"Bán ngộp nhà phố 6x20m tặng nội thất 1,3 tỷ Novaworld Phan Thiết. Giá 4, xtỷ, chìa khóa trao tay",Giá thỏa thuận,120 m²,2,3,"Phan Thiết, Bình Thuận"," Đường Lạc Long Quân,  Xã Tiến Thành,  Phan Thiết,  Bình Thuận",10.8392254,108.0394437,1,1.4620302581851152,0.0,0.0,0.0,1.4620302581851152,0.0
Tin chuẩn T2/2025 - duplex tầng Sky Garden - DT 217m2 - full - Sẵn giá 16 tỷ - HĐT 50tr/tháng,16 tỷ,217 m²,4,3,"Quận 2, Hồ Chí Minh"," Đường Phan Văn Đáng,  Phường Thạnh Mỹ Lợi,  Quận 2,  Hồ Chí Minh",10.77073175,106.7702559,52,1.9204651183252988,1.5456194481213348,1.4996857871519176,2.02051854670775,0.9384686862975025,0.0
"Tin chuẩn 100% - 3 phòng ngủ DT lớn 171m2 - Giá 15,5 tỷ - View trực diện hồ bơi - Tầng cao","15,5 tỷ",171 m²,3,4,"Quận 2, Hồ Chí Minh"," Đường Xa Lộ Hà Nội,  Phường An Phú,  Quận 2,  Hồ Chí Minh",10.7365876,106.7120245,109,1.2267768135034145,1.6867338601728834,1.5161008760853787,1.1590947137101744,1.2486633864966536,0.0
Cần bán căn 1 ngủ toà B westbay giá 2.18 tỷ bao phí full đồ Lh 0961 694 ***,"2,18 tỷ",45 m²,1,1,"Văn Giang, Hưng Yên","Westbay Sky Residences - Ecopark , Xã Phụng Công, Huyện Văn Giang, Hưng Yên",20.9478817,105.9237285,1,1.0755036058198493,0.0,0.0,1.0755036058198493,0.0,0.0
"Cần Bán gấp căn BT Sun Feria Hạ Long DT 406m2 giá chỉ 90 tr/m2 bao rẻ NHẤT TT ,Cách mặt biển 150m",38 tỷ,406 m²,7,8,"Hạ Long, Quảng Ninh"," Thành phố Hạ Long,  Quảng Ninh",20.9528365,107.0800003,8,1.0186322307683071,0.0,0.0,1.0862284950551966,0.5454583807600812,0.0
Mở bán đợt 1 chỉ 2 tỷ 4 sở hữu ngay căn 3N cao cấp Kepler Tower - bàn giao full nội thất nhập khẩu,"8,03 tỷ",103 m²,3,2,"Hà Đông, Hà Nội","Tháp đôi Kepler Land, Đường Vũ Trọng Khánh, Phường Mỗ Lao, Hà Đông, Hà Nội",20.9821715,105.7842539,32,1.5678301750677546,1.5468325431351557,1.9060471647189758,1.5147334918128788,1.0967637348270365,0.0
"Mặt tiền Phan Văn Hớn, P. Tân Thới Nhất chỉ 11.5 tỉ","11,5 tỷ",72 m²,4,5,"Quận 12, Hồ Chí Minh","Đường Phan Văn Hớn, Phường Tân Thới Nhất, Quận 12, Hồ Chí Minh",10.82831212,106.6200455,28,1.6626539234975888,0.4279744098949528,1.6699430015465668,1.77373044217459,0.0,0.0
"Thanh lý gấp nhà Phan Văn Hân, p.17, Bình Thạnh. Giá 3,56 tỷ, DT 60m2, LH Như 0766 372 ***, đường 5m","3,56 tỷ",60 m²,4,4,"Bình Thạnh, Hồ Chí Minh","Đường Phan Văn Hân, Phường 17, Bình Thạnh, Hồ Chí Minh",10.79427542,106.7036204,536,1.6922639337849468,1.6192969113196753,1.5377114314328166,1.7031147467202914,1.5168132669756118,0.0
"Bán nhà chung cư mini Phùng Khoang 68m2, 7T 16 phòng, full nội thất, lô góc HĐ 80tr/tháng giá 13 tỷ",13 tỷ,68 m²,16,16,"Nam Từ Liêm, Hà Nội","Đường Phùng Khoang, Phường Trung Văn, Nam Từ Liêm, Hà Nội",20.98866422,105.7904083,39,1.8449936164991065,1.26103880620995,1.913639368181289,1.909012671325305,1.9764048124290712,0.0
"Bán nhà riêng tại An Hoà, Biên Hoà, Đồng Nai. Số nhà 580/15/3/14C Nguyễn Văn Tỏ; Sổ hồng chính chủ.","2,25 tỷ",70 m²,3,4,"Biên Hòa, Đồng Nai","Phường An Hòa, Biên Hòa, Đồng Nai",10.889287,106.8625513,2,0.3105373868815496,0.11277161515319109,0.508303158609908,0.0,0.0,0.0
Căn nhà ngay mặt tiền Tân Thới Nhất 05 chỉ 3.500 tỷ,"3,5 tỷ",64 m²,3,3,"Quận 12, Hồ Chí Minh","Đường Tân Thới Nhất 5, Phường Tân Thới Nhất, Quận 12, Hồ Chí Minh",10.82890563,106.6138427,25,1.680813747458175,0.9303550263084825,1.476975374889585,1.970449817766984,2.184810608911436,0.0
"Bán biệt thự tại Lộc Ninh Singashine, 8,45 tỷ, 67,5m2, 5PN, 4WC","8,45 tỷ","67,5 m²",5,4,"Chương Mỹ, Hà Nội","Lộc Ninh Singashine, Đường Quốc lộ 6, Thị trấn Chúc Sơn, Chương Mỹ, Hà Nội",20.9330812,105.7208171,1,2.0659954559753144,2.0659954559753144,0.0,0.0,0.0,0.0
"Mặt tiền kinh doanh ngay TÂN THỚI NHẤT 17, kinh doanh đa ngành, đúc 4 lầu 4x19m, 10,5 tỷ","10,5 tỷ",75 m²,4,5,"Quận 12, Hồ Chí Minh","Đường Dương Thị Giang, Phường Tân Thới Nhất, Quận 12, Hồ Chí Minh",10.8225508,106.6199272,30,1.7274006463508018,1.0414218671382995,1.7037616942398683,1.8284442751880123,0.0,0.0
"Bán tòa CHDV Nguyễn Văn Lượng, 35 phòng 10x20m 1T4L, doanh thu 140tr/thg, gần Lotte GV, giá 22.5 tỷ","22,5 tỷ",200 m²,35,35,"Gò Vấp, Hồ Chí Minh","Đường Nguyễn Văn Lượng, Phường 17, Gò Vấp, Hồ Chí Minh",10.83862235,106.6726579,33,1.623542859758577,1.2136535013473437,1.7095850480241845,1.5556077420685253,1.9837385831821945,0.0
"VIP TX43 - nhà sổ hồng- 2mt trước sau- 5,45x7,5=41m2 - 5 phòng - đường thông 7m-3,68 tỷ","3,68 tỷ",41 m²,5,5,"Quận 12, Hồ Chí Minh","Đường Thạnh Xuân 43, Phường Thạnh Xuân, Quận 12, Hồ Chí Minh",10.88984714,106.6748567,3,2.035684214831239,0.0,1.8248721014732419,2.457308441547233,0.0,0.0
Chính chủ cần bán căn hộ Vinhomes Ocean Park Đa Tốn Gia Lâm 43m2 1PN + Thoáng mát,"2,3 tỷ",43 m²,2,1,"Gia Lâm, Hà Nội"," Xã Đa Tốn,  Gia Lâm,  Hà Nội",20.9862042,105.930004,11,1.868597715768532,0.0,0.0,1.806234914372893,2.4922257297249213,0.0
"Bán nhà gần cầu Sắt cách Gò Vấp 1km, 56m2 - 2,4 tỷ. Vườn Lài, An Phú Đông, Quận 12. LH 0765 369 ***",Giá thỏa thuận,56 m²,4,4,"Quận 12, Hồ Chí Minh","Đường Vườn Lài, Phường An Phú Đông, Quận 12, Hồ Chí Minh",10.85476746,106.6927469,12,1.5805799441834365,1.7461661570422227,1.268207582004798,1.8132925438558376,0.0,0.0
"Nhà siêu rẻ Tân Xuân Hóc Môn ngay thị trấn 5x17 hẻm ô tô, sổ hồng riêng giá 2,78tỷ thương lượng","2,78 tỷ",72 m²,2,1,"Hóc Môn, Hồ Chí Minh","Đường 2, Xã Tân Xuân, Hóc Môn, Hồ Chí Minh",10.88119541,106.5967076,14,1.5614722563788508,0.0,1.6778313217739849,1.4451131909837174,0.0,0.0
"Nhà phố Verosa Park full nội thất. DT 6x20m, sổ hồng sẵn, xây 1 trệt 2 lầu nội thất cao cấp, 18tỷ",18 tỷ,120 m²,4,3,"Quận 9, Hồ Chí Minh"," Đường Liên Phường,  Phường Phú Hữu,  Quận 9,  Hồ Chí Minh",10.7608529,106.7012374,672,1.5588085420078872,1.7017116046133844,1.7689828113224844,1.5499185042159618,1.6720440661285272,0.0
Bán biệt thự vip khu Q - View sân golf Ciputra Hà Nội - DT 428m2 hướng Đông Bắc. LH: 0922 969 ***,Giá thỏa thuận,428 m²,5,4,"Tây Hồ, Hà Nội"," Đường Lạc Long Quân,  Phường Phú Thượng,  Tây Hồ,  Hà Nội",21.07332352,105.8127116,86,1.518700141598,0.0,1.1529870509292899,1.523578855825645,1.8778447878282851,0.0
"Siêu phẩm nhà đẹp 50m2 đường Đặng Thuỳ Trâm, Bình Thạnh. Giá chỉ 2tỷ590. Sát bên ĐH Văn Lang","2,59 tỷ",50 m²,4,4,"Bình Thạnh, Hồ Chí Minh","Đường Đặng Thùy Trâm, Phường 13, Bình Thạnh, Hồ Chí Minh",10.83108614,106.7020588,37,1.7477694708281488,0.0,1.8624400655807514,1.71613620331019,0.0,0.0
"Bán nhà 86m sổ, xây 6 tầng, Full diện tích, có 12 phòng cho thuê, giá đầu tư, nhanh mới còn","16,5 tỷ",86 m²,12,12,"Thanh Xuân, Hà Nội","Phố Hạ Đình, Phường Hạ Đình, Thanh Xuân, Hà Nội",20.99074734,105.8069282,53,1.6920263437322514,1.3736943804262083,1.8987390246873976,1.6691653710092915,0.0,0.0
"Siêu phẩm nhà ngộp đ.Minh Phụng, p.9, Quận 11. Giá 3,23 tỷ, DT 56m2, LH Như 0766 372 ***, hẻm rộng","3,23 tỷ",56 m²,4,4,"Quận 11, Hồ Chí Minh","Đường Minh Phụng, Phường 9, Quận 11, Hồ Chí Minh",10.7704304,106.650936,194,1.810004747123705,1.7601026823573496,1.4460197177749927,1.9114245813231134,0.0,0.0
"Nhà ngộp chính chủ bán Đ. Trương Quốc Dung, P10, Phú Nhuận 35m2 hẻm ba giác, sổ riêng",Giá thỏa thuận,35 m²,2,2,"Phú Nhuận, Hồ Chí Minh","Đường Trương Quốc Dung, Phường 10, Phú Nhuận, Hồ Chí Minh",10.79474408,106.6728401,320,1.595746499470613,0.9878438966813299,1.3567638531595376,1.6301951272974273,2.034004225647481,0.0
Quỹ căn hộ khoáng nóng bao nội thất chưa tới 1 tỷ. view Sông Đà. làm việc trực tiếp chủ nhà,950 triệu,"32,4 m²",1,1,"Thanh Thủy, Phú Thọ"," Xã Bảo Yên,  Thanh Thủy,  Phú Thọ",21.123781,105.287858,0,0.0,0.0,0.0,0.0,0.0,0.0
Biệt thự đơn lập DT 460m2 full nội thất cao cấp đẹp nhất dự án Hồ cá koi DT sàn 450m2 giá 53.5 tỷ,"53,5 tỷ",460 m²,4,4,"Quận 9, Hồ Chí Minh"," Đường D3,  Phường Phước Long B,  Quận 9,  Hồ Chí Minh",10.8063168,106.7784645,5,2.1800582454540534,0.0,2.154343557290483,2.2186302776994085,0.0,0.0
"Đừng bỏ lỡ biệt thự An Lạc có hầm siêu lớn 122m2. DT đất 193m2, xây sẵn 4 tầng phong cách Châu Âu",Giá thỏa thuận,193 m²,4,5,"Hoài Đức, Hà Nội","An Lạc Green Symphony, Vân Canh, Hoài Đức, Hà Nội",21.02468975,105.7301004,1,2.4568057294568746,2.4568057294568746,0.0,0.0,0.0,0.0
"Chính chủ: Bán nhà 4 tầng - xã Tứ Hiệp - Thanh Trì MT 4.15m - DT 41,5m2 - giá 5. 5 tỷ","5,5 tỷ","41,5 m²",4,3,"Thanh Trì, Hà Nội","Xã Tứ Hiệp, Thanh Trì, Hà Nội",20.9464541,105.8553648,3,1.9162763703791257,1.9643358483144437,1.8201574145084898,0.0,0.0,0.0
"Cần bán gấp nhà riêng 50m2, Nam Kỳ Khởi Nghĩa, Phường 7, Quận 3, HCM - Giá 2tỷ050 (không TL)","2,05 tỷ",50 m²,3,2,"Quận 3, Hồ Chí Minh","Đường Nam Kỳ Khởi Nghĩa, Phường Võ Thị Sáu, Quận 3, Hồ Chí Minh",10.7824775,106.6918757,931,1.4612004459631178,1.534762930329082,1.6796216099530976,1.451912337772365,1.5092535118952894,0.0
"Bán gấp căn góc 2 ngủ 76m2, sẵn sổ hồng lâu dài, mua bán chính chủ giá thương lượng LH 0968 602 ***",Giá thỏa thuận,76 m²,2,2,"Hai Bà Trưng, Hà Nội","Chung cư 536A Minh Khai, số 536A, Đường Minh Khai, Phường Vĩnh Tuy, Hai Bà Trưng, Hà Nội",20.99496378,105.8675578,31,1.708074408433184,0.0,1.2127810898923164,1.7838861069068548,1.7181435222812071,0.0
"Bán căn hộ biển 5 tầng thang máy đường Thạch Lam, Q.Sơn Trà, dòng tiền 50tr/th.",12 tỷ,81 m²,7,7,"Sơn Trà, Đà Nẵng","Phố Thạch Lam, Phường Phước Mỹ, Sơn Trà, Đà Nẵng",16.066197,108.2440692,320,1.6112529487998217,1.7837312140248565,1.6858720043031006,1.5987717435573174,1.8925741035249206,0.0
"Bán nhà riêng DT 46,8m2 tại Lê Trực, P7, Bình Thạnh, HCM, sổ hồng chính chủ công chứng giá 2 tỷ 150","2,15 tỷ","46,8 m²",3,4,"Bình Thạnh, Hồ Chí Minh","Đường Lê Trực, Phường 7, Bình Thạnh, Hồ Chí Minh",10.80875758,106.6894354,197,1.8286891983663498,1.508141644802333,1.7535414079597746,1.8414268780889231,2.0474404530363732,0.0
"Cần bán nhà Nguyễn Khang oto cách 10m. 35m2, 5 tầng giá 7.5 tỷ TL","7,5 tỷ",35 m²,4,4,"Cầu Giấy, Hà Nội","Đường Nguyễn Khang, Phường Dịch Vọng, Cầu Giấy, Hà Nội",21.0350602,105.793398,259,1.5369813393354606,2.0464096192584145,2.0408400989552278,1.5428889154923482,1.3565036445561245,0.0
Biệt thự khu phân lô tuyến 2 Ngô Gia Tự - Lô góc 242m2 - 3 tầng,"19,9 tỷ",242 m²,3,4,"Hải An, Hải Phòng","732, Đường Ngô Gia Tự, Phường Thành Tô, Hải An, Hải Phòng",20.82185595,106.7168918,22,1.5029001307114873,2.0973121237735977,0.99264125658592,1.77118159224552,0.0,0.0
Duy nhất căn biệt thự đơn lập 216m2 Le Jardin ParkCity vị trí cực đẹp giá 60 tỷ. LH 0931 686 ***,60 tỷ,216 m²,6,5,"Hà Đông, Hà Nội"," Đường Lê Trọng Tấn,  Phường La Khê,  Hà Đông,  Hà Nội",20.96415289,105.7616362,16,1.6742901925491975,2.0019599436855566,0.0,1.5878090197229338,2.1432059370179073,0.0
"Bán nhà đẹp Chế Lan Viên, cách bãi tắm biển Mỹ Khê 200m","12,7 tỷ",100 m²,3,4,"Ngũ Hành Sơn, Đà Nẵng","Đường Chế Lan Viên, Phường Mỹ An, Ngũ Hành Sơn, Đà Nẵng",16.04266538,108.2454842,193,1.2625210703227536,1.8402843361736456,1.2831393460577716,1.2428940504030759,1.6642015910886456,0.0
"TRẦN THÁI TÔNG CẦU GIẤY , TRUNG CƯ MINI Ô TÔ ĐỖ CỬA 60M/6T , MT 4,6M SỔ VUÔNG NHỈNH 12 TỶ.( CÓ TL)",12 tỷ,60 m²,16,16,"Cầu Giấy, Hà Nội","Phường Dịch Vọng Hậu, Cầu Giấy, Hà Nội",21.0365503,105.7858195,209,1.4807988204804365,1.8622805902899142,1.7312761798467937,1.2906149298151541,2.1332213266587234,0.0
"Bán nhà phố Ngọc Khánh Ba Đình, Lô góc, ngõ thông, kinh doanh đỉnh, DT45m2, giá ưu đãi","8,1 tỷ",45 m²,3,3,"Ba Đình, Hà Nội","Phố Ngọc Khánh, Phường Ngọc Khánh, Ba Đình, Hà Nội",21.02678349,105.8178095,305,1.4635612829694742,1.8908179707048447,1.2987271309069255,1.4874074371937038,1.357590007173511,0.0
"Bán nhà Melosa Garden Khang Điền DT 6x18m giá 9.4 tỷ, 0902 442 ***","9,4 tỷ",108 m²,4,4,"Quận 9, Hồ Chí Minh","Melosa Garden, 222, Đường Võ Chí Công, Phường Phú Hữu, Quận 9, Hồ Chí Minh",10.78603337,106.7909222,10,1.776590133442438,2.412483494246418,1.760289954874629,1.5156940780277801,0.0,0.0
"Chính chủ đi nước ngoài định cư cần bán lại căn nhà mặt tiền Đỗ Trạc, An Khê",3 tỷ,128 m²,3,2,"An Khê, Gia Lai","Đường Đỗ Trạc, Phường Tây Sơn, An Khê, Gia Lai",13.9504742,108.6608142,1,1.3394644533897992,0.0,0.0,1.3394644533897992,0.0,0.0
"Bán tòa CHDV Thái Hà, lô góc 2 thoáng, DT 60tr/th, ba gác, 20m ra ô tô, thang máy, 60m","11,5 tỷ",60 m²,13,13,"Đống Đa, Hà Nội","Phố Thái Hà, Phường Trung Liệt, Đống Đa, Hà Nội",21.01060316,105.8223619,205,1.7247719004583146,1.5216953468781116,1.5857417023454217,1.7444530690813935,0.0,0.0
"Đất gần biển cực đẹp - đường Dương Hiến Quyền (rộng 7m) - 106m2 ngang 6,59m - giá chỉ 7,6 tỷ","7,6 tỷ",106 m²,2,1,"Nha Trang, Khánh Hòa","Đường Dương Hiến Quyền, Phường Vĩnh Hòa, Nha Trang, Khánh Hòa",12.2899347,109.2057205,33,1.402306693675581,0.0,0.0,1.3597624624682603,2.0617422773890532,0.0
"Bán nhà Melosa Garden Khang Điền, TP. Thủ Đức, DT 5x23m=115m2 giá 9.9 tỷ","9,9 tỷ",115 m²,4,5,"Quận 9, Hồ Chí Minh","Melosa Garden, Vành Đai Trong, Phú Hữu, Quận 9, Hồ Chí Minh",10.7608529,106.7012374,672,1.5588085420078872,1.7017116046133844,1.7689828113224844,1.5499185042159618,1.6720440661285272,0.0
Bán Duplex The View Riviera Point Quận 7. tháp t8,"10,5 tỷ",137 m²,3,2,"Quận 7, Hồ Chí Minh","The View Riviera Point, Huỳnh Tấn Phát, Tân Phú, Quận 7, Hồ Chí Minh",10.7375163,106.7290511,70,1.9401201340506222,1.096461542638767,1.6660326680051665,2.0324157771184863,1.9363211589028784,0.0
"Cần bán gấp nhà Bạch Mã, p.15, Quận 10. Giá 3,15 tỷ, DT 52m2, LH Như 0766 372 ***, hẻm xe hơi 4m","3,15 tỷ",52 m²,2,3,"Quận 10, Hồ Chí Minh","Đường Bạch Mã, Phường 15, Quận 10, Hồ Chí Minh",10.7818399,106.6650821,325,1.5939657746897478,1.7289472790081755,1.737296402198219,1.5593101273049255,1.9541970328614442,0.0
"Cắt lỗ 190 triệu căn hộ Akari City MT Võ Văn Kiệt, 75m2 (có sổ) giá: 3tỷ199 Vay được 70%.0906 651 ***","3,2 tỷ",75 m²,2,2,"Bình Tân, Hồ Chí Minh"," Đường Võ Văn Kiệt,  Phường An Lạc,  Bình Tân,  Hồ Chí Minh",10.72606923,106.6198035,37,1.9835681068546924,2.276219403209754,1.2210795305800535,2.012043093516485,0.0,0.0
Bán nhà khu đấu giá 6.9 Vân Canh lô góc kinh doanh tuyệt vời. 50m2 giá 10 tỷ,10 tỷ,50 m²,4,3,"Hoài Đức, Hà Nội","Xã Vân Canh, Hoài Đức, Hà Nội",21.0349666,105.7296033,16,2.0938615641287925,1.9128968551972672,1.478478025926075,2.150743581781239,0.0,0.0
"Bán biệt thự Vườn Đào Lạc Long Quân Tây Hồ 300 m2 x 4 T X MT 20 m x giá 210 tỷ. Lô góc, vị trí đỉnh",210 tỷ,300 m²,5,4,"Tây Hồ, Hà Nội","Đường Lạc Long Quân, Phường Xuân La, Tây Hồ, Hà Nội",21.06535487,105.8100573,98,1.657405123159067,2.0540205622293266,1.4411811018247664,1.6674997129462077,1.423302120130507,0.0
CẦN BÁN NHÀ TẠI HOÀNG NHƯ TIẾP-BỒ ĐỀ-LONG BIÊN 50m2x7tầng thang máy.,"11,5 tỷ",50 m²,4,4,"Long Biên, Hà Nội","Phường Bồ Đề, Quận Long Biên, Hà Nội",21.0378501,105.876133,156,2.170475668841119,0.7784641035825893,1.5365429597221278,2.194329127229486,2.357264219775074,0.0
"Bán căn nhà phố sân vườn ngang 7m tại Verosa Park. Nhà full nội thất đẹp, giá 17,5 tỷ thương lượng","17,5 tỷ",105 m²,5,5,"Quận 9, Hồ Chí Minh"," Đường Liên Phường,  Phường Phú Hữu,  Quận 9,  Hồ Chí Minh",10.7608529,106.7012374,672,1.5588085420078872,1.7017116046133844,1.7689828113224844,1.5499185042159618,1.6720440661285272,0.0
"Cần bán căn Napoleon căn góc đẹp, tầng cao","2,33 tỷ","71,8 m²",3,2,"Nha Trang, Khánh Hòa","Napoleon Castle I, Đường Nguyễn Đình Chiểu, Phường Vĩnh Phước, Nha Trang, Khánh Hòa",12.2721422,109.1975312,66,1.4376311080019553,2.433546436897083,2.1211771358042983,1.4212729100020594,0.75505245474886,0.0
Bán nhà phố Melosa Garden - căn 80m2 giá 8 tỷ - căn 108m2 giá 10 tỷ. LH 0909 121 *** xem nhà,8 tỷ,85 m²,4,5,"Quận 9, Hồ Chí Minh"," Đường Võ Chí Công,  Phường Phú Hữu,  Quận 9,  Hồ Chí Minh",10.7608529,106.7012374,672,1.5588085420078872,1.7017116046133844,1.7689828113224844,1.5499185042159618,1.6720440661285272,0.0
"Lô góc Ngô Quyền- Hà Đông, 60m2, 7 tầng, giá 13 tỷ, Lô góc, Thang máy, Ô tô, Kinh doanh.",13 tỷ,60 m²,6,8,"Hà Đông, Hà Nội","Đường Ngô Quyền, Phường La Khê, Hà Đông, Hà Nội",20.97070576,105.7601558,18,1.8211841826491724,1.8922636197406724,0.0,1.816647890112499,1.7470696965162749,0.0
"Bán gấp chung cư Masteri Thảo Điền Quận 2 tầng 15, 71m2 sổ hồng riêng Tài Trần","1,8 tỷ",71 m²,2,2,"Quận 2, Hồ Chí Minh"," Đường Xa Lộ Hà Nội,  Phường Thảo Điền,  Quận 2,  Hồ Chí Minh",10.8037248,106.7462249,101,1.4292743120052722,1.0458950967716294,1.1810054080794257,1.4655891177451417,1.9170759846461383,0.0
Nhà ngộp 2Tỷ080Triệu ở Phạm Ngũ Lão Q1 bán gấp 40m2 để nội thất căn bản,"2,08 tỷ",40 m²,2,2,"Quận 1, Hồ Chí Minh","Đường Phạm Ngũ Lão, Phường Phạm Ngũ Lão, Quận 1, Hồ Chí Minh",10.76810343,106.6918789,884,1.3147528233825168,1.6471447348309602,1.8603773931646157,1.2971451403385243,1.2135059225479699,0.0
HƯƠNG LỘ 2 HẺM 6M - 4 X 12 NHÀ 2 TẦNG,"3,85 tỷ",48 m²,2,2,"Bình Tân, Hồ Chí Minh","Đường Hương lộ 2, Phường Bình Trị Đông A, Bình Tân, Hồ Chí Minh",10.76765084,106.6019928,7,2.034156395632841,0.0,1.9463980133087648,2.253552351443032,0.0,0.0
KHU TÊN LỬA NHÀ 3 TẦNG ĐÚC HẺM THÔNG 5M KINH DOANH ĐƯỢC CHỈ 5.7 ĐỒNG. - 4 X 13 MỘT trệt 2 lầu nh,"5,7 tỷ",52 m²,4,3,"Bình Tân, Hồ Chí Minh","Đường 29, Phường Bình Trị Đông B, Bình Tân, Hồ Chí Minh",10.7504813,106.6128383,54,1.1931448564822587,0.7981329903057903,1.9821832449823011,1.046369931734643,0.0,0.0
"Nhà rẻ nhất khu vực - hẻm Trần Quang Khải, Tân Định, Q1. 3 tầng, 4PN, 3WC, 54m2 chỉ với 7,5 tỷ","7,5 tỷ",54 m²,4,3,"Quận 1, Hồ Chí Minh","Đường Trần Quang Khải, Phường Tân Định, Quận 1, Hồ Chí Minh",10.79154216,106.6891095,666,1.6863587223789809,1.8079987300931184,1.6437036746643352,1.6822996572972675,1.8831058578995028,0.0
"Bán biệt thự vip nhất TP Hồ Chí Minh - The Venica Khang Điền, giá 58,5 tỷ căn Biệt thự song lập","58,5 tỷ",262 m²,4,5,"Quận 9, Hồ Chí Minh"," Đường Đỗ Xuân Hợp,  Phường Phú Hữu,  Quận 9,  Hồ Chí Minh",10.7608529,106.7012374,672,1.5588085420078872,1.7017116046133844,1.7689828113224844,1.5499185042159618,1.6720440661285272,0.0
"0901 755 ***! CC Bán gấp CC Hateco Hoàng Mai P2009: 76,7m2 và 1518 - 52m2, full NT giá 54 tr/m2 (GDG)","2,81 tỷ",52 m²,2,1,"Hoàng Mai, Hà Nội"," Đường Trần Thủ Độ,  Phường Yên Sở,  Hoàng Mai,  Hà Nội",20.9635712,105.8701509,2,0.5833770628251075,0.0,0.5833770628251075,0.0,0.0,0.0
"NHÀ 4 TẦNG CÓ THANG MÁY, THIẾT KẾ HIỆN ĐẠI ĐƯỜNG SỐ 8 KĐT HÀ QUANG II CHỈ 10.4 TỶ","10,4 tỷ",100 m²,3,4,"Nha Trang, Khánh Hòa","Khu đô thị Lê Hồng Phong II, Lê Hồng Phong, Phước Hải, Nha Trang, Khánh Hòa",12.23097278,109.1822217,252,1.599545000428606,2.4516573940664275,1.7191670871442064,1.592620955343987,0.0,0.0
"Bán gấp nhà 20/ Kỳ Đồng, P9 Quận 3, DT 42m2, 3 phòng ngủ, sổ hồng riêng, hẻm vào 4m, giá 2 tỷ 900","2,9 tỷ",42 m²,3,3,"Quận 3, Hồ Chí Minh","20/, Phố Kỳ Đồng, Phường 9, Quận 3, Hồ Chí Minh",10.7841175,106.6824226,848,1.7721951047821618,1.8688323058178935,1.710285183348089,1.7737472096153035,1.8151057690439631,0.0
Bán nhà phân lô quân đội Ngọc Thụy 40m2 ngõ thông ô tô vòng quanh 6.2 tỉ,"6,2 tỷ",40 m²,1,1,"Long Biên, Hà Nội","Phường Ngọc Thụy, Long Biên, Hà Nội",21.0601064,105.8670441,27,1.729208682445024,1.9379470368564962,1.9165350772469565,1.7049007181110516,0.0,0.0
"Nguyễn Kiệm, P3, Gò Vấp - 48m2 giá 4,47 tỷ/ kế siêu thị Coopmart, có hợp đồng thuê 16tr/ tháng","4,47 tỷ",48 m²,3,4,"Gò Vấp, Hồ Chí Minh","Hẻm 671, Đường Nguyễn Kiệm, Phường 3, Gò Vấp, Hồ Chí Minh",10.82027752,106.6788119,80,1.7628276000742589,2.0224365642155386,1.622366628752668,1.819750157607874,0.8135461965598055,0.0
Nhà 3 tầng mới ở ngay Tân Sơn Nhì - Hẻm xe hơi - 4.4m x 14m,"6,3 tỷ",60 m²,4,4,"Tân Phú, Hồ Chí Minh","Phường Tân Sơn Nhì, Tân Phú, Hồ Chí Minh",10.7992044,106.6320132,47,1.404246781152048,1.0500845501066578,1.346518907550206,1.4272928102696132,1.7608934292032719,0.0
GIỎ HÀNG ĐỘC QUYỀN AKARI CITY MUA CHÍNH CHỦ GIÁ: 47TR /97M2 THIẾT KẾ 3PM SỔ CÓ SẴN. 0906 651 ***,"4,56 tỷ",97 m²,3,2,"Bình Tân, Hồ Chí Minh"," Đường Võ Văn Kiệt,  Phường An Lạc,  Bình Tân,  Hồ Chí Minh",10.72606923,106.6198035,37,1.9835681068546924,2.276219403209754,1.2210795305800535,2.012043093516485,0.0,0.0
"Mua Nhà Đẹp, Không Cần Lo Lắng Về Chi Phí Cải Tạo tại Rạch Bùng Binh, P9, Q3|Giá 3,5 tỷ|DT 51,6m2","3,5 tỷ","51,6 m²",5,5,"Quận 3, Hồ Chí Minh","Đường Rạch Bùng Binh, Phường 9, Quận 3, Hồ Chí Minh",10.7826368,106.6796064,779,1.77440013990643,2.04273430624758,1.673279030990332,1.7742547735558571,1.8695703926757965,0.0
"Bán căn hộ 1PN Legacy Prime ở Thuận Giao, Thuận An, Bình Dương, nội thất cao cấp, hỗ trợ vay 80%","1,18 tỷ",42 m²,1,1,"Thuận An, Bình Dương"," Đường Thuận Giao 25,  Phường Thuận Giao,  Thuận An,  Bình Dương.",10.95526434,106.720032,6,1.4976460356093204,1.7813230858063775,0.6851450969481554,2.0264699240734285,0.0,0.0
"Nhà 4T phân lô ngõ 168 Hào Nam cách ga tàu điện 300m ngõ ô tô tránh KD tốt, DT 52m2, MT 4,3m",Giá thỏa thuận,52 m²,5,5,"Đống Đa, Hà Nội","Ngõ 168, Phố Hào Nam, Phường Ô Chợ Dừa, Đống Đa, Hà Nội",21.0264289,105.825597,490,1.8383188808157176,2.00904414433387,1.4989038401548964,1.8218346418530318,2.071063344115774,0.0
"Bán căn tầng trệt, 2PN vừa ở vừa kinhd doanh, số 15, C.cư Thanh đa, mặt tiền Bình Quới, Bình Thạnh","1,9 tỷ",33 m²,2,1,"Bình Thạnh, Hồ Chí Minh","Nhà số 15, Lô B Cc Thanh Đa, Đường Bình Quới, Phường 27, Bình Thạnh, Hồ Chí Minh",10.8171505,106.7170108,74,1.9075245498976312,0.0,2.1159878268420282,1.8803480831299537,2.061138250541715,0.0
Chính chủ bán căn 3PN - Full NT - Giá tốt tại tòa Eco Dream! LH: 0961 846 ***,6 tỷ,95 m²,3,2,"Thanh Trì, Hà Nội"," Xã Tân Triều,  Thanh Trì,  Hà Nội",20.9770834,105.8042144,30,1.8620725262202718,2.0518205744180307,1.8549255089542414,1.8164222684873397,0.0,0.0
"Bán nhà Sơn kỳ, hẻm oto, 1 trệt 2 lầu, công nhận 90m2, chỉ 6.9 tỷ",7 tỷ,90 m²,4,5,"Tân Phú, Hồ Chí Minh","Đường Đỗ Nhuận, Phường Sơn Kỳ, Tân Phú, Hồ Chí Minh",10.80405164,106.6263463,39,1.4212284617455373,1.7263744423029435,1.1210219623178117,1.5317111914062205,2.360135555737613,0.0
Chính chủ bán căn 3PN - DT 138m2 - Full NT - Giá tốt - Toà Bohemia Residence! LH: 0961 846 ***,9 tỷ,138 m²,3,2,"Thanh Xuân, Hà Nội"," Đường Nguyễn Huy Tưởng,  Phường Thanh Xuân Trung,  Thanh Xuân,  Hà Nội",20.9959112,105.8057609,84,1.7468572669133333,1.2174423294141195,1.4624924169419735,1.8409543262369183,0.0,0.0
Bán gấp nhà 62m2 Trần Quang Diệu quận 3. Chỉ 100tr/m2. Giá 6.7 tỷ (thương lượng),"6,7 tỷ",62 m²,2,2,"Quận 3, Hồ Chí Minh","Đường Trần Quang Diệu, Phường 14, Quận 3, Hồ Chí Minh",10.7890447,106.6793918,562,1.7161187108385059,1.7016473191453696,1.532820747803407,1.7255672272388596,2.013473030035278,0.0
Lê Trọng Tấn - 5.1 tỷ - 3 tầng- 4.5m x 14m,"5,1 tỷ","64,2 m²",3,3,"Tân Phú, Hồ Chí Minh","Đường Lê Trọng Tấn, Phường Sơn Kỳ, Tân Phú, Hồ Chí Minh",10.81237915,106.6086211,22,1.71485004925753,0.0,1.9039828771871738,1.309565417979723,0.0,0.0
Chính chủ bán căn 3PN DT 85m2 - Full NT - Giá tốt tại toà Riverside Garden 349 Vũ Tông Phan,"5,5 tỷ",85 m²,3,2,"Thanh Xuân, Hà Nội","Riverside Garden, Vũ Tông Phan, Khương Đình, Thanh Xuân, Hà Nội",20.99085615,105.8142827,56,1.7805179534505569,1.513719626466963,1.8041695936887876,1.8151750660569455,0.0,0.0
Bán căn hộ 2PN giá sốc có 1-0-2 tại chung cư Ricca - Phường Phú Hữu - Quận 9,"2,7 tỷ","67,7 m²",2,2,"Quận 9, Hồ Chí Minh"," Đường Gò Cát,  Phường Phú Hữu,  Quận 9,  Hồ Chí Minh",10.7608529,106.7012374,672,1.5588085420078872,1.7017116046133844,1.7689828113224844,1.5499185042159618,1.6720440661285272,0.0
"Bán nhà Dịch Vọng Hậu, Cầu Giấy 250 m2 x MT 29 m x giá 140 tỷ. Lô góc",140 tỷ,250 m²,6,6,"Cầu Giấy, Hà Nội","Phố Dịch Vọng Hậu, Phường Dịch Vọng Hậu, Cầu Giấy, Hà Nội",21.03205804,105.7869243,231,1.6185020771832903,1.8859107792378667,2.250954975119433,1.5134442152333976,1.9330477129316825,0.0
Phân lô quân đội - khu vip - oto tránh - thang máy - nhà đẹp như khách sạn. DT 47m2 x 7 tầng,"12,8 tỷ","46,38 m²",5,6,"Long Biên, Hà Nội","Đường Vũ Xuân Thiều, Phường Sài Đồng, Long Biên, Hà Nội",21.03157885,105.9113245,14,1.1308007641169444,0.0,0.8473030125575557,1.2081183327240503,0.0,0.0
Bán nhà hẻm xe hơi Lê Trọng Tấn - 5 tầng- ngang 5.7m - nhỉnh 6 tỷ,"6,6 tỷ",70 m²,5,5,"Tân Phú, Hồ Chí Minh","Đường Lê Trọng Tấn, Phường Sơn Kỳ, Tân Phú, Hồ Chí Minh",10.81237915,106.6086211,22,1.71485004925753,0.0,1.9039828771871738,1.309565417979723,0.0,0.0
Bán nhanh căn hộ 2PN Thảo Điền Lumiere Riverside toà West view thành phố giá 8.6 tỷ. LH 0902 896 ***,"8,6 tỷ",70 m²,2,2,"Quận 2, Hồ Chí Minh"," Đường Võ Nguyên Giáp,  Phường An Phú,  Quận 2,  Hồ Chí Minh",10.7365876,106.7120245,109,1.2267768135034145,1.6867338601728834,1.5161008760853787,1.1590947137101744,1.2486633864966536,0.0
Bán nhà 1/ hẻm xe hơi Tây Thạnh - 3 tầng mới - 5.8 tỷ,"5,8 tỷ",63 m²,4,3,"Tân Phú, Hồ Chí Minh","Đường Tây Thạnh, Phường Tây Thạnh, Tân Phú, Hồ Chí Minh",10.8202725,106.6304133,30,1.7349972738881252,1.5787191411254364,1.6658131115768382,1.8460313482260047,0.0,0.0
Gần chợ Tân Hương - 3 tầng mới - DT 67m2 (6.7 x 10m) - Chỉ 6 tỷ nhỉnh,"6,5 tỷ",67 m²,3,4,"Tân Phú, Hồ Chí Minh","Đường Tân Hương, Phường Tân Quý, Tân Phú, Hồ Chí Minh",10.7898507,106.6188648,36,1.9067704592567607,2.3666641586598094,1.9947437109623503,1.8501446747563672,1.4923659621892815,0.0
"Bán gấp! Kim Mã, dân xây, ngõ 3 gác, thông tứ tung, tặng full nội thất, mới ở ngay, 35m2*5T",Giá thỏa thuận,35 m²,3,3,"Ba Đình, Hà Nội","Phường Kim Mã, Ba Đình, Hà Nội",21.0314542,105.8249046,509,1.8765361980972657,2.2012686641785657,1.5010997966262851,1.8766709711840257,1.9473742673993,0.0
Bán lô góc TĐC VCN Phước Long 2 Vị trí đắc địa: Góc đường A3 (16m) & B9 (12m),Giá thỏa thuận,"68,5 m²",3,3,"Nha Trang, Khánh Hòa","Khu đô thị VCN Phước Long 2, Đường A3, Phường Phước Long, Nha Trang, Khánh Hòa",12.21526213,109.1816578,55,2.299209939757136,0.0,1.4400847711994957,2.326191177093578,2.027260353288452,0.0
"Bán lô đất 4,5mx18,5m, tặng căn nhà trệt, lầu, hẻm gần 4m thông, giá 5,65 tỷ TL","5,65 tỷ",82 m²,2,2,"Gò Vấp, Hồ Chí Minh","Đường Phan Huy Ích, Phường 12, Gò Vấp, Hồ Chí Minh",10.83292773,106.6353737,30,1.5950724114278072,1.4814753450823912,1.5913572277171877,1.6098020105466364,0.0,0.0
"Bán nhà phố Lạc Trung ô tô tránh, xây dựng 92m2, 5 tầng vị trí đẹp, siêu hiếm","29,5 tỷ",92 m²,5,4,"Hai Bà Trưng, Hà Nội","Phố Lạc Trung, Phường Vĩnh Tuy, Hai Bà Trưng, Hà Nội",21.00300972,105.8682548,142,2.131034596004503,2.3728208101427954,1.5634545735340812,2.1548645935584654,1.292142607849055,0.0
"Bán shophouse Vincom Biên Hòa, phường Tân Mai, 1 trệt 2 lầu sổ hồng hoàn công 124m2 giá tốt 14,7 tỷ","14,7 tỷ",124 m²,5,3,"Biên Hòa, Đồng Nai","Vincom Biên Hòa, Đường Phạm Văn Thuận, Phường Tân Mai, Biên Hòa, Đồng Nai",10.9576317,106.8434175,3,1.3963984864446901,0.0,0.0,1.3963984864446901,0.0,0.0
"Bán Tập Thể Tôn Đức Thắng - Văn Hương, nhà đẹp thoáng sang, ở luôn full đồ, 45m2 giá chì 1.85 tỷ","1,85 tỷ",45 m²,1,1,"Đống Đa, Hà Nội","Phố Tôn Đức Thắng, Phường Hàng Bột, Đống Đa, Hà Nội",21.02216763,105.8315756,699,1.8879573420682993,1.9913897883577052,1.7978098011394785,1.884840637982283,2.0969724048801437,0.0
"Chỉ 4,5 TỶ: NHÀ MẶT TIỀN gần sát BIỂN THANH KHÊ - ĐÀ NẴNG: 5m x 15m - 3 tầng 3 PN 3 WC","4,5 tỷ",75 m²,3,3,"Thanh Khê, Đà Nẵng","Đường Đặng Đình Vân, Phường Thanh Khê Đông, Thanh Khê, Đà Nẵng",16.07396088,108.1805919,19,1.7175022335749408,1.6828246672088423,0.0,1.7240042772685842,0.0,0.0
"Bán nhà 1 trệt 2 lầu hẻm ô tô Lương Định Của 85,2m2 3tỷ500","3,5 tỷ","85,2 m²",3,2,"Nha Trang, Khánh Hòa","Phố Lương Định Của, Phường Ngọc Hiệp, Nha Trang, Khánh Hòa",12.2669813,109.1697867,18,1.7313098377574028,1.7690087621850576,1.4141766570638192,1.7710810002213704,0.0,0.0
Tổng quan dự án Gem Park Hải Phòng biểu tượng sống mới tại thành phố cảng,"2,73 tỷ",70 m²,3,2,"Hồng Bàng, Hải Phòng","Gem Park Hải Phòng, số 2A, Đường Hồng Bàng, Phường Sở Dầu, Hồng Bàng, Hải Phòng",20.86267589,106.65959,26,1.6784373877756225,1.9221383839618236,1.302816346019875,1.805508595494208,1.2845511147217377,0.0
Bán chung cư 173 Xuân Thủy tòa Long Giang căn góc 100m 3PN full đồ giá tốt sẵn vào ở ngay,"6,8 tỷ",100 m²,3,2,"Cầu Giấy, Hà Nội","Tổ hợp 173 Xuân Thủy, Xuân Thủy, Dịch Vọng Hậu, Cầu Giấy, Hà Nội",21.03652303,105.7853934,207,1.4840257894435736,1.8530132427870427,1.7288161985910033,1.2816016004444497,2.174560757751867,0.0
"Thanh lý tài sản Việt Nam nhà đ. Nguyễn Trọng Tuyển, Phú Nhuận 54m2 siêu giá 2 tỷ 570 triệu","2,57 tỷ",54 m²,4,3,"Phú Nhuận, Hồ Chí Minh","Đường Nguyễn Trọng Tuyển, Phường 10, Phú Nhuận, Hồ Chí Minh",10.7953652,106.6711121,295,1.5854618681932253,0.9459416625640369,1.371960416848814,1.6218667580552508,1.9404597014374865,0.0
Chủ rất cần bán Nhà Phú Xá Tây Hồ 40m2 6 tầng hơn 8 tỷ cách 10m ra đường lớn Ngõ thông dân xây đẹp,"8,9 tỷ",40 m²,6,5,"Tây Hồ, Hà Nội","Đường Phú Thượng, Phường Phú Thượng, Tây Hồ, Hà Nội",21.08802534,105.8086026,29,1.883744912293214,0.0,1.5705500057123598,1.906945916566706,1.9069086143441398,0.0
"Bán chung cư 173 Xuân Thủy, Cầu Giấy căn góc tầng cao 103,5m2 3PN view thoáng đẹp","7,04 tỷ","103,5 m²",3,2,"Cầu Giấy, Hà Nội","Tổ hợp 173 Xuân Thủy, Xuân Thủy, Dịch Vọng Hậu, Cầu Giấy, Hà Nội",21.03652303,105.7853934,207,1.4840257894435736,1.8530132427870427,1.7288161985910033,1.2816016004444497,2.174560757751867,0.0
BÁN NHÀ XUÂN ĐỈNH TÂY HỒ NGÕ OTO THÔNG THOÁNG NHÀ MỚI ĐẸP FULL NỘI THẤT VỊ TRÍ ĐỈNH CỦA CHÓP,"10,6 tỷ",45 m²,4,4,"Tây Hồ, Hà Nội","Đường Xuân Đỉnh, Phường Xuân La, Tây Hồ, Hà Nội",21.0632614,105.8070213,95,1.8327495197557833,2.0415353332064496,1.4742009599529817,1.8487988821017909,1.8116261677657772,0.0
"Khách sạn 4* hàng hiếm trong khu phố An Thượng gần sát biển Mỹ Khê: 300m2, 15mx20m 18 tầng 78 phòng",175 tỷ,300 m²,78,78,"Ngũ Hành Sơn, Đà Nẵng","Đường Võ Nguyên Giáp, Phường Mỹ An, Ngũ Hành Sơn, Đà Nẵng",16.05137575,108.2484248,223,1.1114303723717693,1.6695104658614985,1.0184930395578309,1.0829827018841363,1.9699441863196925,0.0
Bán căn hộ tập thể ban tổ chức Trung Ương 195 Đội Cấn căn góc 110m2 3 thoáng nhà đẹp 4PN full đồ,"5,55 tỷ",110 m²,4,2,"Ba Đình, Hà Nội","195, Đường Đội Cấn, Phường Đội Cấn, Ba Đình, Hà Nội",21.03318665,105.8278161,630,1.900340315816366,2.233950898348941,1.7836910174942788,1.885493701862581,2.1006441397104156,0.0
"Phân lô Chùa Láng - ô tô tránh - vừa ở và kinh doanh, thang máy. DT 45m2, 6 tầng, giá 15 tỷ",15 tỷ,45 m²,4,6,"Đống Đa, Hà Nội","Phố Chùa Láng, Phường Láng Thượng, Đống Đa, Hà Nội",21.02315151,105.8018711,277,1.5037129051743237,1.9101540978773168,1.6606084162937298,1.593471995673488,0.9802300017028073,0.0
"Cần tiền bán nhanh căn hộ Happy Valley, cam kết giá rẻ nhất thị trường.LH: 0917 300 *** Em Hằng","7,7 tỷ",100 m²,3,2,"Quận 7, Hồ Chí Minh","Happy Valley, Nguyễn Văn Linh, Tân Phong, Quận 7, Hồ Chí Minh",10.7284906,106.7122526,104,1.0710700320090747,1.7928797293251681,1.3668189196017855,0.9837742070967955,1.3990432577313292,0.0
"Cần tiền bán nhanh căn hộ Green Valley, PMH, Q7 nhà đẹp, vào ở ngay. LH: 0917 300 ***","6,6 tỷ",88 m²,2,2,"Quận 7, Hồ Chí Minh"," Đường Tôn Dật Tiên,  Phường Tân Phú,  Quận 7,  Hồ Chí Minh",10.73219041,106.7151131,108,1.2088904469521822,1.7255658209283191,1.476827115106494,1.1360725487221892,1.381337878933662,0.0
Hàng hiếm mua ngay khách sạn 2 mặt tiền đường Phan Liêm - 130m2 ngang khủng 8m - 11 tầng 23 phòng,42 tỷ,130 m²,23,23,"Ngũ Hành Sơn, Đà Nẵng","Đường Phan Liêm, Phường Mỹ An, Ngũ Hành Sơn, Đà Nẵng",16.0549165,108.245433,247,1.080107981963247,1.3242789283294418,0.9133914532629086,1.0412320947381746,1.9697940766771354,0.0
Nhà tại phố Lệ Mật - Việt Hưng - 44m2 x 6 tầng thang máy - lô góc 2 mặt ngõ - ô tô vào nhà,"8,8 tỷ",44 m²,4,4,"Long Biên, Hà Nội","Phố Lệ Mật, Phường Việt Hưng, Long Biên, Hà Nội",21.05862753,105.8979979,25,1.220438916755445,0.09332492629463227,1.2561282135195457,1.3243129009529586,0.36755939527392945,0.0
"Căn nhà đường 30 khu Tên Lửa, vị trí trung tâm gần Coopmart, cạnh 2 công viên lớn","10,5 tỷ",98 m²,4,5,"Bình Tân, Hồ Chí Minh","Đường 30, Phường Bình Trị Đông B, Bình Tân, Hồ Chí Minh",10.7504813,106.6128383,54,1.1931448564822587,0.7981329903057903,1.9821832449823011,1.046369931734643,0.0,0.0
"Suất nội bộ CĐT căn 3PN The Origami giá chỉ 4,2 tỷ view cầu vòng cực đẹp thanh toán trong 3 tháng","4,2 tỷ","81,5 m²",3,2,"Quận 9, Hồ Chí Minh"," Đường Phước Thiện,  Phường Long Bình,  Quận 9,  Hồ Chí Minh",10.7589554,106.6730492,414,1.6733296695092115,1.1638557778393117,1.5122363127537346,1.7018920440815228,1.9558045877698915,0.0
"Bán gấp nhà Tám Danh, Quận 8, 48m2, giá 4.5 tỷ, sổ đẹp, mặt tiền 3m","4,5 tỷ",48 m²,2,2,"Quận 8, Hồ Chí Minh","Đường Tám Danh, Phường 4, Quận 8, Hồ Chí Minh",10.73989306,106.6712921,102,1.81804867182551,2.0912230467711836,1.6140200550953159,1.8401929003692112,1.867787339698578,0.0
Độc quyền nhà phố Mega Village 5x17m view hồ bơi. Nội thất đang cho thuê. Gọi ngay 0982 667 ***,"8,69 tỷ",85 m²,4,3,"Quận 9, Hồ Chí Minh"," Đường Vành Đai 2,  Phường Phú Hữu,  Quận 9,  Hồ Chí Minh",10.7608529,106.7012374,672,1.5588085420078872,1.7017116046133844,1.7689828113224844,1.5499185042159618,1.6720440661285272,0.0
"Chú Tám cần bán ngay nhà Nguyễn Xí BT chỉ 2,8Tỷ/60m2 SHR, 4PN, HĐT: 18tr/Tháng LH E ngay","2,8 tỷ",60 m²,4,3,"Bình Thạnh, Hồ Chí Minh","Đường Nguyễn Xí, Phường 26, Bình Thạnh, Hồ Chí Minh",10.81695364,106.7061509,61,1.8198917780107027,0.0,1.9487263500996583,1.7934478957013693,2.319575535782634,0.0
"Biệt Thự Đang làm nhà trẻ , phù hợp ở hoặc cải tạo văn phòng , p. Hiệp Bình Chánh, Thủ Đức","25,5 tỷ",173 m²,5,5,"Thủ Đức, Hồ Chí Minh","Đường Số 25, Phường Hiệp Bình Chánh, Thủ Đức, Hồ Chí Minh",10.83251267,106.7277846,20,1.4747786283498772,0.0,2.496433648456442,1.427917741498532,1.2966195715675224,0.0
Chính chủ bán liền kề 120m2 Nadyne full nội thất giá nhỉnh 30 tỷ. LH: 0931 686 ***,31 tỷ,120 m²,5,4,"Hà Đông, Hà Nội"," Đường Lê Trọng Tấn,  Phường La Khê,  Hà Đông,  Hà Nội",20.96415289,105.7616362,16,1.6742901925491975,2.0019599436855566,0.0,1.5878090197229338,2.1432059370179073,0.0
"Quá Hiếm! Bán gấp Mặt phố 19/5 Văn Quán, 45m2 x 5T KD cực đỉnh, chỉ 14,6 tỷ, 2 Thoáng, Gần Hồ","14,2 tỷ",47 m²,6,6,"Hà Đông, Hà Nội","Đường 19/5, Phường Văn Quán, Hà Đông, Hà Nội",20.9783124,105.7902096,34,1.5403778276160123,1.5097267675256716,1.487627935768713,1.5524067313680985,1.6807178010062278,0.0
Bán nhà Xuân La thang máy 38m x 6 tầng - nội thất nhập khẩu - sân để xe thoáng rộng,"8,55 tỷ",38 m²,4,4,"Tây Hồ, Hà Nội","Phường Xuân La, Tây Hồ, Hà Nội",21.0632614,105.8070213,95,1.8327495197557833,2.0415353332064496,1.4742009599529817,1.8487988821017909,1.8116261677657772,0.0
"BÁN NHÀ 42M 4 TẦNG LÔ GÓC 5 NGỦ 5,x tỷ PHÚC LỢI LONG BIÊN","5,5 tỷ",42 m²,5,4,"Long Biên, Hà Nội","Đường Phúc Lợi, Phường Phúc Lợi, Long Biên, Hà Nội",21.04714257,105.9233979,16,2.16916780491098,0.0,2.1863458012156882,2.163441806142744,0.0,0.0
Chuyên BĐS mua bán chung cư FPT Plaza 3 - Hỗ trợ tìm căn theo nhu cầu khách giá đầu tư,"1,95 tỷ",56 m²,2,2,"Ngũ Hành Sơn, Đà Nẵng"," Đường Hoàng Minh Thắng,  Phường Hòa Hải,  Ngũ Hành Sơn,  Đà Nẵng",15.9822493,108.2608287,12,1.675951949338719,0.41159219833826954,0.0,2.0338225314115244,2.3199445385845734,0.0
"Gần phố Vũ Trọng Khánh, Mỗ Lao, Hà Đông CC gửi bán nhà diện tích 51m 4 tầng mặt ngõ, ô tô, hơn 7 tỷ",Giá thỏa thuận,51 m²,4,3,"Hà Đông, Hà Nội","Đường Vũ Trọng Khánh, Phường Mỗ Lao, Hà Đông, Hà Nội",20.9821715,105.7842539,32,1.5678301750677546,1.5468325431351557,1.9060471647189758,1.5147334918128788,1.0967637348270365,0.0
"BÁN NHÀ LÊ VĂN HIẾN. 50M2, 2 TẦNG, LÔ GÓC, KINH DOANH. GIÁ 8.5 TỶ","8,5 tỷ",50 m²,4,4,"Bắc Từ Liêm, Hà Nội","Đường Lê Văn Hiến, Phường Đức Thắng, Bắc Từ Liêm, Hà Nội",21.0747196,105.7730577,168,0.7372636083977694,1.3522864395926166,1.4607860224007772,0.7098495748501165,0.0,0.0
"Chính chủ gửi bán nhà phố Tô Hiệu, Hà Đông DT 42m2, 4 tầng, ô tô đỗ cửa, chỉ nhỉnh 8 tỷ",Giá thỏa thuận,42 m²,4,3,"Hà Đông, Hà Nội","Đường Tô Hiệu, Phường Hà Cầu, Hà Đông, Hà Nội",20.9648961,105.7729782,28,1.445529130180528,1.3240146409695421,1.921766263554503,1.3264316587460188,1.8067525758768945,0.0
Cần bán gấp nhà phố Trịnh Đình Cửu 39m 4 tang 4.5mt 5.9 tỷ Hoàng Mai.,"5,9 tỷ",39 m²,4,4,"Hoàng Mai, Hà Nội","Phường Định Công, Hoàng Mai, Hà Nội",20.9826495,105.8291858,36,1.8615237675118093,1.675664175379687,1.7098130197192898,1.9251277234842563,0.0,0.0
Biệt thự Ecolaskes thô hai mặt tiền giảm sâu diện tích: 250m2 - ngang: 10m - sâu 25m,"4,4 tỷ",250 m²,4,4,"Bến Cát, Bình Dương"," Đường NE2,  Phường Thới Hòa,  Bến Cát,  Bình Dương",11.11317278,106.6240005,13,1.6397859673757738,0.0,1.8899449107408777,1.618939388762015,0.0,0.0
"Bán shophouse Waterpoint giá tốt đối diện cụm căn hộ, trường học","5,3 tỷ",102 m²,6,4,"Bến Lức, Long An"," Đường Tỉnh lộ 824,  Xã An Thạnh,  Bến Lức,  Long An",10.6470245,106.4872904,1,1.2069864967411639,0.0,0.0,1.2069864967411639,0.0,0.0
"ĐẸP LUNG LINH Căn đầu hồi chỉ 2,8 tỷ tại Kim Văn Kim Lũ- 53,5m2- 2N2VS- sổ đỏ- full nội thất","2,8 tỷ","53,5 m²",2,2,"Hoàng Mai, Hà Nội","Kim Văn Kim Lũ, Đường Nghiêm Xuân Yêm, Phường Đại Kim, Hoàng Mai, Hà Nội",20.9723334,105.8205596,19,1.6336970343716044,2.2284889501461596,1.9519802124587096,1.5002738466485344,0.0,0.0
Duy nhất căn hộ Đạt Gia 2PN 61m full nội thất luôn đồ điện bán giá tốt 1.7 tỷ - cho thuê được 8tr,"1,7 tỷ",61 m²,2,2,"Thủ Đức, Hồ Chí Minh"," Đường Cây Keo,  Phường Tam Phú,  Thủ Đức,  Hồ Chí Minh",10.862434,106.7441358,11,1.712704280071683,1.249375403274999,1.822832584955219,1.813618729189725,0.0,0.0
"Chính chủ, Bán gấp CH cao cấp Antonia, Phú Mỹ Hưng 2PN nhà mới 100%","7,3 tỷ",80 m²,2,2,"Quận 7, Hồ Chí Minh"," Đường Nguyễn Lương Bằng,  Phường Tân Phú,  Quận 7,  Hồ Chí Minh",10.727068,106.7261695,89,1.6685742645053439,1.5859125393241829,1.292356435512947,1.7414362142678326,1.4268436347818665,0.0
"Bán nhà mặt phố tại đường Vườn Lài, Tân Thành, Tân Phú, 7.9x19m 132,3m2 đúc 3 tấm chỉ 26.5 tỷ TL","26,5 tỷ","132,3 m²",4,3,"Tân Phú, Hồ Chí Minh","Đường Vườn Lài, Phường Tân Thành, Tân Phú, Hồ Chí Minh",10.78711836,106.6291875,52,1.6845122198869096,1.9191096160424501,1.9625495398950326,1.4290998174437588,0.3942820860083418,0.0
"Bán căn biệt thự Valy Of Dream, Ecolakes Mỹ Phước, full nội thất, giá 5 tỷ 2, giá giảm sâu","5,2 tỷ",300 m²,4,4,"Bến Cát, Bình Dương","Ecolakes Mỹ Phước, NE2, Thới Hòa, Bến Cát, Bình Dương",11.11421047,106.6493548,0,0.0,0.0,0.0,0.0,0.0,0.0
"Bán lúa non, chung cư xã hội Định Hòa, lầu 4 sổ hồng 300 triệu (100% tiền) Sài Gòn mua được",300 triệu,38 m²,2,1,"Thủ Dầu Một, Bình Dương"," Phường Định Hòa,  Thủ Dầu Một,  Bình Dương",11.0316433,106.6498579,2,2.120592899147783,2.150655905761225,0.0,0.0,2.090529892534341,0.0
"Bán Nhà riêng tại Lê Thúc Hoạch, 5,7 tỷ, 44m2, 2PN, 2WC giá Còn Thương Lượng","5,7 tỷ",44 m²,2,2,"Tân Phú, Hồ Chí Minh","Đường Lê Thúc Hoạch, Phường Phú Thọ Hòa, Tân Phú, Hồ Chí Minh",10.7856616,106.6306247,53,1.6634941461361803,1.8197796672303999,1.9082667196557361,1.4657592484349553,0.17498120848946716,0.0
Chủ gửi bán căn hộ Đạt Gia 1pn 1wc 47m giá 1.4 tỷ - Ngân hàng duyệt vay 820tr,"1,4 tỷ",47 m²,1,1,"Thủ Đức, Hồ Chí Minh"," Đường Cây Keo,  Phường Tam Phú,  Thủ Đức,  Hồ Chí Minh",10.862434,106.7441358,11,1.712704280071683,1.249375403274999,1.822832584955219,1.813618729189725,0.0,0.0
"Chuyển nơi ở cần bán nhà NGUYỄN VĂN NGHI, PHƯỜNG 7, GÒ VẤP, Giá 3 tỷ 450, Diện tích 55m2","3,45 tỷ",55 m²,4,5,"Gò Vấp, Hồ Chí Minh","Đường Nguyễn Văn Nghi, Phường 7, Gò Vấp, Hồ Chí Minh",10.8408087,106.6751861,0,0.0,0.0,0.0,0.0,0.0,0.0
Mặt tiền Thống Nhất- Đại Lô Đông Tây gần 600m2 đối diện cụm chung cư đang cho thuê hđ 50tr/tháng,"46,8 tỷ",588 m²,3,5,"Dĩ An, Bình Dương","Đường Thống Nhất, Phường Bình An, Dĩ An, Bình Dương",10.88737369,106.81334,0,0.0,0.0,0.0,0.0,0.0,0.0
"Nhà bán HXH 10m, có vỉa hè đường D2 - Nguyễn Gia Trí. DT: 12mx 25m, CN: 297m2. Giá: 54 tỷ TL",54 tỷ,297 m²,5,5,"Bình Thạnh, Hồ Chí Minh","Đường Nguyễn Gia Trí, Phường 25, Bình Thạnh, Hồ Chí Minh",10.80223676,106.716248,0,0.0,0.0,0.0,0.0,0.0,0.0
"Bán nhà 1/ đường TKTQ, hẻm kinh doanh 12m thông, 4 tầng, 4.3m x 15m","7,3 tỷ",65 m²,4,5,"Bình Tân, Hồ Chí Minh","Đường Tân Kỳ Tân Quý, Phường Bình Hưng Hòa, Bình Tân, Hồ Chí Minh",10.7938281,106.6047299,0,0.0,0.0,0.0,0.0,0.0,0.0
Biệt thự đơn lập góc view sông DT đất 200m2 full nội thất. Sổ hồng riêng giá 21 tỷ ạ,21 tỷ,200 m²,3,3,"Quận 9, Hồ Chí Minh"," Đường Song Hành,  Phường Phước Long B,  Quận 9,  Hồ Chí Minh",10.8063168,106.7784645,0,0.0,0.0,0.0,0.0,0.0,0.0
Nhà 855 Hương Lộ 2 Bình Tân 4.5x15m 4 tầng full nội thất,5 tỷ,"67,5 m²",4,5,"Bình Tân, Hồ Chí Minh","Đường Hương lộ 2, Phường Bình Trị Đông A, Bình Tân, Hồ Chí Minh",10.76765084,106.6019928,0,0.0,0.0,0.0,0.0,0.0,0.0
"Chú Long định cư bán nhà hẻm 5,5m. Giá 3,25 tỷ. Duy Tân, Phường 15, Phú Nhuận. 0765 369 ***. SHR",Giá thỏa thuận,"60,2 m²",4,4,"Phú Nhuận, Hồ Chí Minh","Đường Duy Tân, Phường 15, Phú Nhuận, Hồ Chí Minh",10.79474575,106.6799205,0,0.0,0.0,0.0,0.0,0.0,0.0
Nhà 4 tầng dân xây phân lô Lê Hồng Phong gần UBND quận Hải An - 65m2 - Tây Tứ Trạch,"7,1 tỷ",65 m²,4,4,"Hải An, Hải Phòng","Đường Trần Hoàn, Phường Đằng Hải, Hải An, Hải Phòng",20.83773935,106.7246464,0,0.0,0.0,0.0,0.0,0.0,0.0
Bán biệt thự góc 2 mặt tiền Verosa park - Q9. DT 196m2. DT sàn 330m2. Sổ hồng sẵn. Giá 23 tỷ,23 tỷ,196 m²,5,5,"Quận 9, Hồ Chí Minh"," Đường Liên Phường,  Phường Phú Hữu,  Quận 9,  Hồ Chí Minh",10.7608529,106.7012374,0,0.0,0.0,0.0,0.0,0.0,0.0
"Bán căn 80m2 liền kề Belhomes - Trục đường thông. Đón sóng cầu Nguyễn Trãi. Giá: 4,8 tỷ","4,8 tỷ",80 m²,4,3,"Thủy Nguyên, Hải Phòng"," Xã An Lư,  Thủy Nguyên,  Hải Phòng",20.9179581,106.676003,0,0.0,0.0,0.0,0.0,0.0,0.0
Bán Gấp Toà Building Lô Góc Mặt Phố Nguyễn Thanh Bình - Vạn Phúc - 120M - 8 Tầng - Mặt Tiền 12M !,"44,5 tỷ",120 m²,6,7,"Hà Đông, Hà Nội","Phố Vạn Phúc, Phường Vạn Phúc, Hà Đông, Hà Nội",20.98254665,105.7732406,0,0.0,0.0,0.0,0.0,0.0,0.0
"Chung cư mini Hoàng Đạo Thành - Thanh Xuân 80m2, 8T, thang máy, 26pn khép kín, ngõ thông 21,5 tỷ","21,5 tỷ",80 m²,26,26,"Thanh Xuân, Hà Nội","Đường Hoàng Đạo Thành, Phường Hạ Đình, Thanh Xuân, Hà Nội",20.9883454,105.8103351,0,0.0,0.0,0.0,0.0,0.0,0.0
"Bán liền kề 75m2 đô thị Centa City - Cửa ngõ Vinhomes Vũ Yên. Giá: 3,9 tỷ. Bao thuế phí","3,9 tỷ",75 m²,4,5,"Thủy Nguyên, Hải Phòng"," Đường 359C,  Xã Dương Quan,  Thủy Nguyên,  Hải Phòng",20.89535099,106.6786265,0,0.0,0.0,0.0,0.0,0.0,0.0
"Thông tin ko thể nào thật hơn - Căn hộ sân vườn 15,7 tỷ - tầng trệt - DT 171m2 +20m2 sân vườn","15,7 tỷ",190 m²,3,4,"Quận 2, Hồ Chí Minh"," Đường Xa Lộ Hà Nội,  Phường An Phú,  Quận 2,  Hồ Chí Minh",10.7365876,106.7120245,0,0.0,0.0,0.0,0.0,0.0,0.0
"MTKD CHDV BÀU CÁT 7, 12M x 20M, DOANH THU KHỦNG, THU NÉT VỀ TAY.",70 tỷ,240 m²,40,40,"Tân Bình, Hồ Chí Minh","Đường Bàu Cát 7, Phường 14, Tân Bình, Hồ Chí Minh",10.78782553,106.6438598,0,0.0,0.0,0.0,0.0,0.0,0.0
"BÁN NHÀ NGUYỄN KHANG Ô TÔ 45M MT 5,1M XÂY 5 TẦNG FULL NỘI THẤT NHỈNH 6 TỶ.",6 tỷ,45 m²,4,4,"Cầu Giấy, Hà Nội","Phường Dịch Vọng, Cầu Giấy, Hà Nội",21.0350602,105.793398,0,0.0,0.0,0.0,0.0,0.0,0.0
"Bán đất Tô Ngọc Vân Tây Hồ 103 m2 x MT 7.5 m x giá nhỉnh 40 tỷ. Xây toà cực đỉnh, vỉa hè, gần hồ",47 tỷ,103 m²,1,1,"Tây Hồ, Hà Nội","Đường Tô Ngọc Vân, Phường Quảng An, Tây Hồ, Hà Nội",21.0682349,105.8249727,0,0.0,0.0,0.0,0.0,0.0,0.0
"Chính chủ cần bán nhanh căn hộ Hưng Phát 1, 2PN đã có sổ","2,7 tỷ",70 m²,2,2,"Nhà Bè, Hồ Chí Minh"," Đường Lê Văn Lương,  Xã Phước Kiển,  Nhà Bè,  Hồ Chí Minh",10.7230203,106.694734,0,0.0,0.0,0.0,0.0,0.0,0.0
"Ngộp vốn bán gấp căn Nguyễn Văn Bá, Phước Long,Quận 9 giá 3tỷ400tr sổ riêng LH 0766 372 *** xem nhà","3,4 tỷ",56 m²,3,3,"Thủ Đức, Hồ Chí Minh","Đường Nguyễn Văn Bá, Phường Phước Long A, Thủ Đức, Hồ Chí Minh",10.8255924,106.7651796,0,0.0,0.0,0.0,0.0,0.0,0.0
"Bán nhà mặt tiền ngang 6m5 đường Phạm Cự Lượng, phố kinh doanh","12,5 tỷ",103 m²,2,2,"Sơn Trà, Đà Nẵng","Đường Phạm Cự Lượng, Phường An Hải Nam, Sơn Trà, Đà Nẵng",16.0621434,108.2357341,0,0.0,0.0,0.0,0.0,0.0,0.0
"Chính chủ kẹt tiền cần bán 2PN - 78m2 Kingdom 101, giá 5.7 tỷ, đã có sổ hồng, LH 0933 752 ***","5,7 tỷ",78 m²,2,2,"Quận 10, Hồ Chí Minh"," Đường Tô Hiến Thành,  Phường 14,  Quận 10,  Hồ Chí Minh",10.7737407,106.6628205,0,0.0,0.0,0.0,0.0,0.0,0.0
Bán nhà riêng Đường Nguyễn Văn Cừ diện tích 42m2,"10,2 tỷ",42 m²,3,4,"Long Biên, Hà Nội","Đường Nguyễn Văn Cừ, Phường Bồ Đề, Long Biên, Hà Nội",21.04122651,105.8694521,0,0.0,0.0,0.0,0.0,0.0,0.0
Chính chủ định cư nước ngoài bán gấp căn nhà cực tốt|Đ.Thích Quảng Đức P5 Q.Phú Nhuận|SHR|DT 42m2,"1,95 tỷ",42 m²,3,3,"Phú Nhuận, Hồ Chí Minh","Đường Thích Quảng Đức, Phường 5, Phú Nhuận, Hồ Chí Minh",10.80583359,106.6826403,0,0.0,0.0,0.0,0.0,0.0,0.0
"Bán Nhà riêng 3PN, 3WC,lô góc dân xây, 40m2, giá 3,64 tỷ tại Tả Thanh Oai, Thanh Trì, Hà Nội","3,64 tỷ",40 m²,3,3,"Thanh Trì, Hà Nội","Đường Tả Thanh Oai, Xã Tả Thanh Oai, Thanh Trì, Hà Nội",20.9447441,105.8070402,0,0.0,0.0,0.0,0.0,0.0,0.0
NHÀ ĐẸP BỒ ĐỀ GIÁ TỐT LONG BIÊN HÀ NỘI 40m2,"7,6 tỷ",40 m²,5,4,"Long Biên, Hà Nội","Đường Bồ Đề, Phường Bồ Đề, Long Biên, Hà Nội",21.05596875,105.8844924,0,0.0,0.0,0.0,0.0,0.0,0.0
"Chính chủ gửi bán nhanh biệt thự đảo Ecopark The Island 500m2 hướng Hồ Đông Nam, giá tốt",Giá thỏa thuận,500 m²,5,5,"Văn Giang, Hưng Yên"," Xã Xuân Quan,  Văn Giang,  Hưng Yên",20.9577012,105.9161321,0,0.0,0.0,0.0,0.0,0.0,0.0
BÁN NHÀ KIM GIANG - 6 TẦNG MỚI THANG MÁY - 20M RA Ô TÔ - 36M2 - NHỈNH 8 TỶ,"8,15 tỷ",36 m²,3,4,"Hoàng Mai, Hà Nội","Đường Kim Giang, Phường Đại Kim, Hoàng Mai, Hà Nội",20.97719491,105.8242672,0,0.0,0.0,0.0,0.0,0.0,0.0
Xoay vốn bán nhà đường Lạc Long Quận P8 Tân Bình 50m2 Giá 3ty350 lh 0932 861 *** Vân,"3,35 tỷ",50 m²,3,2,"Tân Bình, Hồ Chí Minh","Đường Lạc Long Quân, Phường 8, Tân Bình, Hồ Chí Minh",10.78315903,106.6499368,0,0.0,0.0,0.0,0.0,0.0,0.0
BÁN TOÀ CHDV - 7 TẦNG THANG MÁY - 18 CĂN HỘ FULL NỘI THẤT - DÒNG TIỀN 1.2 TỶ/ NĂM - GIÁ ĐẦU TƯ,"17,3 tỷ",60 m²,18,18,"Nam Từ Liêm, Hà Nội","Mễ Trì Thượng, Phường Mễ Trì, Nam Từ Liêm, Hà Nội",21.0102783,105.776382,0,0.0,0.0,0.0,0.0,0.0,0.0
"Nhà 2 tầng đường Sử Hy Nhan-Vĩnh Hoà-Nha Trang - cách biển chỉ 300m - giá 4,8 tỷ - 75m2 ngang 5,2m","4,8 tỷ",75 m²,2,1,"Nha Trang, Khánh Hòa","Đường Sử Hy Nhan, Phường Vĩnh Hòa, Nha Trang, Khánh Hòa",12.2977896,109.2113888,0,0.0,0.0,0.0,0.0,0.0,0.0
"2 phòng ngủ Đảo Kim Cương view trực diện sông, hướng Đông nam, tầng cao, giá cực chất 9.5 tỷ - 96m2","9,5 tỷ",96 m²,2,2,"Quận 2, Hồ Chí Minh"," Phường Bình Trưng Tây,  Quận 2,  Hồ Chí Minh",10.80484845,106.7167622,0,0.0,0.0,0.0,0.0,0.0,0.0
"Căn hộ tại ParkHill, KĐT Times City","6,5 tỷ",76 m²,2,2,"Hai Bà Trưng, Hà Nội"," Đường Minh Khai,  Phường Vĩnh Tuy,  Hai Bà Trưng,  Hà Nội",20.9948179,105.8675585,0,0.0,0.0,0.0,0.0,0.0,0.0
"Bán nhà đường Tam Trinh, p Mai Động, Hoàng Mai, diện tích 30m2 5 tầng","5,35 tỷ",30 m²,3,4,"Hoàng Mai, Hà Nội","Đường Tam Trinh, Phường Mai Động, Hoàng Mai, Hà Nội",20.993814,105.8627764,0,0.0,0.0,0.0,0.0,0.0,0.0
"Bán nhà Minh Khai - 52,5m2 x 5 tầng, thang máy, ngõ thông, ngay sát times city lh 0989 212 ***",10 tỷ,"52,5 m²",5,6,"Hai Bà Trưng, Hà Nội","Đường Minh Khai, Phường Minh Khai, Hai Bà Trưng, Hà Nội",20.9962306,105.857312,0,0.0,0.0,0.0,0.0,0.0,0.0
"Bán Nhà Mặt Phố Phùng Hưng, 52 tỷ, 1369m2, 5PN, 5WC, Hà Đông, HN. Siêu đầu tư. 0981 715 ***",52 tỷ,1.369 m²,5,5,"Hà Đông, Hà Nội","89 Phùng Hưng, Phố Phùng Hưng, Phường Phúc La, Hà Đông, Hà Nội",20.9644947,105.7940097,0,0.0,0.0,0.0,0.0,0.0,0.0
"Bán nhà An Trai - Vân Canh 7 T thang máy gara ô tô ngõ thông - K/D 40m2 - 7,8 tỷ","7,8 tỷ",40 m²,4,3,"Hoài Đức, Hà Nội","Đường An Trai, Xã Vân Canh, Hoài Đức, Hà Nội",21.0333728,105.7364482,0,0.0,0.0,0.0,0.0,0.0,0.0
"Cần bán gấp nhà 4 tầng, 64,5m2 lô góc phố Tây Trà - Hoàng Mai - Hà Nội","10,85 tỷ",65 m²,6,7,"Hoàng Mai, Hà Nội","Đường Tây Trà, Phường Trần Phú, Hoàng Mai, Hà Nội",20.9711195,105.8832556,0,0.0,0.0,0.0,0.0,0.0,0.0
Bán căn hộ 143m2 tòa M2 mã căn 11,23 tỷ,143 m²,4,3,"Ba Đình, Hà Nội"," Phố Liễu Giai,  Phường Ngọc Khánh,  Ba Đình,  Hà Nội",21.0320675,105.8133319,0,0.0,0.0,0.0,0.0,0.0,0.0
"Chính chủ căn nhà phố N2 - 19, 1 trệt 3 The Meadow Bình Chánh, 105m2, sổ hồng riêng, giá 6 tỷ 6","6,6 tỷ",105 m²,3,3,"Bình Chánh, Hồ Chí Minh","The Meadow Bình Chánh, Trần Văn Giàu, Vĩnh Lộc B, Bình Chánh, Hồ Chí Minh",10.7908153,106.5772533,0,0.0,0.0,0.0,0.0,0.0,0.0
Bán khách sạn xây thô 20 tầng mặt tiền Phạm Văn Đồng View trực diện biển 130tỷ,130 tỷ,231 m²,76,76,"Nha Trang, Khánh Hòa","Đường Phạm Văn Đồng, Phường Vĩnh Hòa, Nha Trang, Khánh Hòa",12.2805929,109.201933,0,0.0,0.0,0.0,0.0,0.0,0.0
"Chung cư Bình Minh Garden 72m2 2 phòng ngủ/2WC tầng cao thoáng mát giá 4,7 tỷ","4,7 tỷ",72 m²,2,2,"Long Biên, Hà Nội"," Đường Đức Giang,  Phường Đức Giang,  Long Biên,  Hà Nội",21.0646143,105.8977054,0,0.0,0.0,0.0,0.0,0.0,0.0
Bán nhà Lạc Long Quân nối Hoàng Quốc Việt - Thuỵ Khuê thang máy - 112m2 - 7T 5.5m MT - nhỉnh 36tỷ,"36,5 tỷ",112 m²,7,7,"Cầu Giấy, Hà Nội","Đường Lạc Long Quân, Phường Nghĩa Đô, Cầu Giấy, Hà Nội",21.05332428,105.8089656,0,0.0,0.0,0.0,0.0,0.0,0.0
"Chỉ còn 1 căn! Phân lô Hoàng Cầu, 2 ô tô tránh đỗ trước nhà, vỉa hè 2m, kinh doanh. 64m2. 7 tầng.","21,3 tỷ",63 m²,6,6,"Đống Đa, Hà Nội","Phố Hoàng Cầu, Phường Ô Chợ Dừa, Đống Đa, Hà Nội",21.0181497,105.8243996,0,0.0,0.0,0.0,0.0,0.0,0.0
"Nhà view Hồ Tây đẳng cấp, thang máy xịn sò, mới đẹp ở ngay, 10 tỷ",10 tỷ,47 m²,3,4,"Tây Hồ, Hà Nội","Đường Trích Sài, Phường Bưởi, Tây Hồ, Hà Nội",21.0501972,105.8107606,0,0.0,0.0,0.0,0.0,0.0,0.0
"Bán căn hộ 2PN, 1WC tại The Sapphire - Vinhomes Smart City, 3,2 tỷ, 54,8m2, Nam Từ Liêm, Hà Nội","3,2 tỷ","54,8 m²",2,1,"Nam Từ Liêm, Hà Nội"," Phường Tây Mỗ,  Nam Từ Liêm,  Hà Nội.",21.0096762,105.7445572,0,0.0,0.0,0.0,0.0,0.0,0.0
"BÁN CĂN 2 PN, S= 65 có đồ. Gía 3.x tỷ. Dự án Chung cư Xuân Mai complex Dương Nội",Giá thỏa thuận,65 m²,2,1,"Hà Đông, Hà Nội"," Đường Tố Hữu,  Phường Yên Nghĩa,  Hà Đông,  Hà Nội",20.951446,105.7351127,0,0.0,0.0,0.0,0.0,0.0,0.0
"Bán nhà Tây Hồ - Yên Hoa nối Yên Phụ - Nghi Tàm - Tòa nhà mới xây 10T, 85m2, MT 6.2m - 59.x tỷ",Giá thỏa thuận,85 m²,10,9,"Tây Hồ, Hà Nội","Phố Yên Hoa, Phường Yên Phụ, Tây Hồ, Hà Nội",21.05496857,105.8354584,0,0.0,0.0,0.0,0.0,0.0,0.0
SIÊU PHẨM ĐẸP KHU PHÂN LÔ ĐÔNG BỘ Khu VIPĐƯỜNG 12M ĐỐI DIỆN TRƯỜNG HỌC Đường Phạm Văn Chiêu Gò Vấp,"9,9 tỷ",60 m²,4,5,"Gò Vấp, Hồ Chí Minh","Đường Phạm Văn Chiêu, Phường 14, Gò Vấp, Hồ Chí Minh",10.848352,106.6429581,0,0.0,0.0,0.0,0.0,0.0,0.0
"Hai mặt tiền kinh doanh đường 10m5 Tiểu La, Đà Nẵng. 140m2 ngang 6m 2 tầng. Chính chủ bán","14,9 tỷ",140 m²,4,3,"Hải Châu, Đà Nẵng","Đường Tiểu La, Phường Hòa Thuận Tây, Hải Châu, Đà Nẵng",16.0440887,108.2107339,0,0.0,0.0,0.0,0.0,0.0,0.0
"Cần bán căn góc T06, góc Đông Bắc view nhạc thoáng","8,5 tỷ",110 m²,3,2,"Hai Bà Trưng, Hà Nội"," Đường Minh Khai,  Phường Vĩnh Tuy,  Hai Bà Trưng,  Hà Nội",20.9948179,105.8675585,0,0.0,0.0,0.0,0.0,0.0,0.0
"Nhà mặt phố Nguyễn Quý Đức, Thanh Xuân. Diện tích 90m2, mặt tiền 5m2, lô góc 3 mặt thoáng, KD đỉnh","25,5 tỷ",90 m²,4,4,"Thanh Xuân, Hà Nội","Đường Nguyễn Quý Đức, Phường Thanh Xuân Bắc, Thanh Xuân, Hà Nội",20.9934307,105.7988214,0,0.0,0.0,0.0,0.0,0.0,0.0
Bán 3 căn 160m2 trục 09 tháp B Keangnam tầng cao hàng chuẩn 0974 681 ***,Giá thỏa thuận,160 m²,4,2,"Nam Từ Liêm, Hà Nội"," Đường Phạm Hùng,  Phường Mễ Trì,  Nam Từ Liêm,  Hà Nội",21.0140737,105.7848898,0,0.0,0.0,0.0,0.0,0.0,0.0
"Bán nhà mặt phố Trần Quốc Thảo, 17 tỷ, 43.12m2, 3PN, 3WC, Q3, HCM",17 tỷ,"43,12 m²",3,3,"Quận 3, Hồ Chí Minh","Đường Trần Quốc Thảo, Phường 9, Quận 3, Hồ Chí Minh",10.7826368,106.6796064,0,0.0,0.0,0.0,0.0,0.0,0.0
Quận 9: Bán biệt thự Liên Phường ngang 15m 5PN 5WC full nội thất thiết kế cao cấp,33 tỷ,270 m²,5,5,"Quận 9, Hồ Chí Minh","Đường Liên Phường, Phường Phước Long B, Quận 9, Hồ Chí Minh",10.8063168,106.7784645,0,0.0,0.0,0.0,0.0,0.0,0.0
"Bán nhà HXH đường Thành Thái Quận 10, ngang lớn 8m có 12 phòng HĐT ổn định 650tr/năm, 15.5 tỷ TL","15,5 tỷ",98 m²,12,12,"Quận 10, Hồ Chí Minh","Đường Thành Thái, Phường 14, Quận 10, Hồ Chí Minh",10.77526096,106.6632962,0,0.0,0.0,0.0,0.0,0.0,0.0
"D'Edge Thảo Điền: Căn 3PN, lầu cao, 147 m2. Đang có HĐ thuê 70 trd net/tháng. Giá bán 17 tỷ",17 tỷ,147 m²,3,3,"Quận 2, Hồ Chí Minh"," Đường Nguyễn Văn Hưởng,  Phường Thảo Điền,  Quận 2,  Hồ Chí Minh",10.81604325,106.7282586,0,0.0,0.0,0.0,0.0,0.0,0.0
Chính chủ cần bán căn 69m2 2ng 2vs full nội thất tại trung tâm quận Nam Từ Liêm giá chỉ 3.1x Tỷ,"3,15 tỷ",69 m²,2,2,"Nam Từ Liêm, Hà Nội"," Đường 70,  Phường Phương Canh,  Nam Từ Liêm,  Hà Nội",21.05228555,105.7329116,0,0.0,0.0,0.0,0.0,0.0,0.0
"Sở hữu nhà dòng tiền khủng, TT Cầu Giấy, 45m2*6T*11p KK, TM, ngõ thoáng gần ô tô GPXD & PCCC đầy đủ",Giá thỏa thuận,45 m²,11,11,"Cầu Giấy, Hà Nội","Phường Dịch Vọng, Cầu Giấy, Hà Nội",21.0350602,105.793398,0,0.0,0.0,0.0,0.0,0.0,0.0
"Chung cư dự án mới Green Home Phương Đông 80m2 3PN/2WC full nội thất đẹp giá 4,950 tỷ","4,95 tỷ",80 m²,3,2,"Long Biên, Hà Nội"," Đường Phan Văn Đáng,  Phường Đức Giang,  Long Biên,  Hà Nội",21.0646143,105.8977054,0,0.0,0.0,0.0,0.0,0.0,0.0
"Bán nhà riêng tại Nguyễn Thiện Thuật, 5,2 tỷ, 30m2, nhà 3 tầng. Giá rẻ nhất khu vực","5,2 tỷ",30 m²,2,2,"Quận 3, Hồ Chí Minh","Đường Nguyễn Thiện Thuật, Phường 2, Quận 3, Hồ Chí Minh",10.76703135,106.6813281,0,0.0,0.0,0.0,0.0,0.0,0.0
"Bán nhà Tam Trinh 75m2, ngõ ô tô, gần phố, nhà 4 tầng chắc chắn, tiện ích đầy đủ, SĐCC, 8.5 tỷ","8,5 tỷ",75 m²,4,4,"Hoàng Mai, Hà Nội","Đường Tam Trinh, Phường Yên Sở, Hoàng Mai, Hà Nội",20.97352313,105.8662059,0,0.0,0.0,0.0,0.0,0.0,0.0
"Nhà khu Cityland Park Hills khu Lotte Mart, giá rẻ nhất khu vực đang cho thuê 40 triệu/tháng","16,8 tỷ",100 m²,8,6,"Gò Vấp, Hồ Chí Minh"," Đường Phan Văn Trị,  Phường 10,  Gò Vấp,  Hồ Chí Minh",10.83361503,106.6697968,0,0.0,0.0,0.0,0.0,0.0,0.0
"Chỉ 36,8 tỷ sở hữu 1 siêu dòng tiền 2 tỷ/năm tại Cầu Giấy 100m2- 8 tầng- 20 phòng- lô góc- ôtô đỗ","36,8 tỷ",100 m²,20,20,"Cầu Giấy, Hà Nội","Đường Cầu Giấy, Phường Quan Hoa, Cầu Giấy, Hà Nội",21.03368842,105.7975287,0,0.0,0.0,0.0,0.0,0.0,0.0
"Bán căn 2PN, 2WC, 63m2 tại CBD Premium Home, Gia 2,48 tỷ, Thạnh Mỹ Lợi, Q2, HCM","2,48 tỷ",63 m²,2,2,"Quận 2, Hồ Chí Minh","The CBD Premium Home, Đường Đồng Văn Cống, Phường Thạnh Mỹ Lợi, Quận 2, Hồ Chí Minh",10.77073175,106.7702559,0,0.0,0.0,0.0,0.0,0.0,0.0
Nhà cấp 4 vị trí đẹp ngay trung tâm phường Linh Chiểu - đường nhựa 5m - Dt 72m2( ngang 5) hiếm,"5,7 tỷ",72 m²,2,1,"Thủ Đức, Hồ Chí Minh","Đường Số 19, Phường Linh Chiểu, Thủ Đức, Hồ Chí Minh",10.85501944,106.7632001,0,0.0,0.0,0.0,0.0,0.0,0.0
"Bán nhà 2 mặt tiền Lê Duẩn thông thoáng, vị trí sầm uất, Thanh Khê, Đà Nẵng","29,5 tỷ",101 m²,3,2,"Thanh Khê, Đà Nẵng","Đường Lê Duẩn, Phường Thạc Gián, Thanh Khê, Đà Nẵng",16.0664337,108.2068999,0,0.0,0.0,0.0,0.0,0.0,0.0
"Bán nhà Khuyến Lương, lô góc KD, ô tô đỗ cửa, ngõ thông, TK đẹp, 3 tầng, 43.5m2, MT 6.5m, 4.35 tỷ","4,35 tỷ","43,5 m²",2,2,"Hoàng Mai, Hà Nội","Đường Khuyến Lương, Phường Trần Phú, Hoàng Mai, Hà Nội.",20.96891085,105.8829949,0,0.0,0.0,0.0,0.0,0.0,0.0
"Siêu dòng tiền Đống Đa 18,3tỷ, 7 tâng, dòng tiền siêu tốt, ngõ thông thoáng, full phòng cho thuê","18,3 tỷ",80 m²,13,13,"Đống Đa, Hà Nội","Phố Vũ Ngọc Phan, Phường Láng Hạ, Đống Đa, Hà Nội",21.01411356,105.810892,0,0.0,0.0,0.0,0.0,0.0,0.0
"Giá rẻ! CCMN Yên Hòa xây mới, 55m2 x 6T x 14p KK, lô góc, TM xịn, có PCCC, DT đỉnh 900tr/năm","12,5 tỷ",55 m²,14,14,"Cầu Giấy, Hà Nội","Đường Hạ Yên Quyết, Phường Yên Hòa, Cầu Giấy, Hà Nội",21.0218105,105.7924411,0,0.0,0.0,0.0,0.0,0.0,0.0
"Bán nhà 5 tầng diện tích 94.4m2 mặt tiền 6m Khu N1 Nguyễn Hoàng Tôn, Tây Hồ, Hà Nội","39,7 tỷ","94,4 m²",4,5,"Tây Hồ, Hà Nội","đường Nguyễn Hoàng Tôn, Phường Xuân La, Tây Hồ, Hà Nội",21.07214637,105.8042776,0,0.0,0.0,0.0,0.0,0.0,0.0
"BÁN NHÀ PHỐ HƯNG THỊNH, VỈA HÈ Ô TÔ TRÁNH, THANG MÁY NHẬP KHẨU, 5 TẦNG ĐẸP MÊ LY, 52M2, 11.6 TỶ","11,6 tỷ",52 m²,6,6,"Hoàng Mai, Hà Nội","Đường Hưng Thịnh, Phường Yên Sở, Hoàng Mai, Hà Nội",20.9635712,105.8701509,0,0.0,0.0,0.0,0.0,0.0,0.0
Cần tiền bán gấp nhà ở xã hội chung cư HH linh đàm giá tốt lh 0967 070 ***,"2,62 tỷ",72 m²,2,2,"Hoàng Mai, Hà Nội","HH1 Linh Đàm, Đường Linh Đường, Phường Hoàng Liệt, Hoàng Mai, Hà Nội",20.95974673,105.8326955,0,0.0,0.0,0.0,0.0,0.0,0.0
"Nhà 5 tầng view Hồ Tây bán, gara, 5 ngủ cách Hồ 30m",33 tỷ,54 m²,5,6,"Tây Hồ, Hà Nội","Phố Quảng Khánh, Phường Quảng An, Tây Hồ, Hà Nội",21.06031,105.8185624,0,0.0,0.0,0.0,0.0,0.0,0.0
"Chính chủ em bán căn hộ chung cư Iris Garden, Trần Hữu Dực, Cầu Diễn, 61.7m2. Lh 0357 536 ***",Giá thỏa thuận,"61,7 m²",2,2,"Nam Từ Liêm, Hà Nội"," Đường Trần Hữu Dực,  Phường Cầu Diễn,  Nam Từ Liêm,  Hà Nội.",21.0345973,105.7625765,0,0.0,0.0,0.0,0.0,0.0,0.0
"Giá đầu tư, nhà Yên Sở, ngay sát X2B, Gamuda, thoáng trước sau, view hồ lộng gió, 45m2, 5,35 tỷ","5,35 tỷ",45 m²,3,3,"Hoàng Mai, Hà Nội","Đường Yên Sở, Phường Yên Sở, Hoàng Mai, Hà Nội",20.9640732,105.8716348,0,0.0,0.0,0.0,0.0,0.0,0.0
"Nhà 40m2 x 4 tầng Đại Mỗ, gần UBND phường Đại Mỗ, ngõ nông, ô tô gần, giá 6.5 tỷ, LH 0988 175 ***","6,5 tỷ",39 m²,4,3,"Nam Từ Liêm, Hà Nội","Phường Đại Mỗ, Nam Từ Liêm, Hà Nội",20.9932717,105.7630172,0,0.0,0.0,0.0,0.0,0.0,0.0
"Em Toàn cần bán căn hộ chung cư 3PN tại Florence Mỹ Đình giá tốt, vị trí đẹp. LH 0357 536 ***",Giá thỏa thuận,124 m²,3,3,"Nam Từ Liêm, Hà Nội"," Đường Trần Hữu Dực,  Phường Cầu Diễn,  Nam Từ Liêm,  Hà Nội.",21.0345973,105.7625765,0,0.0,0.0,0.0,0.0,0.0,0.0
"Bán nhà đẹp 44m2 x 3 tầng, 4pn, Phạm Văn Chí, Quận 6, giá 6,5 tỷ","6,5 tỷ",44 m²,4,3,"Quận 6, Hồ Chí Minh","Đường Phạm Văn Chí, Phường 8, Quận 6, Hồ Chí Minh",10.74209759,106.6410202,0,0.0,0.0,0.0,0.0,0.0,0.0
"Bán Nhà Riêng 6PN, 6WC, 51m2 tại Khương Trung, 10,5 tỷ","10,5 tỷ",51 m²,6,6,"Thanh Xuân, Hà Nội","Phường Khương Trung, Thanh Xuân, Hà Nội",20.9973125,105.8222383,0,0.0,0.0,0.0,0.0,0.0,0.0
Nhỉnh 120 triệu/m2 mở bán lô đất gần ĐH Hutech (4.2x21m) CTXD hầm 5 tầng tiện xây CHDV P26,"12,2 tỷ",97 m²,1,1,"Bình Thạnh, Hồ Chí Minh","Đường Nguyễn Xí, Phường 26, Bình Thạnh, Hồ Chí Minh",10.81695364,106.7061509,0,0.0,0.0,0.0,0.0,0.0,0.0
Gia đình em cần bán căn nhà 75m2 khu trung tâm Hà Đông,"15,5 tỷ",75 m²,5,5,"Hà Đông, Hà Nội","Đường Chu Văn An, Phường Quang Trung, Hà Đông, Hà Nội",20.971131,105.7714768,0,0.0,0.0,0.0,0.0,0.0,0.0
"Nhà Hồ Tây ngõ xe hơi tránh nhau bán. Căn nhà 4 tầng khu Quảng An, gần Hồ Tây vị trí đắc địa",14 tỷ,40 m²,3,4,"Tây Hồ, Hà Nội","Đường Đặng Thai Mai, Phường Quảng An, Tây Hồ, Hà Nội",21.0619698,105.8211011,0,0.0,0.0,0.0,0.0,0.0,0.0
"Chính chủ bán nhà Lạc Long Quân 72m2, ô tô tránh, gara, lô góc 10.9 tỷ","10,9 tỷ",72 m²,4,5,"Cầu Giấy, Hà Nội","Đường Lạc Long Quân, Phường Nghĩa Đô, Cầu Giấy, Hà Nội",21.05332428,105.8089656,0,0.0,0.0,0.0,0.0,0.0,0.0
"Bán tòa nhà 6 tầng DT 803 m2 Đằng Lâm, Hải An",120 tỷ,803 m²,6,6,"Hải An, Hải Phòng","Đường Ngô Gia Tự, Phường Đằng Lâm, Hải An, Hải Phòng",20.83826115,106.70931,0,0.0,0.0,0.0,0.0,0.0,0.0
"Tôi kẹt vốn KD sang gấp nhà HXH 5,5m CMT8, P13, Q10,Giá 3tỷ1/ 53,9m2, SHR, BTCT, LH: 0907 631 ***","3,1 tỷ","53,9 m²",4,3,"Quận 10, Hồ Chí Minh","Đường Cách Mạng Tháng Tám, Phường 13, Quận 10, Hồ Chí Minh",10.7793424,106.6706065,0,0.0,0.0,0.0,0.0,0.0,0.0
"Nhà Giảng Võ, Ba Đình 109/120m2, 10 tầng thang máy, MT 5m, giá 85 tỷ",85 tỷ,109 m²,18,19,"Ba Đình, Hà Nội","Phố Giảng Võ, Phường Kim Mã, Ba Đình, Hà Nội",21.02834438,105.8254167,0,0.0,0.0,0.0,0.0,0.0,0.0
"Bán nhà riêng phố Võng Thị 45m2, 10m ra ô ô, tặng toàn bộ nội thất giá 10.1 tỷ","10,1 tỷ",45 m²,4,4,"Tây Hồ, Hà Nội","đường Võng Thị, Phường Bưởi, Tây Hồ, Hà Nội",21.0501972,105.8107606,0,0.0,0.0,0.0,0.0,0.0,0.0
"Bán nhanh - Căn Hiếm còn lại: Bcons Green View 51m2, 2PN 2WC, chỉ 1 tỷ 660 sổ đỏ sẵn, sẵn NTCB","1,66 tỷ",51 m²,2,2,"Dĩ An, Bình Dương","Bcons Green View, Quốc lộ 1K, Đông Hòa, Dĩ An, Bình Dương",10.888204,106.7797523,0,0.0,0.0,0.0,0.0,0.0,0.0
"Mặt tiền Nguyễn Sơn, ngang 4x14 nhỉnh 8 tỷ, Quận Tân Phú",Giá thỏa thuận,56 m²,1,1,"Tân Phú, Hồ Chí Minh","Đường Nguyễn Sơn, Phường Phú Thọ Hòa, Tân Phú, Hồ Chí Minh",10.78139852,106.6315741,0,0.0,0.0,0.0,0.0,0.0,0.0
"CHCC Việt Hưng 89m2 3PN, 2WC có thang máy, tầng trung thoáng mát giá 3,950 tỷ","3,95 tỷ",89 m²,3,2,"Long Biên, Hà Nội"," Phường Giang Biên,  Long Biên,  Hà Nội",21.064662,105.9176926,0,0.0,0.0,0.0,0.0,0.0,0.0
Chuyên CH Masteri Thảo Điền - cam kết báo giá thật - bao giá thấp nhất thị trường - hỗ trợ vay 80%,Giá thỏa thuận,74 m²,2,2,"Quận 2, Hồ Chí Minh"," Đường Xa Lộ Hà Nội,  Phường Thảo Điền,  Quận 2,  Hồ Chí Minh",10.8037248,106.7462249,0,0.0,0.0,0.0,0.0,0.0,0.0
"Bán nhà nát tại Bùi Thị Xuân, giá 4,5 tỷ/42m2, giá ưu đãi, sổ riêng, XDTD, thổ cư 100%, bớt lộc",Giá thỏa thuận,63 m²,1,1,"Tân Bình, Hồ Chí Minh","Đường Bùi Thị Xuân, Phường 1, Tân Bình, Hồ Chí Minh",10.7957897,106.666603,0,0.0,0.0,0.0,0.0,0.0,0.0
"Bán nhà Bằng A Bằng Liệt, Hoàng Liệt, Hoàng Mai, HN 35m2 x 4 tầng nhà LH 0983 860 ***","4,25 tỷ",35 m²,4,3,"Hoàng Mai, Hà Nội","Đường Bằng Liệt, Phường Hoàng Liệt, Hoàng Mai, Hà Nội",20.966795,105.824457,0,0.0,0.0,0.0,0.0,0.0,0.0
Cần bán căn nhà phố vịnh đảo Sky Oasis 104m2 giá 25.5 tỷ Lh 0961 694 ***,"25,5 tỷ",104 m²,4,4,"Văn Giang, Hưng Yên"," Đường Trúc,  Xã Xuân Quan,  Văn Giang,  Hưng Yên",20.9577012,105.9161321,0,0.0,0.0,0.0,0.0,0.0,0.0
"Cần bán căn 2 phòng ngủ Sky Forest 74m2 giá 3.8 tỷ, LH 0961 694 ***","3,8 tỷ",74 m²,2,2,"Văn Giang, Hưng Yên"," Xã Xuân Quan,  Văn Giang,  Hưng Yên",20.9577012,105.9161321,0,0.0,0.0,0.0,0.0,0.0,0.0
"Bán nhà 7 tầng 40m2 - phố Quan Hoa, Cầu Giấy - giá 14.7 tỷ (ôtô vào nhà, 15m ra mặt phố)","14,7 tỷ",40 m²,3,6,"Cầu Giấy, Hà Nội","Đường Quan Hoa, Phường Quan Hoa, Cầu Giấy, Hà Nội",21.0377187,105.8011512,0,0.0,0.0,0.0,0.0,0.0,0.0
"Cần bán căn 2 phòng ngủ Onsen ban công Đông Nam giá 4.68 tỷ, LH 0961 694 ***","4,68 tỷ",65 m²,2,2,"Văn Giang, Hưng Yên"," Xã Xuân Quan,  Văn Giang,  Hưng Yên",20.9577012,105.9161321,0,0.0,0.0,0.0,0.0,0.0,0.0
Cần bán căn biệt thự đảo Ecopark 300m2 giá 6x tỷ bao phí LH 0961 694 ***,65 tỷ,300 m²,4,4,"Văn Giang, Hưng Yên"," Xã Xuân Quan,  Văn Giang,  Hưng Yên",20.9577012,105.9161321,0,0.0,0.0,0.0,0.0,0.0,0.0
Cần bán căn 3 ngủ khu Skyforest 91m2 view biệt thự đảo giá 5.8 tỷ bao phí LH 0961 694 ***,"5,8 tỷ",91 m²,3,2,"Văn Giang, Hưng Yên"," Xã Xuân Quan,  Văn Giang,  Hưng Yên",20.9577012,105.9161321,0,0.0,0.0,0.0,0.0,0.0,0.0
"Căn hộ 91m2 tại Vung Tau Centre Point, thanh toán 4,3 tỷ, 3PN, 2WC chính sách tốt","4,3 tỷ",91 m²,3,2,"Vũng Tàu, Bà Rịa Vũng Tàu","Vung Tau Centre Point, Đường Nguyễn Hữu Cảnh, Phường Nguyễn An Ninh, Vũng Tàu, Bà Rịa Vũng Tàu",10.37702668,107.1126643,0,0.0,0.0,0.0,0.0,0.0,0.0
"Hiếm! Nhà cực đẹp 35m2x6T thang máy. Đầy đủ nội thất, cách phố 50m phố Thụy Khuê, Hoàng Hoa Thám","7,38 tỷ",35 m²,4,5,"Tây Hồ, Hà Nội","Đường Thụy Khuê, Phường Thụy Khuê, Tây Hồ, Hà Nội",21.045642,105.8134398,0,0.0,0.0,0.0,0.0,0.0,0.0
"Chính chủ tôi bán căn hộ Vườn Xuân - 71 Nguyễn Chí Thanh - 76,1m2 có 2 phòng ngủ full đồ","5,3 tỷ","76,1 m²",2,1,"Đống Đa, Hà Nội"," Đường Nguyễn Chí Thanh,  Phường Láng Hạ,  Đống Đa,  Hà Nội",21.0185987,105.8076003,0,0.0,0.0,0.0,0.0,0.0,0.0
"Bán nhanh chung cư Việt Hưng 75m 2PN/1WC ban công Đông Nam giá 3,15 tỷ","3,15 tỷ",75 m²,2,1,"Long Biên, Hà Nội"," Phường Đức Giang,  Long Biên,  Hà Nội",21.0646143,105.8977054,0,0.0,0.0,0.0,0.0,0.0,0.0
"Bán gấp nhà phố full nội thất tại KĐT Lakeview City DT 5X20m 1 trệt 3 lầu giá 19,3 tỷ LH 0902 872 ***","19,3 tỷ",100 m²,4,5,"Quận 2, Hồ Chí Minh","Lakeview City, Đường Song Hành, Phường An Phú, Quận 2, Hồ Chí Minh",10.7365876,106.7120245,0,0.0,0.0,0.0,0.0,0.0,0.0
Siêu phẩm căn góc 62 m2 view hồ tại chung cư Hateco Xuân Phương giá chỉ 3.75 tỷ sổ đỏ trao tay,"3,75 tỷ",62 m²,3,2,"Nam Từ Liêm, Hà Nội"," Đường 70,  Phường Phương Canh,  Nam Từ Liêm,  Hà Nội",21.05228555,105.7329116,0,0.0,0.0,0.0,0.0,0.0,0.0
Bán nhanh studio suất đầu tư siêu hời khai thác ngay,"1,62 tỷ",30 m²,1,1,"Quận 9, Hồ Chí Minh"," Phường Long Bình,  Quận 9,  Hồ Chí Minh",10.7589554,106.6730492,0,0.0,0.0,0.0,0.0,0.0,0.0
"BÁN GẤP CĂN HỘ RIVERSIDE RESIDENCE, NHÀ ĐẸP, VIEW SÔNG.","13,5 tỷ",130 m²,4,3,"Quận 7, Hồ Chí Minh","Riverside Residence, Nguyễn Lương Bằng, Tân Phú, Quận 7, Hồ Chí Minh",10.71876218,106.727902,0,0.0,0.0,0.0,0.0,0.0,0.0
"Hiếm! Nhà cực đẹp 35m2x6T thang máy. Đầy đủ nội thất, cách mặt phố 50m phố Văn Cao, Hoàng Hoa Thám.","7,48 tỷ",35 m²,4,5,"Ba Đình, Hà Nội","Đường Văn Cao, Phường Liễu Giai, Ba Đình, Hà Nội",21.039273,105.8157625,0,0.0,0.0,0.0,0.0,0.0,0.0
"Quỹ hot Shophouse Đại Lộ Hừng Đông 75-90-98-167 mặt tiền 5m, trục đường 25m thông QL5A và QL5B",11 tỷ,75 m²,6,6,"Văn Giang, Hưng Yên"," Xã Nghĩa Trụ,  Văn Giang,  Hưng Yên",20.9298976,105.963275,0,0.0,0.0,0.0,0.0,0.0,0.0
"Căn góc 2PN + 1 ban công Đông Nam siêu đẹp, chỉ có 1 căn duy nhất","3,25 tỷ",75 m²,2,2,"Ngũ Hành Sơn, Đà Nẵng"," Đường Hoàng Minh Thắng,  Phường Hòa Hải,  Ngũ Hành Sơn,  Đà Nẵng",15.9822493,108.2608287,0,0.0,0.0,0.0,0.0,0.0,0.0
"Bán nhà đẹp (5,5 x 10) 2 tầng - quận 1 - giá 7,8 tỷ","7,8 tỷ",55 m²,2,3,"Quận 1, Hồ Chí Minh","Đường Trần Hưng Đạo, Phường Cầu Kho, Quận 1, Hồ Chí Minh",10.7577508,106.6864446,0,0.0,0.0,0.0,0.0,0.0,0.0
"Cực hiếm căn góc chung cư Việt Hưng 87m2 3PN/2WC ban công Đông Nam giá 3,99 tỷ","3,99 tỷ",87 m²,3,2,"Long Biên, Hà Nội"," Phường Đức Giang,  Long Biên,  Hà Nội",21.0646143,105.8977054,0,0.0,0.0,0.0,0.0,0.0,0.0
"Bán Gấp CC The CBD Premium Home, 3 PN, 2 WC 2,5 tỷ, 80m2, view đẹp tại Đồng Văn Cống, Quận 2","2,5 tỷ",80 m²,3,2,"Quận 2, Hồ Chí Minh","The CBD Premium Home, Đường Đồng Văn Cống, Phường Thạnh Mỹ Lợi, Quận 2, Hồ Chí Minh",10.77073175,106.7702559,0,0.0,0.0,0.0,0.0,0.0,0.0
"Bán CHCC mini Thanh Xuân, bagac đỗ, 2 thoáng, 45m*6T*10Ph KK full đồ, thang máy, SDCC",10 tỷ,45 m²,10,10,"Thanh Xuân, Hà Nội","Đường Nguyễn Trãi, Phường Khương Đình, Thanh Xuân, Hà Nội",21.00145715,105.818213,0,0.0,0.0,0.0,0.0,0.0,0.0
"Căn nhà tuyệt đẹp hiện đại, ngõ xe hơi vào thoải mái, thanh bình và cực kỳ tiện lợi",49 tỷ,143 m²,4,6,"Tây Hồ, Hà Nội","Đường Đặng Thai Mai, Phường Quảng An, Tây Hồ, Hà Nội",21.0619698,105.8211011,0,0.0,0.0,0.0,0.0,0.0,0.0
"Bán nhà riêng tại Cách Mạng Tháng Tám, 9 tỷ, ô tô đến cửa (60m2) 3 tầng",9 tỷ,60 m²,3,3,"Quận 3, Hồ Chí Minh","Đường Cách Mạng Tháng Tám, Phường 11, Quận 3, Hồ Chí Minh",10.7862202,106.6698217,0,0.0,0.0,0.0,0.0,0.0,0.0
"Nhà 1 lầu mặt tiền đường Nguyễn Du, P7, Quận - GV","11,65 tỷ",67 m²,3,2,"Gò Vấp, Hồ Chí Minh","Đường Nguyễn Du, Phường 7, Gò Vấp, Hồ Chí Minh",10.8408087,106.6751861,0,0.0,0.0,0.0,0.0,0.0,0.0
"Quá đẹp! TT đường Cầu Giấy, xây mới 91m2*6T*20p KK, full đồ, ngõ nông, đủ GPXD & PCCC, SĐCC đẹp",Giá thỏa thuận,91 m²,20,20,"Cầu Giấy, Hà Nội","Đường Cầu Giấy, Phường Quan Hoa, Cầu Giấy, Hà Nội",21.03368842,105.7975287,0,0.0,0.0,0.0,0.0,0.0,0.0
"Cực hiếm căn hộ chung cư sát Việt Hưng 52m2 2PN, 1WC thoáng mát giá 2,55 tỷ","2,55 tỷ",52 m²,2,1,"Long Biên, Hà Nội"," Phường Giang Biên,  Long Biên,  Hà Nội",21.064662,105.9176926,0,0.0,0.0,0.0,0.0,0.0,0.0
Conic Boulevard căn 2PN - 85m2 thanh toán 15% nhận nhà ở ngay - hỗ trợ 0% lãi vay trong 18 tháng,"2,95 tỷ",85 m²,2,2,"Bình Chánh, Hồ Chí Minh"," Đường Huỳnh Bá Chánh,  Xã Tân Kiên,  Bình Chánh,  Hồ Chí Minh",10.7039667,106.6007635,0,0.0,0.0,0.0,0.0,0.0,0.0
"Tòa CHDV Cầu Giấy, mới 55m2*6T*15p KK, TM, full đồ, logoc, ngõ thoáng, 50m ôtô tránh, PCCC & GPXD",Giá thỏa thuận,55 m²,15,15,"Cầu Giấy, Hà Nội","Đường Hạ Yên Quyết, Phường Yên Hòa, Cầu Giấy, Hà Nội",21.0218105,105.7924411,0,0.0,0.0,0.0,0.0,0.0,0.0
"Bán căn góc 2 mặt tiền quận 1 hẻm xe tải 5 mét . Chiều ngang 10 mét, nhà 3 tầng. Giá chỉ 9,8 tỷ","9,8 tỷ",50 m²,3,3,"Quận 1, Hồ Chí Minh","Đường Trần Hưng Đạo, Phường Cầu Kho, Quận 1, Hồ Chí Minh",10.7577508,106.6864446,0,0.0,0.0,0.0,0.0,0.0,0.0
MẶT PHỐ ĐƯỜNG LÁNG - VỈA HÈ KINH DOANH - MỘT MẶT PHỐ - MỘT MẶT NGÕ OTO - THANG MÁY,27 tỷ,45 m²,4,5,"Đống Đa, Hà Nội","Phường Láng Thượng, Đống Đa, Hà Nội",21.0231298,105.8045056,0,0.0,0.0,0.0,0.0,0.0,0.0
Chỉ 4950 triệu nhận ngay căn 3ng full nội thất tại trung tâm Mỹ Đình sổ đỏ trao tay LH: 0973 351 ***,"4,95 tỷ",85 m²,3,2,"Nam Từ Liêm, Hà Nội","Mỹ Đình I, Đường Trần Hữu Dực, Phường Cầu Diễn, Nam Từ Liêm, Hà Nội",21.0345973,105.7625765,0,0.0,0.0,0.0,0.0,0.0,0.0
Mặt tiền Cityland Trần Thị Nghỉ (5x20m) - 1 trệt - 4 lầu,23 tỷ,100 m²,6,5,"Gò Vấp, Hồ Chí Minh"," Đường Nguyễn Oanh,  Phường 7,  Gò Vấp,  Hồ Chí Minh",10.8408087,106.6751861,0,0.0,0.0,0.0,0.0,0.0,0.0
Nhà mới dân xây thiết kế 4pn thoáng mát trung tâm P Thạch Bàn,"7,2 tỷ",50 m²,4,4,"Long Biên, Hà Nội","Đường Thạch Bàn, Phường Thạch Bàn, Long Biên, Hà Nội",21.02598372,105.909623,0,0.0,0.0,0.0,0.0,0.0,0.0
"Biệt thự khu vực Láng Hạ, Hà Nội 124m2, 5 tầng, MT 12,4m, giá 75 tỷ",75 tỷ,124 m²,3,3,"Ba Đình, Hà Nội","Phố Láng Hạ, Phường Thành Công, Ba Đình, Hà Nội",21.02011401,105.8175368,0,0.0,0.0,0.0,0.0,0.0,0.0
"Bán nhà nhỏ nhỏ xinh xinh ở Trần Bình Trọng, Bình Thạnh/ SHR",Giá thỏa thuận,"18,55 m²",2,2,"Bình Thạnh, Hồ Chí Minh","Đường Trần Bình Trọng, Phường 5, Bình Thạnh, Hồ Chí Minh",10.81389812,106.6879646,0,0.0,0.0,0.0,0.0,0.0,0.0
"Bán nhà Khuyến Lương 31m2, 5 tầng, oto đỗ cửa, ở + kinh doanh nhỏ, View công viên, 4.85 tỷ","4,85 tỷ",31 m²,3,3,"Hoàng Mai, Hà Nội","Đường Khuyến Lương, Phường Trần Phú, Hoàng Mai, Hà Nội",20.96891085,105.8829949,0,0.0,0.0,0.0,0.0,0.0,0.0
Bán nhà phố Ngụy Như Kon Tum 75.2m2* 6 tầng thang máy. Hoàn thiện đẹp vị trí kinh doanh chỉ 28 tỷ,28 tỷ,"75,2 m²",5,5,"Thanh Xuân, Hà Nội","Phố Ngụy Như Kon Tum, Phường Nhân Chính, Thanh Xuân, Hà Nội",21.00128049,105.8039191,0,0.0,0.0,0.0,0.0,0.0,0.0
"Bán cả căn nhà 6 tầng, thang máy, hầm để xe view tuyệt đẹp, 2 mặt phố và đi lại thuận tiện",135 tỷ,420 m²,6,7,"Tây Hồ, Hà Nội","Đường Âu Cơ, Phường Nhật Tân, Tây Hồ, Hà Nội",21.07304208,105.8254423,0,0.0,0.0,0.0,0.0,0.0,0.0
Nhà phố khu Cityland Park Hills Lotte Mart (5x20m) đang cho thuê 42tr/tháng,"16,3 tỷ",100 m²,8,5,"Gò Vấp, Hồ Chí Minh"," Đường Phan Văn Trị,  Phường 10,  Gò Vấp,  Hồ Chí Minh",10.83361503,106.6697968,0,0.0,0.0,0.0,0.0,0.0,0.0
"Nhà TK đẹp như trong tranh, ngõ Tam Trinh, 4 tầng, cách mặt phố 80m, 45m2, 5 tỷ",5 tỷ,45 m²,3,3,"Hoàng Mai, Hà Nội","Đường Tam Trinh, Phường Yên Sở, Hoàng Mai, Hà Nội",20.97352313,105.8662059,0,0.0,0.0,0.0,0.0,0.0,0.0
"Cần trả nợ ngân hàng bán gấp căn nhà đường Xô Viết Nghệ Tĩnh, quận Bình Thạnh. Giá 4tỷ850. SHR","4,85 tỷ",28 m²,2,2,"Bình Thạnh, Hồ Chí Minh","Đường Xô Viết Nghệ Tĩnh, Phường 21, Bình Thạnh, Hồ Chí Minh",10.79052215,106.707997,0,0.0,0.0,0.0,0.0,0.0,0.0
"Chính chủ bán căn hộ chung cư The Zenpark 2,73 tỷ, 49 m2","2,73 tỷ",49 m²,1,1,"Gia Lâm, Hà Nội"," Đường Đông Dư,  Thị trấn Trâu Quỳ,  Gia Lâm,  Hà Nội",21.00686405,105.9511242,0,0.0,0.0,0.0,0.0,0.0,0.0
"CHDV Mỹ Đình xây mới 50m2x7T 12P KK, TM, 2 thoáng, oto đỗ cửa, GPXD & PCCC đầy đủ. dòng tiền khủng",12 tỷ,50 m²,12,12,"Nam Từ Liêm, Hà Nội","đường Mỹ Đình, Phường Mỹ Đình 1, Nam Từ Liêm, Hà Nội",21.0225553,105.7745635,0,0.0,0.0,0.0,0.0,0.0,0.0
"Nhà 2 lầu HXH, đường Hồng Lạc, P.11, quận - TB","8,9 tỷ",61 m²,5,5,"Tân Bình, Hồ Chí Minh","Đường Hồng Hạc, Phường 11, Tân Bình, Hồ Chí Minh",10.7890447,106.6480636,0,0.0,0.0,0.0,0.0,0.0,0.0
"HÀNG HIẾM PHỐ TRẦN DUY HƯNG 27,3TỶ _11TẦNG _MT/7M _DÒNG TIỀN 150TR/THÁNG_20M RA MẶT PHỐ _VÍP","27,3 tỷ",90 m²,20,20,"Cầu Giấy, Hà Nội","Đường Trần Duy Hưng, Phường Trung Hòa, Cầu Giấy, Hà Nội",21.00957665,105.7980323,0,0.0,0.0,0.0,0.0,0.0,0.0
"Bán nhà K347 Cách Mạng Tháng 8, Hoà Thọ Đông, Cẩm Lệ, Đà Nẵng. Cách đường chính 50m","2,5 tỷ",55 m²,2,2,"Cẩm Lệ, Đà Nẵng","K347 Cách Mạng Tháng Tám, Phường Hòa Thọ Đông, Cẩm Lệ, Đà Nẵng",16.01539257,108.2013247,0,0.0,0.0,0.0,0.0,0.0,0.0
"Bán nhà mặt hồ Quảng An, Tây Hồ 300m2 đường ô tô view thoáng vĩnh viễn, giá 50 tỷ",50 tỷ,300 m²,5,5,"Tây Hồ, Hà Nội","Đường Âu Cơ, Phường Quảng An, Tây Hồ, Hà Nội",21.06532029,105.8289112,0,0.0,0.0,0.0,0.0,0.0,0.0
"Chính chủ bán căn hộ tại Riverside Garden giá tốt chỉ 5 tỷ, 70m2, 2pn, 2PT",5 tỷ,70 m²,2,2,"Thanh Xuân, Hà Nội"," Phố Vũ Tông Phan,  Phường Khương Đình,  Thanh Xuân,  Hà Nội",20.98291539,105.8162561,0,0.0,0.0,0.0,0.0,0.0,0.0
"Chung cư Việt Hưng 84m2 3PN/2WC nhà đẹp về ở ngay giá 3,9 tỷ","3,9 tỷ",84 m²,4,2,"Long Biên, Hà Nội"," Phường Giang Biên,  Long Biên,  Hà Nội",21.064662,105.9176926,0,0.0,0.0,0.0,0.0,0.0,0.0
"Vị trí vàng ngay trung tâm 1 trục Hoàng Hoa Thám P. 5 Bình Thạnh, 4.2x20m, 4 tầng đúc - nhỉnh 12tỷ","12,8 tỷ",80 m²,7,7,"Bình Thạnh, Hồ Chí Minh","Đường Hoàng Hoa Thám, Phường 5, Bình Thạnh, Hồ Chí Minh",10.80916875,106.6870914,0,0.0,0.0,0.0,0.0,0.0,0.0
"Bán nhà Tam Trinh, ô tô đỗ cổng, 30m ra phố, thiết kế đẹp, 5 ngủ, 36/65m2, 5.98 tỷ","5,98 tỷ",65 m²,5,4,"Hoàng Mai, Hà Nội","Đường Tam Trinh, Phường Yên Sở, Hoàng Mai, Hà Nội",20.97352313,105.8662059,0,0.0,0.0,0.0,0.0,0.0,0.0
"Phân Lô phố Lạc Trung, nhà dân 6 tầng, mặt tiền 6m cực đẹp phù hợp mọi loại hình",24 tỷ,80 m²,7,6,"Hai Bà Trưng, Hà Nội","Phố Lạc Trung, Phường Vĩnh Tuy, Hai Bà Trưng, Hà Nội",21.00300972,105.8682548,0,0.0,0.0,0.0,0.0,0.0,0.0
"Bán Nhà mới 100%, 58.6m2, 3PN, 4WC, 1T2L, đường 9m, KDC Đ. Long Thuận, gần Vinhomes Quận 9","4,3 tỷ","58,6 m²",3,3,"Quận 9, Hồ Chí Minh","Đường Long Thuận, Phường Long Phước, Quận 9, Hồ Chí Minh",10.8063168,106.7784645,0,0.0,0.0,0.0,0.0,0.0,0.0
"Siêu hiếm CHCC Việt Hưng 150m 4 phòng ngủ ban công Đông Nam giá 6,45 ỷ","6,5 tỷ",150 m²,4,2,"Long Biên, Hà Nội","Khu đô thị Việt Hưng, Giang Biên, Long Biên, Hà Nội",21.0680478,105.9080825,0,0.0,0.0,0.0,0.0,0.0,0.0
"ĐỘC QUYỀN QUỸ CĂN STUDIO S1 - 17 - 08, GIÁ RẺ, SYMPHONY - VIEW HƯỚNG SÔNG ĐẸP NGẤT NGÂY","3,6 tỷ","40,2 m²",1,1,"Sơn Trà, Đà Nẵng"," Đường Trần Hưng Đạo,  Phường Nại Hiên Đông ,  Sơn Trà,  Đà Nẵng",16.0847794,108.2288696,0,0.0,0.0,0.0,0.0,0.0,0.0
"BÁN CĂN GÓC 7 TẦNG TẠI YÊN LÃNG, ĐỐNG ĐA. DT 56.7M2 X MT 10M. THÔNG SÀN, GARA Ô TÔ - THANG MÁY","29,5 tỷ","56,7 m²",4,6,"Đống Đa, Hà Nội","Đường Yên Lãng, Phường Thịnh Quang, Đống Đa, Hà Nội",21.0085471,105.8174276,0,0.0,0.0,0.0,0.0,0.0,0.0
"SIÊU HIẾM! LÔ GÓC 7 TẦNG MẶT HỒ LINH QUANG, ĐỐNG ĐA, DT 44M2 X MT 7M, VỈA HÈ, ÔTÔ TRÁNH, KINH DOANH","24,5 tỷ",44 m²,5,5,"Đống Đa, Hà Nội","Phố Khâm Thiên, Phường Khâm Thiên, Đống Đa, Hà Nội",21.01918038,105.8356881,0,0.0,0.0,0.0,0.0,0.0,0.0
"VIP KIM CƯƠNG TP BẮC GIANG - LINN HOTEL ĐẸP XUẤT SẮC, DÒNG TIỀN HÀNG THÁNG 450 TRIỆU",78 tỷ,216 m²,40,40,"Bắc Giang, Bắc Giang","Đường Nguyễn Thị Lưu 2, Phường Ngô Quyền, Bắc Giang, Bắc Giang",21.27937174,106.1984708,0,0.0,0.0,0.0,0.0,0.0,0.0
HÀNG NGỘP TẠI CH THE RIVER THỦ THIÊM: (2PN - 11 TỶ); (3PN - 18 TỶ); (4PN - 42 TỶ); LH: 0902 898 ***,18 tỷ,140 m²,3,2,"Quận 2, Hồ Chí Minh"," Đường Nguyễn Cơ Thạch,  Phường An Khánh,  Quận 2,  Hồ Chí Minh",10.80484845,106.7167622,0,0.0,0.0,0.0,0.0,0.0,0.0
BÁN CĂN SHOPHOUSE GÓC 5 MẶT TIỀN VIP TẠI VINHOMES VŨ YÊN,"19,5 tỷ",180 m²,4,4,"Thủy Nguyên, Hải Phòng"," Phường Thủy Hà,  Thủy Nguyên,  Hải Phòng",20.9325476,106.7084724,0,0.0,0.0,0.0,0.0,0.0,0.0
"CHỐT NGAY CĂN 2PN-2WC MASTERI LAKE SIDE VHOCP1 VIEW TRỰC DIỆN HỒ 29HA SIÊU ĐẸP, GIÁ TỐT NHẤT","4,62 tỷ",70 m²,2,2,"Gia Lâm, Hà Nội"," Thị trấn Trâu Quỳ,  Gia Lâm,  Hà Nội",21.0097832,105.9380275,0,0.0,0.0,0.0,0.0,0.0,0.0
"GIÁ GÔC CĐT -18TỶ BIỆT THỰ INDOCHINE ĐƠN LẬP MẶT SÔNG LỄ HỘI, VIEW PHÁO HOA ĐƯỜNG 30M SUN HÀ NAM",40 tỷ,200 m²,5,3,"Phủ Lý, Hà Nam"," Phường Lam Hạ,  Phủ Lý,  Hà Nam",20.5448086,105.9131808,0,0.0,0.0,0.0,0.0,0.0,0.0
"SIÊU PHẨM MỞ BÁN OS2- THE OPUS ONE- TỪ CĐT VINHOMES! TẶNG VF3, CK 11%, GÓI NT 280 TR, ĐỘC QUYỀN 3PN","5,8 tỷ",80 m²,2,2,"Quận 9, Hồ Chí Minh","The Opus One - Vinhomes Grand Park, Long Bình, Quận 9, Hồ Chí Minh",10.7589554,106.6730492,0,0.0,0.0,0.0,0.0,0.0,0.0
"NHẬN GIỮ CHỖ ECO RETREAT, MỞ BÁN ĐỢT ĐẦU TIÊN, GIÁ GỐC CĐT, ƯU ĐÃI CỰC KỲ HẤP DẪN 0909 953 ***",Giá thỏa thuận,120 m²,4,2,"Bến Lức, Long An"," Xã Thanh Phú,  Bến Lức,  Long An",10.6661421,106.5117389,0,0.0,0.0,0.0,0.0,0.0,0.0
"THÁP SAPPHIRE RẺ NHẤT BCONS CITY, LIỀN KỀ METRO, CỌC 30TR TẶNG TM 40TR, 1.5CV, HĐ THUÊ 336 TRIỆU","1,98 tỷ",52 m²,1,1,"Dĩ An, Bình Dương"," Đường Thống Nhất,  Phường Đông Hòa,  Dĩ An,  Bình Dương",10.8946458,106.7811372,0,0.0,0.0,0.0,0.0,0.0,0.0
"GIỎ HÀNG GIÁ TỐT NHẤT CĂN HỘ LAVIDA PLUS, CHỈ TỪ 2.2 TỶ, DIỆN TÍCH ĐA DẠNG 37.4 M2 - 75 M2 - 93 M2","2,2 tỷ","37,4 m²",1,1,"Quận 7, Hồ Chí Minh"," Đường Nguyễn Văn Linh,  Phường Tân Phong,  Quận 7,  Hồ Chí Minh",10.72905903,106.7120219,0,0.0,0.0,0.0,0.0,0.0,0.0
"BÁN CĂN HỘ GẦN VIN CỔ LOA 3 PHÒNG NGỦ 98,6M2, GIÁ: 4,8 TỶ","4,8 tỷ","98,6 m²",3,2,"Đông Anh, Hà Nội"," Đường 5,  Xã Đông Hội,  Đông Anh,  Hà Nội",21.13968625,105.8518553,0,0.0,0.0,0.0,0.0,0.0,0.0
"QUỸ CĂN STUDIO - 1PN - 2PN - 3PN MASTERI TRINITY SQUARE VHOCP2 ĐẸP NHẤT, RẺ NHẤT DỰ ÁN-CK TỚI 14,3%",Giá thỏa thuận,61 m²,2,2,"Văn Giang, Hưng Yên"," Xã Long Hưng,  Văn Giang,  Hưng Yên",20.942226,105.957565,0,0.0,0.0,0.0,0.0,0.0,0.0
CĂN HỘ STOWN GATEWAY MẶT TIỀN QUỐC LỘ 13 - THANH TOÁN 169 TRIỆU NHẬN NHÀ - BANK HỔ TRỢ VAY 80%,"1,7 tỷ",50 m²,2,1,"Thuận An, Bình Dương"," Đường Quốc Lộ 13,  Phường Vĩnh Phú,  Thuận An,  Bình Dương",10.8723579,106.7047852,0,0.0,0.0,0.0,0.0,0.0,0.0
"NHẬN BOOKING 2 TÒA THÁP ĐÔI KEPLER LAND MỖ LAO, HÀ ĐÔNG. GIÁ 78TR/M2, HTLS 0%. CĂN 1PN - 3PN. CK 3%",Giá thỏa thuận,80 m²,2,2,"Hà Đông, Hà Nội"," Đường Vũ Trọng Khánh,  Phường Mỗ Lao,  Hà Đông,  Hà Nội",20.9821715,105.7842539,0,0.0,0.0,0.0,0.0,0.0,0.0
BÁN NHANH CĂN HỘ ĐỂ ĐI NƯỚC NGOÀI -GIÁ SIÊU TỐT - 76M2 - 2WC - 2PN - VIEW TRỰC DIỆN SÔNG HÀN,"3,89 tỷ",82 m²,2,2,"Hải Châu, Đà Nẵng","Vista Residence Da Nang, Đường Xô Viết Nghệ Tĩnh, Phường Hòa Cường Nam, Hải Châu, Đà Nẵng",16.03243564,108.2197473,0,0.0,0.0,0.0,0.0,0.0,0.0
BÁN CĂN GÓC 4 PHÒNG NGỦ 140M2 CHUNG CƯ SUNSHINE GARDEN,"6,88 tỷ",140 m²,4,3,"Hai Bà Trưng, Hà Nội"," Đường Dương Văn Bé,  Phường Vĩnh Tuy,  Hai Bà Trưng,  Hà Nội",20.99506525,105.8729502,0,0.0,0.0,0.0,0.0,0.0,0.0
"CĂN HỘ THE SUN AVENUE 2PN 2WC VIEW SÔNG THOÁNG MÁT CHỈ 5,5TỶ","5,5 tỷ",76 m²,2,2,"Quận 2, Hồ Chí Minh","The Sun Avenue, 28, Đường Mai Chí Thọ, Phường An Phú, Quận 2, Hồ Chí Minh",10.79748225,106.7524705,0,0.0,0.0,0.0,0.0,0.0,0.0
CẬP NHẬP BẢNG HÀNG CHUYỂN NHƯỢNG DỰ ÁN VINHOMES SMART CITY NGÀY 27/3/2025 QUỸ CĂN GIÁ TỐT NHẤT,Giá thỏa thuận,27 m²,1,1,"Nam Từ Liêm, Hà Nội"," Phường Tây Mỗ,  Nam Từ Liêm,  Hà Nội",21.0096762,105.7445572,0,0.0,0.0,0.0,0.0,0.0,0.0
BÁN CĂN HỘ DULEX 170M2 SUNSHINE GREEN ICONIC,"12,8 tỷ",170 m²,3,4,"Long Biên, Hà Nội","Sunshine Green Iconic, Phường Phúc Đồng, Long Biên, Hà Nội",21.0395447,105.8979468,0,0.0,0.0,0.0,0.0,0.0,0.0
"GIỎ HÀNG ĐỘC QUYỀN HƠN 99 CĂN THE RIVER THỦ THIÊM SỔ HỒNG, VIEW ĐẸP NHẤT, GIÁ TỐT NHẤT THỊ TRƯỜNG",11 tỷ,94 m²,2,2,"Quận 2, Hồ Chí Minh"," Đường Nguyễn Cơ Thạch,  Phường An Khánh,  Quận 2,  Hồ Chí Minh",10.80484845,106.7167622,0,0.0,0.0,0.0,0.0,0.0,0.0
"MỞ BÁN CHUNG CƯ CAO CẤP - HÀ NỘI MELODY - LINH ĐÀM - CHỈ TỪ 1,5 TỶ - NHẬN CK 8%. HTLS 70% TỪ CĐT","3,94 tỷ",68 m²,2,2,"Hoàng Mai, Hà Nội"," Đường Bằng Liệt,  Phường Hoàng Liệt,  Hoàng Mai,  Hà Nội",20.966795,105.824457,0,0.0,0.0,0.0,0.0,0.0,0.0
"CĂN HỘ STU, 1BR, 2BR, 3BR, DUPLEX TẠI SUN SYMPHONY | GIÁ TỪ CHỦ ĐẦU TƯ | CHIẾT KHẤU 21%",3 tỷ,"40,2 m²",1,1,"Sơn Trà, Đà Nẵng"," Đường Trần Hưng Đạo,  Phường Nại Hiên Đông ,  Sơn Trà,  Đà Nẵng",16.0847794,108.2288696,0,0.0,0.0,0.0,0.0,0.0,0.0
"CỰC HIẾM! BÁN SHOPHOUSE TẠI KĐT ÂN PHÚ, 100M2, ĐƯỜNG RỘNG 32M. GIÁ CỰC TỐT TRỰC TIẾP TỪ CHỦ ĐẦU TƯ.",Giá thỏa thuận,100 m²,6,6,"Buôn Ma Thuột, Đắk Lắk"," Đường Hà Huy Tập,  Phường Tân An,  Buôn Ma Thuột,  Đắk Lắk",12.7003254,108.0704686,0,0.0,0.0,0.0,0.0,0.0,0.0
"CHÍNH CHỦ CẦN TIỀN BÁN GẤP CĂN VỊNH TÂY 12 GIÁ 2,7 TỶ. GẦN 10 TÒA CHUNG CƯ, CHO THUÊ 30TR/ THÁNG",9 tỷ,75 m²,5,5,"Văn Giang, Hưng Yên"," Xã Nghĩa Trụ,  Văn Giang,  Hưng Yên",20.9298976,105.963275,0,0.0,0.0,0.0,0.0,0.0,0.0
"CHÍNH THỨC NHẬN BOOKING RỔ HÀNG CUỐI CÙNG CELADON CITY - CHỈ CẦN THANH TOÁN 1,3 TỈ NHẬN NHÀ Ở NGAY","5,86 tỷ",85 m²,2,2,"Tân Phú, Hồ Chí Minh","Celadon City, N1, Sơn Kỳ, Tân Phú, Hồ Chí Minh",10.80469525,106.6204799,0,0.0,0.0,0.0,0.0,0.0,0.0
"BÁN CĂN LIỀN KỀ GÓC BÌNH MINH BM09-1X - GẦN CÔNG VIÊN - 26,7 TỶ DỰ ÁN VINHOMES WONDER CITY","26,7 tỷ","122,7 m²",6,4,"Đan Phượng, Hà Nội"," Xã Tân Hội,  Đan Phượng,  Hà Nội",21.09337,105.6980589,0,0.0,0.0,0.0,0.0,0.0,0.0
"BÁN CĂN BT NAM CƯỜNG DƯƠNG NỘI HÀ ĐÔNG 212M2 SẴN SỔ HỒNG SÁT MẶT ĐƯỜNG 17,5M GIÁ 35TỶ LH 0969 524 ***",35 tỷ,212 m²,4,5,"Hà Đông, Hà Nội"," Đường Tố Hữu,  Phường Dương Nội,  Hà Đông,  Hà Nội",20.9809284,105.74637,0,0.0,0.0,0.0,0.0,0.0,0.0
"MỞ BÁN PHÂN KHU LIỀN KỀ, BIỆT THỰ VIP NHẤT DỰ ÁN SUN URBAN CITY HÀ NAM, QUÀ TẶNG CHIẾT KHẤU TỚI 17%",17 tỷ,175 m²,6,4,"Phủ Lý, Hà Nam"," Đường Lê Công Thanh,  Phường Lam Hạ,  Phủ Lý,  Hà Nam",20.5448086,105.9131808,0,0.0,0.0,0.0,0.0,0.0,0.0
"ĐỘC QUYỀN QUỸ CĂN 1N- 2N- 3N TRINITY SQUARE, HỖ TRỢ 0% LÃI SUẤT, MIỄN PHÍ DỊCH VỤ, GIÁ CHỈ TỪ 55TR","3,3 tỷ",60 m²,2,2,"Văn Giang, Hưng Yên"," Xã Nghĩa Trụ,  Văn Giang,  Hưng Yên",20.9298976,105.963275,0,0.0,0.0,0.0,0.0,0.0,0.0
CHỊ GÁI EM CẦN TIỀN NÊN MUỐN BÁN LẠI CĂN HỘ TOÀ AN BÌNH CITY 232 - PHẠM VĂN ĐỒNG,"5,85 tỷ",73 m²,2,2,"Bắc Từ Liêm, Hà Nội","An Bình City, 232, Đường Phạm Văn Đồng, Phường Cổ Nhuế 1, Bắc Từ Liêm, Hà Nội",21.05891727,105.7828288,0,0.0,0.0,0.0,0.0,0.0,0.0
"CHÍNH CHỦ BÁN CĂN HỘ 2N - 2WC TOÀ R101 PHÂN KHU RUBY CAO CẤP, FULL NỘI THẤT MỚI, SỔ ĐỎ, VIEW THOÁNG","4,35 tỷ",75 m²,2,2,"Gia Lâm, Hà Nội"," Đường Lý Thánh Tông,  Xã Dương Xá,  Gia Lâm,  Hà Nội",21.0046345,105.970087,0,0.0,0.0,0.0,0.0,0.0,0.0
ORCHARD HEIGHTS - BÁN CĂN 2PN ĐẶC BIỆT - SKY GARDEN - SÂN VƯỜN RIÊNG - QUÀ TẶNG KHUYẾN MÃI HẤP DẪN,"3,75 tỷ",75 m²,2,2,"Thủ Dầu Một, Bình Dương"," Đường Hùng Vương,  Phường Phú Mỹ,  Thủ Dầu Một,  Bình Dương",11.02003055,106.6826257,0,0.0,0.0,0.0,0.0,0.0,0.0
"CẬP NHẬT GIỎ HÀNG 1,2,3PN +SHOP Q7 SAIGON RIVERSIDE THÁNG 4/2025. CHỈ TỪ 2.5 TỶ/CĂN, HỖ TRỢ NH 70%","2,5 tỷ",53 m²,2,1,"Quận 7, Hồ Chí Minh"," Đường Đào Trí,  Phường Phú Thuận,  Quận 7,  Hồ Chí Minh",10.7343127,106.7412277,0,0.0,0.0,0.0,0.0,0.0,0.0
BÁN CĂN LK VỊNH TÂY 5 DT 70M2 HỖ TRỢ 0% LÃI SUẤT TRONG 30 THÁNG TẠI VIN OCEAN PARK 3 - GIÁ 8.8 TỶ,"8,8 tỷ",70 m²,6,4,"Văn Giang, Hưng Yên"," Xã Nghĩa Trụ,  Văn Giang,  Hưng Yên",20.9298976,105.963275,0,0.0,0.0,0.0,0.0,0.0,0.0
HOT! CĂN HỘ HAI PHÒNG NGỦ 45.5M2 | TRẢ TRƯỚC 560 TRIỆU | HAI NĂM KHÔNG CẦN ĐÓNG THÊM.,"2,5 tỷ","45,5 m²",2,1,"Văn Giang, Hưng Yên","Masteri Trinity Square , Đường Biển Xanh, Xã Nghĩa Trụ, Văn Giang, Hưng Yên",20.9298976,105.963275,0,0.0,0.0,0.0,0.0,0.0,0.0
"ALNATA PLUS 2 - 3PN, BAN CÔNG 6M. CK 17% - BAO THUẾ PHÍ + 5% SỔ. VIEW CHỮA LÀNH. MIỄN PQL","5,09 tỷ",85 m²,2,2,"Tân Phú, Hồ Chí Minh","Diamond Alnata Plus - Celadon City, N1, Sơn Kỳ, Tân Phú, Hồ Chí Minh",10.8040522,106.6206836,0,0.0,0.0,0.0,0.0,0.0,0.0
"BÁN NHÀ HOÀN CÔNG TẠI KHU ĐÔ THỊ NĂM SAO 2,56 TỶ, 100M2 ĐƯỜNG 835B, XÃ PHƯỚC LÝ","2,56 tỷ",100 m²,4,3,"Cần Giuộc, Long An","Đường 835B, Xã Phước Lý, Cần Giuộc, Long An",10.6455119,106.5746451,0,0.0,0.0,0.0,0.0,0.0,0.0
"ĐỘC QUYỀN 5 CĂN VIEW ĐẸP, GIÁ TỐT NHẤT TRONG THÁNG 3 TẠI THE OPUS ONE, CHỈ TỪ 60TR/M2 - NHANH TAY","3,24 tỷ",54 m²,2,1,"Quận 9, Hồ Chí Minh"," Phường Long Bình,  Quận 9,  Hồ Chí Minh",10.7589554,106.6730492,0,0.0,0.0,0.0,0.0,0.0,0.0
"BÁN CC 2PN, 2WC TẠI VINHOMES OCEAN PARK GIA LÂM, 3,39 TỶ, 64M2","3,39 tỷ",64 m²,2,2,"Gia Lâm, Hà Nội","Vinhomes Ocean Park Gia Lâm, Dương Xá, Gia Lâm, Hà Nội",21.0046345,105.970087,0,0.0,0.0,0.0,0.0,0.0,0.0
"HÀNG SỈ CH RICHSTAR 2 - 3PN GIÁ GIẢM SÂU, ĐỦ NỘI THẤT, NHÀ MỚI ĐẸP, XEM NHÀ 24/7, VAY NGÂN HÀNG 70%","2,8 tỷ",65 m²,2,2,"Tân Phú, Hồ Chí Minh"," Đường Hòa Bình,  Phường Hiệp Tân,  Tân Phú,  Hồ Chí Minh",10.943957,106.7420867,0,0.0,0.0,0.0,0.0,0.0,0.0
CĂN HỘ VIEW SÔNG HÀN - CAM KẾT DÒNG TIỀN 14-26 TRIỆU/THÁNG,"4,1 tỷ",82 m²,2,2,"Hải Châu, Đà Nẵng"," Đường Xô Viết Nghệ Tĩnh,  Phường Hòa Cường Nam,  Hải Châu,  Đà Nẵng",16.0324667,108.219997,0,0.0,0.0,0.0,0.0,0.0,0.0
BÁN SHOPHOUSE PHÂN LÔ 90M2 XÂY 6 TẦNG TẠI TP TỪ SƠN(CẠNH CHỢ NINH HIỆP) KHANG PHÁT DIAMOND CENTRAL,"7,7 tỷ",90 m²,8,6,"Từ Sơn, Bắc Ninh"," Đường Trần Phú,  Phường Đình Bảng,  Từ Sơn,  Bắc Ninh",21.11173943,105.9480824,0,0.0,0.0,0.0,0.0,0.0,0.0
TT 20% - NHẬN CĂN ĐẸP VIP - LỢI NHUẬN ~240TR/NĂM - TẶNG SUẤT ĐỖ Ô TÔ ĐỊNH DANH + 12TH PQL,"5,5 tỷ",85 m²,2,2,"Tân Phú, Hồ Chí Minh","Celadon City, N1, Sơn Kỳ, Tân Phú, Hồ Chí Minh",10.80469525,106.6204799,0,0.0,0.0,0.0,0.0,0.0,0.0
"MỞ BÁN CĂN HỘ CAO CẤP THE GIÓ - AN GIA GROUP, DĨ AN BÌNH DƯƠNG. NHẬN BÁO GIÁ & CHÍNH SÁCH MỚI NHẤT",Giá thỏa thuận,"40,84 m²",1,1,"Dĩ An, Bình Dương"," Đường Vành Đai 3,  Phường Bình Thắng,  Dĩ An,  Bình Dương",10.89908843,106.8237522,0,0.0,0.0,0.0,0.0,0.0,0.0
SIÊU ĐẸP CĂN HỘ 3PN ĐẲNG CẤP TẦNG CAO NHƯ CĂN PENTHOUSE CÓ 1 0 2 CỦA DỰ ÁN SYMPHONY 0905 444 *** TÂN,"8,9 tỷ",99 m²,3,2,"Sơn Trà, Đà Nẵng"," Đường Trần Hưng Đạo,  Phường Nại Hiên Đông ,  Sơn Trà,  Đà Nẵng",16.0847794,108.2288696,0,0.0,0.0,0.0,0.0,0.0,0.0
BÁN NHANH CĂN GÓC 2N + FULL NỘI THẤT TẦNG 24 VIEW BỂ BƠI PHÂN KHU THE SAPPHIRE,Giá thỏa thuận,"64,7 m²",3,2,"Nam Từ Liêm, Hà Nội"," Phường Tây Mỗ,  Nam Từ Liêm,  Hà Nội",21.0096762,105.7445572,0,0.0,0.0,0.0,0.0,0.0,0.0
ĐẶT CHỖ CĂN HỘ 5 SAO VIEW BIỂN ĐẸP NHẤT SUN CÁT BÀ - ĐẲNG CẤP ĐẦU TƯ ĐẦU NĂM 2025 MỞ BÁN ĐỢT 1,Giá thỏa thuận,31 m²,1,1,"Cát Hải, Hải Phòng"," Thị trấn Cát Bà,  Cát Hải,  Hải Phòng",20.7321058,107.0483333,0,0.0,0.0,0.0,0.0,0.0,0.0
"QUỸ CĂN SIÊU VIP TOWNHOUSE, BIỆT THỰ MẶT SÔNG HÀN, NGẮM PHÁO HOA ĐÀ NẴNG CK 12,5% TỪ CĐT SUN GROUP","15,34 tỷ",108 m²,5,6,"Sơn Trà, Đà Nẵng"," Đường Trần Hưng Đạo,  Phường Nại Hiên Đông ,  Sơn Trà,  Đà Nẵng",16.0847794,108.2288696,0,0.0,0.0,0.0,0.0,0.0,0.0
"ĐỘC QUYỀN GIỎ HÀNG GIÁ TỐT NHẤT ORIGAMI, CK LÊN ĐẾN 25%, TẶNG GÓI NỘI THẤT LÊN ĐẾN 250TR","2,84 tỷ",68 m²,2,2,"Quận 9, Hồ Chí Minh","The Origami - Vinhomes Grand Park, Phước Thiện, Long Bình, Quận 9, Hồ Chí Minh",10.7589554,106.6730492,0,0.0,0.0,0.0,0.0,0.0,0.0
"GIỎ HÀNG ĐỘC QUYỀN F0 TỪ CĐT CÁC SẢN PHẨM CĂN HỘ, DUPLEX, TOWNHOUSE, SHOPHOUSE, BIỆT THỰ VEN SÔNG",Giá thỏa thuận,88 m²,2,2,"Sơn Trà, Đà Nẵng"," Đường Trần Hưng Đạo,  Phường Nại Hiên Đông ,  Sơn Trà,  Đà Nẵng",16.0847794,108.2288696,0,0.0,0.0,0.0,0.0,0.0,0.0
CĂN HỘ 1PN + QUỸ CĂN NGOẠI GIAO - VIEW TRỰC DIỆN SÔNG HÀN & PHÁO HOA - DUY NHẤT CÒN LẠI,"5,59 tỷ","59,6 m²",2,1,"Sơn Trà, Đà Nẵng"," Đường Trần Hưng Đạo,  Phường Nại Hiên Đông ,  Sơn Trà,  Đà Nẵng",16.0847794,108.2288696,0,0.0,0.0,0.0,0.0,0.0,0.0
BÁN GẤP BIỆT THỰ TỨ LẬP ÁNH DƯƠNG 120M2 VIEW HỒ SIÊU RẺ HTLS 30 THÁNG LH 0919 579 ***,"18,1 tỷ",120 m²,4,3,"Văn Giang, Hưng Yên"," Xã Nghĩa Trụ,  Văn Giang,  Hưng Yên",20.9298976,105.963275,0,0.0,0.0,0.0,0.0,0.0,0.0
"GIỎ HÀNG ĐỘC QUYỀN TRƯỞNG PHÒNG KINH DOANH SUN GROUP - CĂN HỘ, SHOPHOUSE, VILLA GIÁ CHỈ TỪ 3 TỶ","4,47 tỷ",71 m²,2,2,"Sơn Trà, Đà Nẵng"," Đường Trần Hưng Đạo,  Phường Nại Hiên Đông ,  Sơn Trà,  Đà Nẵng",16.0847794,108.2288696,0,0.0,0.0,0.0,0.0,0.0,0.0
"ĐỘC QUYỀN GIỎ HÀNG GIÁ TỐT NHẤT BEVERLY SOLARI, CK LÊN ĐẾN 17.3%, TẶNG GÓI NỘI THẤT LÊN ĐẾN 200TR","3,16 tỷ",67 m²,2,2,"Quận 9, Hồ Chí Minh"," Phường Long Bình,  Quận 9,  Hồ Chí Minh",10.7589554,106.6730492,0,0.0,0.0,0.0,0.0,0.0,0.0
CĂN HỘ VIEW SÔNG THẢO ĐIỀN GREEN - GIỎ HÀNG CĐT - CK 8% - HTLS 24 THÁNG - MIỄN PHÍ PQL ĐẾN 08/2026,23 tỷ,109 m²,3,2,"Quận 2, Hồ Chí Minh"," Đường Nguyễn Văn Hưởng,  Phường Thảo Điền,  Quận 2,  Hồ Chí Minh",10.81604325,106.7282586,0,0.0,0.0,0.0,0.0,0.0,0.0
"CC MASTERI GRAND AVENUE, GIÁ DỰ KIẾN 3,5 TỶ, 28M2, 1PN, 1WC, TÂY BẮC, ĐÔNG NAM",Giá thỏa thuận,28 m²,1,1,"Đông Anh, Hà Nội"," Đường Trường Sa,  Xã Đông Hội,  Đông Anh,  Hà Nội",21.09922938,105.8564629,0,0.0,0.0,0.0,0.0,0.0,0.0
"CĂN HỘ THE GIÓ RIVERSIDE GIÁ RẺ CHỈ 160TR SỞ HỮU NGAY, TẶNG 50TR + 1 CHỈ VÀNG KHI BOOKING",Giá thỏa thuận,"65,5 m²",2,2,"Dĩ An, Bình Dương","The Gió Riverside, Số 935, Đường ĐT 743A, Phường Bình Thắng, Dĩ An, Bình Dương",10.90155585,106.8317875,0,0.0,0.0,0.0,0.0,0.0,0.0
"BÁN CĂN HỘ 2PN, 2WC FULL NT TẠI THẢO ĐIỀN GREEN, NGUYỄN VĂN HƯỞNG, Q2, GIÁ 10,692 TỶ, 83,7M2","10,69 tỷ","83,7 m²",2,2,"Quận 2, Hồ Chí Minh","Thảo Điền Green, Nguyễn Văn Hưởng, Thảo Điền, Quận 2, Hồ Chí Minh",10.81604325,106.7282586,0,0.0,0.0,0.0,0.0,0.0,0.0
"CĂN 1PN + VIEW ĐẸP NHẤT DỰ ÁN TRINITY SQUARE, GIÁ CHỈ 55TR/M2","2,53 tỷ","45,7 m²",1,1,"Văn Giang, Hưng Yên","Masteri Trinity Square , Đường Biển Xanh, Xã Nghĩa Trụ, Văn Giang, Hưng Yên",20.9298976,105.963275,0,0.0,0.0,0.0,0.0,0.0,0.0
"SHOCK MASTERI 52TR/M2 LẦN ĐẦU CÓ TẠI VIỆT NAM, VIEW CÔNG VIÊN VÀ NGẮM PHÁO HOA TẠI NHÀ",Giá thỏa thuận,"45,6 m²",1,1,"Văn Giang, Hưng Yên"," Xã Nghĩa Trụ,  Văn Giang,  Hưng Yên",20.9298976,105.963275,0,0.0,0.0,0.0,0.0,0.0,0.0
[FLY CAM QUAY RÕ CĂN] THOẢ MÃN 100% KH NHỮNG CĂN VIP NHẤT THANH XUÂN VALLEY CHƯA TỪNG ĐƯỢC CÔNG BỐ,13 tỷ,400 m²,5,5,"Phúc Yên, Vĩnh Phúc"," Xã Ngọc Thanh,  Phúc Yên,  Vĩnh Phúc",21.2332705,105.7035505,0,0.0,0.0,0.0,0.0,0.0,0.0
"CHỈ VỚI 1,6 TỶ SỞ HỮU NGAY CĂN HỘ THE GIÓ DĨ AN XA LỘ HÀ NỘI - THANH TOÁN CHẬM 0% LÃI SUẤT + GỐC",Giá thỏa thuận,65 m²,2,2,"Dĩ An, Bình Dương","The Gió Riverside, Đường Vành Đai 3, Phường Bình Thắng, Dĩ An, Bình Dương",10.89908843,106.8237522,0,0.0,0.0,0.0,0.0,0.0,0.0
"CĂN HỘ KEPLER LAND MỖ LAO GIÁ CHỈ TỪ 78TR/M2, 3 HẦM ĐỂ XE, NHẬN NHÀ Q3/2026 HTLS 18T MIỄN PDV 2 NĂM",Giá thỏa thuận,45 m²,1,1,"Hà Đông, Hà Nội"," Đường Vũ Trọng Khánh,  Phường Mỗ Lao,  Hà Đông,  Hà Nội",20.9821715,105.7842539,0,0.0,0.0,0.0,0.0,0.0,0.0
"QUỸ CĂN TỪ STUDIO, 1PN-3PN CHÍNH CHỦ, PHÁP LÝ RÕ RÀNG, GIÁ TỐT NHẤT TẠI VINHOMES OCEAN PARK GIA LÂM","2,15 tỷ",47 m²,1,1,"Gia Lâm, Hà Nội"," Xã Dương Xá,  Gia Lâm,  Hà Nội",21.0046345,105.970087,0,0.0,0.0,0.0,0.0,0.0,0.0
"BÁN CC THE RIVANA 2PN, 2WC, 73M2 GIÁ SIÊU HỜI TẠI QUỐC LỘ 13, THUẬN AN, BÌNH DƯƠNG","2,59 tỷ",73 m²,2,2,"Thuận An, Bình Dương"," Đường Quốc Lộ 13,  Phường Vĩnh Phú,  Thuận An,  Bình Dương",10.8723579,106.7047852,0,0.0,0.0,0.0,0.0,0.0,0.0
MỞ BÁN GIỎ HÀNG THÁP CAO CẤP NHẤT A4 CỦA CĂN HỘ HẠNG SANG EATON PARK GIÁ CHỈ TỪ 180TR/M2,"14,22 tỷ",79 m²,2,2,"Quận 2, Hồ Chí Minh","Eaton Park, Mai Chí Thọ, An Phú, Quận 2, Hồ Chí Minh",10.795478,106.7365254,0,0.0,0.0,0.0,0.0,0.0,0.0
"CĂN CENTERY C1 - DT 121M2 CÓ 2 BAN CÔNG, GIÁ 7TY7 (102%)","7,7 tỷ",121 m²,3,3,"Tân Phú, Hồ Chí Minh"," Đường N1,  Phường Sơn Kỳ,  Tân Phú,  Hồ Chí Minh",10.80369491,106.6148742,0,0.0,0.0,0.0,0.0,0.0,0.0
"HOT! TỔNG HỢP RỔ HÀNG BCONS CITY, GIÁ TRỰC TIẾP CĐT, SANG NHƯỢNG, Ở LIỀN - CAM KẾT GIÁ TỐT NHẤT","1,9 tỷ",52 m²,2,2,"Dĩ An, Bình Dương"," Đường Thống Nhất,  Phường Đông Hòa,  Dĩ An,  Bình Dương",10.8946458,106.7811372,0,0.0,0.0,0.0,0.0,0.0,0.0
2N LUMIERE SPRINGBAY - VIEW HỒ TẠO SÓNG 18HA. TTS CHỈ 70TR/M2. HTLS 0% ĐẾN 31/6/2027,"4,24 tỷ","60,5 m²",2,2,"Văn Giang, Hưng Yên"," Xã Nghĩa Trụ,  Văn Giang,  Hưng Yên",20.9298976,105.963275,0,0.0,0.0,0.0,0.0,0.0,0.0
"GIỎ HÀNG ĐỘC QUYỀN F0 MỚI NHẤT CHỦ ĐẦU TƯ SUN GROUP, QUỸ CĂN LIỀN KỀ VÀ CĂN GÓC VỊ TRÍ SIÊU ĐẸP",Giá thỏa thuận,108 m²,5,6,"Sơn Trà, Đà Nẵng"," Đường Trần Hưng Đạo,  Phường Nại Hiên Đông ,  Sơn Trà,  Đà Nẵng",16.08516825,108.2288678,0,0.0,0.0,0.0,0.0,0.0,0.0
"BÁN BT 5 TẦNG, 80M2 TẠI THE CROWN - VINHOMES OCEAN PARK 3, 11 TỶ VND",11 tỷ,80 m²,10,5,"Văn Giang, Hưng Yên"," Xã Nghĩa Trụ,  Văn Giang,  Hưng Yên",20.9298976,105.963275,0,0.0,0.0,0.0,0.0,0.0,0.0
BÁN BIỆT THỰ CIPUTRA THÁNG 3 TỐT NHẤT. LIÊN HỆ MS HIỀN 0912 705 ***,61 tỷ,230 m²,6,5,"Tây Hồ, Hà Nội"," Phường Phú Thượng,  Tây Hồ,  Hà Nội",21.081992,105.8073736,0,0.0,0.0,0.0,0.0,0.0,0.0
"BÁN NHÀ RIÊNG TẠI THÁI HÀ, PHÂN LÔ, ÔTÔ TRÁNH, NGÕ THÔNG, KINH DOANH, DT 54M2, 5T, MT RỘNG, GIÁ TỐT","19,25 tỷ",44 m²,6,3,"Đống Đa, Hà Nội","Phố Thái Hà, Phường Trung Liệt, Đống Đa, Hà Nội",21.01060316,105.8223619,0,0.0,0.0,0.0,0.0,0.0,0.0
"CHỈ CÒN VÀI SUẤT CK 21% GIỎ HÀNG ĐỘC QUYỀN SUN SYMPHONY RESIDENCE, VIEW PHÁO HOA, TIỀM NĂNG ĐẦU TƯ","5,5 tỷ",100 m²,3,3,"Sơn Trà, Đà Nẵng"," Đường Trần Hưng Đạo,  Phường Nại Hiên Đông ,  Sơn Trà,  Đà Nẵng",16.08516825,108.2288678,0,0.0,0.0,0.0,0.0,0.0,0.0
"CHỈ 10 SUẤT ĐẶT CHỖ BOOKING ƯU TIÊN, ƯU ĐÃI BT VIEW HỒ - SƯỜN ĐỒI DỰ ÁN THANH XUÂN VALLEY ĐẠI LẢI",13 tỷ,354 m²,5,6,"Phúc Yên, Vĩnh Phúc"," Xã Ngọc Thanh,  Phúc Yên,  Vĩnh Phúc",21.2332705,105.7035505,0,0.0,0.0,0.0,0.0,0.0,0.0
"ĐỘC QUYỀN QUỸ CĂN THIÊN NGA 75M2 SÁT TRƯỜNG VÀ QUẢNG TRƯỜNG CÔNG VIÊN HỒ, ĐƠN GIÁ RẺ, LH 0946 455 ***","21,7 tỷ",75 m²,4,4,"Đông Anh, Hà Nội"," Đường Cổ Loa,  Xã Đông Hội,  Đông Anh,  Hà Nội",21.13968625,105.8518553,0,0.0,0.0,0.0,0.0,0.0,0.0
CHIẾT KHẤU 21% DUY NHẤT TRONG THÁNG 3 CĂN HỘ 5* SUN SYMPHONY MẶT SÔNG HÀN ĐÀ NẴNG PKD : 0932 464 ***,3 tỷ,"46,3 m²",2,2,"Sơn Trà, Đà Nẵng"," Đường Trần Hưng Đạo,  Phường Nại Hiên Đông ,  Sơn Trà,  Đà Nẵng",16.08516825,108.2288678,0,0.0,0.0,0.0,0.0,0.0,0.0
"GIỎ HÀNG 300 CĂN NHÀ PHỐ BIỆT THỰ VINHOMES GRAND PARK GIÁ ĐẦU TƯ, LIÊN HỆ: 0901 002 *** MR SINH",Giá thỏa thuận,180 m²,5,5,"Quận 9, Hồ Chí Minh"," Phường Long Thạnh Mỹ,  Quận 9,  Hồ Chí Minh",10.7589554,106.6730492,0,0.0,0.0,0.0,0.0,0.0,0.0
"CHÍNH CHỦ, CẦN BÁN NHÀ BIỆT THỰ PHONG CÁCH TÂN CỔ ĐIỂN. ĐẸP, RỘNG THOÁNG, KIÊN CỐ, GIÁ TỐT","16,7 tỷ",230 m²,4,4,"Thủ Đức, Hồ Chí Minh","Đường Số 35, Phường Hiệp Bình Chánh, Thủ Đức, Hồ Chí Minh",10.84002394,106.7309178,0,0.0,0.0,0.0,0.0,0.0,0.0
"OPAL BOULEVARD 2PN2WC BÁN 2.65TỶ (CHỦ THÂN GỬI GIÁ TỐT) CÓ SỔ, CÓ HỖ TRỢ VAY BANK 0706 679 ***","2,65 tỷ",73 m²,2,2,"Dĩ An, Bình Dương"," Đường Phạm Văn Đồng,  Phường Bình An,  Dĩ An,  Bình Dương",10.9026126,106.8039566,0,0.0,0.0,0.0,0.0,0.0,0.0
"TT AVIO SUẤT NỘI BỘ 3 CĂN HOA HẬU VIEW ĐẸP, GIÁ BÁN VÀ CHÍNH SÁCH ƯU ĐÃI TỐT NHẤT 0914 570 ***","1,23 tỷ",40 m²,1,1,"Dĩ An, Bình Dương"," Đường Tỉnh lộ 743C,  Phường Tân Đông Hiệp,  Dĩ An,  Bình Dương",10.9214709,106.7668045,0,0.0,0.0,0.0,0.0,0.0,0.0
"CHÍNH CHỦ CẦN BÁN CĂN 2PN TÒA BEVERLY ĐẸP NHẤT PHÂN KHU, VIEW THÁC NƯỚC NỘI KHU","3,44 tỷ","62,6 m²",2,2,"Gia Lâm, Hà Nội"," Xã Đa Tốn,  Gia Lâm,  Hà Nội",20.9862042,105.930004,0,0.0,0.0,0.0,0.0,0.0,0.0
"OPAL SKYLINE SỔ HỒNG SẴN GIÁ TỐT: STUDIO 1TỶ150, 2PN 1TỶ699, 3PN 2TỶ390","1,7 tỷ",65 m²,2,2,"Thuận An, Bình Dương"," Đường Nguyễn Văn Tiết,  Phường Lái Thiêu,  Thuận An,  Bình Dương",10.9112291,106.7029705,0,0.0,0.0,0.0,0.0,0.0,0.0
"CHỈ TỪ 900TR SỞ HỮU NGAY SHOPHOUSE TẠI HIM LAM CENTRAL PARK AN HỒNG, HẢI PHÒNG",Giá thỏa thuận,60 m²,4,4,"Hồng Bàng, Hải Phòng"," Phường An Hồng,  Hồng Bàng,  Hải Phòng",20.9114976,106.6069507,0,0.0,0.0,0.0,0.0,0.0,0.0
"CH PHÚ ĐÔNG SKY GARDEN 2,79 TỶ 2PN2WC NT CAO CẤP.VIEW ĐẸP, PHÙ HỢP MUA Ở HOẶC ĐẦU TƯ.LH: 0969 790 ***","2,79 tỷ",70 m²,2,2,"Dĩ An, Bình Dương"," Đường An Bình,  Phường An Bình,  Dĩ An,  Bình Dương",10.87141891,106.7551239,0,0.0,0.0,0.0,0.0,0.0,0.0
"CHÍNH CHỦ BÁN NHÀ GÓC 2 MẶT TIỀN 530 LÊ VĂN SỸ, QUẬN 3 (5,4MX24M) DIỆN TÍCH THỰC 135M2, GIÁ: 49 TỶ",49 tỷ,135 m²,5,5,"Quận 3, Hồ Chí Minh","530, Đường Lê Văn Sỹ, Phường 14, Quận 3, Hồ Chí Minh",10.78940022,106.6750499,0,0.0,0.0,0.0,0.0,0.0,0.0
"BÁN SHOPHOUSE 120M2 TẠI CĂN HỘ 8X PLUS TRƯỜNG CHINH, GIÁ ƯU ĐÃI 3,8 TỶ VND","3,8 tỷ",120 m²,1,2,"Quận 12, Hồ Chí Minh"," Đường Trường Chinh,  Phường Tân Thới Nhất,  Quận 12,  Hồ Chí Minh",10.82861345,106.6179298,0,0.0,0.0,0.0,0.0,0.0,0.0
"QUAN TRỌNG! CHÍNH THỨC MỞ BÁN TOÀ OPUS ONE OS2 TRỰC TIẾP CĐT, CÒN 5 SUẤT CHIẾT KHẤU 11% + XE VF3","6,9 tỷ",110 m²,3,2,"Quận 9, Hồ Chí Minh"," Phường Long Bình,  Quận 9,  Hồ Chí Minh",10.7589554,106.6730492,0,0.0,0.0,0.0,0.0,0.0,0.0
"BÁN BIỆT THỰ 5PN, 4WC, 250M2 TẠI VINHOMES CỔ LOA, GIÁ 17,9 TỶ VND","17,9 tỷ",63 m²,5,4,"Đông Anh, Hà Nội"," Đường Cổ Loa,  Xã Đông Hội,  Đông Anh,  Hà Nội",21.13968625,105.8518553,0,0.0,0.0,0.0,0.0,0.0,0.0
"BÁN NHÀ LÔ GÓC, 2 MẶT TIỀN, KINH DOANH ĐỈNH, MẶT PHỐ TIẾN THÀNH, DƯƠNG NỘI, HÀ ĐÔNG, HÀ NỘI","17,7 tỷ",50 m²,9,8,"Hà Đông, Hà Nội","Đường Tiến Thành, Phường Dương Nội, Hà Đông, Hà Nội",20.99032652,105.7421362,0,0.0,0.0,0.0,0.0,0.0,0.0
BOOKING 50TR CHIẾT KHẤU 50TR. GIỎ HÀNG ĐỘC QUYỀN CĐT ƯU TIÊN CHỌN CĂN ĐẸP. LIÊN HỆ 0938 552 ***,Giá thỏa thuận,65 m²,2,2,"Dĩ An, Bình Dương"," Đường Vành Đai 3,  Phường Bình Thắng,  Dĩ An,  Bình Dương",10.89908843,106.8237522,0,0.0,0.0,0.0,0.0,0.0,0.0
"ĐẦU TƯ CHẮC THẮNG, AN CƯ LÝ TƯỞNG TẠI CĂN HỘ THE HABITAT BINH DUONG - ƯU ĐÃI CHIẾT KHẤU LÊN ĐẾN 10%","3,54 tỷ",77 m²,2,2,"Thuận An, Bình Dương","The Habitat Binh Duong, Hữu Nghị, Bình Hòa, Thuận An, Bình Dương",10.92471764,106.724527,0,0.0,0.0,0.0,0.0,0.0,0.0
"SỞ HỮU CĂN HỘ BIỂN MIA CENTER POINT CHỈ VỚI 580TR(20%) KÝ HĐMB, TẶNG 10 CHỈ VÀNG + CHIẾT KHẤU 9%",Giá thỏa thuận,70 m²,2,2,"Liên Chiểu, Đà Nẵng"," Đường Ngô Thì Nhậm,  Phường Hòa Khánh Bắc,  Liên Chiểu,  Đà Nẵng",16.0765052,108.1488365,0,0.0,0.0,0.0,0.0,0.0,0.0
"CHÍNH THỨC CÓ GIÁ TRẦN CĂN HỘ SUN CÁT BÀ, VỐN BAN ĐẦU CHỈ 500TR. L/H EM YẾN NHẬN TT QUỸ CĂN CĂN VIP",Giá thỏa thuận,31 m²,1,1,"Cát Hải, Hải Phòng"," Thị trấn Cát Bà,  Cát Hải,  Hải Phòng",20.7321058,107.0483333,0,0.0,0.0,0.0,0.0,0.0,0.0
"BÁN CC THE GIÓ RIVERSIDE, DỰ KIẾN 40 TRIỆU/M2, 42M2, 1PN, 1WC, DĨ AN, BÌNH DƯƠNG, SIÊU HOT",Giá thỏa thuận,42 m²,1,1,"Dĩ An, Bình Dương"," Đường Vành Đai 3,  Phường Bình Thắng,  Dĩ An,  Bình Dương",10.89908843,106.8237522,0,0.0,0.0,0.0,0.0,0.0,0.0
FULL RỔ HÀNG CĐT CHÍNH SÁCH VAY 2 NĂM K GỐC LÃI/ TẶNG 150-600TR/ 1 NĂM PQL. VÀ GIỎ CĂN SANG NHƯỢNG,"4,96 tỷ",83 m²,2,2,"Thủ Đức, Hồ Chí Minh"," Đường Số 6,  Phường Hiệp Bình Phước,  Thủ Đức,  Hồ Chí Minh",10.84293724,106.7203797,0,0.0,0.0,0.0,0.0,0.0,0.0
"FULL GIỎ HÀNG CHUYỂN NHƯỢNG - NHÀ PHỐ THE GLOBAL CITY T3/2025 MỚI NHẤT - 1 CĂN DUY NHẤT GIÁ 35,6 TỶ","35,6 tỷ",95 m²,5,5,"Quận 2, Hồ Chí Minh"," Đường Đỗ Xuân Hợp,  Phường An Phú,  Quận 2,  Hồ Chí Minh",10.7365876,106.7120245,0,0.0,0.0,0.0,0.0,0.0,0.0
"ĐÃ CÓ SỔ CHÍNH CHỦ CẦN BÁN CĂN 2PN 74M GIÁ 5,6TỶ VÀ 80M2 6.XTỶ NHẬN NHÀ SANG TÊN SỔ NGAY 0943 223 ***",Giá thỏa thuận,80 m²,2,2,"Long Biên, Hà Nội"," Phường Phúc Đồng,  Long Biên,  Hà Nội",21.0395447,105.8979468,0,0.0,0.0,0.0,0.0,0.0,0.0
SIÊU PHẨM STUDIO MẶT SÔNG HÀN CUỐI CÙNG CHIẾT KHẤU 21% TỪ CĐT SUNGROUP ĐÀ NẴNG - 0934 702 *** QLDA,"3,6 tỷ","34,8 m²",1,1,"Sơn Trà, Đà Nẵng"," Đường Trần Hưng Đạo,  Phường Nại Hiên Đông ,  Sơn Trà,  Đà Nẵng",16.08516825,108.2288678,0,0.0,0.0,0.0,0.0,0.0,0.0
BÁN QUỸ BIỆT THỰ ÁNH DƯƠNG GIÁ RẺ NHẤT THỊ TRƯỜNG DT 120M2 GIÁ 17.5 TỶ,"17,8 tỷ",120 m²,6,5,"Văn Giang, Hưng Yên"," Xã Nghĩa Trụ,  Văn Giang,  Hưng Yên",20.9298976,105.963275,0,0.0,0.0,0.0,0.0,0.0,0.0
"BÁN CĂN HỘ CHUNG CƯ GIÁ TỐT 4,45 TỶ, 70M2 TẠI CỔ NHUẾ 2, BẮC TỪ LIÊM, HÀ NỘI","4,5 tỷ",70 m²,2,2,"Bắc Từ Liêm, Hà Nội","nhà ở cho CBCS Bộ công an , Đường Phạm Văn Đồng, Phường Cổ Nhuế 2, Bắc Từ Liêm, Hà Nội",21.05891727,105.7828288,0,0.0,0.0,0.0,0.0,0.0,0.0
"LỖ HỔNG ĐẦU TƯ - CHUNG CƯ MASTERIES, ĐỐI DIỆN CÔNG VIÊN TRUNG TÂM VÀ SÂN GOLF",Giá thỏa thuận,63 m²,2,2,"Văn Giang, Hưng Yên"," Xã Long Hưng,  Văn Giang,  Hưng Yên",20.942226,105.957565,0,0.0,0.0,0.0,0.0,0.0,0.0
"BÁN NHANH QUỸ CĂN 3PN VÀ DUPLEX TẠI DỰ ÁN VIHA LECIVA 107 NGUYÊN TUÂN GIÁ TỐT, CHIẾT KHẤU CAO",Giá thỏa thuận,93 m²,3,2,"Thanh Xuân, Hà Nội","Viha Complex, 107, Đường Nguyễn Tuân, Phường Thanh Xuân Trung, Thanh Xuân, Hà Nội",20.9957616,105.8054269,0,0.0,0.0,0.0,0.0,0.0,0.0
"CHUYỂN NHƯỢNG - SUẤT NGOẠI GIAO - GIÁ TỐT NHẤT THỊ TRƯỜNG, 3.1 TỶ/2PN, ĐÃ CÓ LỊCH NHẬN NHÀ","3,1 tỷ",76 m²,2,2,"Vũng Tàu, Bà Rịa Vũng Tàu"," Đường Nguyễn Hữu Cảnh,  Phường Nguyễn An Ninh,  Vũng Tàu,  Bà Rịa Vũng Tàu",10.37702668,107.1126643,0,0.0,0.0,0.0,0.0,0.0,0.0
"GIỎ HÀNG CH GIÁ RẺ DREAM HOME QUẬN 8 - GIÁ ĐẦU TƯ - 1,490 TỶ/CĂN 2PN FULL PHÁP LÝ","1,49 tỷ",56 m²,2,2,"Quận 8, Hồ Chí Minh","Dream Home Riverside, Nguyễn Văn Linh, 7, Quận 8, Hồ Chí Minh",10.6970203,106.6220128,0,0.0,0.0,0.0,0.0,0.0,0.0
"ĐỘC QUYỀN QUỸ CĂN 2-3-4PN CẦN BÁN GẤP, CẮT LỖ TẠI GOLDMARK CITY -CẬP NHẬT HÀNG NGÀY. LH: 0399 028 ***","6,6 tỷ",110 m²,3,2,"Bắc Từ Liêm, Hà Nội"," Đường Hồ Tùng Mậu,  Phường Phú Diễn,  Bắc Từ Liêm,  Hà Nội",21.04106732,105.7634152,0,0.0,0.0,0.0,0.0,0.0,0.0
"BÁN CĂN DUPLEX 300M2 4PN, VIEW TRỌN VẸN HỒ TÂY VÀ SÔNG HỒNG - DỰ ÁN HERITAGE WESTLAKE TÂY HỒ",Giá thỏa thuận,300 m²,4,4,"Tây Hồ, Hà Nội"," Đường Lạc Long Quân,  Phường Phú Thượng,  Tây Hồ,  Hà Nội",21.07332352,105.8127116,0,0.0,0.0,0.0,0.0,0.0,0.0
"CẦN BÁN GẤP BIỆT THỰ PHỐ 7 TẦNG HIỆN ĐẠI 14,5*18M, 69 TỶ TL, KHU ETOWN CỘNG HÒA T. BÌNH, 0902 499 ***",69 tỷ,261 m²,8,10,"Tân Bình, Hồ Chí Minh","Số nhà 25, Đường Lê Văn Huân, Phường 13, Tân Bình, Hồ Chí Minh",10.80402874,106.6404087,0,0.0,0.0,0.0,0.0,0.0,0.0
"CHỦ NHÀ XỞI LỞI BÁN NHANH 3PN + 2VS, ĐÔNG NAM, VIEW HỒ) - GIÁ 6.1X TỶ BAO PHÍ, TẶNG 2 CHỈ VÀNG","6,1 tỷ",96 m²,3,2,"Long Biên, Hà Nội"," Phường Ngọc Thụy,  Long Biên,  Hà Nội",21.0601064,105.8670441,0,0.0,0.0,0.0,0.0,0.0,0.0
"THE OPERA THỦ THIÊM: FULL GIỎ HÀNG CHUYỂN NHƯỢNG MỚI NHẤT, 2PN 71M2 CHỈ 19 TỶ. GIÁ TỐT NHẤT DỰ ÁN!",19 tỷ,71 m²,2,2,"Quận 2, Hồ Chí Minh"," Đường Đại Lộ Vòng Cung,  Phường Thủ Thiêm,  Quận 2,  Hồ Chí Minh",10.80484845,106.7167622,0,0.0,0.0,0.0,0.0,0.0,0.0
"GIỎ HÀNG CĐT TTOÁN 10% NHẬN NHÀ, CHUYỂN NHƯỢNG 2PN 2WC TỪ 2TỶ49, NGÂN HÀNG HỖ TRỢ 70% LH 0909 272 ***","2,49 tỷ","73,79 m²",2,2,"Thuận An, Bình Dương"," Đường Quốc Lộ 13,  Phường Vĩnh Phú,  Thuận An,  Bình Dương",10.8723579,106.7047852,0,0.0,0.0,0.0,0.0,0.0,0.0
BÁN BIỆT THỰ TỨ LẬP 120M2 NGAY SÁT CÔNG VIÊN NƯỚC 12HA THIẾT KẾ SIÊU ĐẸP,18 tỷ,120 m²,5,3,"Văn Giang, Hưng Yên"," Xã Nghĩa Trụ,  Văn Giang,  Hưng Yên",20.9298976,105.963275,0,0.0,0.0,0.0,0.0,0.0,0.0
"CHỈ 1,6 TỶ SỞ HỮU CĂN HỘ THE GIÓ RIVERSIDE DĨ AN - THANH TOÁN DỄ DÀNG, 0% LÃI SUẤT + GỐC!",Giá thỏa thuận,40 m²,1,1,"Dĩ An, Bình Dương"," Đường Vành Đai 3,  Phường Bình Thắng,  Dĩ An,  Bình Dương",10.89908843,106.8237522,0,0.0,0.0,0.0,0.0,0.0,0.0
"CHÍNH CHỦ BÁN GẤP 6 TỶ 500 TRIỆU NHÀ TRỆT HẺM CMT8, PHƯỜNG 11, QUẬN 3, SỔ HỒNG CÔNG NHẬN 82M2 ĐẤT","6,5 tỷ",82 m²,2,2,"Quận 3, Hồ Chí Minh","Hẻm 618 Đường Cách Mạng Tháng Tám, Phường 11, Quận 3, Hồ Chí Minh",10.7862202,106.6698217,0,0.0,0.0,0.0,0.0,0.0,0.0
"ĐỘC QUYỀN CĂN 3PN GLORY HEIGHT GIÁ RẺ NHẤT HIỆN TẠI CHỈ 4,1 TỶ. LIÊN HỆ EM NGAY Ạ 0906 336 ***",4 tỷ,82 m²,3,2,"Quận 9, Hồ Chí Minh"," Phường Long Thạnh Mỹ,  Quận 9,  Hồ Chí Minh",10.7589554,106.6730492,0,0.0,0.0,0.0,0.0,0.0,0.0
"ĐỘC QUYỀN MÃ CĂN 1PN+ , VIEW HOA HẬU, MÃ CĂN SIÊU HIẾM TẠI PHÂN KHU BEVERLY, GIÁ CỰC TỐT",3 tỷ,54 m²,1,1,"Quận 9, Hồ Chí Minh"," Phường Long Bình,  Quận 9,  Hồ Chí Minh",10.7589554,106.6730492,0,0.0,0.0,0.0,0.0,0.0,0.0
CẬP NHẬT QUỸ CĂN CHUYỂN NHƯỢNG SUNSHINE CITY CIPUTRA THÁNG 3/2025 (2PN + 3PN + DUPLEX) GIÁ CHUẨN,"5,8 tỷ",80 m²,2,2,"Bắc Từ Liêm, Hà Nội"," Phường Đông Ngạc,  Bắc Từ Liêm,  Hà Nội",21.0887962,105.7852886,0,0.0,0.0,0.0,0.0,0.0,0.0
"NHÀ PHỐ TRUNG KÍNH 70M2 SỔ ĐỎ CHÍNH CHỦ, 5 TẦNG HOÀN THIỆN ĐẸP FULL NỘI THẤT MANG QUẦN ÁO ĐẾN LÀ Ở",32 tỷ,70 m²,3,3,"Cầu Giấy, Hà Nội","193 Phố Trung Kính, Phường Yên Hòa, Cầu Giấy, Hà Nội",21.01665806,105.7939798,0,0.0,0.0,0.0,0.0,0.0,0.0
"(CỰC HOT) 10 CĂN TẦNG ĐẸP NHẤT DỰ ÁN THE CHARM AN HƯNG, GIÁ GỐC CĐT, CHIẾT KHẤU CAO","5,33 tỷ",72 m²,2,2,"Hà Đông, Hà Nội"," Đường Tố Hữu,  Phường La Khê,  Hà Đông,  Hà Nội",20.9696783,105.7601018,0,0.0,0.0,0.0,0.0,0.0,0.0
"QUỸ NGOẠI GIAO 1PN - 2PN - 3PN MASTERI TRINITY SQUARE VHOCP2 ĐẸP NHẤT, RẺ NHẤT DỰ ÁN - CK TỚI 14,3%",Giá thỏa thuận,30 m²,1,1,"Văn Giang, Hưng Yên"," Xã Nghĩa Trụ,  Văn Giang,  Hưng Yên",20.9298976,105.963275,0,0.0,0.0,0.0,0.0,0.0,0.0
"BIỆT THỰ XANH KHÉP KÍN CHỈ 13,6 TỶ/CĂN - TIỆN ÍCH RIÊNG ĐẲNG CẤP","13,6 tỷ",240 m²,4,4,"Thạch Thất, Hà Nội"," Xã Yên Bình,  Thạch Thất,  Hà Nội",20.9891349,105.4576923,0,0.0,0.0,0.0,0.0,0.0,0.0
QUỸ CĂN TỐT NHẤT FUSION VILLA ĐÀ NẴNG VÀ HỖ TRỢ CHO THUÊ -GIÁM ĐỐC DỰ ÁN HƯƠNG REBECCA 0903 407 ***,"33,51 tỷ",514 m²,2,2,"Ngũ Hành Sơn, Đà Nẵng","Fusion Resort & Villas Da Nang, Trường Sa, Hòa Hải, Ngũ Hành Sơn, Đà Nẵng",17.46005145,106.6460452,0,0.0,0.0,0.0,0.0,0.0,0.0
"GIỎ HÀNG NGOẠI GIAO TÒA OS2 THE OPUS ONE, 65TR/M2 - CƠ HỘI ĐẦU TƯ HIẾM CÓ - BOOKING NGAY 0938 086 ***","5,2 tỷ",80 m²,2,2,"Quận 9, Hồ Chí Minh"," Phường Long Bình,  Quận 9,  Hồ Chí Minh",10.7589554,106.6730492,0,0.0,0.0,0.0,0.0,0.0,0.0
"CĂN HỘ SÂN VƯỜN CIPUTRA 141.5, 211M2 GIÁ TỪ 14 TỶ, 22 TỶ BÀN GIAO FULL CAO CẤP NHẬN NHÀ NGAY",14 tỷ,"141,5 m²",3,2,"Tây Hồ, Hà Nội"," Phường Phú Thượng,  Tây Hồ,  Hà Nội",21.081992,105.8073736,0,0.0,0.0,0.0,0.0,0.0,0.0
"ICONIC LB ĐÃ CÓ SỔ 2PN 74M2 80M2 TỪ 5.850 & 80M2 TỪ 5.65TỶ, DUPLEX 169M2 TỪ 13.5TỶ NHẬN NHÀ Ở NGAY","5,65 tỷ",74 m²,2,2,"Long Biên, Hà Nội"," Phường Phúc Đồng,  Long Biên,  Hà Nội",21.0395447,105.8979468,0,0.0,0.0,0.0,0.0,0.0,0.0
"QŨY CĂN VIP TẦNG ĐẸP GIÁ TỐT TỪ 1,5 TỶ CĂN HỘ SUN URBAN CITY HÀ NAM KÈM QUÀ TẶNG ƯU ĐÃI 100 TRIỆU","2,5 tỷ",93 m²,4,2,"Phủ Lý, Hà Nam"," Đường Lê Công Thanh,  Phường Lam Hạ,  Phủ Lý,  Hà Nam",20.5448086,105.9131808,0,0.0,0.0,0.0,0.0,0.0,0.0
"BÁN NHÀ SỐ 7 ĐƯỜNG 1A KHU PHỐ 17 P. BÌNH CHIỂU, TP THỦ ĐỨC, DT 272,3M2, 3 LẦU RƯỠI, SẴN SỔ SANG TÊN","10,2 tỷ","272,3 m²",4,5,"Thủ Đức, Hồ Chí Minh","Đường Số 1A, Phường Bình Chiểu, Thủ Đức, Hồ Chí Minh",10.88713286,106.7227378,0,0.0,0.0,0.0,0.0,0.0,0.0
"SHOPHOUSE SÔNG HÀN, PHÁO HOA XÂY 3 - 5 TẦNG, SỞ HỮU LÂU DÀI, CHIẾT KHẤU 12,5%, VỐN CHỈ TỪ 5,7 TỶ","15,5 tỷ",108 m²,8,10,"Sơn Trà, Đà Nẵng"," Đường Trần Hưng Đạo,  Phường Nại Hiên Đông ,  Sơn Trà,  Đà Nẵng",16.08516825,108.2288678,0,0.0,0.0,0.0,0.0,0.0,0.0
"TÔI CHÍNH CHỦ BÁN TÒA NHÀ 9 TẦNG, GÓC NGÃ TƯ TỐ HỮU - VẠN PHÚC, HÀ ĐÔNG, 3 MẶT THOÁNG",160 tỷ,"122,5 m²",5,6,"Hà Đông, Hà Nội","Số 186, Phố Vạn Phúc, Phường Vạn Phúc, Hà Đông, Hà Nội",20.9706711,105.7754762,0,0.0,0.0,0.0,0.0,0.0,0.0
"EMERAL68 - SUẤT NỘI BỘ 3 CĂN HOA HẬU VIEW ĐẸP, GIÁ BÁN VÀ CHÍNH SÁCH ƯU ĐÃI TỐT NHẤT 0914 570 ***",3 tỷ,"61,1 m²",2,1,"Thuận An, Bình Dương","The Emerald 68, Vĩnh Phú 16, Vĩnh Phú, Thuận An, Bình Dương",10.87319405,106.7053414,0,0.0,0.0,0.0,0.0,0.0,0.0
"GIỎ HÀNG MỚI NHẤT BÁN CĂN HỘ VINHOMES GOLDEN RIVER QUẬN 1 ( 1P -6,5TY, 2P-9TY2, 3P-17TY, 4P-36TY)","10,3 tỷ",70 m²,2,2,"Quận 1, Hồ Chí Minh","Vinhomes Golden River Ba Son, Tôn Đức Thắng, Bến Nghé, Quận 1, Hồ Chí Minh",10.78498207,106.703426,0,0.0,0.0,0.0,0.0,0.0,0.0
"Bán nhà đẹp vuông văn siêu hiếm ở Ngõ 222 Lê Duẩn, Đống Đa, 6,1 tỷ, 30m2, 4 tầng, 2PN, 4WC, Hot!","6,1 tỷ",30 m²,2,4,"Đống Đa, Hà Nội","Ngõ 222 Đường Lê Duẩn, Phường Khâm Thiên, Đống Đa, Hà Nội",21.0192241,105.8390581,0,0.0,0.0,0.0,0.0,0.0,0.0
Quỹ căn hộ giá rẻ không chênh hỗ trợ vay vốn ngân hàng 80% sổ đỏ sang tên rẻ hơn CDT 500 triệu,"2,6 tỷ",58 m²,2,2,"Đông Anh, Hà Nội"," Đường 5,  Xã Đông Hội,  Đông Anh,  Hà Nội",21.13968625,105.8518553,0,0.0,0.0,0.0,0.0,0.0,0.0
"Bán chuyển nhượng 100 căn dự án Imperia Sky Garden, xem nhà trực tiếp LH TPKD: Hoài Thu 0913 484 ***",Giá thỏa thuận,"74,83 m²",2,2,"Hai Bà Trưng, Hà Nội","Imperia Sky Garden, 423, Đường Minh Khai, Phường Vĩnh Tuy, Hai Bà Trưng, Hà Nội",20.99496378,105.8675578,0,0.0,0.0,0.0,0.0,0.0,0.0
NHÀ CHÍNH CHỦ- BA ĐÌNH- THANG MÁY DÂN TRÍ CAO- DÒNG TIỀN TỐT,"17,5 tỷ",40 m²,4,4,"Ba Đình, Hà Nội","Phố Kim Mã Thượng, Phường Cống Vị, Ba Đình, Hà Nội",21.03593635,105.81262,0,0.0,0.0,0.0,0.0,0.0,0.0
Suất nội bộ giá tốt căn đẹp của dự án Viha 107 Nguyễn Tuân. Liên hệ ngay 0988 160 ***,"6,48 tỷ",72 m²,2,2,"Thanh Xuân, Hà Nội","Viha Complex, 107, Đường Nguyễn Tuân, Phường Thanh Xuân Trung, Thanh Xuân, Hà Nội",20.9957616,105.8054269,0,0.0,0.0,0.0,0.0,0.0,0.0
(58 căn chủ đầu tư) The MarQ giỏ hàng 58 căn ký trực tiếp chủ đầu tư. Full 1PN 2PN 3PN 4PN,"8,5 tỷ",51 m²,1,1,"Quận 1, Hồ Chí Minh","The Marq, Nguyễn Đình Chiểu, Đa Kao, Quận 1, Hồ Chí Minh",10.79141683,106.7023799,0,0.0,0.0,0.0,0.0,0.0,0.0
"Căn góc 3PN, hướng mát, tầng trung, nhà mới 100%. Nội thất cao cấp, có slot oto. Tháng 6 nhận nhà",Giá thỏa thuận,96 m²,3,2,"Thanh Xuân, Hà Nội","Handico Complex, Số 33, Đường Lê Văn Lương, Phường Nhân Chính, Thanh Xuân, Hà Nội",21.00694099,105.807155,0,0.0,0.0,0.0,0.0,0.0,0.0
"Nhà phố 5.4 tỷ, biệt thự 14.5 tỷ Aqua City view sông, sẵn nhà pháp lý HĐMB, PKD Novaland","5,4 tỷ",120 m²,4,3,"Biên Hòa, Đồng Nai"," Xã Long Hưng,  Biên Hòa,  Đồng Nai",10.8735292,106.8577933,0,0.0,0.0,0.0,0.0,0.0,0.0
"Xem nhà 24/7 - Bình Minh Land chuyên bán CC Royal City giá tốt nhất thị trường, hỗ trợ vay 80%",9 tỷ,110 m²,2,2,"Thanh Xuân, Hà Nội","Royal City, 72A, Đường Nguyễn Trãi, Phường Thượng Đình, Thanh Xuân, Hà Nội",21.0043562,105.8159117,0,0.0,0.0,0.0,0.0,0.0,0.0
"Bán quán Karaoke 15 tỷ, 160m2, 2 mặt tiền tại Tỉnh Lộ 298, Phường Bích Động, Việt Yên, Bắc Giang",15 tỷ,160 m²,6,12,"Việt Yên, Bắc Giang","Đường Tỉnh Lộ 298, Thị trấn Bích Động, Việt Yên, Bắc Giang",21.27516465,106.1003452,0,0.0,0.0,0.0,0.0,0.0,0.0
BÁN CĂN HỘ VIEW TRỰC DIỆN SÔNG HÀN - SỔ LÂU DÀI - VỊ TRÍ XEM PHÁO HOA SIÊU ĐẸP - 2PN - 76M2,4 tỷ,76 m²,2,2,"Sơn Trà, Đà Nẵng","Peninsula Đà Nẵng , Lê Văn Duyệt, Nại Hiên Đông , Sơn Trà, Đà Nẵng",16.09521033,108.2245759,0,0.0,0.0,0.0,0.0,0.0,0.0
"Nhà 3 tầng mới xây, nhỉnh 3 tỷ gần bến xe Yên Nghĩa - Hà Đông - sổ đỏ tên tôi","3,49 tỷ",63 m²,3,2,"Chương Mỹ, Hà Nội","Xã Phụng Châu, Chương Mỹ, Hà Nội",20.936692,105.7094257,0,0.0,0.0,0.0,0.0,0.0,0.0
"Tổng hợp những căn nhà đáng mua nhất tại An Đồng, An Dương, Hải Phòng 3 tầng xây mới giá hơn 2 tỷ",Giá thỏa thuận,60 m²,3,3,"An Dương, Hải Phòng","Đường Máng Nước, Xã An Đồng, An Dương, Hải Phòng",21.1251133,105.63764,0,0.0,0.0,0.0,0.0,0.0,0.0
Ra mắt quỹ căn tầng đẹp giá tốt 2PN - 3PN dự án Fibonan - KĐT Ecopark vốn chỉ cần 900 triệu,"3,9 tỷ",60 m²,2,2,"Văn Giang, Hưng Yên"," Xã Xuân Quan,  Văn Giang,  Hưng Yên",20.9577012,105.9161321,0,0.0,0.0,0.0,0.0,0.0,0.0
"Giỏ hàng 93 căn giá tốt hơn thị trường 500tr các căn hộ 1,2,3PN, Kingdom 101 Quận 10 đã có sổ hồng","5,67 tỷ",79 m²,2,2,"Quận 10, Hồ Chí Minh"," Đường Tô Hiến Thành,  Phường 14,  Quận 10,  Hồ Chí Minh",10.7737407,106.6628205,0,0.0,0.0,0.0,0.0,0.0,0.0
Cập nhật: Quỹ căn Vinhomes Skylake 1PN- 2PN- 3PN- 4PN- penthouse- SkyVilla View Hồ chỉ từ 92.5tr/m2,"9,2 tỷ",86 m²,3,2,"Nam Từ Liêm, Hà Nội"," Đường Phạm Hùng,  Phường Mỹ Đình 1,  Nam Từ Liêm,  Hà Nội",21.02017478,105.7799731,0,0.0,0.0,0.0,0.0,0.0,0.0
"Tổng hợp căn hộ royal city bán mới nhất,1N,2N,3N,4N,5N,duplex, đập thông giá tốt nhất.","8,4 tỷ",105 m²,2,2,"Thanh Xuân, Hà Nội","Royal City, Nguyễn Trãi, Thượng Đình, Thanh Xuân, Hà Nội",21.0043562,105.8159117,0,0.0,0.0,0.0,0.0,0.0,0.0
"Diện tích 80m2, mặt tiền 5m, đường 13m. Thông QL5A và 5B tại phân khu Ánh Dương Vin 3",11 tỷ,80 m²,5,5,"Văn Giang, Hưng Yên"," Xã Nghĩa Trụ,  Văn Giang,  Hưng Yên",20.9298976,105.963275,0,0.0,0.0,0.0,0.0,0.0,0.0
"Chính chủ (không qua MG) Cần BÁN GẤP toà 7 tầng 100m MT5,5m Ngõ ô tô đỗ cửa","30,5 tỷ","98,5 m²",3,3,"Đống Đa, Hà Nội","Số 31, Ngõ 2 Đường Tam Khương, Phường Khương Thượng, Đống Đa, Hà Nội",20.99791061,105.8413052,0,0.0,0.0,0.0,0.0,0.0,0.0
Westgate đã có sổ hồng - view nội khu giá tốt nhất thị trường - đã có sổ,"2,4 tỷ",59 m²,2,2,"Bình Chánh, Hồ Chí Minh"," Đường Tân Túc,  Thị trấn Tân Túc,  Bình Chánh,  Hồ Chí Minh",10.6878759,106.5850546,0,0.0,0.0,0.0,0.0,0.0,0.0
"Chính chủ bán căn hộ chung cư khu đô thị Xa La, 77m2 tặng full nội thất, sổ đỏ lâu dài","3,5 tỷ",77 m²,2,2,"Hà Đông, Hà Nội"," Phố Phùng Hưng,  Phường Phúc La,  Hà Đông,  Hà Nội",20.9728547,105.7833134,0,0.0,0.0,0.0,0.0,0.0,0.0
"Chiết khấu 25%, thanh toán giãn 480 ngày, QL giỏ hàng thanh lý giá cực tốt The Origami view cực đẹp","2,45 tỷ",47 m²,1,1,"Quận 9, Hồ Chí Minh"," Đường Phước Thiện,  Phường Long Bình,  Quận 9,  Hồ Chí Minh",10.7589554,106.6730492,0,0.0,0.0,0.0,0.0,0.0,0.0
"Chính chủ trên sổ bán chung cư FLC, diện tích 113,3m2 4 ngủ 2 vệ sinh, giá 5.85 tỷ có thương lượng","5,85 tỷ","113,3 m²",4,2,"Hà Đông, Hà Nội"," Đường Quang Trung,  Phường Quang Trung,  Hà Đông,  Hà Nội",20.96471352,105.7678278,0,0.0,0.0,0.0,0.0,0.0,0.0
"Bán căn hộ Vinhomes Central Park 2 phòng ngủ 86m2 giá 6,8 tỷ bao hết. LH ngay 0901 692 ***","6,8 tỷ",86 m²,2,2,"Bình Thạnh, Hồ Chí Minh"," Đường Nguyễn Hữu Cảnh,  Phường 22,  Bình Thạnh,  Hồ Chí Minh.",10.79269259,106.7180643,0,0.0,0.0,0.0,0.0,0.0,0.0
"Bán căn hộ 3 phòng ngủ Vinhomes Central Park 126.2m2, căn góc view sông",9 tỷ,"126,2 m²",3,2,"Bình Thạnh, Hồ Chí Minh"," Đường Điện Biên Phủ,  Phường 22,  Bình Thạnh,  Hồ Chí Minh",10.79834217,106.7196859,0,0.0,0.0,0.0,0.0,0.0,0.0
Cập nhật rổ hàng chuyển nhượng những căn giá tốt nhất tại dự án Aqua City cho nhà đầu tư,"5,1 tỷ",120 m²,3,3,"Biên Hòa, Đồng Nai"," Xã Long Hưng,  Biên Hòa,  Đồng Nai",10.8735292,106.8577933,0,0.0,0.0,0.0,0.0,0.0,0.0
"Chính chủ bán chuyển nhượng căn 2N 54m2 3,3 tỷ full Nội thất đẹp LH 0963 882 ***","3,3 tỷ",54 m²,2,2,"Nam Từ Liêm, Hà Nội","The Sapphire-Vinhomes Smart City, Phường Tây Mỗ, Nam Từ Liêm, Hà Nội",21.0096762,105.7445572,0,0.0,0.0,0.0,0.0,0.0,0.0
"(Chính chủ)Bán nhà mặt phố Hàng Bún DT 160m2, MT 8m, view đẹp hàng hiếm tại khu vực phố cổ Hà Nội","89,9 tỷ",160 m²,6,6,"Ba Đình, Hà Nội","Phố Hàng Bún, Phường Trúc Bạch, Ba Đình, Hà Nội",21.04172068,105.8449725,0,0.0,0.0,0.0,0.0,0.0,0.0
1 TRONG 2 CĂN DUPLEX view trực diện sông Giá tốt nhất thị trường,"48,8 tỷ",215 m²,3,3,"Quận 2, Hồ Chí Minh","Zeit River Thủ Thiêm , An Khánh, Quận 2, Hồ Chí Minh",10.7586562,106.6992049,0,0.0,0.0,0.0,0.0,0.0,0.0
"MỞ BÁN QUỸ CĂN VIP TẠI DỰ ÁN HOÀNG HUY GREEN RIVER ,CHÍNH SÁCH TỐT TỪ CHỦ ĐẦU TƯ","7,37 tỷ","82,5 m²",4,4,"Thủy Nguyên, Hải Phòng","Hoàng Huy Green River, Phường Hoa Động, Thủy Nguyên, Hải Phòng",20.8901738,106.6631377,0,0.0,0.0,0.0,0.0,0.0,0.0
Chỉ từ 78tr/m sở hữu căn hộ đầy đủ nội thất tiêu chuẩn Châu Âu tại toà tháp đôi Kapler Land,"5,5 tỷ","65,5 m²",2,2,"Hà Đông, Hà Nội","Tháp đôi Kepler Land, Phường Mỗ Lao, Hà Đông, Hà Nội",20.9821715,105.7842539,0,0.0,0.0,0.0,0.0,0.0,0.0
"PKD HàPKD Hà Đô Centrosa bán CH T3/2025 loại 1PN - 6.5 tỷ, 2PN - 8tỷ, 2 + - 12 tỷ, 134m2 - 15.5 tỷ",8 tỷ,78 m²,2,2,"Quận 10, Hồ Chí Minh"," Đường 3/2,  Phường 12,  Quận 10,  Hồ Chí Minh",10.76976565,106.6708768,0,0.0,0.0,0.0,0.0,0.0,0.0
"Chỉ 3,6 tỷ (30%) sở hữu biệt thự Centa Riverside - Đô thị Singapore đầu tiên tại đất Vua Kinh Bắc",12 tỷ,180 m²,4,5,"Từ Sơn, Bắc Ninh"," Đường Hữu Nghị,  Phường Phù Chẩn,  Từ Sơn,  Bắc Ninh",21.08308623,105.9652381,0,0.0,0.0,0.0,0.0,0.0,0.0
"Bán căn 83m2 nội thất cơ bản view Vườn Tùng giá 3tỷ550 bao phí sang tên, LH 0868 683 ***","3,55 tỷ",83 m²,2,2,"Văn Giang, Hưng Yên"," Đường Trúc,  Xã Xuân Quan,  Văn Giang,  Hưng Yên",20.9577012,105.9161321,0,0.0,0.0,0.0,0.0,0.0,0.0
"Chính chủ kẹt tiền cần bán 2PN - 78m2 Kingdom 101, giá 5.7 tỷ, đã có sổ hồng, LH 0933 752 ***","5,8 tỷ",78 m²,2,2,"Quận 10, Hồ Chí Minh","Kingdom 101, Tô Hiến Thành, 14, Quận 10, Hồ Chí Minh",10.7757295,106.6628754,0,0.0,0.0,0.0,0.0,0.0,0.0
"Chỉ với 480 Triệu sở hữu ngay căn góc 78m2 dự án A&T Sky Garden, View trực diện hồ gươm xanh","2,3 tỷ",73 m²,2,2,"Thuận An, Bình Dương","A&T Sky Garden, Cách Mạng Tháng Tám, Lái Thiêu, Thuận An, Bình Dương",-25.1076701,-64.3494964,0,0.0,0.0,0.0,0.0,0.0,0.0
"Ban quản lí gửi em bán gấp căn hộ 2PN, 3PN dự án Imperia Sky Garden. LH xem nhà TPKD 0387 032 ***",Giá thỏa thuận,"74,83 m²",2,2,"Hai Bà Trưng, Hà Nội"," Đường Minh Khai,  Phường Vĩnh Tuy,  Hai Bà Trưng,  Hà Nội",20.99496378,105.8675578,0,0.0,0.0,0.0,0.0,0.0,0.0
Chính chủ bán nhà mặt phố Lương Văn Can quận Hà Đông,"17,5 tỷ",70 m²,4,3,"Hà Đông, Hà Nội","Đường Lương Văn Can, Phường Nguyễn Trãi, Hà Đông, Hà Nội",20.97160515,105.7788376,0,0.0,0.0,0.0,0.0,0.0,0.0
"BÁN LIỀN KỀ CẠNH VINHOMES - 3 OTO TRÁNH - FULL NỘI THẤT LONG LANH - 90M2 - 18,5 TỈ","18,5 tỷ",90 m²,4,5,"Nam Từ Liêm, Hà Nội","Phường Tây Mỗ, Nam Từ Liêm, Hà Nội",21.0096762,105.7445572,0,0.0,0.0,0.0,0.0,0.0,0.0
"Tôi chính chủ cần bán cả 2 căn: 2PN+1, 69m2-3 tỷ450 và 2PN, 59m2 hơn 2 tỷ 650 Vinhomes Smart City",Giá thỏa thuận,59 m²,2,1,"Nam Từ Liêm, Hà Nội"," Phường Tây Mỗ,  Nam Từ Liêm,  Hà Nội",21.0096762,105.7445572,0,0.0,0.0,0.0,0.0,0.0,0.0
"Căn hộ trung tâm Đà Nẵng - sổ hồng lâu dài - giá gốc CĐT - view bao trọn sông Hàn, pháo hoa","4,1 tỷ",76 m²,2,2,"Hải Châu, Đà Nẵng"," Đường Xô Viết Nghệ Tĩnh,  Phường Hòa Cường Nam,  Hải Châu,  Đà Nẵng",16.03243564,108.2197473,0,0.0,0.0,0.0,0.0,0.0,0.0
"Quỹ 66 căn chuyển nhượng 2PN - 7tỉ, 3PN, Dual Key - 11 tỉ The Matrix One-GD1, GD2-Cam kết giá tốt","8,67 tỷ",115 m²,3,2,"Nam Từ Liêm, Hà Nội"," Đường Lê Quang Đạo,  Phường Mễ Trì,  Nam Từ Liêm,  Hà Nội",21.01350886,105.7701658,0,0.0,0.0,0.0,0.0,0.0,0.0
"Bán gấp căn hộ Hoàng Anh River View, Block C trực diện sông 177.85m2","9,7 tỷ","177,85 m²",4,4,"Quận 2, Hồ Chí Minh"," Đường Nguyễn Văn Hưởng,  Phường Thảo Điền,  Quận 2,  Hồ Chí Minh",10.81604325,106.7282586,0,0.0,0.0,0.0,0.0,0.0,0.0
Giá mới cực tốt - PKD Đảo Kim Cương chuyên bán đủ loại hình căn hộ từ 1-2-3-4PN-Villa view sông đẹp,"5,7 tỷ",65 m²,2,2,"Quận 2, Hồ Chí Minh","Diamond Island, Bình Trưng Tây, Quận 2, Hồ Chí Minh",10.80484845,106.7167622,0,0.0,0.0,0.0,0.0,0.0,0.0
"Bán nhà riêng phân lô 7,2 tỷ, 43m2 tại Khu đô thị Văn La - Văn Khê, Hà Đông, Hà Nội giá siêu hời","7,2 tỷ",43 m²,2,1,"Hà Đông, Hà Nội","Khu đô thị Văn La - Văn Khê, Quang Trung, La Khê, Hà Đông, Hà Nội",20.96102008,105.7630835,0,0.0,0.0,0.0,0.0,0.0,0.0
"Bán Nhà Riêng Chính Chủ Tại Thị Trấn Nhà Bè, 5.8 tỷ, DTSD 139m2, Chính chủ giá ưu đãi","5,8 tỷ",56 m²,4,3,"Nhà Bè, Hồ Chí Minh","Nhà Bè, Nhà Bè, Hồ Chí Minh",10.6956953,106.7395591,0,0.0,0.0,0.0,0.0,0.0,0.0
"Quỹ chuyển nhượng chính chủ Vinhomes Ocean Park giá tốt nhất - Hỗ trợ ngân hàng, lãi suất thấp","2,3 tỷ",43 m²,1,1,"Gia Lâm, Hà Nội"," Xã Dương Xá,  Gia Lâm,  Hà Nội",21.0046345,105.970087,0,0.0,0.0,0.0,0.0,0.0,0.0
CHÍNH CHỦ BÁN CĂN GÓC TOPAZ CITY 96M2 3PN 2WC VIEW Q1 CHỈ HƠN 3.6TỶ~ 38TR/M2 NT CAO CẤP 0964 161 ***,"3,65 tỷ",96 m²,3,2,"Quận 8, Hồ Chí Minh"," Đường Cao Lỗ,  Phường 4,  Quận 8,  Hồ Chí Minh",10.74012373,106.6779372,0,0.0,0.0,0.0,0.0,0.0,0.0
Giỏ hàng The River Thủ Thiêm giá tốt - đã có sổ hồng - Hỗ trợ vay 70%,"9,4 tỷ",64 m²,1,1,"Quận 2, Hồ Chí Minh"," Đường Nguyễn Cơ Thạch,  Phường An Khánh,  Quận 2,  Hồ Chí Minh",10.80484845,106.7167622,0,0.0,0.0,0.0,0.0,0.0,0.0
Một căn hộ - Hai cuộc sống - Một viễn cảnh tương lai của dự án Vista Đà Nẵng,"4,24 tỷ",76 m²,2,2,"Hải Châu, Đà Nẵng"," Đường Xô Viết Nghệ Tĩnh,  Phường Hòa Cường Nam,  Hải Châu,  Đà Nẵng",16.03243564,108.2197473,0,0.0,0.0,0.0,0.0,0.0,0.0
"Tin thật 100% - Top căn hộ đáng mua nhất Vista Verde T4/2025, cam kết giá bán tốt nhất thị trường","6,9 tỷ",89 m²,2,2,"Quận 2, Hồ Chí Minh"," Đường Phan Văn Đáng,  Phường Thạnh Mỹ Lợi,  Quận 2,  Hồ Chí Minh",10.77073175,106.7702559,0,0.0,0.0,0.0,0.0,0.0,0.0
Bán gấp căn 2PN hoa hậu view nội khu giá tốt nhất - Quản lý rổ hàng chính chủ Celesta 100%,"5,1 tỷ",80 m²,2,2,"Nhà Bè, Hồ Chí Minh"," Đường Nguyễn Hữu Thọ,  Xã Phước Kiển,  Nhà Bè,  Hồ Chí Minh",10.71772076,106.7026202,0,0.0,0.0,0.0,0.0,0.0,0.0
Mia Center Point cơ hội đón đầu sóng đầu tư tại Tây Bắc Đà Nẵng sau chuyến thăm của TBT Tô Lâm,Giá thỏa thuận,67 m²,2,2,"Liên Chiểu, Đà Nẵng"," Đường Ngô Thì Nhậm,  Phường Hòa Khánh Bắc,  Liên Chiểu,  Đà Nẵng",16.0765052,108.1488365,0,0.0,0.0,0.0,0.0,0.0,0.0
"Chính chủ bán căn hộ 3PN dự án The Matrix One. View Hồ, SVĐ Mỹ Đình. Tầng trung, số đẹp. Giá 12 tỷ","12,5 tỷ",115 m²,3,2,"Nam Từ Liêm, Hà Nội"," Đường Lê Quang Đạo,  Phường Mễ Trì,  Nam Từ Liêm,  Hà Nội",21.01350886,105.7701658,0,0.0,0.0,0.0,0.0,0.0,0.0
Tổng kho hàng chuyển nhượng - Vị trí siêu đẹp - giá rẻ nhất thị trường (mới nhất),"17,5 tỷ",110 m²,6,7,"Hoài Đức, Hà Nội","Hà Đô Charm Villas, Đại lộ Thăng Long, An Thượng, Hoài Đức, Hà Nội",21.0041628,105.6792539,0,0.0,0.0,0.0,0.0,0.0,0.0
"Sốc! Bán căn 2PN 3,9 tỷ Masteri Central Point - Tầng trung - view cực chill","3,9 tỷ",72 m²,2,2,"Quận 9, Hồ Chí Minh"," Phường Long Bình,  Quận 9,  Hồ Chí Minh",10.7589554,106.6730492,0,0.0,0.0,0.0,0.0,0.0,0.0
Thật 100% căn hộ sổ hồng - (76m2 - 4.8tỷ) (97m2 - 5.1tỷ) (124m2 - 6.7tỷ) tại Sunrise City Q. 7,"6,7 tỷ",124 m²,3,2,"Quận 7, Hồ Chí Minh"," Đường Nguyễn Hữu Thọ,  Phường Tân Hưng,  Quận 7,  Hồ Chí Minh",10.74250976,106.7013355,0,0.0,0.0,0.0,0.0,0.0,0.0
Cơ Hội Đầu Tư Vàng: Nhận Booking Giai Đoạn Đầu Tiên CH Happy One Sora! Giá dự kiến chỉ từ 45.9tr/m2,Giá thỏa thuận,59 m²,2,1,"Thủ Đức, Hồ Chí Minh"," Đường Số 9,  Phường Linh Xuân,  Thủ Đức,  Hồ Chí Minh",10.8873072,106.7705576,0,0.0,0.0,0.0,0.0,0.0,0.0
Có sẵn 3tỷ sở hữu ngay căn hộ siêu đẹp và giá tốt nhất tại 33 Lê Văn Lương - Handico Com,"5,84 tỷ",70 m²,2,2,"Thanh Xuân, Hà Nội","Handico Complex, 33, Đường Lê Văn Lương, Phường Nhân Chính, Thanh Xuân, Hà Nội",21.00694099,105.807155,0,0.0,0.0,0.0,0.0,0.0,0.0
Tin hot! Căn hộ Gò Vấp giá rẻ chỉ 1tỷ680/căn - 2PN - Tặng bộ nội thất 70tr nhận nhà ở ngay,"1,68 tỷ",48 m²,2,1,"Gò Vấp, Hồ Chí Minh","Đường Trần Bình Trọng, Phường 1, Gò Vấp, Hồ Chí Minh",10.81587072,106.6854725,0,0.0,0.0,0.0,0.0,0.0,0.0
"[Tư vấn thật, không báo giá ảo] Grand Marina - Bán lỗ thu hồi vốn (1PN-20tỷ) (2PN-33tỷ)(3PN-68tỷ)","20,6 tỷ",57 m²,1,1,"Quận 1, Hồ Chí Minh"," Phố Tôn Đức Thắng,  Phường Bến Nghé,  Quận 1,  Hồ Chí Minh",10.78507305,106.7021751,0,0.0,0.0,0.0,0.0,0.0,0.0
"Hàng hiếm! Cần bán gấp căn góc 64m2, PK GS1, full nội thất siêu đẹp, BC Đông Nam giá 4.1 tỷ","4,1 tỷ",64 m²,2,2,"Nam Từ Liêm, Hà Nội"," Phường Tây Mỗ,  Nam Từ Liêm,  Hà Nội",21.0096762,105.7445572,0,0.0,0.0,0.0,0.0,0.0,0.0
"Bán nhà ngõ 308 Tây Sơn, Đống Đa DT106m2, MT5m, 5tầng, 6PN, ôtô đỗ, SĐCC, giá bán 29tỷ có TL sâu",29 tỷ,106 m²,6,5,"Đống Đa, Hà Nội","Ngõ 308, Đường Tây Sơn, Phường Thịnh Quang, Đống Đa, Hà Nội",21.0085471,105.8174276,0,0.0,0.0,0.0,0.0,0.0,0.0
"Bán nhà Lạc Long Quân, Tây Hồ, mặt ngõ thông tứ tung, rộng rãi ba góc đua, mấy bước chân ra hồ Tây","10,5 tỷ",60 m²,2,2,"Tây Hồ, Hà Nội","Đường Lạc Long Quân, Phường Xuân La, Tây Hồ, Hà Nội",21.06535487,105.8100573,0,0.0,0.0,0.0,0.0,0.0,0.0
"Bán biệt thự Indochine tại Xóm Tây, Quốc Oai, Hà Nội, 36 triệu/m2, 200.1m2, view núi Thầy","7,2 tỷ","200,1 m²",3,1,"Quốc Oai, Hà Nội","Xóm Tây, xã Sài Sơn, huyện Quốc Oai, TP Hà Nội",21.01683775,105.6481839,0,0.0,0.0,0.0,0.0,0.0,0.0
"Top 3 biệt thự song lập Chà Là, Cọ Xanh, Hải Âu giá siêu mềm chỉ 121tr/m2 trong tháng 2/2025","15,5 tỷ","127,5 m²",5,5,"Văn Giang, Hưng Yên"," Xã Long Hưng,  Văn Giang,  Hưng Yên",20.942226,105.957565,0,0.0,0.0,0.0,0.0,0.0,0.0
"Bán biệt thự Hado Charm Villas giá 160 triệu/m² tại Hoài Đức, Hà Nội","27,28 tỷ","170,5 m²",4,5,"Hoài Đức, Hà Nội"," Đường Đại lộ Thăng Long,  Xã An Thượng,  Hoài Đức,  Hà Nội",20.9940074,105.7040625,0,0.0,0.0,0.0,0.0,0.0,0.0
"Nhà Phố xây dựng mới hiện đại - đường 8m KDC Đào Tông Nguyên, Nhà Bè - 4m x 13,5m - Giá 6,95 tỷ","6,95 tỷ",54 m²,4,5,"Nhà Bè, Hồ Chí Minh","Đường Đào Tông Nguyên, Thị trấn Nhà Bè, Nhà Bè, Hồ Chí Minh",10.68630756,106.7522195,0,0.0,0.0,0.0,0.0,0.0,0.0
200 Căn chuyển nhượng giá từ 7 tỷ - 8tỷ tại The Matrix One . Tư vấn giai đoạn 2 tháng 3 mở bán !,Giá thỏa thuận,"111,98 m²",3,2,"Nam Từ Liêm, Hà Nội"," Đường Lê Quang Đạo,  Phường Mễ Trì,  Nam Từ Liêm,  Hà Nội",21.01350886,105.7701658,0,0.0,0.0,0.0,0.0,0.0,0.0
"Dual front Sun Symphony - dinh thự ""mặt tiền kép"" trên không, siêu hiếm, căn hộ 3 tầng, CK 22%","26,6 tỷ","278,7 m²",4,4,"Sơn Trà, Đà Nẵng"," Đường Trần Hưng Đạo,  Phường Nại Hiên Đông ,  Sơn Trà,  Đà Nẵng",16.08516825,108.2288678,0,0.0,0.0,0.0,0.0,0.0,0.0
"2025 rồi. Liệu có toà chung cư nào mới 100%, bàn giao cao cấp, tháng 6 nhận nhà. Giá chỉ 8xtr/m2",Giá thỏa thuận,83 m²,2,2,"Thanh Xuân, Hà Nội","Handico Complex, 33, Đường Lê Văn Lương, Phường Nhân Chính, Thanh Xuân, Hà Nội",21.00694099,105.807155,0,0.0,0.0,0.0,0.0,0.0,0.0
"Bán căn hộ Conic Riverside, Q8. DT: 65m2, giá: 2,58 tỷ (bớt lộc)","2,58 tỷ",65 m²,2,1,"Quận 8, Hồ Chí Minh"," Phố Tạ Quang Bửu,  Phường 7,  Quận 8,  Hồ Chí Minh",10.7056884,106.624332,0,0.0,0.0,0.0,0.0,0.0,0.0
Hot deal - 4PN - view trực diện công viên - có sổ - tin thật 100%,"19,5 tỷ",160 m²,4,3,"Bình Thạnh, Hồ Chí Minh"," Đường Điện Biên Phủ,  Phường 22,  Bình Thạnh,  Hồ Chí Minh",10.79834217,106.7196859,0,0.0,0.0,0.0,0.0,0.0,0.0
"Mã căn độc quyền 3PN view sông SG giá chỉ 2,4 tỷ, 2PN 1,9 tỷ, 1PN 1,5 tỷ (Full VAT) LH 0971 589 ***","2,4 tỷ",82 m²,3,3,"Thủ Dầu Một, Bình Dương","The Maison, Phan Bội Châu, Phú Thọ, Thủ Dầu Một, Bình Dương",10.95054598,106.6609498,0,0.0,0.0,0.0,0.0,0.0,0.0
"Bán căn hộ giá tốt tại Detaco Nhơn Trạch, 430 triệu, 52 m2",430 triệu,52 m²,2,2,"Nhơn Trạch, Đồng Nai","Detaco Nhơn Trạch (DTA City), Đường Nguyễn Văn Cừ, Xã Phước An, Nhơn Trạch, Đồng Nai",10.65898039,106.9221669,0,0.0,0.0,0.0,0.0,0.0,0.0
"(Update mới) quỹ căn hộ GoldMark City chuyển nhượng 2PN - 3PN - 4PN, nguồn chính chủ giá tốt nhất","5,8 tỷ",94 m²,3,2,"Bắc Từ Liêm, Hà Nội","Goldmark City, 136, Đường Hồ Tùng Mậu, Phường Phú Diễn, Bắc Từ Liêm, Hà Nội",21.0419326,105.7678915,0,0.0,0.0,0.0,0.0,0.0,0.0
"Siêu phẩm 3PN view thoáng, tầng đẹp tại Ocean Park","7,66 tỷ","101,5 m²",3,2,"Gia Lâm, Hà Nội"," Xã Dương Xá,  Gia Lâm,  Hà Nội",21.0046345,105.970087,0,0.0,0.0,0.0,0.0,0.0,0.0
"Bán nhà mặt tiền Nguyễn Thượng Hiền, Bình Thạnh dòng tiền sau cải tạo 14 phòng 90tr/tháng","14,9 tỷ",65 m²,5,3,"Bình Thạnh, Hồ Chí Minh","131 Đường Nguyễn Thượng Hiền, Phường 6, Bình Thạnh, Hồ Chí Minh",10.7841123,106.6589641,0,0.0,0.0,0.0,0.0,0.0,0.0
"CHỈ 2.6 TỶ SỞ HỮU CĂN 93M2 TẠI VIHA NGUYỄN TUÂN , HTLS vay 0% đến 31/12/2025. CAM KẾT GIÁ TỐT NHẤT",Giá thỏa thuận,93 m²,3,3,"Thanh Xuân, Hà Nội"," Đường Nguyễn Tuân,  Phường Thanh Xuân Trung,  Thanh Xuân,  Hà Nội",20.9957616,105.8054269,0,0.0,0.0,0.0,0.0,0.0,0.0
"Bán gấp căn hộ 2PN, 2WC giá tốt tại Nguyễn Văn Cừ, Phước An, Nhơn Trạch, Đồng Nai",500 triệu,52 m²,2,2,"Nhơn Trạch, Đồng Nai","Detaco Nhơn Trạch (DTA City), Đường Nguyễn Văn Cừ, Xã Phước An, Nhơn Trạch, Đồng Nai",10.65898039,106.9221669,0,0.0,0.0,0.0,0.0,0.0,0.0
"Trực tiếp CĐT: Full quỹ căn 2PN 3PN Khai Sơn City, chiết khấu 10.5%, lãi 0% 18 tháng, quà tặng 80tr","5,2 tỷ","89,5 m²",2,2,"Long Biên, Hà Nội"," Phường Ngọc Thụy,  Long Biên,  Hà Nội",21.0601064,105.8670441,0,0.0,0.0,0.0,0.0,0.0,0.0
"Căn hộ Ori Garden view biển, hỗ trợ vay, khu trung tâm thương mại Đà Nẵng, sổ lâu dài, CC ở ngay","1,35 tỷ",48 m²,2,1,"Liên Chiểu, Đà Nẵng"," Đường Mê Linh,  Phường Hòa Hiệp Nam,  Liên Chiểu,  Đà Nẵng",16.1043829,108.1329695,0,0.0,0.0,0.0,0.0,0.0,0.0
"Bán căn hộ Home City - Phố Trung Kính, 2PN, 2VS, DT: 70m2, đủ đồ đẹp, giá 6,05 tỷ. LH: 0972 682 ***","6,05 tỷ",70 m²,2,2,"Cầu Giấy, Hà Nội","Home City - Trung Kính Complex, 177, Phố Trung Kính, Phường Yên Hòa, Cầu Giấy, Hà Nội",21.01665806,105.7939798,0,0.0,0.0,0.0,0.0,0.0,0.0
"Cam kết GH ngoại giao, GH ẩn MCP - LBV giá tốt nhất hôm nay - CK khủng 9,5% - Đóng 10% nhận nhà","3,9 tỷ",79 m²,2,2,"Quận 9, Hồ Chí Minh"," Phường Long Bình,  Quận 9,  Hồ Chí Minh",10.7589554,106.6730492,0,0.0,0.0,0.0,0.0,0.0,0.0
"Tin thật 100% - Cập nhật mới nhất giá bán căn hộ Feliz En Vista T4/2025, với đủ loại hình phòng ngủ",9 tỷ,107 m²,3,3,"Quận 2, Hồ Chí Minh","Feliz En Vista, Phan Văn Đáng, Thạnh Mỹ Lợi, Quận 2, Hồ Chí Minh",10.77073175,106.7702559,0,0.0,0.0,0.0,0.0,0.0,0.0
"Bán căn góc duy nhất tầng cao 146m2, 3PN2WC, full nội thất. View trọn Hồ Tây siêu xinh. Giá 17,5tỷ","17,5 tỷ",146 m²,3,2,"Tây Hồ, Hà Nội","D’. Le Roi Soleil , 59, Đường Xuân Diệu, Phường Quảng An, Tây Hồ, Hà Nội",21.06534505,105.827026,0,0.0,0.0,0.0,0.0,0.0,0.0
Chuyên bán tại D'Capitale. Cập nhật mới T4/2025. Căn hộ Studio-1-2-3 phòng ngủ. Hỗ trợ pháp lý,"8,2 tỷ",83 m²,3,2,"Cầu Giấy, Hà Nội","Vinhomes D'Capitale, 119, Đường Trần Duy Hưng, Phường Trung Hòa, Cầu Giấy, Hà Nội",21.0066242,105.795503,0,0.0,0.0,0.0,0.0,0.0,0.0
"Quỹ căn 1N, 2N, giá tốt nhất, chỉ từ 600tr sở hữu HĐMB, cho thuê dòng tiền lên đến 250tr/năm","3,5 tỷ",55 m²,1,1,"Cát Hải, Hải Phòng"," Thị trấn Cát Bà,  Cát Hải,  Hải Phòng",20.7321058,107.0483333,0,0.0,0.0,0.0,0.0,0.0,0.0
"Bán liền kề 120m2 Jade Square ngay Phạm Văn Đồng, duy nhất 1 căn giá 40 tỷ. Giá nét không ảo",40 tỷ,120 m²,5,4,"Bắc Từ Liêm, Hà Nội"," Đường Nguyễn Đình Tứ,  Phường Xuân Đỉnh,  Bắc Từ Liêm,  Hà Nội",21.07619787,105.7938631,0,0.0,0.0,0.0,0.0,0.0,0.0
"Hàng hiếm tại The Marq, Q1, HCM, 13,7 tỷ, 72m2, 2PN, 2WC, full nội thất","13,7 tỷ",72 m²,2,2,"Quận 1, Hồ Chí Minh","The Marq, Nguyễn Đình Chiểu, Đa Kao, Quận 1, Hồ Chí Minh",10.79141683,106.7023799,0,0.0,0.0,0.0,0.0,0.0,0.0
Quỹ căn độc quyền - giá tốt nhất Wisteria - Cập nhật tháng 3/2025,"4,5 tỷ",73 m²,2,2,"Hoài Đức, Hà Nội","Chung cư The Wisteria, 32, Di Trạch, Hoài Đức, Hà Nội",21.0498409,105.7207904,0,0.0,0.0,0.0,0.0,0.0,0.0
Hàng đầu tư Saigon Mia 2PN 2WC - căn gốc - 2 view vip không đối cửa sổ - pháp lý rõ ràng,"3,9 tỷ",75 m²,2,2,"Bình Chánh, Hồ Chí Minh"," Đường Số 9A,  Xã Bình Chánh,  Bình Chánh,  Hồ Chí Minh",10.66394106,106.572374,0,0.0,0.0,0.0,0.0,0.0,0.0
"Em Đức. Quỹ căn hộ (T4 - 2025) 2PN-3PN-4PN-Penthouse Indochina Plaza - không báo ảo, hỗ trợ A - Z",Giá thỏa thuận,110 m²,3,2,"Cầu Giấy, Hà Nội"," Đường Xuân Thủy,  Phường Dịch Vọng Hậu,  Cầu Giấy,  Hà Nội",21.03652303,105.7853934,0,0.0,0.0,0.0,0.0,0.0,0.0
"Bán shophouse view hồ bơi tại Sky Center, Phổ Quang, Tân Bình, giá rẻ 8,5 tỷ, 132m2","8,5 tỷ",132 m²,3,2,"Tân Bình, Hồ Chí Minh"," Đường Phổ Quang,  Phường 2,  Tân Bình,  Hồ Chí Minh",10.80674143,106.66908,0,0.0,0.0,0.0,0.0,0.0,0.0
"Chung cư căn góc tầng trung, diện tích 235 m2 có thể vừa ở vừa làm văn phòng","15,5 tỷ",235 m²,4,3,"Cầu Giấy, Hà Nội"," Phố Hoàng Đạo Thúy,  Phường Trung Hòa,  Cầu Giấy,  Hà Nội",21.00898892,105.8010325,0,0.0,0.0,0.0,0.0,0.0,0.0
"Bán căn hộ chung cư 1702 tại 197 Trần Phú, 4,35 tỷ, 70,6m2, 2PN, 2WC, Hà Đông, Hà Nội","4,35 tỷ","70,6 m²",2,2,"Hà Đông, Hà Nội"," Đường Trần Phú,  Phường Văn Quán,  Hà Đông,  Hà Nội",20.98346048,105.7921278,0,0.0,0.0,0.0,0.0,0.0,0.0
Tổng giỏ hàng Aqua City cập nhật t4/2025 những căn giá tốt nhất cho quý nhà đầu tư tại Aqua City,"5,1 tỷ",120 m²,3,4,"Biên Hòa, Đồng Nai"," Xã Long Hưng,  Biên Hòa,  Đồng Nai",10.8735292,106.8577933,0,0.0,0.0,0.0,0.0,0.0,0.0
"Bán căn hộ tại Vista Residence Da Nang, view ngắm pháo hoa Đà Nẵng. Căn góc 2 mặt tiền ban công.","4,92 tỷ",82 m²,2,2,"Hải Châu, Đà Nẵng","Vista Residence Da Nang, Xô Viết Nghệ Tĩnh, Hòa Cường Nam, Hải Châu, Đà Nẵng",16.03243564,108.2197473,0,0.0,0.0,0.0,0.0,0.0,0.0
"Duy nhất căn liền kề đường 30m tại dự án Hinode Royal Park, đã có sổ đỏ, nhỉnh 18 tỉ chút xíu",Giá thỏa thuận,100 m²,6,6,"Hoài Đức, Hà Nội"," Đường Quốc lộ 32,  Xã Di Trạch,  Hoài Đức,  Hà Nội",21.0498409,105.7207904,0,0.0,0.0,0.0,0.0,0.0,0.0
CHÍNH CHỦ CẦN BÁN GẤP CĂN 3PN 95M2 MIZUKI. BLOCK MP678. NT CƠ BẢN. ĐÃ CÓ SỔ. GIÁ 4tỷ970,"4,97 tỷ",95 m²,3,2,"Bình Chánh, Hồ Chí Minh"," Đường Nguyễn Văn Linh,  Xã Bình Hưng,  Bình Chánh,  Hồ Chí Minh",10.72891091,106.6801554,0,0.0,0.0,0.0,0.0,0.0,0.0
Duy nhất một căn tân cổ điển 3 tầng độc lập,"4,6 tỷ",90 m²,3,4,"An Dương, Hải Phòng","Đường Cách Hạ, Phường Nam Sơn, An Dương, Hải Phòng",20.8772179,106.6097831,0,0.0,0.0,0.0,0.0,0.0,0.0
"Chính chủ bán căn 2pn2wc - giá chỉ 3,65 tỷ - tầng trung đẹp - đáng mua nhất","3,65 tỷ",71 m²,2,2,"Đông Anh, Hà Nội"," Đường 5,  Xã Đông Hội,  Đông Anh,  Hà Nội",21.13968625,105.8518553,0,0.0,0.0,0.0,0.0,0.0,0.0
"Giỏ hàng độc quyền quỹ căn view pháo hoa, CK 11%, ký trực tiếp CĐT, duy nhất 3 căn",Giá thỏa thuận,119 m²,2,2,"Hải Châu, Đà Nẵng"," Đường Xô Viết Nghệ Tĩnh,  Phường Hòa Cường Nam,  Hải Châu,  Đà Nẵng",16.03243564,108.2197473,0,0.0,0.0,0.0,0.0,0.0,0.0
Chính chủ cần bán gấp nhà mặt phố Trương Công Giai 120m2 mặt tiền 8.8m vỉa hè rộng giá 66 tỷ,66 tỷ,120 m²,4,5,"Cầu Giấy, Hà Nội","Đường Trương Công Giai, Phường Dịch Vọng, Cầu Giấy, Hà Nội",21.0350602,105.793398,0,0.0,0.0,0.0,0.0,0.0,0.0
"BÁN 3 NGỦ CHỈ 8,2 TỶ CÓ SLOT Ô TÔ CỐ ĐỊNH TRONG HỢP ĐỒNG MUA BÁN LIÊN HỆ EM NGỌC XEM NHÀ 0398 930 ***","7,6 tỷ",95 m²,3,2,"Hai Bà Trưng, Hà Nội","Times City, Minh Khai, Vĩnh Tuy, Hai Bà Trưng, Hà Nội",20.9959723,105.8667531,0,0.0,0.0,0.0,0.0,0.0,0.0
"Bán gấp căn 59m2 (giá 2,3) tỷ, 69m2 (giá 2,8 tỷ), 85m2 3phòng ngủ (giá 3,3 tỷ) LH: 0934 987 ***","2,3 tỷ",59 m²,2,2,"Bình Chánh, Hồ Chí Minh"," Đường Tân Túc,  Thị trấn Tân Túc,  Bình Chánh,  Hồ Chí Minh",10.6878759,106.5850546,0,0.0,0.0,0.0,0.0,0.0,0.0
"Cập nhật các căn hộ chuyển nhượng chung cư Thái Hà - 43 Phạm Văn Đồng, giá tốt nhất thị trường","4,45 tỷ",70 m²,2,2,"Bắc Từ Liêm, Hà Nội","Nhà ở cho CBCS Bộ Công an, 43, Đường Phạm Văn Đồng, Phường Cổ Nhuế 2, Bắc Từ Liêm, Hà Nội",21.05891727,105.7828288,0,0.0,0.0,0.0,0.0,0.0,0.0
Hàng hiếm duy nhất tại Midtown M5 - cơ hội đầu tư vàng căn hộ 3PN - giá siêu tốt chỉ 12.6 tỷ,"12,6 tỷ",130 m²,3,3,"Quận 7, Hồ Chí Minh"," Phường Tân Phú,  Quận 7,  Hồ Chí Minh",10.727068,106.7261695,0,0.0,0.0,0.0,0.0,0.0,0.0
"Cần sang nhượng villas nghỉ dưỡng tại Bảo Lộc: 4000m2, 1945m2 thổ cư, đã xây dựng hoàn chỉnh",24 tỷ,4.000 m²,9,10,"Bảo Lộc, Lâm Đồng","289/19 Đường Đoàn Thị Điểm, Xã Lộc Thanh, Bảo Lộc, Lâm Đồng",11.56472453,107.8512568,0,0.0,0.0,0.0,0.0,0.0,0.0
"Celadon City chỉ cần thanh toán 20% là có thể nhận nhà ngay, thật hay đùa? 0936 021 *** Ms Tiên","5,01 tỷ",85 m²,2,2,"Tân Phú, Hồ Chí Minh","Celadon City, N1, Sơn Kỳ, Tân Phú, Hồ Chí Minh",10.80469525,106.6204799,0,0.0,0.0,0.0,0.0,0.0,0.0
"Bán nhà FPT hoàn thiện 3 tầng, sát Nam Kỳ Khởi Nghĩa, giá tốt, thuận lợi ở hoặc kinh doanh","4,95 tỷ",106 m²,3,3,"Ngũ Hành Sơn, Đà Nẵng"," Đường Võ Chí Công,  Phường Hòa Hải,  Ngũ Hành Sơn,  Đà Nẵng",15.9962329,108.2642553,0,0.0,0.0,0.0,0.0,0.0,0.0
"Bán nhà riêng lô góc ngõ 158 Trương Định, 8,5 tỷ, 43m2, mặt tiền 5m, 5 phòng ngủ, sổ vuông đẹp","8,5 tỷ",43 m²,5,4,"Hai Bà Trưng, Hà Nội","Ngõ 158, Đường Trương Định, Phường Trương Định, Hai Bà Trưng, Hà Nội",20.99444847,105.8497381,0,0.0,0.0,0.0,0.0,0.0,0.0
"Bán khách sạn Tam Đảo, Vĩnh Phúc, 708.8m2 x 30m mặt tiền, giá chỉ 32,5 tỷ","32,5 tỷ","708,8 m²",14,20,"Tam Đảo, Vĩnh Phúc","Thị trấn Tam Đảo, Tam Đảo, Vĩnh Phúc",21.4546863,105.6448651,0,0.0,0.0,0.0,0.0,0.0,0.0
Hiếm 2phòng ngủ - Zenpark - R105 - full đồ tâng trung - view thoáng 70m2 giá 4.250tỷ,"4,25 tỷ",70 m²,2,2,"Gia Lâm, Hà Nội"," Đường Đông Dư,  Thị trấn Trâu Quỳ,  Gia Lâm,  Hà Nội",21.00686405,105.9511242,0,0.0,0.0,0.0,0.0,0.0,0.0
"Vừa ở vừa kinh doanh CHDV, dòng tiền gần 500tr/năm. Diện tích đất 300m2. Cạnh các trường đại học","15,5 tỷ",300 m²,10,10,"Thủ Đức, Hồ Chí Minh","Đường Dương Đình Hội, Phường Phước Long B, Thủ Đức, Hồ Chí Minh",10.82152498,106.7794817,0,0.0,0.0,0.0,0.0,0.0,0.0
"Chính chủ bán 3PN-căn mới, chưa nhận nhà - sang tên liền. Giá 4,8 tỷ bao hết 102%. LH: 0901 435 ***","4,8 tỷ",83 m²,3,2,"Bình Tân, Hồ Chí Minh","The Privia, Đường An Dương Vương, Phường An Lạc, Bình Tân, Hồ Chí Minh",10.7223892,106.6197111,0,0.0,0.0,0.0,0.0,0.0,0.0
Căn góc hiếm đẹp giá tốt tại Centa City Bắc Ninh. 6tỷ550,"6,55 tỷ",90 m²,4,4,"Từ Sơn, Bắc Ninh"," Đường Hữu Nghị,  Phường Phù Chẩn,  Từ Sơn,  Bắc Ninh",21.08308623,105.9652381,0,0.0,0.0,0.0,0.0,0.0,0.0
Phòng KD dự án Lumi: Qũy căn chuyển nhượng 1-2-3PN cắt lỗ sâu gía tốt nhất thị trường LH 0969 264 ***,"9,6 tỷ",127 m²,4,3,"Nam Từ Liêm, Hà Nội"," Đường Đại lộ Thăng Long,  Phường Tây Mỗ,  Nam Từ Liêm,  Hà Nội",21.0090956,105.7462871,0,0.0,0.0,0.0,0.0,0.0,0.0
"Bán căn hộ 2PN, 2WC góc view siêu đẹp, giá siêu hời, 79m2 tại căn hộ hạng sang Eaton Park, Q2, HCM","11,8 tỷ",79 m²,2,2,"Quận 2, Hồ Chí Minh"," Đường Mai Chí Thọ,  Phường An Phú,  Quận 2,  Hồ Chí Minh",10.7365876,106.7120245,0,0.0,0.0,0.0,0.0,0.0,0.0
"Căn hộ 2PN tại The Rivana, 2,6tỷ, 72m2 giá cực chất chỉ có thể vay lên đến 70%, Liên hệ đi xem ngay","2,6 tỷ",72 m²,2,2,"Thuận An, Bình Dương"," Đường Quốc Lộ 13,  Phường Vĩnh Phú,  Thuận An,  Bình Dương",10.8723579,106.7047852,0,0.0,0.0,0.0,0.0,0.0,0.0
Rổ sỉ T03/2025 dự án Elysian ký HĐMB trực tiếp với CĐT thanh toán 30% nhận nhà. Lịch TT giãn 5 năm,"4,18 tỷ",80 m²,2,2,"Quận 9, Hồ Chí Minh"," Đường Lò Lu,  Phường Trường Thạnh,  Quận 9,  Hồ Chí Minh",10.7793365,106.6880766,0,0.0,0.0,0.0,0.0,0.0,0.0
"Nhà mình chuyển lên căn 3 ngủ cần bán căn 2 ngủ 65.1m2 tại Golden field 24 Nguyễn Cơ Thạch, Mỹ đình","4,2 tỷ","65,1 m²",2,2,"Nam Từ Liêm, Hà Nội","Golden Field Mỹ Đình, Đường Nguyễn Cơ Thạch, Phường Cầu Diễn, Nam Từ Liêm, Hà Nội",21.0345973,105.7625765,0,0.0,0.0,0.0,0.0,0.0,0.0
Bán biệt thự SL 170m2 Vin Harmony khu có hồ 12ha đã hoàn thiện có thang máy về ở ngay,Giá thỏa thuận,170 m²,5,4,"Long Biên, Hà Nội"," Phường Việt Hưng,  Long Biên,  Hà Nội",21.0542433,105.904724,0,0.0,0.0,0.0,0.0,0.0,0.0
Rẻ nhất bảng hàng Hà Nội Melody - mua trực tiếp CĐT - chỉ từ 59tr/m2 - tặng tới 1 lượng vàng,"4,72 tỷ",80 m²,2,2,"Hoàng Mai, Hà Nội"," Đường Bằng Liệt,  Phường Hoàng Liệt,  Hoàng Mai,  Hà Nội",20.966795,105.824457,0,0.0,0.0,0.0,0.0,0.0,0.0
Phan Hằng Group tổng hợp 30 căn hộ Skylake loại 1-2-3-4 Ngủ & Sky Villa giá chuyển nhượng cực tốt,"6,8 tỷ",75 m²,2,2,"Nam Từ Liêm, Hà Nội"," Đường Phạm Hùng,  Phường Mỹ Đình 1,  Nam Từ Liêm,  Hà Nội",21.02017478,105.7799731,0,0.0,0.0,0.0,0.0,0.0,0.0
"Biệt thự thiết kế tân cổ điển, full nội thất cao cấp xe hơi đổ trong nhà khu VIP Phạm Văn Hai","11,9 tỷ",63 m²,4,5,"Tân Bình, Hồ Chí Minh","Đường Phạm Văn Hai, Phường 5, Tân Bình, Hồ Chí Minh",10.7916072,106.6608146,0,0.0,0.0,0.0,0.0,0.0,0.0
"Chính chủ bán nhà 48 ngõ 112 Trần Phú Hà Đôg, 46m2, 3T nhà 2 mặt tiền, ô tô vào nhà, hướng Đông Nam","10,2 tỷ",46 m²,3,2,"Hà Đông, Hà Nội","Số 48 ngõ 112, Đường Trần Phú, Phường Mỗ Lao, Hà Đông, Hà Nội",20.98326242,105.7915209,0,0.0,0.0,0.0,0.0,0.0,0.0
Bán nhà phố mặt tiền diện tích 1380m2 thu nhập hơn 100 triệu/tháng,92 tỷ,1.380 m²,5,5,"Thủ Đức, Hồ Chí Minh","128, Đường Gò Dưa, Phường Tam Bình, Thủ Đức, Hồ Chí Minh",10.8666019,106.7267852,0,0.0,0.0,0.0,0.0,0.0,0.0
CƠ HỘI VÀNG CUỐI CÙNG SỞ HỮU CĂN HỘ TRUNG TÂM HẢI PHÒNG SỔ ĐỎ TRAO TAY!,"1,1 tỷ","51,35 m²",2,1,"Ngô Quyền, Hải Phòng"," Đường Lê Lai,  Phường Máy Chai,  Ngô Quyền,  Hải Phòng",20.8696936,106.7075491,0,0.0,0.0,0.0,0.0,0.0,0.0
Chính chủ cần bán gấp tòa nhà 8 tầng thang máy phố Nguyễn Khánh Toàn full nội thất giá 19 tỷ,19 tỷ,56 m²,4,7,"Cầu Giấy, Hà Nội","Đường Nguyễn Khánh Toàn, Phường Quan Hoa, Cầu Giấy, Hà Nội",21.03834754,105.8002309,0,0.0,0.0,0.0,0.0,0.0,0.0
Căn hộ cao cấp đập thông độc bản tại Vinhomes Ocean Park. 0928 856 ***,Giá thỏa thuận,"112,2 m²",3,3,"Gia Lâm, Hà Nội"," Đường Đông Dư,  Thị trấn Trâu Quỳ,  Gia Lâm,  Hà Nội",21.00686405,105.9511242,0,0.0,0.0,0.0,0.0,0.0,0.0
Cần bán nhà mặt phố Tôn Đức Thắng (ảnh thật 100%),"10,6 tỷ",25 m²,3,3,"Đống Đa, Hà Nội","Phố Tôn Đức Thắng, Phường Hàng Bột, Đống Đa, Hà Nội",21.02216763,105.8315756,0,0.0,0.0,0.0,0.0,0.0,0.0
Định cư nước ngoài Cần bán KHÁCH SẠN Hòa Phú TPM Bình Dương,15 tỷ,150 m²,25,26,"Thủ Dầu Một, Bình Dương","Đường 13, Phường Hòa Phú, Thủ Dầu Một, Bình Dương",10.9806072,106.667887,0,0.0,0.0,0.0,0.0,0.0,0.0
Mua song lập tặng vườn - Vinhomes Wonder City - view mặt hồ 228m2 đẳng cấp song lập - 34 tỷ,34 tỷ,228 m²,5,5,"Đan Phượng, Hà Nội"," Xã Tân Hội,  Đan Phượng,  Hà Nội",21.09337,105.6980589,0,0.0,0.0,0.0,0.0,0.0,0.0
Bán Vinhomes Skylake từ 1PN 4.9 tỷ - 2PN 6.3 tỷ - 3PN 10 tỷ - 4PN 15 tỷ - Penthouse LH 0976 069 ***,10 tỷ,100 m²,3,2,"Nam Từ Liêm, Hà Nội"," Đường Phạm Hùng,  Phường Mỹ Đình 1,  Nam Từ Liêm,  Hà Nội",21.02017478,105.7799731,0,0.0,0.0,0.0,0.0,0.0,0.0
"Căn hộ Lê Thành Tân Kiên, giá chỉ từ 630tr/căn. Đưa trước 200tr, góp 7tr/tháng. Lh 0931 442 ***",990 triệu,45 m²,2,1,"Bình Chánh, Hồ Chí Minh"," Đường Nguyễn Cửu Phú,  Xã Tân Kiên,  Bình Chánh,  Hồ Chí Minh",10.70740997,106.5816523,0,0.0,0.0,0.0,0.0,0.0,0.0
"Bán căn hộ Elysian Thủ Đức, 60 triệu/m2, 82m2, giá ưu đãi liên hệ: 0337 686 ***","4,92 tỷ",82 m²,2,2,"Quận 9, Hồ Chí Minh"," Đường Lò Lu,  Phường Trường Thạnh,  Quận 9,  Hồ Chí Minh",10.7793365,106.6880766,0,0.0,0.0,0.0,0.0,0.0,0.0
"Phòng kinh doanh CDT Vạn Thái - rổ hàng mua bán, cho thuê giá tốt nhất, uy tín LH 0974 025 ***","2,75 tỷ",60 m²,2,2,"Quận 8, Hồ Chí Minh"," Đường Cao Lỗ,  Phường 4,  Quận 8,  Hồ Chí Minh",10.74012373,106.6779372,0,0.0,0.0,0.0,0.0,0.0,0.0
Phú Đông Premier bán giá 2.6 tỷ full NT . Hỗ trợ vay bank. Tận tình hướng dẫn. LH: 0706 679 ***,"2,6 tỷ",66 m²,2,2,"Dĩ An, Bình Dương"," Đường Lê Trọng Tấn,  Phường An Bình,  Dĩ An,  Bình Dương",10.8762964,106.7565322,0,0.0,0.0,0.0,0.0,0.0,0.0
"Bán biệt thự view đẹp tại The Crown - Vinhomes Ocean Park 3, Nghĩa Trụ, 40,1 tỷ, 162m2","40,1 tỷ",162 m²,12,12,"Văn Giang, Hưng Yên","The Crown - Vinhomes Ocean Park 3, Nghĩa Trụ, Văn Giang, Hưng Yên",20.9298976,105.963275,0,0.0,0.0,0.0,0.0,0.0,0.0
"Giỏ hàng 58 căn mua trực tiếp CDT, sẵn sổ hồng, full nội thất, TT 30% nhận nhà 0981 167 ***",21 tỷ,128 m²,3,2,"Quận 1, Hồ Chí Minh"," Đường Nguyễn Đình Chiểu,  Phường Đa Kao,  Quận 1,  Hồ Chí Minh",10.78723945,106.6978685,0,0.0,0.0,0.0,0.0,0.0,0.0
Sở hữu ngay căn hộ Duplex - 3PN dự án The Senique Hà Nội DT 109m2 - 134m2 vốn chỉ với 700 triệu,7 tỷ,117 m²,3,2,"Gia Lâm, Hà Nội"," Xã Dương Xá,  Gia Lâm,  Hà Nội",21.0046345,105.970087,0,0.0,0.0,0.0,0.0,0.0,0.0
"Bán căn hộ 1N Pavilion siêu đẹp hướng Đông Nam giá nhỉnh 2 tỷ full đồ siêu đẹp, căn siêu hiếm!","2,4 tỷ",43 m²,1,1,"Gia Lâm, Hà Nội"," Đường Lý Thánh Tông,  Xã Dương Xá,  Gia Lâm,  Hà Nội",21.0046345,105.970087,0,0.0,0.0,0.0,0.0,0.0,0.0
Quản lý 100 % giỏ hàng chuyển nhượng căn hộ cao cấp Celesta Rise giá tốt T3 2025,"4,6 tỷ",80 m²,2,2,"Nhà Bè, Hồ Chí Minh"," Đường Nguyễn Hữu Thọ,  Xã Phước Kiển,  Nhà Bè,  Hồ Chí Minh",10.71772076,106.7026202,0,0.0,0.0,0.0,0.0,0.0,0.0
"Bảng giá căn hộ Mizuki Park MP6 7 8 giá bán tháng 3/2025 (2PN 2.95tỷ), (2PN 3.6tỷ) - Đã có sổ hồng","2,95 tỷ",58 m²,2,1,"Bình Chánh, Hồ Chí Minh"," Đường Nguyễn Văn Linh,  Xã Bình Hưng,  Bình Chánh,  Hồ Chí Minh",10.72891091,106.6801554,0,0.0,0.0,0.0,0.0,0.0,0.0
"Bán nhà riêng, Minh Khai, 11 tỷ, 62.4m2, 7PN, 5WC, Chính chủ, giá tốt",11 tỷ,"62,4 m²",7,5,"Hoàng Mai, Hà Nội","Đường Minh Khai, Phường Mai Động, Hoàng Mai, Hà Nội",20.9913448,105.8644046,0,0.0,0.0,0.0,0.0,0.0,0.0
"Quỹ BT Vin Thăng Long, giá chỉ từ 21 tỷ 130 m2. BT 200m2 lô góc giá 170 triệu/m2, 95 m2 17 tỷ",17 tỷ,95 m²,4,5,"Hoài Đức, Hà Nội"," Xã An Khánh,  Hoài Đức,  Hà Nội",21.005128,105.73304,0,0.0,0.0,0.0,0.0,0.0,0.0
"Bán nhà đất ngõ xe tải Tây Hồ rộng 340m - Mặt tiền 20m - giá 22.75 tỷ, GPXD 9T CCMN, cách hồ 300m","22,75 tỷ",340 m²,3,2,"Tây Hồ, Hà Nội","Đường An Dương, Phường Tứ Liên, Tây Hồ, Hà Nội",21.0656505,105.8377445,0,0.0,0.0,0.0,0.0,0.0,0.0
"Chính chủ bán nhà ngõ 105/1/25 Doãn Kế Thiện, sát phố, dt 50m2 x 5 t, giá 9.2 tỷ","9,2 tỷ",50 m²,7,5,"Cầu Giấy, Hà Nội","Ngõ 105 Ngách, Phố Doãn Kế Thiện, Phường Mai Dịch, Cầu Giấy, Hà Nội",21.04139668,105.7778717,0,0.0,0.0,0.0,0.0,0.0,0.0
"Mua căn hộ The Beverly sở hữu ngay VF3, CK tới 14%, tặng ngay học bổng Vinschool, hỗ trợ vay 70%","4,4 tỷ",79 m²,2,2,"Quận 9, Hồ Chí Minh","The Beverly - Vinhomes Grand Park, Phường Long Thạnh Mỹ, Quận 9, Hồ Chí Minh",10.7589554,106.6730492,0,0.0,0.0,0.0,0.0,0.0,0.0
Bán nhanh căn hộ 2PN giá chỉ 6.4 tỷ 87m2 tại Vinhomes Central Park,"6,4 tỷ",87 m²,2,2,"Bình Thạnh, Hồ Chí Minh"," Đường Điện Biên Phủ,  Phường 22,  Bình Thạnh,  Hồ Chí Minh",10.79834217,106.7196859,0,0.0,0.0,0.0,0.0,0.0,0.0
Giỏ hàng thật 100% bán lỗ 3PN Celesta Rise Keppel Land DT 105m2 thô bán 6ty2 giá 102% - HTCB 7ty250,"6,2 tỷ",105 m²,3,2,"Nhà Bè, Hồ Chí Minh"," Đường Nguyễn Hữu Thọ,  Xã Phước Kiển,  Nhà Bè,  Hồ Chí Minh",10.71772076,106.7026202,0,0.0,0.0,0.0,0.0,0.0,0.0
DUY NHẤT QUỸ CĂN BIỆT THỰ LIỀN KÊ ÁNH DƯƠNG GIÁ TỐT NHẤT THỊ TRƯỜNG 12X TRIỆU/M2 XÂY DỰNG TỐI ĐA,"10,4 tỷ",80 m²,6,5,"Văn Giang, Hưng Yên"," Xã Nghĩa Trụ,  Văn Giang,  Hưng Yên",20.9298976,105.963275,0,0.0,0.0,0.0,0.0,0.0,0.0
"MÔI GIỚI CÓ TÂM, NHÀ RẺ, RỔ HÀNG MỚI NHẤT THÁNG 03/2025 GIÁ CẠNH TRANH, LIÊN HỆ EM: 0938 799 *** LIÊM",Giá thỏa thuận,78 m²,2,2,"Quận 2, Hồ Chí Minh"," Đường Xa Lộ Hà Nội,  Phường Thảo Điền,  Quận 2,  Hồ Chí Minh",10.8037248,106.7462249,0,0.0,0.0,0.0,0.0,0.0,0.0
GIỎ HÀNG AKARI CITY ĐẦY ĐỦ DIỆN TÍCH 60-80-99M2 MUA TRỰC TIẾP NAM LONG KHÔNG TRẢ LÃI TRONG 18 THÁNG,"3,9 tỷ",80 m²,2,2,"Bình Tân, Hồ Chí Minh"," Đường Võ Văn Kiệt,  Phường An Lạc,  Bình Tân,  Hồ Chí Minh",10.72606923,106.6198035,0,0.0,0.0,0.0,0.0,0.0,0.0
"QUỸ HÀNG RẺ NHẤT VIN 2-3 60M2 -250M2 GIÁ TỪ 8.5 TỶ LIỀN KỀ ,SHOPHOUSE ,TỨ LẬP ,SONG LẬP 0979 227 ***","8,5 tỷ",64 m²,4,3,"Văn Giang, Hưng Yên","The Crown - Vinhomes Ocean Park 3, Xã Nghĩa Trụ, Văn Giang, Hưng Yên",20.9298976,105.963275,0,0.0,0.0,0.0,0.0,0.0,0.0
ĐỪNG BỎ LỠ! CELADON CITY RA MẮT CHƯƠNG TRÌNH BOOKING CÓ HOÀN LẠI VỚI LỊCH THANH TOÁN GIÃN 3 NĂM,"4,9 tỷ",86 m²,2,2,"Tân Phú, Hồ Chí Minh"," Đường N1,  Phường Sơn Kỳ,  Tân Phú,  Hồ Chí Minh",10.80369491,106.6148742,0,0.0,0.0,0.0,0.0,0.0,0.0
BÁN CĂN LIỀN KỀ NS8 - ĐỐI DIỆN CÔNG VIÊN - 21 TỶ - DỰ ÁN VINHOMES CỔ LOA - ĐÔNG ANH - HÀ NỘI,21 tỷ,63 m²,5,5,"Đông Anh, Hà Nội"," Đường Cổ Loa,  Xã Đông Hội,  Đông Anh,  Hà Nội",21.13968625,105.8518553,0,0.0,0.0,0.0,0.0,0.0,0.0
CĂN HỘ THE GIÓ CHIẾT KHẤU 14% - BOOKING 50 TRIỆU TẶNG 50 TRIỆU VÀ 2 CHỈ VÀNG PNJ,Giá thỏa thuận,40 m²,2,1,"Dĩ An, Bình Dương"," Đường Vành Đai 3,  Phường Bình Thắng,  Dĩ An,  Bình Dương",10.89908843,106.8237522,0,0.0,0.0,0.0,0.0,0.0,0.0
"BOOKING 50TR CH HẠNG SANG KEPLERLAND MỖ LAO 3 HẦM ĐỂ XE, DỰ KIẾN TỪ 7X/M2 CK LÊN TỚI 12,8%, HTLS 0%",5 tỷ,67 m²,2,2,"Hà Đông, Hà Nội"," Phường Mỗ Lao,  Hà Đông,  Hà Nội",20.9821715,105.7842539,0,0.0,0.0,0.0,0.0,0.0,0.0
TỔNG HỢP QUỸ CĂN HỘ CHUYỂN NHƯỢNG TẠI GOLDMARK CITY ĐẦY ĐỦ 2 PN - 3 PN & 4 PN GIÁ TỐT NHẤT,"5,9 tỷ",93 m²,2,2,"Bắc Từ Liêm, Hà Nội","Goldmark City, số 136, Đường Hồ Tùng Mậu, Phường Phú Diễn, Bắc Từ Liêm, Hà Nội",21.04106732,105.7634152,0,0.0,0.0,0.0,0.0,0.0,0.0
RA HÀNG GẤP - ANH TRAI QUYẾT MUA 5 CĂN NÊN MUỐN RA HÀNG BỚT. CĂN 3PN TẦNG 16 VIEW NHẠC NƯỚC,Giá thỏa thuận,118 m²,3,2,"Quận 2, Hồ Chí Minh","Masteri Grand View, Liên Phường, An Phú, Quận 2, Hồ Chí Minh",10.795478,106.7365254,0,0.0,0.0,0.0,0.0,0.0,0.0
CHỐT GẤP 3PN 91.71M2 GIÁ 4.X TỶ FULL NỘI THẤT VÀ SẴN CAM KẾT THUÊ 15 TRIỆU/THÁNG. RẺ HƠN CĐT 300TR,"3,97 tỷ","91,71 m²",3,2,"Vũng Tàu, Bà Rịa Vũng Tàu","Vung Tau Centre Point, Nguyễn Hữu Cảnh, Nguyễn An Ninh, Vũng Tàu, Bà Rịa Vũng Tàu",10.37397532,107.115475,0,0.0,0.0,0.0,0.0,0.0,0.0
DANH SÁCH CĂN HỘ BÁN RẺ NHẤT VINHOMES SMART CITY THÁNG 3/2025 LH 0911 447 ***,"3,6 tỷ",55 m²,2,1,"Nam Từ Liêm, Hà Nội"," Phường Tây Mỗ,  Nam Từ Liêm,  Hà Nội",21.0096762,105.7445572,0,0.0,0.0,0.0,0.0,0.0,0.0
"NEW- CẬP NHẬT FULL GIỎ HÀNG CN OPERA T3/2025, 1PN-11 TỶ; 2PN-18 TỶ;3PN-50 TỶ;4PN-55. LH 0901 235 ***",25 tỷ,94 m²,2,2,"Quận 2, Hồ Chí Minh"," Đường Đại Lộ Vòng Cung,  Phường Thủ Thiêm,  Quận 2,  Hồ Chí Minh",10.80484845,106.7167622,0,0.0,0.0,0.0,0.0,0.0,0.0
"THỰC TẾ NHẤT TÌNH HÌNH MUA BÁN CHUYỂN NHƯỢNG TẠI KHU ĐÔ THỊ ĐẢO NGỌC SWANBAY, WEBSITE SWANBAY.CO","19,84 tỷ",320 m²,4,3,"Nhơn Trạch, Đồng Nai","Đại Phước Lotus, Đại Phước, Nhơn Trạch, Đồng Nai",10.7355009,106.8171232,0,0.0,0.0,0.0,0.0,0.0,0.0
"BÁN CĂN LIỀN KỀ GÓC BÌNH MINH BM09-1X - GẦN CÔNG VIÊN - 26,7 TỶ DỰ ÁN VINHOMES WONDER CITY","26,7 tỷ","122,7 m²",6,5,"Đan Phượng, Hà Nội"," Xã Tân Hội,  Đan Phượng,  Hà Nội",21.09337,105.6980589,0,0.0,0.0,0.0,0.0,0.0,0.0
SỔ HỒNG CẦM TAY - TT CHỈ TỪ 10% NHẬN NHÀ CC THE RIVANA CẬP NHẬT THÁNG 03/25,"2,49 tỷ",72 m²,2,2,"Thuận An, Bình Dương"," Đường Quốc Lộ 13,  Phường Vĩnh Phú,  Thuận An,  Bình Dương",10.8723579,106.7047852,0,0.0,0.0,0.0,0.0,0.0,0.0
"CHÍNH CHỦ CẦN BÁN GẤP BIỆT THỰ ĐƠN LẬP 288M2 NGỌC TRAI, TẠI VINHOMES OCEAN PARK GIA LÂM, 65 TỶ VND",65 tỷ,288 m²,4,3,"Gia Lâm, Hà Nội"," Xã Dương Xá,  Gia Lâm,  Hà Nội",21.0046345,105.970087,0,0.0,0.0,0.0,0.0,0.0,0.0
"TOP 5 CĂN HỘ 2PN ĐẸP NHẤT BÊN SÔNG HÀN, ĐÀ NẴNG. BÀN GIAO NỘI THẤT CAO CẤP CHUẨN QUỐC TẾ- PENINSULA",Giá thỏa thuận,"71,8 m²",2,2,"Sơn Trà, Đà Nẵng"," Đường Lê Văn Duyệt,  Phường Nại Hiên Đông ,  Sơn Trà,  Đà Nẵng",16.09521033,108.2245759,0,0.0,0.0,0.0,0.0,0.0,0.0
"VỢ CHỒNG TÔI VỀ QUÊ CẦN BÁN NHÀ ĐƯỜNG KỲ ĐỒNG, QUẬN 3, GIÁ 2TỶ390 DT 61M2, SỔ TÔI ĐỨNG TÊN","2,39 tỷ",61 m²,4,4,"Quận 3, Hồ Chí Minh","Đường Kỳ Đồng, Phường 9, Quận 3, Hồ Chí Minh",10.78277596,106.6815398,0,0.0,0.0,0.0,0.0,0.0,0.0
CHÍNH CHỦ BÁN 6 CĂN HỘ CHUNG CƯ SUNSHINE GARDEN TỪ 1N - 4N GIÁ TỐT - LIÊN HỆ EM TUẤN ANH 0889 108 ***,"6,4 tỷ",129 m²,4,3,"Hai Bà Trưng, Hà Nội"," Đường Dương Văn Bé,  Phường Vĩnh Tuy,  Hai Bà Trưng,  Hà Nội",20.99506525,105.8729502,0,0.0,0.0,0.0,0.0,0.0,0.0
"BÁN CC 2PN, 2WC, 74M2 TẠI PHẠM VĂN ĐỒNG, CỔ NHUẾ 2, BẮC TỪ LIÊM, HÀ NỘI, GIÁ ƯU ĐÃI 5,2 TỶ","5,2 tỷ",74 m²,2,2,"Bắc Từ Liêm, Hà Nội"," Đường Phạm Văn Đồng,  Phường Cổ Nhuế 2,  Bắc Từ Liêm,  Hà Nội",21.05891727,105.7828288,0,0.0,0.0,0.0,0.0,0.0,0.0
"SĂN HÀNG GIÁ TỐT TẠI ECO GREEN Q7 SỔ HỒNG TRAO TAY - 1PN, 2PN, 3PN GIÁ TỪ 3,7 TỶ HỖ TRỢ VAY 70%","4,5 tỷ",67 m²,2,2,"Quận 7, Hồ Chí Minh"," Đường Nguyễn Văn Linh,  Phường Tân Thuận Tây,  Quận 7,  Hồ Chí Minh",10.74820169,106.7207,0,0.0,0.0,0.0,0.0,0.0,0.0
"HÀNG HIẾM TẠI 350/8 LÊ VĂN SỸ, 14,5 TỶ, 65,6M2, 4PN, 4WC, 2 TẦNG","14,5 tỷ","65,6 m²",4,4,"Quận 3, Hồ Chí Minh","350/8 Lê Văn Sỹ, Phường 14, Quận 3, Hồ Chí Minh.",10.78690706,106.6796546,0,0.0,0.0,0.0,0.0,0.0,0.0
"BÁN NHÀ MẶT TIỀN KINH DOANH 3 LẦU ĐƯỜNG TRƯƠNG VĨNH KÝ GẦN LŨY BÁN BÍCH, 15,5 TỶ, 72M2, 240M2 SÀN","15,5 tỷ",72 m²,4,4,"Tân Phú, Hồ Chí Minh","Đường Trương Vĩnh Ký, Phường Tân Thành, Tân Phú, Hồ Chí Minh",10.790984,106.6344165,0,0.0,0.0,0.0,0.0,0.0,0.0
"GIỎ HÀNG NHÀ PHỐ LIỀN KỀ GIẢM 20% GIÁ GỐC THE GLOBAL CITY T2/2025, LH 0769 868 ***",33 tỷ,95 m²,4,4,"Quận 2, Hồ Chí Minh"," Phường An Phú,  Quận 2,  Hồ Chí Minh",10.7365876,106.7120245,0,0.0,0.0,0.0,0.0,0.0,0.0
NHẬN BOOKING ƯU TIÊN VỊ TRÍ KHOẢNG TẦNG ĐẸP CĂN HỘ MẶT BIỂN SUN CÁT BÀ VỐN CHỈ TỪ 600TR,Giá thỏa thuận,33 m²,1,1,"Cát Hải, Hải Phòng"," Thị trấn Cát Bà,  Cát Hải,  Hải Phòng",20.7321058,107.0483333,0,0.0,0.0,0.0,0.0,0.0,0.0
TOP CĂN HỘ EMPIRE CITY CHỌN LỌC ĐÁNG MUA NHẤT THÁNG 3/2025. LH: 0909 828 *** MẠNH ĐINH,"24,85 tỷ",93 m²,2,2,"Quận 2, Hồ Chí Minh","Empire City Thủ Thiêm, Mai Chí Thọ, Thủ Thiêm, Quận 2, Hồ Chí Minh",10.78263325,106.7193548,0,0.0,0.0,0.0,0.0,0.0,0.0
SỞ HỮU CĂN HỘ 2PN 2 BAN CÔNG VIEW BIỂN GIÁ GỐC CĐT HỖ TRỢ VAY 70% VÀ NHIỀU ƯU ĐÃI LÊN ĐẾN 1 TỶ ĐỒNG,Giá thỏa thuận,"63,5 m²",2,2,"Liên Chiểu, Đà Nẵng"," Đường Ngô Thì Nhậm,  Phường Hòa Khánh Bắc,  Liên Chiểu,  Đà Nẵng",16.0765052,108.1488365,0,0.0,0.0,0.0,0.0,0.0,0.0
"* Bán nhà nguyên căn đường Âu Dương Lân, Quận 8. (5.97x12.03) 2Lầu, SHR, Nở Hậu, Mới Đẹp, Nhỉnh 6tỷ","6,2 tỷ","66,5 m²",3,3,"Quận 8, Hồ Chí Minh","Đường Âu Dương Lân, Phường 3, Quận 8, Hồ Chí Minh",10.74517,106.6846187,0,0.0,0.0,0.0,0.0,0.0,0.0
"2 P ngủ Masteri dự kiến 3,2tỷ đối diện công viên trung tâm ngắm pháo hoa tại Vinhomes Ocean Park 2",Giá thỏa thuận,60 m²,2,2,"Văn Giang, Hưng Yên"," Xã Nghĩa Trụ,  Văn Giang,  Hưng Yên",20.9298976,105.963275,0,0.0,0.0,0.0,0.0,0.0,0.0
QUẢN LÝ GIỎ HÀNG 100 SUẤT NỘI BỘ 1-2-3PN HỜI NHẤT TẠI MASTERI CENTRE POINT LIÊN HỆ 0932 778 ***,"4,2 tỷ",74 m²,2,2,"Quận 9, Hồ Chí Minh"," Đường Nguyễn Xiển,  Phường Long Bình,  Quận 9,  Hồ Chí Minh",10.7589554,106.6730492,0,0.0,0.0,0.0,0.0,0.0,0.0
Bán căn biệt thự song lập Jade Square Phạm Văn Đồng rẻ hơn liền kề xung quanh LH:0915 568 ***,52 tỷ,180 m²,4,3,"Bắc Từ Liêm, Hà Nội","Jade Square, Nguyễn Đình Tứ, Xuân Đỉnh, Bắc Từ Liêm, Hà Nội",21.07153132,105.7827977,0,0.0,0.0,0.0,0.0,0.0,0.0
"CHÍNH CHỦ BÁN NHÀ RIÊNG PHỐ TRUNG KÍNH, CẦU GIẤY, Ô TÔ TRÁNH, KD, 81m 6T, GIÁ 23 TỶ",23 tỷ,81 m²,5,5,"Cầu Giấy, Hà Nội","Phố Trung Kính, Phường Trung Hòa, Cầu Giấy, Hà Nội",21.01665806,105.7939798,0,0.0,0.0,0.0,0.0,0.0,0.0
"Bán nhà MTKD 115 Nguyễn Súy, Tân Quý, Tân Phú, 12,3 tỷ, 79,8m2, chính chủ giá tốt","12,3 tỷ","79,8 m²",2,1,"Tân Phú, Hồ Chí Minh","Đường Nguyễn Súy, Phường Tân Quý, Tân Phú, Hồ Chí Minh",10.79295816,106.6225122,0,0.0,0.0,0.0,0.0,0.0,0.0
"Chọn lọc các căn 2PN 2WC Moonlight cần bán 3.2tỷ, nhiều căn, nhiều tầng, nhiều view 0911 850 ***","3,2 tỷ",64 m²,2,2,"Thủ Đức, Hồ Chí Minh","Moonlight Residences, 102, Đường Đặng Văn Bi, Phường Bình Thọ, Thủ Đức, Hồ Chí Minh",10.84727967,106.7605032,0,0.0,0.0,0.0,0.0,0.0,0.0
"Khai xuân đón lộc chốt nhanh Q7 Riverside 3PN giá 4.05 tỷ hỗ trợ vay, view sông - call: 0911 850 ***","4,05 tỷ",86 m²,3,2,"Quận 7, Hồ Chí Minh"," Đường Đào Trí,  Phường Phú Thuận,  Quận 7,  Hồ Chí Minh",10.73432452,106.7412179,0,0.0,0.0,0.0,0.0,0.0,0.0
"Hiếm - suất NNN Masteri Centre Point, tặng full nội thất, chiết khấu 9.5%, tặng PQL đến T12/2028","4,3 tỷ",72 m²,2,2,"Quận 9, Hồ Chí Minh"," Phường Long Bình,  Quận 9,  Hồ Chí Minh",10.7589554,106.6730492,0,0.0,0.0,0.0,0.0,0.0,0.0
Bán nhà TX40 m.tiền kênh 3L-5 PN sân dài sọc. DT 4x32=128m2 đất. Để được 4 xe hơi cho đại gia đình,"5,76 tỷ",128 m²,5,5,"Quận 12, Hồ Chí Minh","Đường Thạnh Xuân 40, Phường Thạnh Xuân, Quận 12, Hồ Chí Minh",10.88835044,106.6825712,0,0.0,0.0,0.0,0.0,0.0,0.0
"Bán CHDV Tây Tựu, Bắc Từ Liêm, 5,25 tỷ, 37m2, 7PN, 8WC, dòng tiền 2x tr/tháng - ô tô vào cửa","5,25 tỷ",37 m²,7,8,"Bắc Từ Liêm, Hà Nội","Đường Tây Tựu, Phường Tây Tựu, Bắc Từ Liêm, Hà Nội",21.06213723,105.7303072,0,0.0,0.0,0.0,0.0,0.0,0.0
Em Được chuyên bán chuyển nhượng giá tốt nhất dự án Imperia Smart City. Có Hỗ trợ vay ngân hàng,"4,35 tỷ",64 m²,2,2,"Nam Từ Liêm, Hà Nội"," Đường Đại lộ Thăng Long,  Phường Tây Mỗ,  Nam Từ Liêm,  Hà Nội",21.0090956,105.7462871,0,0.0,0.0,0.0,0.0,0.0,0.0
"Suất đặc biệt - duy nhất 1 căn 3PN - 167m2 Trần cao 4m2 - Căn thường 3m3, View Sông & Thảo Cầm Viên",51 tỷ,167 m²,3,2,"Quận 1, Hồ Chí Minh"," Phố Tôn Đức Thắng,  Phường Bến Nghé,  Quận 1,  Hồ Chí Minh",10.78507305,106.7021751,0,0.0,0.0,0.0,0.0,0.0,0.0
Bán CH duplex 3PN The Infinity Q7 Keppel DT~146m2 view hồ bơi mát giá 10ty150xem nhà mẫu 0933 776 ***,"10,15 triệu","145,4 m²",3,3,"Quận 7, Hồ Chí Minh"," Đường Huỳnh Tấn Phát,  Phường Tân Phú,  Quận 7,  Hồ Chí Minh",10.72606433,106.7338333,0,0.0,0.0,0.0,0.0,0.0,0.0
"Bán GẤP căn hộ 4PN 188m view trực diện sông công viên , giá : 25 tỷ . LH 0909 106 *** Thu Hiền 24/7",24 tỷ,188 m²,4,3,"Bình Thạnh, Hồ Chí Minh","Vinhomes Central Park, Điện Biên Phủ, 22, Bình Thạnh, Hồ Chí Minh",10.7989822,106.7188362,0,0.0,0.0,0.0,0.0,0.0,0.0
"Cần bán nhanh căn hộ 137m chung cư Mulberry Lane, Mỗ Lao, Hà Đông","7,5 tỷ",137 m²,3,2,"Hà Đông, Hà Nội"," Phường Mỗ Lao,  Hà Đông,  Hà Nội",20.9821715,105.7842539,0,0.0,0.0,0.0,0.0,0.0,0.0
"Quỹ căn bán cắt lỗ: Shophouse 75m2, 99m2, 120m2; liền Kề 99m; biệt thự 160m2 & BT 200m2",28 tỷ,75 m²,6,6,"Hoàng Mai, Hà Nội"," Đường Nguyễn Xiển,  Phường Đại Kim,  Hoàng Mai,  Hà Nội",20.97883203,105.8128546,0,0.0,0.0,0.0,0.0,0.0,0.0
"Suất ngoại giao quỹ căn đẹp chiết khấu cao tại toà The Xanh 1 dự án Sun Cát Bà, giá chỉ từ 1.9 tỷ",Giá thỏa thuận,32 m²,1,1,"Cát Hải, Hải Phòng","Thị trấn Cát Bà, Cát Hải, Hải Phòng",20.7321058,107.0483333,0,0.0,0.0,0.0,0.0,0.0,0.0
"Căn Góc 3PN 2WC, 108m2 view đẹp, rẻ hơn 300 triệu so với khu Thanh Xuân, Duy nhất 1 suất Ck 300tr","8,2 tỷ",108 m²,3,2,"Thanh Xuân, Hà Nội","Handico Complex, Lê Văn Lương, Nhân Chính, Thanh Xuân, Hà Nội",21.00694099,105.807155,0,0.0,0.0,0.0,0.0,0.0,0.0
Quỹ căn giá tốt tầng đẹp dự án Khai Sơn City - chiết khấu 10.5% - lãi suất 0% 18 tháng - tặng 80tr,"6,5 tỷ",120 m²,3,3,"Long Biên, Hà Nội"," Phường Ngọc Thụy,  Long Biên,  Hà Nội",21.0601064,105.8670441,0,0.0,0.0,0.0,0.0,0.0,0.0
"Quản lý 100% giỏ hàng mua bán giá siêu tốt tại Vinhomes Central Park (1-2-3-4 PN, Penthouse, LM81)","6,4 tỷ",82 m²,2,2,"Bình Thạnh, Hồ Chí Minh","Vinhomes Central Park, Đường Điện Biên Phủ, Phường 22, Quận Bình Thạnh, Hồ Chí Minh",10.79834217,106.7196859,0,0.0,0.0,0.0,0.0,0.0,0.0
Tôi chính chủ cần bán căn hộ Lavita Charm 2PN 3.3tỷ có nội thất 0911 850 ***,"3,3 tỷ",68 m²,2,2,"Thủ Đức, Hồ Chí Minh"," Đường 1,  Phường Trường Thọ,  Thủ Đức,  Hồ Chí Minh",10.8569155,106.7570566,0,0.0,0.0,0.0,0.0,0.0,0.0
"Bán nhà hẻm 4,2m Huỳnh Văn Bánh 5 Tầng. Giá chỉ 7,499 tỷ","7,5 tỷ",40 m²,3,4,"Phú Nhuận, Hồ Chí Minh","Đường Huỳnh Văn Bánh, Phường 13, Phú Nhuận, Hồ Chí Minh",10.7904745,106.6693155,0,0.0,0.0,0.0,0.0,0.0,0.0
"Nhà chính chủ Quận 10 cần bán gấp hẻm xe ô tô quay đầu, cách mặt tiền đường CMT8 70m, thiện chí bán",8 tỷ,"53,9 m²",2,1,"Quận 10, Hồ Chí Minh","457/29 Đường Cách Mạng Tháng Tám, Phường 13, Quận 10, Hồ Chí Minh",10.7793424,106.6706065,0,0.0,0.0,0.0,0.0,0.0,0.0
Chính chủ gửi bán quỹ căn hộ The Sapphire tháng 4 năm 2025 giá chỉ từ 1.6 tỷ nhận nhà ở ngay,"2,2 tỷ",43 m²,1,1,"Gia Lâm, Hà Nội"," Xã Đa Tốn,  Gia Lâm,  Hà Nội",20.9862042,105.930004,0,0.0,0.0,0.0,0.0,0.0,0.0
"Bán căn hộ chung cư tại Vinhomes Ocean Park Gia Lâm, 5,18 tỷ, 77m2, 3PN, 2WC","5,18 tỷ",77 m²,3,2,"Gia Lâm, Hà Nội","Vinhomes Ocean Park Gia Lâm, Dương Xá, Gia Lâm, Hà Nội",21.0046345,105.970087,0,0.0,0.0,0.0,0.0,0.0,0.0
"Bán nhà riêng tại Xã Mỹ Hạnh Nam, Đức Hòa, Long An, 400 triệu, 100m2 giá siêu hời.",400 triệu,100 m²,2,2,"Đức Hòa, Long An","Xã Mỹ Hạnh Nam, Đức Hòa, Long An",10.8640461,106.4917002,0,0.0,0.0,0.0,0.0,0.0,0.0
"Chỉ từ 1,65 tỷ sở hữu ngay căn hộ 3PN 3WC 109m2. Tháng 5 nhận nhà. Miễn lãi gốc đến T7/2026","7,4 tỷ",109 m²,3,3,"Hoài Đức, Hà Nội","The Wisteria, Đường 32, Xã Di Trạch, Hoài Đức, Hà Nội",21.04984988,105.724827,0,0.0,0.0,0.0,0.0,0.0,0.0
"Chính chủ gửi bán quỹ căn 3PN, đập thông và 4PN tòa G1, G2 90-125m2 cắt lỗ 600tr Vinhomes GreenBay","9,5 tỷ","113,5 m²",3,2,"Nam Từ Liêm, Hà Nội"," Đường Đại lộ Thăng Long,  Phường Mễ Trì,  Nam Từ Liêm,  Hà Nội.",21.01930277,105.78074,0,0.0,0.0,0.0,0.0,0.0,0.0
"Độc quyền 200 căn MT Eastmark City, chỉ 2,6 tỷ sổ hồng, 2,5 tỷ chưa có sổ, 3 căn CĐT chiết khấu 5%","2,6 tỷ",65 m²,2,1,"Quận 9, Hồ Chí Minh"," Đường Vành Đai 3,  Phường Long Trường,  Quận 9,  Hồ Chí Minh",10.7589554,106.6730492,0,0.0,0.0,0.0,0.0,0.0,0.0
Bán nhanh Vinhomes Golden River Ba Son view Bitexco đẹp rẻ nhất diện tích 121m2. LH 0777 888 ***,"28,6 tỷ",121 m²,3,2,"Quận 1, Hồ Chí Minh"," Phố Tôn Đức Thắng,  Phường Bến Nghé,  Quận 1,  Hồ Chí Minh",10.78507305,106.7021751,0,0.0,0.0,0.0,0.0,0.0,0.0
Giá tốt (156tr/m2): Quỹ căn Vinhomes Metropolis ngày 28/03: SDT 0913 809 ***,"26,5 tỷ",146 m²,4,3,"Ba Đình, Hà Nội"," Phố Liễu Giai,  Phường Ngọc Khánh,  Ba Đình,  Hà Nội",21.03219695,105.81337,0,0.0,0.0,0.0,0.0,0.0,0.0
"Hàng cực hiếm! Bán nhanh căn hộ Seasons Avenue, dt 117m2, full đồ đẹp, giá 7 tỷ, hướng mát, SHLD",7 tỷ,117 m²,3,2,"Hà Đông, Hà Nội"," Phường Mỗ Lao,  Hà Đông,  Hà Nội",20.9821715,105.7842539,0,0.0,0.0,0.0,0.0,0.0,0.0
"Thông tin chuẩn! Chính chủ bán gấp 2 căn hộ tại tòa B và tòa C Mulberry Lane, 2pn-3pn, giá giảm sâu","6,3 tỷ",116 m²,3,2,"Hà Đông, Hà Nội"," Phường Mỗ Lao,  Hà Đông,  Hà Nội",20.9821715,105.7842539,0,0.0,0.0,0.0,0.0,0.0,0.0
"Biệt thự view hồ khu đô thị Vĩnh Hoàng P Hoàng Văn Thụ, Q Hoàng Mai Hà Nội 216m2 sổ đỏ sẵn két",98 tỷ,216 m²,12,12,"Hoàng Mai, Hà Nội"," Đường Vĩnh Hoàng,  Phường Lĩnh Nam,  Hoàng Mai,  Hà Nội",20.9870824,105.8683055,0,0.0,0.0,0.0,0.0,0.0,0.0
Eco Retreat rừng retreat của riêng bạn. Nhận booking giỏ hàng độc quyền & suất ưu đãi 200tr hôm nay,Giá thỏa thuận,300 m²,4,3,"Bến Lức, Long An"," Xã Thanh Phú,  Bến Lức,  Long An",10.6661421,106.5117389,0,0.0,0.0,0.0,0.0,0.0,0.0
"Bán gấp căn 3PN 117m2, Vinhomes Central Park, Bình Thạnh, nội thất Châu Âu, view cực Chill","12,9 tỷ",117 m²,3,2,"Bình Thạnh, Hồ Chí Minh"," Đường Điện Biên Phủ,  Phường 22,  Bình Thạnh,  Hồ Chí Minh",10.79834217,106.7196859,0,0.0,0.0,0.0,0.0,0.0,0.0
Giảm 300tr còn 9.6tỷ! Nhà cấp 4 - P12 Gò Vấp đang cho thuê 1x triệu/tháng đầu tư sinh lời ngay.,"9,6 tỷ",65 m²,2,2,"Gò Vấp, Hồ Chí Minh","Đường Nguyễn Tư Giản, Phường 12, Gò Vấp, Hồ Chí Minh",10.83321316,106.6388399,0,0.0,0.0,0.0,0.0,0.0,0.0
Em Thắng chuyên chuyển nhượng nhận ký gửi mua bán căn hộ tại dự án Imperia The Sola Park Tây Mỗ,"3,5 tỷ",54 m²,2,2,"Nam Từ Liêm, Hà Nội","Imperia Sola Park, Tây Mỗ, Nam Từ Liêm, Hà Nội",21.0096762,105.7445572,0,0.0,0.0,0.0,0.0,0.0,0.0
"Chính chủ cần bán nhà trung tâm cầu giấy , xây tâm huyết , kd phòng khám hoặc mở cty , spa đều đươc","34,8 tỷ",100 m²,15,8,"Cầu Giấy, Hà Nội","Phường Nghĩa Đô, Quận Cầu Giấy, Hà Nội",21.0469903,105.8027493,0,0.0,0.0,0.0,0.0,0.0,0.0
"Bán căn hộ CC Dolphin Plaza, Trần Bình, 9,45 tỷ, 165m2, giá ưu đãi Hot!","9,45 tỷ",165 m²,3,2,"Nam Từ Liêm, Hà Nội","Dolphin Plaza, Trần Bình, Mỹ Đình 2, Nam Từ Liêm, Hà Nội",21.03066864,105.7763755,0,0.0,0.0,0.0,0.0,0.0,0.0
"Bán căn hộ 1PN, 1WC, 43m2 tại The Sapphire 1, Đa Tốn, Gia Lâm, Hà Nội, 2,46 tỷ","2,46 tỷ",43 m²,1,1,"Gia Lâm, Hà Nội","The Sapphire 1 - Vinhomes Ocean Park, Đa Tốn, Gia Lâm, Hà Nội",20.9862042,105.930004,0,0.0,0.0,0.0,0.0,0.0,0.0
"Bán nhà riêng 488/25 Phạm Văn Chiêu, Gò Vấp, 50m2, 9,286 tỷ VND","9,29 tỷ",50 m²,4,5,"Gò Vấp, Hồ Chí Minh","488/25 Đường Phạm Văn Chiêu, Phường 16, Gò Vấp, Hồ Chí Minh",10.8464989,106.666088,0,0.0,0.0,0.0,0.0,0.0,0.0
"Mở bán Khải Hoàn Prime chiết khấu 16% thanh toán 20% nhận nhà, tặng 1 năm phí quản lý LH 0903 066 ***","2,37 tỷ",47 m²,2,2,"Nhà Bè, Hồ Chí Minh"," Đường Lê Văn Lương,  Xã Nhơn Đức,  Nhà Bè,  Hồ Chí Minh",10.6868021,106.6999079,0,0.0,0.0,0.0,0.0,0.0,0.0
Quỹ căn hộ bán cắt lỗ sâu 2PN 3PN tại Imperia 423 Minh Khai. LH 0947 418 ***,Giá thỏa thuận,105 m²,3,2,"Hai Bà Trưng, Hà Nội","Imperia Sky Garden, 423, Đường Minh Khai, Phường Vĩnh Tuy, Hai Bà Trưng, Hà Nội",20.99496378,105.8675578,0,0.0,0.0,0.0,0.0,0.0,0.0
"Bán căn 2PN + 1 tòa S5 Sunshine City view sân golf nhà mới tinh chưa ở giá 7,5 tỷ","7,5 tỷ",85 m²,2,2,"Bắc Từ Liêm, Hà Nội"," Phường Đông Ngạc,  Bắc Từ Liêm,  Hà Nội",21.0887962,105.7852886,0,0.0,0.0,0.0,0.0,0.0,0.0
Mình là Thắng bán 09 căn: Stu - 1tỷ680; 1PN + 2tỷ55; 2PN - 3.2 tỷ; 3PN - 5.1tỷ Masteri West Heights,"2,55 tỷ","46,5 m²",1,1,"Nam Từ Liêm, Hà Nội"," Phường Tây Mỗ,  Nam Từ Liêm,  Hà Nội.",21.0096762,105.7445572,0,0.0,0.0,0.0,0.0,0.0,0.0
Giỏ hàng độc quyền hơn 200 + căn giá tốt nhất dự án MT Eastmark City tháng 3/25 - Googlereal,"2,5 tỷ","65,4 m²",1,1,"Quận 9, Hồ Chí Minh"," Đường Trường Lưu,  Phường Long Trường,  Quận 9,  Hồ Chí Minh",10.7589554,106.6730492,0,0.0,0.0,0.0,0.0,0.0,0.0
(Tin thật 100%) Bán CCMN lô góc 50m2 x 11CH tại Quan Hoa - Dòng tiền 800 triệu/năm - Nhà gần phố,"12,5 tỷ",50 m²,11,11,"Cầu Giấy, Hà Nội","Đường Quan Hoa, Phường Quan Hoa, Cầu Giấy, Hà Nội",21.03526306,105.7934242,0,0.0,0.0,0.0,0.0,0.0,0.0
"Bán Căn hộ mini Detaco Nhơn Trạch, giá cực chất 500 triệu, 52m2, view đẹp",500 triệu,52 m²,2,2,"Nhơn Trạch, Đồng Nai","Detaco Nhơn Trạch (DTA City), Đường Nguyễn Văn Cừ, Xã Phước An, Nhơn Trạch, Đồng Nai",10.65898039,106.9221669,0,0.0,0.0,0.0,0.0,0.0,0.0
Biệt thự đơn lập Riviera Cove Q9. DT đất 720m2. Sân vườn siêu rộng. Sổ hồng sẵn. Giá 68 tỷ,68 tỷ,720 m²,6,6,"Quận 9, Hồ Chí Minh","Riviera Cove, D3, Phước Long B, Quận 9, Hồ Chí Minh",10.8063168,106.7784645,0,0.0,0.0,0.0,0.0,0.0,0.0
"Bán Nhà Phố Quang Trung . DT :79 m , kinh doanh đa nghề . Giá 16 tỷ .",16 tỷ,79 m²,3,3,"Hà Đông, Hà Nội","Đường Trần Đăng Ninh, Phường Quang Trung, Hà Đông, Hà Nội",20.971131,105.7714768,0,0.0,0.0,0.0,0.0,0.0,0.0
Bán căn hộ Haus Đà Lạt | Haus Sky Maison Lumen H301 - 273m2 sân vườn 37m2 giá thoả thuận,Giá thỏa thuận,273 m²,4,5,"Đà Lạt, Lâm Đồng","Đinh Tiên Hoàng, 2, Đà Lạt, Lâm Đồng",11.94760659,108.4434026,0,0.0,0.0,0.0,0.0,0.0,0.0
Có nên mua Căn Hộ View Thành Phố với giá F0 từ Chủ Đầu Tư rẻ hơn so với Sàn ngoài 200Tr không ?,2 tỷ,"77,3 m²",2,2,"Thái Bình, Thái Bình","Eden Garden Thái Bình, Đường Lê Lợi, Phường Lê Hồng Phong, Thái Bình, Thái Bình",,,0,0.0,0.0,0.0,0.0,0.0,0.0
"Chính chủ kẹt tiền ngân hàng bán lỗ căn hộ Rivana 1PN 1ty780, 2PN 2ty490 view đẹp. LH xem nhà ngay","1,78 tỷ",52 m²,1,1,"Thuận An, Bình Dương"," Đường Quốc Lộ 13,  Phường Vĩnh Phú,  Thuận An,  Bình Dương",10.8723579,106.7047852,0,0.0,0.0,0.0,0.0,0.0,0.0
Cần bán gấp nhiều căn 1PN 2PN 3PN 4PN đã có sổ hồng tại Vinhomes Central Park 0901 511 ***,"7,3 tỷ",87 m²,2,2,"Bình Thạnh, Hồ Chí Minh"," Đường Điện Biên Phủ,  Phường 22,  Bình Thạnh,  Hồ Chí Minh",10.79834217,106.7196859,0,0.0,0.0,0.0,0.0,0.0,0.0
Nhà mặt phố kinh doanh giá rẻ 172m Thới hòa Mỹ Phước 4,"4,6 tỷ",172 m²,1,1,"Bến Cát, Bình Dương","Oasis City, Đường Vành Đai 4, Phường Thới Hòa, Bến Cát, Bình Dương",11.10643191,106.6041326,0,0.0,0.0,0.0,0.0,0.0,0.0
"Bán nhà KPL phố Tân Mai, hồ Đền Lừ. 80m2 xây mới 7 tầng. Nhà 2 mặt thoáng. Ô tô đỗ cửa. Kinh doanh","25,5 tỷ",80 m²,5,8,"Hoàng Mai, Hà Nội","Đường Tân Mai, Phường Tân Mai, Hoàng Mai, Hà Nội",20.9763224,105.8104688,0,0.0,0.0,0.0,0.0,0.0,0.0
"Bán nhà mặt phố Lê Trọng Tấn,100m x 8 tầng thang máy giá 56 tỷ,tòa văn phòng mới tinh,đầy đủ pccc",56 tỷ,100 m²,7,7,"Thanh Xuân, Hà Nội","Đường Lê Trọng Tấn, Phường Khương Mai, Thanh Xuân, Hà Nội",20.9971341,105.8290537,0,0.0,0.0,0.0,0.0,0.0,0.0
"Bcons Garden nói không với giá ảo 57m2 2PN + 2WC, 1,5 tỷ cam kết không phát sinh gì thêm","1,5 tỷ",57 m²,2,2,"Dĩ An, Bình Dương","Bcons Garden, 25A, Đường Phạm Hữu Lầu, Phường Dĩ An, Dĩ An, Bình Dương",10.9056486,106.7640638,0,0.0,0.0,0.0,0.0,0.0,0.0
"CĂN HỘ SUN SYMPHONY RESIDENCE VIEW TRỰC DIỆN SÔNG HÀN DT 50M2, GIÁ 3 TỶ 879TR - CĂN ĐỘC QUYỀN","3,88 tỷ",50 m²,2,1,"Sơn Trà, Đà Nẵng"," Đường Trần Hưng Đạo,  Phường Nại Hiên Đông ,  Sơn Trà,  Đà Nẵng",16.08516825,108.2288678,0,0.0,0.0,0.0,0.0,0.0,0.0
"QUỸ CĂN STU, 1-3PN VIN OCP CHÍNH CHỦ VIEW ĐẸP GIÁ RẺ, PHÁP LÝ RÕ RÀNG MIỄN PHÍ MG, HT VAY 80%","2,6 tỷ",59 m²,2,1,"Gia Lâm, Hà Nội"," Xã Dương Xá,  Gia Lâm,  Hà Nội",21.0046345,105.970087,0,0.0,0.0,0.0,0.0,0.0,0.0
NẮM KEY NHIỀU CĂN GIÁ TỐT CHỐT NHANH TẠI THE RIVER: (PENT-99TỶ) (4PN-43TỶ) (3PN-18TỶ) (2PN-11TỶ),"18,5 tỷ",139 m²,3,2,"Quận 2, Hồ Chí Minh","The River Thủ Thiêm, số 33, Đường Trần Bạch Đằng, Phường An Khánh, Quận 2, Hồ Chí Minh",10.80484845,106.7167622,0,0.0,0.0,0.0,0.0,0.0,0.0
"THE OPERA (1PN - 9,3 TỶ)(2PN - 12 TỶ)(3PN - 22 TỶ)(4PN - 30 TỶ) LOFT, DUPLEX GIÁ RẺ NHẤT THỊ TRƯỜNG",15 tỷ,84 m²,2,2,"Quận 2, Hồ Chí Minh"," Đường Đại Lộ Vòng Cung,  Phường Thủ Thiêm,  Quận 2,  Hồ Chí Minh",10.80484845,106.7167622,0,0.0,0.0,0.0,0.0,0.0,0.0
BIGHOMES ĐẠI LÝ PHÂN PHỐI CHÍNH THỨC TÒA PR3-THE PARIS. TOÀ CUỐI VIEW SÔNG TẠI VINHOMES OCEAN PARK,Giá thỏa thuận,43 m²,1,1,"Gia Lâm, Hà Nội"," Xã Đa Tốn,  Gia Lâm,  Hà Nội",20.9862042,105.930004,0,0.0,0.0,0.0,0.0,0.0,0.0
BÁN NHANH BIỆT THỰ - LIỀN KỀ VINHOMES GRAND PARK SẴN SỔ HỒNG - GIÁ TỐT VỊ TRÍ ĐẸP LH 0938 703 ***,20 tỷ,144 m²,3,4,"Quận 9, Hồ Chí Minh"," Phường Long Thạnh Mỹ,  Quận 9,  Hồ Chí Minh",10.7589554,106.6730492,0,0.0,0.0,0.0,0.0,0.0,0.0
CĂN HỘ ĐỐI DIỆN VINCOM. CHỈ 01 CĂN 2PN 70 M2 VIEW SÔNG GIÁ 3.2 TỶ VINHOMES GRAND PARK 0903 040 ***,"3,19 tỷ",70 m²,3,2,"Quận 9, Hồ Chí Minh"," Phường Long Thạnh Mỹ,  Quận 9,  Hồ Chí Minh",10.7589554,106.6730492,0,0.0,0.0,0.0,0.0,0.0,0.0
"CÒN 01 CĂN RẺ NHẤT OCEAN PARK 3 NHỈNH 100TR/M2 - HỖ TRỢ VAY 70%, MIỄN GỐC LÃI 30THÁNG, CK TỚI 20,2%",11 tỷ,102 m²,5,3,"Văn Giang, Hưng Yên"," Xã Nghĩa Trụ,  Văn Giang,  Hưng Yên",20.9298976,105.963275,0,0.0,0.0,0.0,0.0,0.0,0.0
"NẮM GIỎ HÀNG ĐỘC QUYỀN HƠN 99 CĂN THE OPERA METROPOLE THỦ THIÊM ĐẸP NHẤT, GIÁ TỐT NHẤT THỊ TRƯỜNG","15,7 tỷ",81 m²,2,2,"Quận 2, Hồ Chí Minh"," Đường Đại Lộ Vòng Cung,  Phường Thủ Thiêm,  Quận 2,  Hồ Chí Minh",10.80484845,106.7167622,0,0.0,0.0,0.0,0.0,0.0,0.0
"MỚI! QUỸ CĂN VIP TOWNHOUSE, BIỆT THỰ MẶT SÔNG HÀN, NGẮM PHÁO HOA ĐÀ NẴNG CK 12,5% TỪ CĐT SUN GROUP.","15,39 tỷ",108 m²,5,6,"Sơn Trà, Đà Nẵng","Sun Symphony Residence, Trần Hưng Đạo, Nại Hiên Đông , Sơn Trà, Đà Nẵng",16.08516825,108.2288678,0,0.0,0.0,0.0,0.0,0.0,0.0
"QUỸ 18 CĂN NGOẠI GIAO PHÂN KHU BÌNH MINH VÀ HĐ VIN ĐAN PHƯỢNG GIÁ TỪ 17 TỶ CHIẾT KHẤU 10,5% + 11%",Giá thỏa thuận,88 m²,4,4,"Đan Phượng, Hà Nội"," Xã Tân Hội,  Đan Phượng,  Hà Nội",21.09337,105.6980589,0,0.0,0.0,0.0,0.0,0.0,0.0
"BÁN NHANH CĂN 3PN 2WC GIÁ CHỈ 10 TỶ, 130M2 BAO ĐẸP TẠI VINHOMES CENTRAL PARK",10 tỷ,130 m²,3,2,"Bình Thạnh, Hồ Chí Minh","Vinhomes Central Park, Điện Biên Phủ, 22, Bình Thạnh, Hồ Chí Minh",10.7989822,106.7188362,0,0.0,0.0,0.0,0.0,0.0,0.0
"ĐỘC QUYỀN OPERA METROPOLE GIÁ TỐT NHẤT: 1PN-9,2TỶ; 2PN-11,9TỶ; 3PN-21,9TỶ; 4PN-39,9TỶ; LOFT; DUPLEX","14,5 tỷ",82 m²,2,2,"Quận 2, Hồ Chí Minh"," Đường Đại Lộ Vòng Cung,  Phường Thủ Thiêm,  Quận 2,  Hồ Chí Minh",10.80484845,106.7167622,0,0.0,0.0,0.0,0.0,0.0,0.0
HOT: BOOKING RỔ HÀNG CĐT KHU DIAMOND DỰ ÁN CELADON CITY TỪ 20/3/2025 CHỈ THANH TOÁN 20% NHẬN NHÀ!,"5,5 tỷ",85 m²,2,2,"Tân Phú, Hồ Chí Minh"," Đường N1,  Phường Sơn Kỳ,  Tân Phú,  Hồ Chí Minh",10.80369491,106.6148742,0,0.0,0.0,0.0,0.0,0.0,0.0
DK CHỈ 390 TRIỆU - CHIẾT KHẤU 12% - SỞ HỮU CĂN HỘ VIEW HỒ PK THE PARIS - VINHOMES OCEANPARK 1,Giá thỏa thuận,61 m²,2,2,"Gia Lâm, Hà Nội"," Xã Đa Tốn,  Gia Lâm,  Hà Nội",20.9862042,105.930004,0,0.0,0.0,0.0,0.0,0.0,0.0
"CHỈ CẦN THANH TOÁN 180TR CHO CĂN 2PN DIỆN TÍCH 56M2 CHO ĐẾN KHI NHẬN NHÀ, QUÀ TẶNG LÊN ĐẾN 59TR","1,63 tỷ","55,6 m²",2,1,"Dĩ An, Bình Dương"," Đường Vũng Thiện,  Phường Tân Đông Hiệp,  Dĩ An,  Bình Dương",10.9214709,106.7668045,0,0.0,0.0,0.0,0.0,0.0,0.0
HOT! CĂN HỘ 2PN 3PN VIEW PANAROMA SÔNG HÀN TẦNG CAO NGẮM PHÁO HOA TUYỆT ĐẸP - CAM KẾT GIÁ TỐT NHẤT,Giá thỏa thuận,"93,3 m²",1,1,"Sơn Trà, Đà Nẵng"," Đường Lê Văn Duyệt,  Phường Nại Hiên Đông ,  Sơn Trà,  Đà Nẵng",16.09521033,108.2245759,0,0.0,0.0,0.0,0.0,0.0,0.0
RẺ NHẤT THỊ TRƯỜNG CĂN HỘ SUN SYMPHONY TRỰC DIỆN SÔNG HÀN ĐÀ NẴNG - CHIẾT KHẤU LÊN TỚI 21%,"3,45 tỷ",60 m²,2,2,"Sơn Trà, Đà Nẵng"," Đường Trần Hưng Đạo,  Phường Nại Hiên Đông ,  Sơn Trà,  Đà Nẵng",16.08516825,108.2288678,0,0.0,0.0,0.0,0.0,0.0,0.0
"EM BÁN CĂN ECO GREEN 3PN 2WC NHÀ ĐẸP GIÁ TỐT 5.4 TỶ, NHÀ MỚI, VIEW ĐẸP. LH TƯ VẤN 0939 720 ***","5,4 tỷ",80 m²,3,2,"Quận 7, Hồ Chí Minh"," Đường Nguyễn Văn Linh,  Phường Tân Thuận Tây,  Quận 7,  Hồ Chí Minh",10.74820169,106.7207,0,0.0,0.0,0.0,0.0,0.0,0.0
"NHỈNH 7 TỶ SỞ HỮU CĂN LK 80M2 VIN CỔ LOA VỊ TRÍ SIÊU ĐẸP TRỤC ĐƯỜNG 25M, QUÀ TẶNG 600TR, VAY 70%-0%",21 tỷ,80 m²,5,5,"Đông Anh, Hà Nội"," Đường Cổ Loa,  Xã Đông Hội,  Đông Anh,  Hà Nội",21.13968625,105.8518553,0,0.0,0.0,0.0,0.0,0.0,0.0
"ORIGAMI ĐỐT CHÁY THỊ TRƯỜNG CK 25%, THANH TOÁN 480 NGÀY, CĂN 2PN GIÁ 2.650 TỶ, TẶNG NỘI THẤT 250TR","2,65 tỷ",59 m²,2,2,"Quận 9, Hồ Chí Minh"," Đường Phước Thiện,  Phường Long Bình,  Quận 9,  Hồ Chí Minh",10.7589554,106.6730492,0,0.0,0.0,0.0,0.0,0.0,0.0
BÁN MASTERI THẢO ĐIỀN - CẬP NHẬT NHANH CHÓNG GIỎ HÀNG GIÁ TỐT NHẤT THỊ TRƯỜNG. HƯƠNG: 0937 886 ***,Giá thỏa thuận,70 m²,2,2,"Quận 2, Hồ Chí Minh"," Đường Xa Lộ Hà Nội,  Phường Thảo Điền,  Quận 2,  Hồ Chí Minh",10.8037248,106.7462249,0,0.0,0.0,0.0,0.0,0.0,0.0
"HOT! VINHOMES OCEAN PARK 2 SÓNG LỚN. NHÀ PHỐ VEN HÀ NỘI TỪ 130TR/M2, VAY MIỄN LÃI 30 THÁNG","8,45 tỷ",65 m²,6,5,"Văn Giang, Hưng Yên"," Xã Long Hưng,  Văn Giang,  Hưng Yên",20.942226,105.957565,0,0.0,0.0,0.0,0.0,0.0,0.0
MỞ BÁN CHÍNH THỨC DỰ ÁN SUN URBAN CITY HÀ NAM PHÂN KHU LIỀN KỀ VÀ BIỆT THỰ,6 tỷ,60 m²,3,3,"Phủ Lý, Hà Nam","Sun Urban City, Lam Hạ, Phủ Lý, Hà Nam",20.5020473,105.9185094,0,0.0,0.0,0.0,0.0,0.0,0.0
"BÁN CĂN HỘ HOMYLAND RIVERSIDE 75M2 GIÁ 3.7TỶ, 81M2 GIÁ 3,75 TỶ, 3PN 95M2 GIÁ 4,320T LH 0915 698 ***","3,7 tỷ",81 m²,2,2,"Quận 2, Hồ Chí Minh"," Đường Nguyễn Duy Trinh,  Phường Bình Trưng Đông,  Quận 2,  Hồ Chí Minh",10.80484845,106.7167622,0,0.0,0.0,0.0,0.0,0.0,0.0
BÁN CĂN XẺ KHE - 80M2 - MẶT ĐƯỜNG 25M - HƯỚNG ĐÔNG NAM - DỰ ÁN VINHOMES CỔ LOA,28 tỷ,80 m²,6,5,"Đông Anh, Hà Nội"," Đường Cổ Loa,  Xã Đông Hội,  Đông Anh,  Hà Nội",21.13968625,105.8518553,0,0.0,0.0,0.0,0.0,0.0,0.0
"GIỎ HÀNG THE ORIGAMI GIÁ SỐC CK 25%, THANH TOÁN GIÃN 480 NGÀY, CƠ HỘI ĐẦU TƯ HIẾM CÓ LH 0903 040 ***","2,4 tỷ",48 m²,2,2,"Quận 9, Hồ Chí Minh"," Đường Phước Thiện,  Phường Long Bình,  Quận 9,  Hồ Chí Minh",10.7589554,106.6730492,0,0.0,0.0,0.0,0.0,0.0,0.0
"QUỸ CĂN HOT MỞ BÁN ĐỢT ĐẦU VINHOMES WONDER CITY HÀNG ĐẸP, GIÁ ĐẤT NHỈNH 100TR/M2. LH 0982 022 ***",Giá thỏa thuận,88 m²,5,5,"Đan Phượng, Hà Nội"," Xã Tân Hội,  Đan Phượng,  Hà Nội",21.09337,105.6980589,0,0.0,0.0,0.0,0.0,0.0,0.0
"(50 CĂN CHUYỂN NHƯỢNG) GIAI ĐOẠN 1 DỰ ÁN EATON PARK, GIÁ TỐT NHẤT THỊ TRƯỜNG. LIÊN HỆ 0911 693 ***","6,7 tỷ",50 m²,3,2,"Quận 2, Hồ Chí Minh"," Đường Mai Chí Thọ,  Phường An Phú,  Quận 2,  Hồ Chí Minh",10.7365876,106.7120245,0,0.0,0.0,0.0,0.0,0.0,0.0
"XEM GIỎ HÀNG CĂN ĐẸP VÀ BẢNG GIÁ BCONS CITY THÁP GREEN SAPPHIRE, THÁP GREEN EMERALD TẠI ĐÂY","1,67 tỷ",52 m²,2,2,"Dĩ An, Bình Dương"," Đường Thống Nhất,  Phường Đông Hòa,  Dĩ An,  Bình Dương",10.8946458,106.7811372,0,0.0,0.0,0.0,0.0,0.0,0.0
CHÍNH THỨC CÔNG BỐ GIỎ HÀNG TẦNG CAO VIEW SÔNG SUN SYMPHONY ĐÀ NẴNG - QUỸ CĂN ĐỘC QUYỀN,"4,45 tỷ",79 m²,2,2,"Sơn Trà, Đà Nẵng"," Đường Trần Hưng Đạo,  Phường Nại Hiên Đông ,  Sơn Trà,  Đà Nẵng",16.08516825,108.2288678,0,0.0,0.0,0.0,0.0,0.0,0.0
"GIỎ HÀNG NỘI BỘ CĂN RẼ NHẤT DỰ ÁN BCONS CITY, SẴN HỢP ĐỒNG CAM KẾT THUÊ, CALL 0899 525 *** THÔNG","1,95 tỷ",54 m²,2,2,"Dĩ An, Bình Dương"," Đường Thống Nhất,  Phường Đông Hòa,  Dĩ An,  Bình Dương",10.8946458,106.7811372,0,0.0,0.0,0.0,0.0,0.0,0.0
"NẮM CHÍNH CHỦ RỔ HÀNG THE RIVANA, NHIỀU CĂN GIÁ TỐT 1PN 1.85 TỶ - 2PN 2.5 TỶ - 3PN 3.55 TỶ","2,5 tỷ",72 m²,2,2,"Thuận An, Bình Dương"," Đường Quốc Lộ 13,  Phường Vĩnh Phú,  Thuận An,  Bình Dương",10.8723579,106.7047852,0,0.0,0.0,0.0,0.0,0.0,0.0
HÓT HÓT NHÀ RẺ QUÁ CẢ NHÀ ƠI DT : 4.2 X 15 TRẾT LẦU 3 PN HẺM XE HƠI GIÁ CHỈ 4TỶ550,"4,55 tỷ",61 m²,3,2,"Quận 12, Hồ Chí Minh","Đường Nguyễn Văn Quá, Phường Đông Hưng Thuận, Quận 12, Hồ Chí Minh",10.82627475,106.6265979,0,0.0,0.0,0.0,0.0,0.0,0.0
"GIỎ HÀNG BIỆT THỰ ĐẢO, BIỆT THỰ ĐƠN LẬP TRỰC TIẾP CĐT NAM LONG THANH TOÁN THEO TIẾN ĐỘ 36 THÁNG","14,5 tỷ",400 m²,4,4,"Bến Lức, Long An"," Đường Tỉnh lộ 824,  Xã An Thạnh,  Bến Lức,  Long An",10.64662758,106.4877082,0,0.0,0.0,0.0,0.0,0.0,0.0
CK CAO NHẤT! BOOKING CÓ HOÀN LẠI. BAO THUẾ PHÍ +5% SỔ. TT 20% NHẬN NHÀ Ở NGAY -MIỄN PQL.FREE ĐẬU XE,"4,59 tỷ",87 m²,2,2,"Tân Phú, Hồ Chí Minh","Celadon City, Đường N1, Phường Sơn Kỳ, Tân Phú, Hồ Chí Minh",10.80469525,106.6204799,0,0.0,0.0,0.0,0.0,0.0,0.0
QUỸ CĂN ĐỘC QUYỀN! DỰ ÁN THE CHARM AN HƯNG. BÁN SUẤT NGOẠI GIAO TẦNG ĐẸP 3PN 2PN GIÁ TỐT 0983 180 ***,"5,1 tỷ",74 m²,2,2,"Hà Đông, Hà Nội"," Đường Tố Hữu,  Phường La Khê,  Hà Đông,  Hà Nội",20.9696783,105.7601018,0,0.0,0.0,0.0,0.0,0.0,0.0
"CĂN HỘ QUẬN 9 ELYSIAN - GAMUDA LAND, GIÁ SIÊU RẺ ĐẦU TƯ SINH LỜI CAO LH 0901 555 *** MR THẮNG","4,51 tỷ",82 m²,2,2,"Quận 9, Hồ Chí Minh","Elysian, Đường Lò Lu, Phường Trường Thạnh, Quận 9, Hồ Chí Minh",10.7793365,106.6880766,0,0.0,0.0,0.0,0.0,0.0,0.0
"TRỰC TIẾP CHỦ ĐẦU TƯ: CĂN 2 - 3N GIÁ RẺ NHẤT MELODY LINH ĐÀM, VIEW HỒ, CHIẾT KHẤU 8%, TẶNG VÀNG 999","3,65 tỷ",68 m²,2,2,"Hoàng Mai, Hà Nội"," Đường Bằng Liệt,  Phường Hoàng Liệt,  Hoàng Mai,  Hà Nội",20.966795,105.824457,0,0.0,0.0,0.0,0.0,0.0,0.0
"QUỸ CĂN HỘ VINHOMES GRAND PARK GIÁ TỐT NHẤT THỊ TRƯỜNG, CHỈ TỪ 1.45 TỶ, THÍCH HỢP ĐẦU TƯ VÀ AN CƯ!","1,45 tỷ",30 m²,2,2,"Quận 9, Hồ Chí Minh"," Đường Phước Thiện,  Phường Long Bình,  Quận 9,  Hồ Chí Minh",10.7589554,106.6730492,0,0.0,0.0,0.0,0.0,0.0,0.0
LH TƯ VẤN GIÁ BÁN Q7 RIVERSIDE: 1PN-2.3TỶ /2PN-2.9TỶ/ 3PN-4.2TỶ (NHIỀU CĂN VÀ GIÁ TỐT) 0706 679 ***,"2,35 tỷ",53 m²,1,1,"Quận 7, Hồ Chí Minh","Q7 Saigon Riverside, 04 Đào Trí, Phường Phú Thuận, Quận 7, Hồ Chí Minh",10.73821327,106.7385896,0,0.0,0.0,0.0,0.0,0.0,0.0
BÁN Q7 RIVERSIDE 1PN + VIEW TRỰC DIỆN SÔNG 2.5 TỶ TRỐNG HOẶC SẴN HỢP ĐỒNG THUÊ 0911 850 ***,"2,5 tỷ","53,67 m²",1,1,"Quận 7, Hồ Chí Minh"," Đường Đào Trí,  Phường Phú Thuận,  Quận 7,  Hồ Chí Minh",10.73432452,106.7412179,0,0.0,0.0,0.0,0.0,0.0,0.0
"(TOÀN BỘ GIỎ HÀNG 4 BLOCK CĂN GÓC 2PN 68M2) Q7 RIVERSIDE GIÁ SIÊU TỐT, VIEW SÔNG 2.7TỶ 0902 651 ***","2,7 tỷ",67 m²,2,2,"Quận 7, Hồ Chí Minh"," Đường Đào Trí,  Phường Phú Thuận,  Quận 7,  Hồ Chí Minh",10.73432452,106.7412179,0,0.0,0.0,0.0,0.0,0.0,0.0
CƠ HỘI ĐẦU TƯ GĐ1 BOOKING DỰ KIẾN TỪ 50TR/M2 SỞ HỮU CH CAO CẤP VỊ TRÍ VÀNG BLUEGEM TOWER PHÁP VÂN,Giá thỏa thuận,"84,7 m²",3,2,"Thanh Trì, Hà Nội"," Đường Nguyễn Bặc,  Xã Tứ Hiệp,  Thanh Trì,  Hà Nội",20.9497791,105.8480418,0,0.0,0.0,0.0,0.0,0.0,0.0
"CHUNG CƯ COSMOPOLITAN MIK CỔ LOA CĂN 2PN 70M2 GIÁ CHỈ 89TR/M2 C.KHẤU 15,5%, QUÀ TẶNG 500 TRIỆU","6,2 tỷ",70 m²,2,2,"Đông Anh, Hà Nội","Vinhomes Cổ Loa, Cổ Loa, Đông Hội, Đông Anh, Hà Nội",21.0966838,105.8680621,0,0.0,0.0,0.0,0.0,0.0,0.0
"TT 20%, TRẢ CHẬM 3 NĂM LS 0%. GIÁ CĐT F0, LIÊN HỆ EM ĐỂ CÓ CHÍNH SÁCH ƯU ĐÃI TỐT NHẤT - 0935 686 ***","4,9 tỷ",87 m²,2,2,"Tân Phú, Hồ Chí Minh"," Đường N1,  Phường Sơn Kỳ,  Tân Phú,  Hồ Chí Minh",10.80369491,106.6148742,0,0.0,0.0,0.0,0.0,0.0,0.0
"NHỈNH 11 TỶ CĂN SHOPHOUSE TRỤC ĐẠI LỘ HỪNG ĐÔNG 75 M2, MẶT ĐƯỜNG 25 MÉT, CANH TRƯỜNG HỌC, CÔNG VIÊN","11,6 tỷ",75 m²,5,3,"Văn Giang, Hưng Yên"," Xã Long Hưng,  Văn Giang,  Hưng Yên",20.942226,105.957565,0,0.0,0.0,0.0,0.0,0.0,0.0
"BÁN CĂN BT 80 M2 ÁNH DƯƠNG, CẠNH CÔNG VIÊN BIỂN HỒ, ĐƯỜNG LỚN, CAM KẾT GIÁ TỐT NHẤT THỊ TRƯỜNG","10,3 tỷ",80 m²,6,3,"Văn Giang, Hưng Yên"," Xã Nghĩa Trụ,  Văn Giang,  Hưng Yên",20.9298976,105.963275,0,0.0,0.0,0.0,0.0,0.0,0.0
CƠN SỐT ĐẦU TƯ TẠI THE GIÓ RIVERSIDE - DỰ ÁN VEN SÔNG ĐÁNG SỞ HỮU NHẤT NĂM 2025!,Giá thỏa thuận,65 m²,2,2,"Dĩ An, Bình Dương","The Gió Riverside, Đường Vành Đai 3, Phường Bình Thắng, Dĩ An, Bình Dương",10.89908843,106.8237522,0,0.0,0.0,0.0,0.0,0.0,0.0
CẬP NHẬT QUỸ CĂN CHUYỂN NHƯỢNG GIÁ RẺ NHẤT HIỆN TẠI Ở SMART CITY. LH XEM NHÀ: 0941 982 *** (ZALO),"2,75 tỷ",43 m²,1,1,"Nam Từ Liêm, Hà Nội"," Phường Tây Mỗ,  Nam Từ Liêm,  Hà Nội",21.0096762,105.7445572,0,0.0,0.0,0.0,0.0,0.0,0.0
"CHỈ 1%/THÁNG SỞ HỮU CĂN HỘ THE GIÓ RIVERSIDE VỚI CHUẨN SỐNG XANH, TIỆN NGHI BẬC NHẤT KHU ĐÔNG SÀI",Giá thỏa thuận,65 m²,2,2,"Dĩ An, Bình Dương","The Gió Riverside, Đường Vành Đai 3, Phường Bình Thắng, Dĩ An, Bình Dương",10.89908843,106.8237522,0,0.0,0.0,0.0,0.0,0.0,0.0
"QUỸ 15 CĂN SIÊU HÓT KHU HỪNG ĐÔNG VIN ĐAN PHƯỢNG GIÁ DỰ KIẾN TỪ 17 TỶ CHIẾT KHẤU 10,5% + 11%",Giá thỏa thuận,96 m²,4,5,"Đan Phượng, Hà Nội"," Xã Tân Hội,  Đan Phượng,  Hà Nội",21.09337,105.6980589,0,0.0,0.0,0.0,0.0,0.0,0.0
"CHIẾT KHẤU 21% - HÀNG ĐỘC QUYỀN: CĂN SIÊU ĐẸP VIEW SÔNG, GIÁ CHỈ 3, X TỶ",Giá thỏa thuận,52 m²,1,1,"Sơn Trà, Đà Nẵng","Sun Symphony Residence, Trần Hưng Đạo, Nại Hiên Đông , Sơn Trà, Đà Nẵng",16.08516825,108.2288678,0,0.0,0.0,0.0,0.0,0.0,0.0
"BÁN GẤP NHÀ PHỐ 5X20M DỰ ÁN LAVILLA GREEN CITY, VIEW SÔNG, CẠNH AEON MALL TÂN AN, ĐƯỜNG HÙNG VƯƠNG","3,18 tỷ",100 m²,3,3,"Tân An, Long An"," Đường Hùng Vương,  Phường 6,  Tân An,  Long An",10.55748156,106.3948541,0,0.0,0.0,0.0,0.0,0.0,0.0
"CĂN HỘ VEN SÔNG HÀN SUN SYMPHONY ĐÀ NẴNG, VIEW TRỰC DIỆN PHÁO HOA, GIÁ CĐT, CK ĐẾN 22%","5,58 tỷ",70 m²,3,3,"Sơn Trà, Đà Nẵng"," Đường Trần Hưng Đạo,  Phường Nại Hiên Đông ,  Sơn Trà,  Đà Nẵng",16.08516825,108.2288678,0,0.0,0.0,0.0,0.0,0.0,0.0
ĐẠI LÝ TOP 1 DỰ ÁN CELADON A/C LH EM BOOKING ĐỂ CÓ THÊM GIỎ HÀNG ƯT1 THAY VÌ CHỈ 1 GIỎ HÀNG,"4,5 tỷ",85 m²,2,2,"Tân Phú, Hồ Chí Minh","Celadon City, N1, Sơn Kỳ, Tân Phú, Hồ Chí Minh",10.80469525,106.6204799,0,0.0,0.0,0.0,0.0,0.0,0.0
GIÁ GỐC CĐT - QUỸ CĂN 80M2 ÁP GÓC ĐỐI DIỆN CHUNG CƯ VINHOME CỔ LOA CỰC ĐẸP - TT CHỈ 7TỶ SỞ HỮU NGAY,19 tỷ,80 m²,5,5,"Đông Anh, Hà Nội"," Đường Cổ Loa,  Xã Đông Hội,  Đông Anh,  Hà Nội",21.13968625,105.8518553,0,0.0,0.0,0.0,0.0,0.0,0.0
"RỔ HÀNG ĐỘC QUYỀN CELADON CITY GIÁ 5,9 TỶ - TT 20% NHẬN NHÀ- CK ĐẾN 10%, 12 THÁNG PQL +GÓI NỘI THẤT","5,9 tỷ",96 m²,2,2,"Tân Phú, Hồ Chí Minh","Celadon City, N1, Sơn Kỳ, Tân Phú, Hồ Chí Minh",10.80469525,106.6204799,0,0.0,0.0,0.0,0.0,0.0,0.0
"QUÀ TẶNG 500 TRIỆU KHÁCH HÀNG BOOKING SỚM TỪ 89TR VIEW HỒ, CK 16% HTLS 36T, NỘI THẤT KHÁCH SẠN 5SAO",Giá thỏa thuận,45 m²,1,1,"Đông Anh, Hà Nội"," Xã Đông Hội,  Đông Anh,  Hà Nội",21.13968625,105.8518553,0,0.0,0.0,0.0,0.0,0.0,0.0
"CHIẾT KHẤU KHỦNG 25%, ĐƯỢC THANH TOÁN 30% (550 TRIỆU) TRONG 360 NGÀY, NHẬN NHÀ Ở NGAY, NHÀ MỚI 100%","4,35 tỷ",93 m²,3,2,"Quận 9, Hồ Chí Minh","Vinhomes Grand Park, Long Thạnh Mỹ, Quận 9, Hồ Chí Minh",10.7589554,106.6730492,0,0.0,0.0,0.0,0.0,0.0,0.0
"CĂN HỘ GÓC 2PN2WC - 80M2 CHỈ 7,52 TỶ VIP NHẤT VINHOMES CỔ LOA,CK 15%,3 HẦM ĐỖ XE, KẾ BÊN GRAND EXPO","7,52 tỷ",80 m²,2,2,"Đông Anh, Hà Nội","Vinhomes Cổ Loa, Cổ Loa, Đông Hội, Đông Anh, Hà Nội",21.0966838,105.8680621,0,0.0,0.0,0.0,0.0,0.0,0.0
CC BÁN CHUYỂN NHƯỢNG: STU-1TỶ180; 1PN+ 2.1 TỶ; 2PN-2.5TỶ; 2PN+ 3.3 TỶ; 3PN-HƠN 3.8TỶ VIN SMART CITY,Giá thỏa thuận,81 m²,3,2,"Nam Từ Liêm, Hà Nội"," Phường Tây Mỗ,  Nam Từ Liêm,  Hà Nội",21.0096762,105.7445572,0,0.0,0.0,0.0,0.0,0.0,0.0
"ĐỘC QUYỀN 25 CĂN MUA GIÁ GỐC TRỰC TIẾP CĐT, CHIẾT KHẤU 15,5% ,HỖ TRỢ VAY VỐN 70% ÂN HẠN GỐC LÃI 24T","3,6 tỷ","77,2 m²",3,2,"Đông Anh, Hà Nội","Eurowindow River Park, 5, Đông Hội, Đông Anh, Hà Nội",21.0790467,105.8746919,0,0.0,0.0,0.0,0.0,0.0,0.0
"SỞ HỮU PHÂN KHU ĐẸP NHẤT DIAMOND CENTERY, CHỈ TỪ 1.2 TỶ DÒNG TIỀN SẴN ,TT TRONG 3 NĂM,FREE PQL",6 tỷ,96 m²,2,2,"Tân Phú, Hồ Chí Minh","Diamond Centery, N1, Sơn Kỳ, Tân Phú, Hồ Chí Minh",10.8040522,106.6206836,0,0.0,0.0,0.0,0.0,0.0,0.0
"CĂN HỘ KEPLER LAND MỖ LAO GIÁ CHỈ TỪ 7XTR/M2, 3 HẦM ĐỂ XE, NHẬN NHÀ QUÝ 3/2026 HTLS 0% 18T MIỄN PDV",Giá thỏa thuận,77 m²,2,2,"Hà Đông, Hà Nội"," Phường Mỗ Lao,  Hà Đông,  Hà Nội",20.9821715,105.7842539,0,0.0,0.0,0.0,0.0,0.0,0.0
"BÁN NHÀ MẶT PHỐ TRẦN ĐĂNG NINH . GIÁ 12,5 TỶ X 5 TẦNG","12,5 tỷ",46 m²,5,3,"Hà Đông, Hà Nội","Đường Trần Đăng Ninh. Phường Quang Trung , Hà Đông , Hà Nội .",20.9551855,105.758011,0,0.0,0.0,0.0,0.0,0.0,0.0
"THE PARIS MỞ BÁN TÒA PR3 VIEW HỒ, CĂN 1PN, 2PN, 3PN C.KHẤU LÊN ĐẾN 12% RẺ NHẤT VINHOMES OCEAN PARK1","5,3 tỷ",80 m²,3,2,"Gia Lâm, Hà Nội","The Paris - Vinhomes Ocean Park, Đường Lý Thánh Tông, Xã Đa Tốn, Gia Lâm, Hà Nội",20.99269348,105.9246946,0,0.0,0.0,0.0,0.0,0.0,0.0
"BÁN NHANH QUỸ CĂN NGOẠI GIAO VIN CỔ LOA 63-75-80M2 ĐỐI DIỆN CHUNG CƯ, TRỤC ĐƯỜNG 25M, VAY 0% - 36TH",Giá thỏa thuận,63 m²,5,5,"Đông Anh, Hà Nội"," Đường Cổ Loa,  Xã Đông Hội,  Đông Anh,  Hà Nội",21.13968625,105.8518553,0,0.0,0.0,0.0,0.0,0.0,0.0
BÁN CĂN BT5A-25 DIỆN TÍCH 140M2 TẠI CIPUTRA TÂY HỒ SÁT CV 65HA VÀ SÂN GOLF GIÁ 50 TỶ. LH 0969 524 ***,50 tỷ,140 m²,4,5,"Tây Hồ, Hà Nội"," Đường Võ Chí Công,  Phường Phú Thượng,  Tây Hồ,  Hà Nội",21.07529443,105.8111542,0,0.0,0.0,0.0,0.0,0.0,0.0
CELADON CITY MỞ BÁN RỔ HÀNG GIAI ĐOẠN CUỐI,8 tỷ,120 m²,3,3,"Tân Phú, Hồ Chí Minh","Celadon City, Đường N1, Phường Sơn Kỳ, Tân Phú, Hồ Chí Minh",10.80469525,106.6204799,0,0.0,0.0,0.0,0.0,0.0,0.0
"CĂN 88M2, 96M2 GIÃN XÂY GIÁ TỐT PHÂN KHU HỪNG ĐÔNG GẦN CÔNG VIÊN VINHOMES ĐAN PHƯỢNG WONDER CITY",Giá thỏa thuận,96 m²,4,5,"Đan Phượng, Hà Nội"," Xã Tân Hội,  Đan Phượng,  Hà Nội",21.09337,105.6980589,0,0.0,0.0,0.0,0.0,0.0,0.0
BÁN CĂN LIỀN KỀ VIEW CÔNG VIÊN VÀ SÂN TẬP THỂ THAO GIÁ CHỈ CHƯA ĐẾN 9 TỶ RẺ NHẤT OCEANPARK 3,"8,6 tỷ",65 m²,4,5,"Văn Giang, Hưng Yên","The Crown - Vinhomes Ocean Park 3, Nghĩa Trụ, Văn Giang, Hưng Yên",20.9298976,105.963275,0,0.0,0.0,0.0,0.0,0.0,0.0
"CC BÁN 4 CĂN STUDIO-1.7TỶ, 1PN-2.6TỶ, 2PN - 55M - 3.15TỶ, 2PN-69M-CĂN GÓC-3.5TỶ KĐT VH SMARTCITY","3,5 tỷ",69 m²,2,2,"Nam Từ Liêm, Hà Nội","Vinhomes Smart City , Phường Tây Mỗ, Nam Từ Liêm, Hà Nội",21.0072395,105.7372088,0,0.0,0.0,0.0,0.0,0.0,0.0
AKARI CITY NAM LONG MỞ BÁN 30 CĂN HỘ 2PN-3PN - CHÍNH SÁCH HẤP DẪN - HỖ TRỢ LS 0% - PKD: 0932 661 ***,"3,99 tỷ",81 m²,2,2,"Bình Tân, Hồ Chí Minh"," Đường Võ Văn Kiệt,  Phường An Lạc,  Bình Tân,  Hồ Chí Minh",10.72606923,106.6198035,0,0.0,0.0,0.0,0.0,0.0,0.0
"BÁN CĂN BT ĐƠN LẬP 455M2 KHU PARK VILLAGE, KĐT WATER POINT LONG AN, HTLS VAY BANK 30 THÁNG",29 tỷ,455 m²,4,4,"Bến Lức, Long An","Waterpoint, Đường 824, Xã An Thạnh, Bến Lức, Long An",10.6516575,106.4712271,0,0.0,0.0,0.0,0.0,0.0,0.0
"NHÀ PHỐ 96M2 GIÁ BÁN SIÊU TỐT 14 TỶ, GẦN CV VỊ TRI ĐẸP GIÁ TỐT LH: 0908 494 ***",14 tỷ,96 m²,5,5,"Quận 9, Hồ Chí Minh"," Đường Nguyễn Xiển,  Phường Long Thạnh Mỹ,  Quận 9,  Hồ Chí Minh",10.7589554,106.6730492,0,0.0,0.0,0.0,0.0,0.0,0.0
NẮM FULL GIỎ HÀNG ĐANG BÁN TẠI EMPIRE CITY 1PN-2PN-3PN-4PN MỚI NHẤT. CAM KẾT GIÁ RẺ NHẤT THỊ TRƯỜNG,"9,5 tỷ",64 m²,1,1,"Quận 2, Hồ Chí Minh","Empire City Thủ Thiêm, Mai Chí Thọ, Thủ Thiêm, Quận 2, Hồ Chí Minh",10.78263325,106.7193548,0,0.0,0.0,0.0,0.0,0.0,0.0
"ĐỘC QUYỀN! QUỸ NGOẠI GIAO CĐT MELODY LINH ĐÀM CHỈ 54TR/M2,CHIẾT KHẤU 8%,TẶNG 1 CÂY VÀNG,VIEW HỒ ĐẸP","3,6 tỷ",68 m²,2,2,"Hoàng Mai, Hà Nội"," Đường Bằng Liệt,  Phường Hoàng Liệt,  Hoàng Mai,  Hà Nội",20.966795,105.824457,0,0.0,0.0,0.0,0.0,0.0,0.0
"TIN GIÁ THẬT. EM HIỆP CHUYÊN BÁN CĂN HỘ LUMIERE RIVERSIDE, QUẬN 2. ĐÃ CÓ SỔ HỒNG","8,9 tỷ","74,2 m²",2,2,"Quận 2, Hồ Chí Minh"," Đường Võ Nguyên Giáp,  Phường An Phú,  Quận 2,  Hồ Chí Minh",10.7365876,106.7120245,0,0.0,0.0,0.0,0.0,0.0,0.0
"NHẬN NHÀ Ở HOẶC CHO THUÊ NGAY, CHIẾT KHẤU LÊN ĐẾN 12% GTCH. GIÁ TRỰC TIẾP TỪ CHỦ ĐẦU TƯ PHÚ ĐÔNG","2,72 tỷ","68,2 m²",2,2,"Dĩ An, Bình Dương"," Đường An Bình,  Phường An Bình,  Dĩ An,  Bình Dương",10.87141891,106.7551239,0,0.0,0.0,0.0,0.0,0.0,0.0
"ĐỘC QUYỀN 10 CĂN TẦNG TRUNG VIEW HỒ, STUDIO - 1PN - 2PN-3PN, CHIẾT KHẤU NGAY 18,5% KÝ TRỰC TIẾP CĐT",Giá thỏa thuận,60 m²,2,2,"Đông Anh, Hà Nội"," Xã Đông Hội,  Đông Anh,  Hà Nội",21.13968625,105.8518553,0,0.0,0.0,0.0,0.0,0.0,0.0
"1PN-2PN-3PN VINHOMES Q9 CẮT LỖ 500-1.2 TỶ, CAM KẾT GIÁ RẺ HƠN 100 - 200TR LH 0931 896 *** XEM NHÀ","2,65 tỷ",60 m²,2,2,"Quận 9, Hồ Chí Minh"," Phường Long Thạnh Mỹ,  Quận 9,  Hồ Chí Minh",10.7589554,106.6730492,0,0.0,0.0,0.0,0.0,0.0,0.0
"(TIN THẬT) CỰC HIẾM, BÁN NHÀ QUẬN TÂN BÌNH, MT 6M, PHÂN LÔ VỈA HÈ, Ô TÔ TRÁNH, KHÔNG LỖI, XÂY CCMN","12,5 tỷ",121 m²,3,3,"Tân Bình, Hồ Chí Minh","Đường Phạm Văn Bạch, Phường 14, Tân Bình, Hồ Chí Minh",10.7937663,106.6419696,0,0.0,0.0,0.0,0.0,0.0,0.0
"BÁN CĂN 2N2VS 65M2, FULL ĐỒ, HƯỚNG ĐÔNG BẮC MÁT MẺ, GIÁ CHỈ 3.06 TỶ","3,06 tỷ",65 m²,2,2,"Gia Lâm, Hà Nội"," Xã Dương Xá,  Gia Lâm,  Hà Nội",21.0046345,105.970087,0,0.0,0.0,0.0,0.0,0.0,0.0
"HOT! TỔNG HỢP RỔ HÀNG CHUYỂN NHƯỢNG SWANBAY MỚI NHẤT T3/2025, NHIỀU CĂN GIÁ TỐT NHẤT, VỊ TRÍ ĐẸP",18 tỷ,320 m²,3,3,"Nhơn Trạch, Đồng Nai"," Xã Đại Phước,  Nhơn Trạch,  Đồng Nai",10.7355009,106.8171232,0,0.0,0.0,0.0,0.0,0.0,0.0
"BÁN CĂN HỘ CHUNG CƯ TẠI VINHOMES OCEAN PARK GIA LÂM, 2,48 TỶ, 48M2, HÀNG HIẾM GIÁ SIÊU HỜI","2,48 tỷ",48 m²,1,1,"Gia Lâm, Hà Nội"," Xã Dương Xá,  Gia Lâm,  Hà Nội",21.0046345,105.970087,0,0.0,0.0,0.0,0.0,0.0,0.0
"MỞ BÁN PHÂN KHU DIAMOND, TT20% CÒN LẠI GÓP 3 NĂM 0% LS, LH EM ĐỂ CÓ ƯU ĐÃI TỐT NHẤT - 0935 686 ***","4,4 tỷ",85 m²,2,2,"Tân Phú, Hồ Chí Minh"," Đường N1,  Phường Sơn Kỳ,  Tân Phú,  Hồ Chí Minh",10.80369491,106.6148742,0,0.0,0.0,0.0,0.0,0.0,0.0
CENTA RIVERSIDE - ĐÔ THỊ SINGAPORE ĐẦU TIÊN TẠI ĐẤT VUA KINH BẮC - MỞ BÁN PHÂN KHU MỚI. GIÁ GỐC CĐT,"7,7 tỷ",120 m²,3,4,"Từ Sơn, Bắc Ninh","Hữu Nghị, Phù Chẩn, Từ Sơn, Bắc Ninh",21.08308623,105.9652381,0,0.0,0.0,0.0,0.0,0.0,0.0
"QUỸ 15 CĂN NGOẠI GIAO KHU HỪNG ĐÔNG, BÌNH MINH VIN ĐAN PHƯỢNG GIÁ TỪ 17 TỶ CHIẾT KHẤU 10,5% + 11%",Giá thỏa thuận,88 m²,4,5,"Đan Phượng, Hà Nội","Xã Tân Hội, Đan Phượng, Hà Nội",21.09337,105.6980589,0,0.0,0.0,0.0,0.0,0.0,0.0
CẬP NHẬT QUỸ CĂN CHUYỂN NHƯỢNG GOLDEN RIVER - CIPUTRA GIÁ TỐT NHẤT THÁNG 02/2025,12 tỷ,141 m²,3,2,"Tây Hồ, Hà Nội","Phường Phú Thượng, Tây Hồ, Hà Nội",21.081992,105.8073736,0,0.0,0.0,0.0,0.0,0.0,0.0
"TRỰC TIẾP CĐT GAMUDALAND: MỞ BÁN TÒA A4 ĐẸP NHẤT EATON PARK, TT CHỈ 5% KÝ HĐMB - CK ĐẾN 10%","6,5 tỷ",56 m²,1,1,"Quận 2, Hồ Chí Minh","Mai Chí Thọ, Phường An Phú, Quận 2, Hồ Chí Minh",10.7365876,106.7120245,0,0.0,0.0,0.0,0.0,0.0,0.0
BÁN CĂN NHẬT NGUYỆT 2 - 17 TỶ HƠN - ĐÔNG NAM - GẦN VINCOM VÀ TRƯỜNG HỌC - VINHOMES CỔ LOA,"17,3 tỷ","62,5 m²",5,5,"Đông Anh, Hà Nội","Cổ Loa, Xã Đông Hội, Đông Anh, Hà Nội",21.0966838,105.8680621,0,0.0,0.0,0.0,0.0,0.0,0.0
"CĂN HỘ VEN SÔNG HÀN SUN SYMPHONY ĐÀ NẴNG TÒASS23, CĂN 3PN VIEW TRỰC DIỆN SÔNG HÀN, GIÁ CĐT, CK 21%","10,58 tỷ","102,8 m²",3,3,"Sơn Trà, Đà Nẵng"," Trần Hưng Đạo, Phường Nại Hiên Đông , Sơn Trà, Đà Nẵng",16.08516825,108.2288678,0,0.0,0.0,0.0,0.0,0.0,0.0
CĂN HỘ ĐÀ NẴNG SYMPHONY NGAY SÔNG HÀN PHÁO HOA QUỐCTẾ GIÁ GỐC CĐT CHIẾT KHẤU CAO 21% SỞ HỮU LÂU DÀI,"4,95 tỷ",96 m²,3,2,"Sơn Trà, Đà Nẵng","Trần Hưng Đạo, Phường Nại Hiên Đông , Sơn Trà, Đà Nẵng",16.08516825,108.2288678,0,0.0,0.0,0.0,0.0,0.0,0.0
"SIÊU PHẨM 3PHÒNG NGỦ NHƯ 1CĂN PENTHOUSE VIEW TRỰC DIỆN SÔNG HÀN, PHÁO HOA DIFF CHIẾT KHẤU KHỦNG 21%","8,9 tỷ","98,3 m²",3,3,"Sơn Trà, Đà Nẵng","Trần Hưng Đạo, Phường Nại Hiên Đông , Sơn Trà, Đà Nẵng",16.08516825,108.2288678,0,0.0,0.0,0.0,0.0,0.0,0.0
ĐỘC QUYỀN SHOPHOUSE MẶT ĐƯỜNG LỚN 25M GIÁ SIÊU TỐT CHỈ TỪ 233TRIỆU/M2 TẠI VINHOMES CỔ LOA,"18,64 tỷ",80 m²,6,6,"Đông Anh, Hà Nội"," Cổ Loa, Xã Đông Hội, Đông Anh, Hà Nội",21.0966838,105.8680621,0,0.0,0.0,0.0,0.0,0.0,0.0
BÁN MASTERI THẢO ĐIỀN - CẬP NHẬT NHANH CHÓNG GIỎ HÀNG GIÁ TỐT NHẤT THỊ TRƯỜNG. HƯƠNG: 0937 886 ***,Giá thỏa thuận,70 m²,2,2,"Quận 2, Hồ Chí Minh"," Xa Lộ Hà Nội, Phường Thảo Điền, Quận 2, Hồ Chí Minh",10.8037248,106.7462249,0,0.0,0.0,0.0,0.0,0.0,0.0
GẦN PHÁO HOA DIFF GIỎ HÀNG ĐỘC QUYỀN CĐT SUN GR QUỸ CĂN 2PN CHIẾT KHẤU CÒN 4.6TỶ VÀ 3PN CÒN 5.8 TỶ,Giá thỏa thuận,89 m²,2,2,"Ngũ Hành Sơn, Đà Nẵng"," Trần Thị Lý, Phường Mỹ An, Ngũ Hành Sơn, Đà Nẵng",16.05038966,108.2299929,0,0.0,0.0,0.0,0.0,0.0,0.0
QUỸ CĂN NGOẠI GIAO DIỆN TÍCH TỪ 88M2 - 96M2 - 120M2 - 136M2 VINHOMES ĐAN PHƯỢNG,Giá thỏa thuận,96 m²,3,5,"Đan Phượng, Hà Nội","Xã Tân Hội, Đan Phượng, Hà Nội",21.09337,105.6980589,0,0.0,0.0,0.0,0.0,0.0,0.0
"BÁN GẤP SHOPHOUSE VINHOMES OCEAN PARK 3 DIỆN TÍCH SỬ DỤNG GẦN 300M2 SÀN, ĐƠN GIÁ CHỈ 122TR/M2","9,2 tỷ",75 m²,5,5,"Văn Giang, Hưng Yên","Xã Nghĩa Trụ, Văn Giang, Hưng Yên",20.9298976,105.963275,0,0.0,0.0,0.0,0.0,0.0,0.0
"MỞ BÁN BIỆT THỰ TỨ LẬP ÁNH DƯƠNG VIEW TRỰC DIỆN BIỂN HỒ, HTLS 30 THÁNG, NHẬN NHÀ Ở NGAY, SỔ LÂU DÀI","17,7 tỷ",120 m²,5,3,"Văn Giang, Hưng Yên","Xã Nghĩa Trụ, Văn Giang, Hưng Yên",20.9298976,105.963275,0,0.0,0.0,0.0,0.0,0.0,0.0
Chính chủ bán căn hộ có HĐMB 75m2 2PN CC Cao cấp Garden Gate Phú Nhuận,"5,4 tỷ",75 m²,2,2,"Phú Nhuận, Hồ Chí Minh","Garden Gate, 8 Đường Hoàng Minh Giám, Phường 9, Phú Nhuận, Hồ Chí Minh",10.80911944,106.6741552,0,0.0,0.0,0.0,0.0,0.0,0.0
Chuyển nhượng căn 2PN tầng 18 view trực diện biển Mỹ Khê Đà Nẵng,"4,9 tỷ","82,5 m²",2,2,"Ngũ Hành Sơn, Đà Nẵng"," Đường Phạm Kiệt,  Phường Khuê Mỹ,  Ngũ Hành Sơn,  Đà Nẵng.",16.03851388,108.2475484,0,0.0,0.0,0.0,0.0,0.0,0.0
"Bán gấp căn 2N 69,9m2 toà Thăng Long Capital, full nội thất nhập cạnh Vinsmart, có slot ô tô hầm",3 tỷ,"69,9 m²",2,2,"Hoài Đức, Hà Nội"," Xã An Khánh,  Hoài Đức,  Hà Nội",21.005128,105.73304,0,0.0,0.0,0.0,0.0,0.0,0.0
"Trực tiếp CĐT Khải Hoàn Prime - Nhận đăng ký giữ chỗ tháp Vinci, Mika, rổ hàng giá rẻ, đẹp nhất","2,56 tỷ","45,8 m²",1,1,"Nhà Bè, Hồ Chí Minh"," Đường Lê Văn Lương,  Xã Nhơn Đức,  Nhà Bè,  Hồ Chí Minh",10.6868021,106.6999079,0,0.0,0.0,0.0,0.0,0.0,0.0
"Mặt tiền Lô góc - Cực hiếm - Lạc Long Quân Q11 - 4,1x12 - Giá còn 13.x còn TL","13,5 tỷ",49 m²,2,2,"Quận 11, Hồ Chí Minh","Đường Lạc Long Quân, Phường 5, Quận 11, Hồ Chí Minh",10.76839747,106.6434112,0,0.0,0.0,0.0,0.0,0.0,0.0
"Bán nhà mặt Hồ Tây phố Từ Hoa, lô góc 225m2, 8 tầng, MT 10 m. Vuông đẹp nhất phố Từ Hoa",160 tỷ,225 m²,10,10,"Tây Hồ, Hà Nội","Phố Từ Hoa, Phường Quảng An, Tây Hồ, Hà Nội",21.05792187,105.8297059,0,0.0,0.0,0.0,0.0,0.0,0.0
QUỸ CĂN NHÀ TẠI KHU A GELEXIMCO CHỦ NHÀ THIỆN CHÍ BÁN CHỈ TỪ 153TR/M2 CẢ NHÀ,Giá thỏa thuận,240 m²,5,4,"Hoài Đức, Hà Nội","Khu A, D - Geleximco Lê Trọng Tấn, Lê Trọng Tấn, An Khánh, Hoài Đức, Hà Nội",21.0045767,105.7324499,0,0.0,0.0,0.0,0.0,0.0,0.0
"Bán biệt thự tứ lập phân khu Ánh Dương, 120m2 xây 4 tầng 287m2 giá từ 17 tỷ, mặt công viên, Sát góc",17 tỷ,120 m²,6,5,"Văn Giang, Hưng Yên","The Crown - Vinhomes Ocean Park 3, Nghĩa Trụ, Văn Giang, Hưng Yên",20.9298976,105.963275,0,0.0,0.0,0.0,0.0,0.0,0.0
Gia đình đang cần bán căn nhà tại KĐT Văn phú. Nhà 75m2 đường rộng 24m.,"20,8 tỷ",75 m²,5,5,"Hà Đông, Hà Nội","Đường Văn Phú, Phường Phú La, Hà Đông, Hà Nội",20.9263129,105.7609795,0,0.0,0.0,0.0,0.0,0.0,0.0
(Giỏ hàng 30 căn) Giá tốt nhất - căn hộ Galleria Residence - Metropole,"8,99 tỷ",50 m²,1,1,"Quận 2, Hồ Chí Minh"," Đường Đại Lộ Vòng Cung,  Phường An Khánh,  Quận 2,  Hồ Chí Minh",10.80484845,106.7167622,0,0.0,0.0,0.0,0.0,0.0,0.0
"Bán gấp biệt thự đẹp tại Gamuda Gardens, 25 tỷ, 95 m2, 4PN, 4WC",25 tỷ,95 m²,4,4,"Hoàng Mai, Hà Nội","Gamuda Gardens, Phường Trần Phú, Hoàng Mai, Hà Nội",20.9711195,105.8832556,0,0.0,0.0,0.0,0.0,0.0,0.0
"(Đức Duy Land) chuyển nhượng hàng đầu tại Green Park, tổng hợp quỹ căn hộ 2 - 3 - PN giá tốt nhất","3,8 tỷ",55 m²,2,2,"Hoàng Mai, Hà Nội","Green Park Trần Thủ Độ, Trần Thủ Độ, Hoàng Liệt, Hoàng Mai, Hà Nội",20.96330175,105.8449574,0,0.0,0.0,0.0,0.0,0.0,0.0
"Cần bán nhà mặt tiền đường quốc lộ 1A đường rộng 30m, nằm sát ngã tư đèn đỏ, vị trí đắc địa","4,8 tỷ",125 m²,10,11,"Tư Nghĩa, Quảng Ngãi","Thị trấn La Hà, Tư Nghĩa, Quảng Ngãi",15.0915895,108.771711,0,0.0,0.0,0.0,0.0,0.0,0.0
"CẦN BÁN NHANH CĂN BIỆT THỰ LÔ GÓC VINHOMES THƯỢNG LÝ, HỒNG BÀNG, HẢI PHÒNG 247M, MẶT TIỀN 15M,",36 tỷ,247 m²,6,8,"Hồng Bàng, Hải Phòng","Vinhomes Imperia Hải Phòng, Đường Bạch Đằng, Phường Thượng Lý, Hồng Bàng, Hải Phòng",20.862086,106.6665383,0,0.0,0.0,0.0,0.0,0.0,0.0
Chính chủ cần bán FPT Plaza 2 giá 2.250 liên hệ 0906 565 ***,"2,25 tỷ",72 m²,2,2,"Ngũ Hành Sơn, Đà Nẵng","FPT Plaza 2, Đường Hoàng Minh Thắng, Phường Hòa Hải, Quận Ngũ Hành Sơn, Đà Nẵng",15.98224935,108.2608304,0,0.0,0.0,0.0,0.0,0.0,0.0
"SIÊU PHẨM QUỲNH ĐÔ, THANH TRÌ, GARA Ô TÔ, 6 TẦNG, THANG MÁY, NỘI THẤT SANG TRỌNG, ĐẲNG CẤP!!!","9,7 tỷ",100 m²,6,7,"Thanh Trì, Hà Nội","Xã Vĩnh Quỳnh, Thanh Trì, Hà Nội",20.9360832,105.8309372,0,0.0,0.0,0.0,0.0,0.0,0.0
Duy nhất căn hộ vị trí góc 62m2 tầng trung giá tốt nhất dự án chung cư Tecco Thái Nguyên,"1,43 tỷ",62 m²,2,2,"Thái Nguyên, Thái Nguyên","Tecco Elite City, Quang Trung, Thịnh Đán, Thái Nguyên, Thái Nguyên",21.56779422,105.8100904,0,0.0,0.0,0.0,0.0,0.0,0.0
Chủ nhà đi Mỹ bán rẻ căn Mezza KĐT Ecopark hoàn thiện nội thất 2 tầng 3 phòng ngủ 2WC giá 6tỷ300,"6,3 tỷ",101 m²,3,2,"Văn Giang, Hưng Yên","Ecopark Grand - The Island , Xuân Quan, Văn Giang, Hưng Yên",20.96350148,105.918669,0,0.0,0.0,0.0,0.0,0.0,0.0
"1PN- CÓ BAN CÔNG- GIÁ TỪ 1,9 TỶ. GIỎ HÀNG ĐỘC QUYỀN THE EMERAL 68 - LH 0903 091 *** MS NGA PKD CĐT",Giá thỏa thuận,35 m²,1,1,"Thuận An, Bình Dương","The Emerald 68, Vĩnh Phú 16, Vĩnh Phú, Thuận An, Bình Dương",10.87319405,106.7053414,0,0.0,0.0,0.0,0.0,0.0,0.0
"Cập nhật giỏ hàng mới Feliz En Vista: 1-2-3-4PN, duplex, penthouse nhà đẹp giá tốt. LH 0938 693 ***","16,5 tỷ",173 m²,4,4,"Quận 2, Hồ Chí Minh","Feliz En Vista, Đồng Văn Cống, Thạnh Mỹ Lợi, Quận 2, Hồ Chí Minh",10.77073175,106.7702559,0,0.0,0.0,0.0,0.0,0.0,0.0
"Mới Coong! Bán căn hộ 3PN2VS/85,3m2 Eurowindow Cổ Loa Ntcb Giá 46tr/m2 Ở Ngay + Đầu Tư 0967 565 ***","4,3 tỷ","82,1 m²",3,2,"Đông Anh, Hà Nội","Eurowindow River Park, Đường 5, Xã Đông Hội, Đông Anh, Hà Nội",21.0800293,105.8724053,0,0.0,0.0,0.0,0.0,0.0,0.0
"Bán CC tại Riverside sang xịn (Smart Home, điều khiển bằng giọng nói) 15 tỷ",15 tỷ,129 m²,3,2,"Quận 7, Hồ Chí Minh"," Đường Nguyễn Lương Bằng,  Phường Tân Phú,  Quận 7,  Hồ Chí Minh",10.727068,106.7261695,0,0.0,0.0,0.0,0.0,0.0,0.0
"Bán nhà 5 tầng đẹp đường 7m, ô tô đỗ cửa, gần Nguyễn Chí Thanh sổ đỏ chính chủ","7,1 tỷ",25 m²,3,4,"Đống Đa, Hà Nội","Đường Huỳnh Thúc Kháng, Phường Láng Hạ, Đống Đa, Hà Nội",21.0148521,105.8116394,0,0.0,0.0,0.0,0.0,0.0,0.0
"Bán nhà góc 2MT hẻm 8m đường Kênh 26/3, gần Eon Mall Tân Phú, 7.7x14, 3 lầu, 5pn, 12.2 tỷ","12,2 tỷ",110 m²,5,5,"Tân Phú, Hồ Chí Minh","Đường 26/3, Phường Sơn Kỳ, Tân Phú, Hồ Chí Minh",10.8040522,106.6206836,0,0.0,0.0,0.0,0.0,0.0,0.0
"+ Bán nhà Cự Khối -Long Biên. DT 104m Mt 5,3-H 5,4m x3tầng ô tô vào sân- Giá 8,8 tỷ","8,8 tỷ",104 m²,3,4,"Long Biên, Hà Nội","Đường Cự Khối, Phường Cự Khối, Long Biên, Hà Nội",21.0130287,105.9108095,0,0.0,0.0,0.0,0.0,0.0,0.0
Chính chủ cần tiền bán gấp đất tặng nhà 52m mặt 8m 3tầng đường 3 ô tô tránh Kd luôn,7 tỷ,52 m²,3,3,"Hoài Đức, Hà Nội","Đường Liên Xã, Xã Đông La, Hoài Đức, Hà Nội",20.9659419,105.7221001,0,0.0,0.0,0.0,0.0,0.0,0.0
"Có 102! Bán nhà phố Trung Kính, lô góc, 2 thoáng, ô tô tránh, TM, KD cực đỉnh 65m2*6T, MT 5.5m.",25 tỷ,65 m²,4,4,"Cầu Giấy, Hà Nội","Phố Trung Kính, Phường Yên Hòa, Cầu Giấy, Hà Nội",21.01665806,105.7939798,0,0.0,0.0,0.0,0.0,0.0,0.0
"Bán CC Eaton Park, Mai Chí Thọ, An Phú, Q2, HCM, 12 tỷ, 75m2 thanh toán siêu nhẹ full nội thất",12 tỷ,75 m²,2,2,"Quận 2, Hồ Chí Minh"," Đường Mai Chí Thọ,  Phường An Phú,  Quận 2,  Hồ Chí Minh",10.7365876,106.7120245,0,0.0,0.0,0.0,0.0,0.0,0.0
"Bán biệt thự DT147m2, MT7,03m, 5T, ôtô tránh tại Phùng Khoang, Trung Văn, SĐCC, giá bán 31tỷ TL sâu",31 tỷ,147 m²,6,4,"Nam Từ Liêm, Hà Nội","Phùng Khoang, ngõ 67, Đường Phùng Khoang, Phường Trung Văn, Nam Từ Liêm, Hà Nội",20.98866422,105.7904083,0,0.0,0.0,0.0,0.0,0.0,0.0
"Bán nhà ngõ 308 Tây Sơn, Đống Đa DT106m2, MT5m, 5tầng, 6PN, ôtô đỗ, SĐCC, giá bán 29tỷ có TL sâu",29 tỷ,106 m²,6,5,"Đống Đa, Hà Nội","Ngõ 308, Đường Tây Sơn, Phường Thịnh Quang, Đống Đa, Hà Nội",21.0085471,105.8174276,0,0.0,0.0,0.0,0.0,0.0,0.0
"Bán Nhà ôtô đậu sảnh, Huỳnh Văn Bánh, DT: 63m2 (4,1m x 16m), 3 lầu, giá 11,9 tỷ","11,9 tỷ",63 m²,5,4,"Phú Nhuận, Hồ Chí Minh","Đường Huỳnh Văn Bánh, Phường 13, Phú Nhuận, Hồ Chí Minh",10.7904745,106.6693155,0,0.0,0.0,0.0,0.0,0.0,0.0
"Bán căn CCMN tại Xuân Đỉnh, ngõ thông ô tô qua, 19 phòng khép kín, dòng tiền 100tr/tháng, giá 25 tỷ",25 tỷ,108 m²,19,19,"Bắc Từ Liêm, Hà Nội","Đường Xuân Đỉnh, Phường Xuân Đỉnh, Bắc Từ Liêm, Hà Nội",21.07180181,105.7900943,0,0.0,0.0,0.0,0.0,0.0,0.0
Khu đô thị Izumi City - mở bán giỏ hàng trực tiếp CĐT - chiết khấu cực hấp dẫn - Hotline 0932 661 ***,"5,53 tỷ",117 m²,4,4,"Biên Hòa, Đồng Nai"," Đường Hương lộ 2,  Xã Long Hưng,  Biên Hòa,  Đồng Nai",10.8735292,106.8577933,0,0.0,0.0,0.0,0.0,0.0,0.0
Bán gấp & cho thuê CH An Gia Sky Line 3PN đầy đủ nội thất giá cực tốt. LH: 0987 253 *** Hân Hân,Giá thỏa thuận,108 m²,3,2,"Quận 7, Hồ Chí Minh","Phường Phú Thuận, Quận 7, Hồ Chí Minh",10.7294201,106.7348597,0,0.0,0.0,0.0,0.0,0.0,0.0
Mizuki Park - Mở bán giỏ hàng Panorama mua trực tiếp chủ đầu tư căn hộ view sông - PKD 0932 661 ***,"3,2 tỷ",61 m²,2,1,"Bình Chánh, Hồ Chí Minh"," Đường Nguyễn Văn Linh,  Xã Bình Hưng,  Bình Chánh,  Hồ Chí Minh",10.72891091,106.6801554,0,0.0,0.0,0.0,0.0,0.0,0.0
"Bán nhà Tân Sơn Nhì, 4x16m, 2 lầu, ST, 4PN, 4WC, nhà đang ở đẹp, 7.8 tỷ","7,8 tỷ",64 m²,4,4,"Tân Phú, Hồ Chí Minh","Đường Tân Sơn Nhì, Phường Tân Sơn Nhì, Tân Phú, Hồ Chí Minh",10.80086622,106.6320383,0,0.0,0.0,0.0,0.0,0.0,0.0
"Giỏ hàng chuyển nhượng Bcons Plaza 1PN-2PN, Làng Đại học giá 1.5-1.750 tỷ. LH tư vấn 0767 500 *** ạ","1,75 tỷ",51 m²,2,2,"Dĩ An, Bình Dương","Bcons Plaza, Thống Nhất, Đông Hòa, Dĩ An, Bình Dương",10.89105648,106.8024909,0,0.0,0.0,0.0,0.0,0.0,0.0
Chỉ 9.6 tỷ sở hữu ngay nhà 2 MTKD sầm uất 91 Hàn Hải Nguyên P.2 Quận 11.,"9,6 tỷ","65,2 m²",2,1,"Quận 11, Hồ Chí Minh","Đường Hàn Hải Nguyên, Phường 2, Quận 11, Hồ Chí Minh",10.7544303,106.6483103,0,0.0,0.0,0.0,0.0,0.0,0.0
"BÁN NHÀ PHÂN LÔ PHỐ NGUYỄN NGỌC NẠI 40M, 6 TẦNG, Ô TÔ VÀO NHÀ, THANG MÁY, 10 xxx TỶ - THANH XUÂN.",16 tỷ,40 m²,5,6,"Thanh Xuân, Hà Nội","Đường Nguyễn Ngọc Nại, Phường Khương Trung, Thanh Xuân, Hà Nội",20.9973125,105.8222383,0,0.0,0.0,0.0,0.0,0.0,0.0
Biệt thự 3PN trên đồi ôm trọn tầm view biển tại Ixora Hồ Tràm với lịch thanh toán trong 7 năm,"30,13 tỷ",351 m²,3,4,"Xuyên Mộc, Bà Rịa Vũng Tàu"," Xã Phước Thuận,  Xuyên Mộc,  Bà Rịa Vũng Tàu",10.5279716,107.3921728,0,0.0,0.0,0.0,0.0,0.0,0.0
Chính Thức Mở Bán Nhận Booking Siêu Dự Án Masteri Trinity Square Ocean Park 2 chỉ 5xtr/m2,Giá thỏa thuận,60 m²,2,1,"Văn Giang, Hưng Yên","Mega Complex - Vinhomes Ocean Park 2, Nghĩa Trụ, Văn Giang, Hưng Yên",20.9298976,105.963275,0,0.0,0.0,0.0,0.0,0.0,0.0
"Víp! PHÁO ĐÀI LÁNG 33M,MT 4,2M 5TẦNG NHÀ MỚI 2 THOÁNG CÁCH OTO 20M, 7,2 TỶ ( có thương lượng).",7 tỷ,33 m²,5,5,"Đống Đa, Hà Nội","Phố Pháo Đài Láng, Phường Láng Thượng, Đống Đa, Hà Nội",21.01908663,105.8049357,0,0.0,0.0,0.0,0.0,0.0,0.0
"Nhanh tay sở hữu ngay nhà MT KD Lò Siêu, P.8, Quận 11.","10,38 tỷ","146,5 m²",3,3,"Quận 11, Hồ Chí Minh","Đường Lò Siêu, Phường 8, Quận 11, Hồ Chí Minh",10.76086749,106.6511008,0,0.0,0.0,0.0,0.0,0.0,0.0
"Bán nhà 4 tầng hẻm 8m Nguyễn Gia Trí, Bình Thạnh. 4PN, 4WC, sổ hồng riêng. Giá chỉ 8,8 tỷ TL","8,8 tỷ",40 m²,4,4,"Bình Thạnh, Hồ Chí Minh","Đường Nguyễn Gia Trí, Phường 25, Bình Thạnh, Hồ Chí Minh",10.80223676,106.716248,0,0.0,0.0,0.0,0.0,0.0,0.0
"Chính chủ bán mặt tiền KD NA2 sát cổng KCN MP3 16x27m, full TC, chỉ 15,5 tỷ, đt 0908 194 *** Nga","15,5 tỷ",425 m²,2,2,"Bến Cát, Bình Dương","Đường NA2, Phường Thới Hòa, Bến Cát, Bình Dương",11.09258429,106.6109084,0,0.0,0.0,0.0,0.0,0.0,0.0
"Bán toà căn hộ 9 phòng ngủ mặt phố, dòng tiền thu nhập ổn định","8,5 tỷ",90 m²,9,10,"Ngũ Hành Sơn, Đà Nẵng","Đường Trương Văn Hiến, Phường Khuê Mỹ, Ngũ Hành Sơn, Đà Nẵng",16.01900694,108.254899,0,0.0,0.0,0.0,0.0,0.0,0.0
Em bán quỹ căn đầy đủ nhất CC Indochina 2PN-3PN-4PN-Penthouse với giá tốt nhất thị trường T3/2025,"13,78 tỷ",145 m²,3,2,"Cầu Giấy, Hà Nội","Indochina Plaza, 241, Đường Xuân Thủy, Phường Dịch Vọng Hậu, Cầu Giấy, Hà Nội",21.0361782,105.7822685,0,0.0,0.0,0.0,0.0,0.0,0.0
Cần bán nhanh căn hộ 1PN hướng ĐÔNG NAM - View hồ thoáng mát - full nội thất đẹp,"2,3 tỷ",41 m²,1,1,"Gia Lâm, Hà Nội","The Sapphire 1 - Vinhomes Ocean Park, Xã Đa Tốn, Gia Lâm, Hà Nội",20.9862042,105.930004,0,0.0,0.0,0.0,0.0,0.0,0.0
Bán căn hộ STown Phúc An tại Dĩ An Bình Dương đã có sổ hồng - hổ trợ vay 80% - thanh toán 250 triệu,"1,3 tỷ",55 m²,2,2,"Dĩ An, Bình Dương"," Đường N3,  Phường Dĩ An,  Dĩ An,  Bình Dương",10.90563487,106.7438423,0,0.0,0.0,0.0,0.0,0.0,0.0
"Bán Nhà Mặt Phố Quan Hoa, 59 tỷ, 110m2, 12PN, 8WC, 9Tầng, Mặt Tiền 6m",59 tỷ,110 m²,12,8,"Cầu Giấy, Hà Nội","Đường Quan Hoa, Phường Quan Hoa, Cầu Giấy, Hà Nội",21.03526306,105.7934242,0,0.0,0.0,0.0,0.0,0.0,0.0
"Bán liền kề Trần Phú, ô tô tránh, vỉa hè, kinh doanh văn phòng, 100m","6,2 triệu",100 m²,6,6,"Từ Sơn, Bắc Ninh","Đường Trần Phú, Phường Đình Bảng, Từ Sơn, Bắc Ninh",21.11173943,105.9480824,0,0.0,0.0,0.0,0.0,0.0,0.0
"Tổng hợp quỹ căn mới nhất tại Starlake tháng 3/2025 căn góc 2 - 3 - 4PN đẹp, giá 12 tỷ/căn full đồ",12 tỷ,91 m²,2,2,"Tây Hồ, Hà Nội"," Phường Xuân La,  Tây Hồ,  Hà Nội",21.0632614,105.8070213,0,0.0,0.0,0.0,0.0,0.0,0.0
Liên Khu 4-5 nhà mới 5 tầng - 85m2 ngang 5m - hẻm 7m thông - ngộp bán 6 tỷ hơn,"6,98 tỷ",85 m²,4,4,"Bình Tân, Hồ Chí Minh","Phường Bình Hưng Hòa B, Bình Tân, Hồ Chí Minh",10.801923,106.5913656,0,0.0,0.0,0.0,0.0,0.0,0.0
"Bán BT sân vườn, Lưu Hữu Phước, Mỹ Đình 2, Nam Từ Liêm DT 200m2x4T MT 10m vỉa hè ô tô tránh dừng đỗ","47,5 tỷ",200 m²,5,5,"Nam Từ Liêm, Hà Nội","Đường Lưu Hữu Phước, Phường Mỹ Đình 2, Nam Từ Liêm, Hà Nội",21.0282405,105.7746453,0,0.0,0.0,0.0,0.0,0.0,0.0
Biệt thự đơn lập và song lập tại Xanh Villas 2 - Đón đầu tuyến đường Metro số 5 Văn Cao - Hòa Lạc,"14,5 tỷ",260 m²,4,3,"Thạch Thất, Hà Nội","Hà Nội Tropical Garden, Đường ĐCT08(Hòa Lạc), Xã Yên Bình, Thạch Thất, Hà Nội",20.9891349,105.4576923,0,0.0,0.0,0.0,0.0,0.0,0.0
"Chung cư 25 Lê Văn Lương, Bán căn hộ 3PN, 3WC, 144m2, chỉ từ 15. X tỷ. LH: 0963 805 ***",Giá thỏa thuận,144 m²,3,3,"Thanh Xuân, Hà Nội","The Diamond Residence, 25, Đường Lê Văn Lương, Phường Nhân Chính, Thanh Xuân, Hà Nội",21.00694099,105.807155,0,0.0,0.0,0.0,0.0,0.0,0.0
Bán gấp nhà khu VIP Lữ Gia P.15 Quận 11.,"14,5 tỷ","198,7 m²",3,3,"Quận 11, Hồ Chí Minh","Đường Cư Xá Lữ Gia, Phường 15, Quận 11, Hồ Chí Minh",10.7739564,106.6552538,0,0.0,0.0,0.0,0.0,0.0,0.0
Bán nhà 4 tầng sổ hồng chính chủ,"4,6 tỷ","53,8 m²",3,3,"Thủ Đức, Hồ Chí Minh","Đường 12, Phường Trường Thạnh, Thủ Đức, Hồ Chí Minh",10.80935845,106.8353271,0,0.0,0.0,0.0,0.0,0.0,0.0
"Cho con học Thụy Sỹ bán 1 căn view đẹp 68m2, 2PN + 1, 2WC 3,6tỷ sổ hồng, ở ngay xem nhà 0909 719 ***","3,6 tỷ",68 m²,3,2,"Bình Tân, Hồ Chí Minh"," Đường An Dương Vương,  Phường An Lạc,  Bình Tân,  Hồ Chí Minh",10.7223892,106.6197111,0,0.0,0.0,0.0,0.0,0.0,0.0
Bán gấp nhà Nguyễn Bỉnh Khiêm ngay Gem Center - DT 12x15m - trệt 3 lầu - cho thuê 105tr/th - 39 tỷ,39 tỷ,170 m²,11,11,"Quận 1, Hồ Chí Minh","Đường Nguyễn Bỉnh Khiêm, Phường Đa Kao, Quận 1, Hồ Chí Minh",10.791498,106.6999442,0,0.0,0.0,0.0,0.0,0.0,0.0
"Ra nhanh CHCC Gold View Q4 căn đẹp view thoáng mát 2PN2WC 81m Giá THẬT 4,8 tỷ LH: 0944 904 *** Lý","4,8 tỷ",81 m²,2,2,"Quận 4, Hồ Chí Minh"," Đường Bến Vân Đồn,  Phường 1,  Quận 4,  Hồ Chí Minh",10.75714744,106.6917033,0,0.0,0.0,0.0,0.0,0.0,0.0
"Bán nhà riêng tại đường hàng cây sà cừ Yên Nghĩa 50m2, giá thỏa thuận, tầng hầm, thang máy 8PN, 8WC",Giá thỏa thuận,50 m²,8,8,"Hà Đông, Hà Nội","Đường Nghĩa Lộ, Phường Yên Nghĩa, Hà Đông, Hà Nội",20.9508404,105.7399655,0,0.0,0.0,0.0,0.0,0.0,0.0
Vốn nhỉnh 1 tỷ có ngay nhà Vin- ngân hàng hỗ trợ hơn 2 tỷ Chiết khấu như TT sớm LH 0396 369 ***,"3,15 tỷ",75 m²,5,5,"Móng Cái, Quảng Ninh","Vinhomes Golden Avenue Móng Cái, Phường Hải Hòa, Móng Cái, Quảng Ninh",21.51956125,108.019765,0,0.0,0.0,0.0,0.0,0.0,0.0
"Sở hữu ngay căn hộ dòng thu 1,4 tỷ/ năm tại Trâu Quỳ","31,3 tỷ",210 m²,58,58,"Gia Lâm, Hà Nội","Đường Trâu Quỳ, Thị trấn Trâu Quỳ, Gia Lâm, Hà Nội",21.00549621,105.9376297,0,0.0,0.0,0.0,0.0,0.0,0.0
"Bán nhà 4 tầng, hẻm 5m, Bình Lợi, Phường 13, Bình Thạnh, 70m2, nhỉnh 8 tỷ.","8,9 tỷ",70 m²,5,3,"Bình Thạnh, Hồ Chí Minh","Đường Bình Lợi, Phường 13, Bình Thạnh, Hồ Chí Minh",10.8266462,106.7047977,0,0.0,0.0,0.0,0.0,0.0,0.0
CDT MỞ BÁN QUỸ CĂN PENHOUSE DUPLEX DT 160M-190M-230M-270M-350M VIEW HỒ TÂY,36 tỷ,200 m²,4,4,"Tây Hồ, Hà Nội","Heritage West Lake, Lạc Long Quân, Phú Thượng, Tây Hồ, Hà Nội",21.07332352,105.8127116,0,0.0,0.0,0.0,0.0,0.0,0.0
Bán căn góc 2 mặt tiền đường lớn tổng 540m2 đất giá 95 tỷ,95 tỷ,540 m²,12,12,"Tân Phú, Hồ Chí Minh","Đường Vườn Lài, Phường Phú Thọ Hòa, Tân Phú, Hồ Chí Minh",10.78711836,106.6291875,0,0.0,0.0,0.0,0.0,0.0,0.0
"Sống Đẳng Cấp Tại Diamond Celadon City - 20% Nhận Nhà, 0% Lãi Suất - Gọi NGAY 0936 459 ***.","6,45 tỷ",86 m²,2,2,"Tân Phú, Hồ Chí Minh","Diamond Centery, N1, Sơn Kỳ, Tân Phú, Hồ Chí Minh",10.8040522,106.6206836,0,0.0,0.0,0.0,0.0,0.0,0.0
Nhà Lô Góc Sát Phố Kim Giang Đại Kim Hoàng Mai 51m 10Tỷ 4Tầng Mt6m Ở Sướng Đầu Tư Tốt,10 tỷ,51 m²,4,4,"Hoàng Mai, Hà Nội","Đường Kim Giang, Phường Đại Kim, Hoàng Mai, Hà Nội",20.97719491,105.8242672,0,0.0,0.0,0.0,0.0,0.0,0.0
"Tổng hợp những căn nhà đáng mua nhất tại An Đồng, An Dương, Hải Phòng 3 tầng xây mới giá hơn 2 tỷ",Giá thỏa thuận,60 m²,3,3,"An Dương, Hải Phòng","Đường Máng Nước, Xã An Đồng, An Dương, Hải Phòng",21.1251133,105.63764,0,0.0,0.0,0.0,0.0,0.0,0.0
"Em bán căn 186m gồm 4PN3WC full nội thất nhập khẩu, tầng trung view thoáng có sổ đỏ có slot oto vip","11,2 tỷ",186 m²,4,3,"Nam Từ Liêm, Hà Nội","Dolphin Plaza, 28, Phố Trần Bình, Phường Mỹ Đình 2, Nam Từ Liêm, Hà Nội",21.03066864,105.7763755,0,0.0,0.0,0.0,0.0,0.0,0.0
"Chủ đầu tư Nam Long bán nhà phố vườn, shophouse dự án Izumi City giá 6.080 tỷ, 0909 425 ***","6,08 tỷ",111 m²,3,3,"Biên Hòa, Đồng Nai"," Đường Long Hưng - Phước Tân,  Xã Long Hưng,  Biên Hòa,  Đồng Nai",10.86373175,106.8753611,0,0.0,0.0,0.0,0.0,0.0,0.0
"Bán căn hộ trệt Ehome Southgate 88m2, có thể kinh doanh mua bán 3.5 tỷ",Giá thỏa thuận,51 m²,1,1,"Bến Lức, Long An"," Đường ĐT 830,  Xã An Thạnh,  Bến Lức,  Long An",10.77349696,106.4393333,0,0.0,0.0,0.0,0.0,0.0,0.0
30.5 tỷ mặt tiền Cityland Nguyễn Văn Lượng (5x20m) 1 trệt - 4 lầu cho thuê 60tr/tháng,"30,5 tỷ",100 m²,8,6,"Gò Vấp, Hồ Chí Minh"," Đường Nguyễn Văn Lượng,  Phường 10,  Gò Vấp,  Hồ Chí Minh",10.83857479,106.6693397,0,0.0,0.0,0.0,0.0,0.0,0.0
"RẺ RẺ, Cần bán căn 2pn+1,2vs 64m tại chung cư VinSmart City Tây Mỗ Giá 3,9x tỷ","3,9 tỷ",64 m²,2,2,"Nam Từ Liêm, Hà Nội","The Sapphire-Vinhomes Smart City, Tây Mỗ, Nam Từ Liêm, Hà Nội",21.0096762,105.7445572,0,0.0,0.0,0.0,0.0,0.0,0.0
"Chính chủ cần bán căn 4PN, 2WC, 142m, căn góc, toà mới N01T6 Ngoại Giao Đoàn, 16 tỷ, 0393 755 ***",16 tỷ,142 m²,4,3,"Bắc Từ Liêm, Hà Nội","Khu Ngoại Giao Đoàn, Xuân Đỉnh, Xuân Đỉnh, Bắc Từ Liêm, Hà Nội",21.07296926,105.7882749,0,0.0,0.0,0.0,0.0,0.0,0.0
Nhà đẹp Ngọc Lâm - Nguyễn Văn Cừ - Long Biên 45m2 6 tầng thang máy gara ô tô,"8,9 tỷ",45 m²,4,4,"Long Biên, Hà Nội","Đường Nguyễn Văn Cừ, Phường Ngọc Lâm, Long Biên, Hà Nội",21.04169285,105.8698938,0,0.0,0.0,0.0,0.0,0.0,0.0
"Cơ Hội Vàng: Giỏ Hàng Cuối Celadon City - Shophouse Thuê Lại 5 Năm, Skyline, Căn hộ - Chỉ 200 căn.","6,45 tỷ",86 m²,2,2,"Tân Phú, Hồ Chí Minh","Diamond Centery, N1, Sơn Kỳ, Tân Phú, Hồ Chí Minh",10.8040522,106.6206836,0,0.0,0.0,0.0,0.0,0.0,0.0
The Privia - rổ hàng bán căn hộ 1PN - 2PN - 3PN giá nét bán nhanh,"3,97 tỷ",69 m²,2,2,"Bình Tân, Hồ Chí Minh"," Đường An Dương Vương,  Phường An Lạc,  Bình Tân,  Hồ Chí Minh",10.7223892,106.6197111,0,0.0,0.0,0.0,0.0,0.0,0.0
"Nhà nằm ngay vị trí đẹp Sư Vạn Hạnh P12 Q10 giá 3tỷ050tr DT 42.9m2, đang cho thuê 15tr/tháng","3,05 tỷ","42,9 m²",4,5,"Quận 10, Hồ Chí Minh","Đường Sư Vạn Hạnh, Phường 12, Quận 10, Hồ Chí Minh",10.77089035,106.6700976,0,0.0,0.0,0.0,0.0,0.0,0.0
"Bán biệt thự đơn lập, lô góc 3 mặt thoáng, tại Đường Sa Đôi, Đại Mỗ, diện tích 206m2, giá 63,5 tỷ","63,5 tỷ",206 m²,4,6,"Nam Từ Liêm, Hà Nội","Đường Sa Đôi, Phường Đại Mỗ, Nam Từ Liêm, Hà Nội",20.9932717,105.7630172,0,0.0,0.0,0.0,0.0,0.0,0.0
Bán căn hộ chung cư Quận Gò Vấp giá rẻ 1 tỷ 680 - full nội thất chiết khấu lên đến 5% + 3 chỉ vàng,"1,68 tỷ",44 m²,2,1,"Gò Vấp, Hồ Chí Minh","Đường Trần Bình Trọng, Phường 1, Gò Vấp, Hồ Chí Minh",10.81587072,106.6854725,0,0.0,0.0,0.0,0.0,0.0,0.0
"Siêu Hiếm Triều Khúc Thanh Trì 270m2 mặt tiền 10m, vỉa hè ô tô, giá chỉ 60 tỷ, xây tòa nhà VIP",60 tỷ,270 m²,2,2,"Thanh Trì, Hà Nội","Xã Tân Triều, Thanh Trì, Hà Nội",20.9770834,105.8042144,0,0.0,0.0,0.0,0.0,0.0,0.0
"Chính chủ cần bán căn hộ cao cấp 3PN, 2WC tại The Prince Residence, giá 8.5 tỷ, 110m2, Q Phú Nhuận","8,5 tỷ",110 m²,3,2,"Phú Nhuận, Hồ Chí Minh"," Đường Nguyễn Văn Trỗi,  Phường 12,  Phú Nhuận,  Hồ Chí Minh",10.8030061,106.6778362,0,0.0,0.0,0.0,0.0,0.0,0.0
"Hoàng 3333 giá thật, nói không với căn ảo mất thời gian. Căn 2N từ 4 tỷ 550, căn 3N từ 5 tỷ 9, SĐ","5,9 tỷ",95 m²,3,2,"Thanh Trì, Hà Nội","Eco Green City, 286, Đường Nguyễn Xiển, Xã Tân Triều, Thanh Trì, Hà Nội",20.9831813,105.8087009,0,0.0,0.0,0.0,0.0,0.0,0.0
"Nhà HXH đường Linh Đông 149m2 3 tầng 12,6 tỷ","12,6 tỷ",149 m²,3,3,"Thủ Đức, Hồ Chí Minh","Đường Linh Đông, Phường Linh Đông, Thủ Đức, Hồ Chí Minh",10.85758935,106.7447159,0,0.0,0.0,0.0,0.0,0.0,0.0
"XANH ISLAND CÁT BÀ 34m2 view vịnh Lan Hạ, full nội thất, đóng trước 650tr vay miễn lãi 30th","1,8 tỷ",34 m²,1,1,"Cát Hải, Hải Phòng","Xanh Island Cát Bà, Đường 1/4, Thị trấn Cát Bà, Cát Hải, Hải Phòng",20.7321058,107.0483333,0,0.0,0.0,0.0,0.0,0.0,0.0
"Giá thật! Cập nhật giỏ hàng những căn rẻ nhất Sài Gòn Intela. 2PN chỉ từ 1,450 tỷ!","1,45 tỷ",50 m²,2,2,"Bình Chánh, Hồ Chí Minh"," Đường Nguyễn Văn Linh,  Xã Phong Phú,  Bình Chánh,  Hồ Chí Minh",10.6968222,106.6546923,0,0.0,0.0,0.0,0.0,0.0,0.0
Tổng kho dự án Dragon Castle - 99 căn chuyển nhượng giá tốt nhất 2PN giá 1.45 tỷ,"1,45 tỷ",57 m²,2,2,"Hạ Long, Quảng Ninh"," Đường Cái Lân,  Phường Bãi Cháy,  Hạ Long,  Quảng Ninh",20.96677757,107.0495531,0,0.0,0.0,0.0,0.0,0.0,0.0
"Độc quyền rổ hàng Melosa Garden căn 5x17m thô 7,95 tỷ, 6x18m nội thất 9,5 tỷ Biệt thự 8x18m 12,8 tỷ","7,95 tỷ",85 m²,4,4,"Quận 9, Hồ Chí Minh"," Đường Vành Đai Trong,  Phường Phú Hữu,  Quận 9,  Hồ Chí Minh",10.7608529,106.7012374,0,0.0,0.0,0.0,0.0,0.0,0.0
CÒN ĐÚNG DUY NHẤT MỘT CĂN 3PN ( 89M2) DÒNG LIMITED VIEW SÔNG. GIÁ 7 TỶ CÓ VAT. GỌI EM 0901 353 ***,7 tỷ,89 m²,3,2,"Quận 2, Hồ Chí Minh","Victoria Village, Đồng Văn Cống, Thạnh Mỹ Lợi, Quận 2, Hồ Chí Minh",10.77073175,106.7702559,0,0.0,0.0,0.0,0.0,0.0,0.0
BÁN CĂN HỘ CAO CẤP 3 PHÒNG NGỦ TẠI Q2 FRASER THẢO ĐIỀN,"12,2 tỷ",100 m²,3,2,"Quận 2, Hồ Chí Minh","Q2 Thảo Điền, Võ Trường Toản, Thảo Điền, Quận 2, Hồ Chí Minh",10.8170764,106.7315493,0,0.0,0.0,0.0,0.0,0.0,0.0
"Bán căn hộ Sunshine Sky City suất SPA 7,4 tỷ, 132m2, 4PN, 3WC liền kề Phú Mỹ Hưng LH 0357 313 ***","7,4 tỷ",132 m²,4,3,"Quận 7, Hồ Chí Minh","Sunshine Sky City , Phú Thuận, Tân Phú, Quận 7, Hồ Chí Minh",10.7313572,106.7317098,0,0.0,0.0,0.0,0.0,0.0,0.0
"Cập nhật Quỹ Căn Chuyển Nhượng dự án Heritage Westlake Lạc Long Quân, Tây Hồ",15 tỷ,150 m²,3,3,"Tây Hồ, Hà Nội","Endless Skyline West Lake, Võ Chí Công, Phú Thượng, Tây Hồ, Hà Nội",21.07529443,105.8111542,0,0.0,0.0,0.0,0.0,0.0,0.0
Kẹt tiền bán lỗ căn 57m2 2pn 2wc giá chỉ 1ty390 bao thuế phí,"1,39 tỷ",57 m²,2,2,"Quận 8, Hồ Chí Minh","Dream Home Riverside, Nguyễn Văn Linh, 7, Quận 8, Hồ Chí Minh",10.6970203,106.6220128,0,0.0,0.0,0.0,0.0,0.0,0.0
"Chính chủ bán căn hộ chung cư Imperia Garden 100m2, góc 3 phòng ngủ tầng trung đồ cơ bản giá tốt",Giá thỏa thuận,100 m²,3,2,"Thanh Xuân, Hà Nội","Imperia Garden, 203, Đường Nguyễn Huy Tưởng, Phường Thanh Xuân Trung, Thanh Xuân, Hà Nội",20.9944171,105.8171316,0,0.0,0.0,0.0,0.0,0.0,0.0
"Em bán quỹ căn 2PN - 3PN mới nhất đầy đủ nhất tháng 3/2025, cam kết chính chủ, sổ đỏ lâu dài","7,7 tỷ","88,1 m²",2,2,"Cầu Giấy, Hà Nội","Tràng An Complex, Phùng Chí Kiên, Nghĩa Đô, Cầu Giấy, Hà Nội",21.04202494,105.8025152,0,0.0,0.0,0.0,0.0,0.0,0.0
"Thanh toán chỉ 10% kí HĐMB với lịch thanh toán kéo dài, nhận nhà có thể cho thuê ngay","2,6 tỷ",61 m²,2,1,"Thủ Dầu Một, Bình Dương","Midori Park The Glory, Đường Bùi Thị Xuân, Phường Hòa Phú, Thủ Dầu Một, Bình Dương",11.07005926,106.6825366,0,0.0,0.0,0.0,0.0,0.0,0.0
Độc quyền 50m2-1Tỷ470 - Bao thuế phí 55m2 - 1Tỷ580 Trả trước 600tr - Nhận nhà ngay. Hỗ trợ vay 70%,"1,47 tỷ",50 m²,2,2,"Bình Chánh, Hồ Chí Minh"," Đường Nguyễn Văn Linh,  Xã Phong Phú,  Bình Chánh,  Hồ Chí Minh.",10.6968222,106.6546923,0,0.0,0.0,0.0,0.0,0.0,0.0
"CHÍNH CHỦ GỬI BÁN CĂN HỘ 3PN (93 - 96m2), 2WC, FULL NỘI THẤT, SẴN SỔ. LH 0986 936 *** XEM NHÀ NGAY",6 tỷ,72 m²,2,2,"Nam Từ Liêm, Hà Nội","Mỹ Đình Pearl, Đường Châu Văn Liêm, Phường Phú Đô, Nam Từ Liêm, Hà Nội",21.0065875,105.7678878,0,0.0,0.0,0.0,0.0,0.0,0.0
"Cần bán gấp Biệt thự Thanh Liên tại Vườn Vua Resort, DT 322,5m2 full nội thất . Hotline: 0936 383 ***",7 tỷ,"322,6 m²",3,3,"Thanh Thủy, Phú Thọ","Vườn Vua Resort & Villas, Đồng Trung, Thanh Thủy, Phú Thọ",21.123781,105.287858,0,0.0,0.0,0.0,0.0,0.0,0.0
"Bán nhà riêng, Lê Văn Lương, Nhơn Đức, Nhà Bè, HCM, 7,8 tỷ, 267m2","7,8 tỷ",267 m²,7,7,"Nhà Bè, Hồ Chí Minh","Đường Lê Văn Lương, Xã Nhơn Đức, Nhà Bè, Hồ Chí Minh",10.6868021,106.6999079,0,0.0,0.0,0.0,0.0,0.0,0.0
"Bán CC 2PN, 1WC, D4, Bửu Long, Biên Hòa, 1,2 tỷ, 50m2","1,2 tỷ",50 m²,2,1,"Biên Hòa, Đồng Nai","Đường D4, Phường Bửu Long, Biên Hòa, Đồng Nai",10.95910753,106.8045247,0,0.0,0.0,0.0,0.0,0.0,0.0
Chung cư 275 Nguyễn Trãi tòa A Golden Land Hoàng Huy,"6,45 tỷ","95,1 m²",2,2,"Thanh Xuân, Hà Nội","Đường Nguyễn Trãi, Phường Thanh Xuân Trung, Thanh Xuân, Hà Nội",20.99311456,105.8052676,0,0.0,0.0,0.0,0.0,0.0,0.0
"Chủ nhà gửi bán nhanh căn 3 ngủ diện tích từ 95 -100m2 chung cư coma 6 tây mỗ, Nam từ liêm ,HN",Giá thỏa thuận,95 m²,3,2,"Nam Từ Liêm, Hà Nội","Dream Town, đường Tây Mỗ, Phường Tây Mỗ, Nam Từ Liêm, Hà Nội",21.00302268,105.7501363,0,0.0,0.0,0.0,0.0,0.0,0.0
Chính chủ cần bán gấp căn hộ chung cư cao cấp 4PN nội thất cơ bản tòa N01T8,"12,38 tỷ",136 m²,4,3,"Bắc Từ Liêm, Hà Nội"," Phường Xuân Tảo,  Bắc Từ Liêm,  Hà Nội",21.0611692,105.7942037,0,0.0,0.0,0.0,0.0,0.0,0.0
"Chinh chu: Bán căn hộ đặc biệt 163m2, bancong 7met 3PN, 3WC tại Sunrise City Quận 7 giá 9.9 tỷ","9,9 tỷ",163 m²,3,3,"Quận 7, Hồ Chí Minh"," Đường Nguyễn Hữu Thọ,  Phường Tân Hưng,  Quận 7,  Hồ Chí Minh",10.74250976,106.7013355,0,0.0,0.0,0.0,0.0,0.0,0.0
"Quỹ căn ngoại giao (118m2, duplex 145m2) giá tốt nhất siêu hời, quỹ ẩn trực tiếp CĐT, LH 0966 088 ***","9,68 tỷ",118 m²,4,4,"Thanh Xuân, Hà Nội","Viha Complex, số 107, Đường Nguyễn Tuân, Phường Thanh Xuân Trung, Thanh Xuân, Hà Nội",20.9957616,105.8054269,0,0.0,0.0,0.0,0.0,0.0,0.0
"Chính chủ bán căn góc liền kề 90m2, giá tốt",Giá thỏa thuận,90 m²,4,3,"Hoài Đức, Hà Nội"," Xã An Khánh,  Hoài Đức,  Hà Nội",21.005128,105.73304,0,0.0,0.0,0.0,0.0,0.0,0.0
"Bán nhà 3PN, 3WC, 100m2 tại Khuê Mỹ,ngay gần Đoàn Khuê+Bùi Tá Hán, Đà Nẵng, giá 6,7 tỷ","6,7 tỷ",100 m²,3,3,"Ngũ Hành Sơn, Đà Nẵng","Phường Khuê Mỹ, Ngũ Hành Sơn, Đà Nẵng",16.0272634,108.2445037,0,0.0,0.0,0.0,0.0,0.0,0.0
"Chính chủ bán căn góc - 108m2 - 3PN, 2WC, view thoáng full nội thất toà Hà Nội Paragon, giá 6,5 tỷ","6,5 tỷ",108 m²,3,2,"Cầu Giấy, Hà Nội"," Phường Dịch Vọng Hậu,  Cầu Giấy,  Hà Nội",21.0365503,105.7858195,0,0.0,0.0,0.0,0.0,0.0,0.0
Gia đình em bán căn góc 198m2 3PN+1 - 2WC ban công hướng Nam full nội thất Dolphin Plaza giá 10.6tỷ,"10,6 tỷ",198 m²,3,2,"Nam Từ Liêm, Hà Nội","Dolphin Plaza, Phố Trần Bình, Phường Mỹ Đình 2, Nam Từ Liêm, Hà Nội",21.03066864,105.7763755,0,0.0,0.0,0.0,0.0,0.0,0.0
"Chính chủ bán CH 78m2 - 2PN ban công Đông Nam, view thoáng full nội thất ở Roman Plaza giá 4,6 tỷ","4,6 tỷ",78 m²,2,2,"Nam Từ Liêm, Hà Nội"," Đường Tố Hữu,  Phường Đại Mỗ,  Nam Từ Liêm,  Hà Nội",20.98516554,105.7758725,0,0.0,0.0,0.0,0.0,0.0,0.0
"Chính chủ! Bán biệt thự Song lập Swanbay căn góc, vị trí đẹp, sổ hồng cầm tay. LH: 0938 652 ***","22,5 tỷ",323 m²,4,3,"Nhơn Trạch, Đồng Nai","Swan Bay , Đường Quốc Lộ 51, Xã Đại Phước, Huyện Nhơn Trạch, Đồng Nai",10.7355009,106.8171232,0,0.0,0.0,0.0,0.0,0.0,0.0
"Vốn ban đầu chỉ cần từ 3.9 tỷ/căn shophouse đường 25m, nhà 5 tầng tại Vin 3","10,8 tỷ",75 m²,4,4,"Văn Giang, Hưng Yên"," Xã Nghĩa Trụ,  Văn Giang,  Hưng Yên",20.9298976,105.963275,0,0.0,0.0,0.0,0.0,0.0,0.0
Nhà 1 trệt 1 lầu đường ô tô phường Phú Thọ- Thủ Dầu Một - Giá 1.99tỷ.,"1,99 tỷ","63,3 m²",2,2,"Thủ Dầu Một, Bình Dương","Đường Lê Hồng Phong, Phường Phú Thọ, Thủ Dầu Một, Bình Dương",10.9495025,106.6645388,0,0.0,0.0,0.0,0.0,0.0,0.0
"[Slot cuối cùng] Chỉ 3,x tỷ có căn 2PN view pháo hoa tầng cao, Căn hộ cao cấp biển Mỹ Khê Đà Nẵng","3,67 tỷ","82,5 m²",2,2,"Ngũ Hành Sơn, Đà Nẵng","The Sang Residence, Đường Phạm Kiệt, Phường Khuê Mỹ, Ngũ Hành Sơn, Đà Nẵng",16.03851388,108.2475484,0,0.0,0.0,0.0,0.0,0.0,0.0
"ĐHG chuyên Opal Boulevard đã 4 năm, bán 2PN 75.4m2, 2,75 tỷ có sổ hồng, công chứng ngay 0931 866 ***","2,75 tỷ","75,4 m²",2,2,"Dĩ An, Bình Dương"," Đường Kha Vạn Cân,  Phường An Bình,  Dĩ An,  Bình Dương",10.86919616,106.7632086,0,0.0,0.0,0.0,0.0,0.0,0.0
"Chính chủ gửi bán CH 97m2 giá 6,2 tỷ (btp) tầng cao, hướng mát sẵn sổ giao dịch ngay cạnh Vinhomes","6,2 tỷ",97 m²,3,2,"Long Biên, Hà Nội","Le Grand Jardin Sài Đồng, Huỳnh Văn Nghệ, Sài Đồng, Long Biên, Hà Nội",21.04065286,105.9088155,0,0.0,0.0,0.0,0.0,0.0,0.0
"Bán quỹ CH rẻ nhất thị trường DT 133-152-164-191_198m2 Dolphin Plaza, Phố Trần Bình LH: 0906 241 ***","7,5 tỷ",152 m²,3,2,"Nam Từ Liêm, Hà Nội"," Phố Trần Bình,  Phường Mỹ Đình 2,  Nam Từ Liêm,  Hà Nội",21.03066864,105.7763755,0,0.0,0.0,0.0,0.0,0.0,0.0
"3,4 tỷ giảm còn 3 tỷ 190. Bán gấp căn 64m2 Võ Văn Tần gần chợ Vườn Chuối. Xây 1 trệt 4 lầu, hẻm 6m.","3,19 tỷ",64 m²,5,5,"Quận 3, Hồ Chí Minh","Đường Võ Văn Tần, Phường Võ Thị Sáu, Quận 3, Hồ Chí Minh",10.782932,106.6893481,0,0.0,0.0,0.0,0.0,0.0,0.0
"Căn Hộ Eco Xuân: Bán 2PN 68m2 - 1,70 tỷ, 3PN 86m2 - 1.9x tỷ, 1PN 47m2 1,2 tỷ Thuận An - Bình Dương","1,7 tỷ",68 m²,2,2,"Thuận An, Bình Dương"," Đường Quốc Lộ 13,  Phường Lái Thiêu,  Thuận An,  Bình Dương",10.8970914,106.7085812,0,0.0,0.0,0.0,0.0,0.0,0.0
"SIÊU HIẾM! NHÀ ĐẸP PHỐ TRẠM - 5 TẦNG - VỈA HÈ RỘNG 31M2,VỊ TRÍ ĐẮC ĐỊA! Đừng bỏ lỡ","7,66 tỷ",31 m²,3,4,"Long Biên, Hà Nội","Đường Phố Trạm, Phường Long Biên, Long Biên, Hà Nội",21.0209967,105.8862185,0,0.0,0.0,0.0,0.0,0.0,0.0
Bán suất ngoại giao NOXH gần Hồ Linh Đàm giá siêu tốt,"3,04 tỷ",69 m²,2,2,"Hoàng Mai, Hà Nội"," Đường Bằng A,  Phường Hoàng Liệt,  Hoàng Mai,  Hà Nội",20.962423,105.8393925,0,0.0,0.0,0.0,0.0,0.0,0.0
Cần bán lại căn 2PN lớn tầng cao hiếm Lancaster Quận 1 rẻ hơn 20% so với CDT,Giá thỏa thuận,90 m²,2,2,"Quận 1, Hồ Chí Minh"," Đường Nguyễn Trãi,  Phường Nguyễn Cư Trinh,  Quận 1,  Hồ Chí Minh",10.7607239,106.6855219,0,0.0,0.0,0.0,0.0,0.0,0.0
"Bán nhà chính chủ sát mặt tiền Hoàng Hoa Thám, Bình Thạnh, 6tỷ8, 4 tầng, 36m2, 4PN, 3WC 0964 589 ***","6,8 tỷ",36 m²,4,3,"Bình Thạnh, Hồ Chí Minh","Đường Hoàng Hoa Thám, Phường 6, Bình Thạnh, Hồ Chí Minh",10.7841123,106.6589641,0,0.0,0.0,0.0,0.0,0.0,0.0
"Chuyên căn hộ Masteri An Phú, giá rẻ nhất thị trường, liên hệ 0906 920 *** Ms. Phương (Mia)",6 tỷ,70 m²,2,2,"Quận 2, Hồ Chí Minh"," Đường Xa Lộ Hà Nội,  Phường Thảo Điền,  Quận 2,  Hồ Chí Minh",10.8037248,106.7462249,0,0.0,0.0,0.0,0.0,0.0,0.0
"Bán nhà hẻm 1 sẹc Huỳnh Tấn Phát P. Phú Thuận Q7 giá 2tỷ650tr DT 69.46m2, đang cho thuê 12tr/tháng","2,65 tỷ","69,46 m²",4,4,"Quận 7, Hồ Chí Minh","Đường Huỳnh Tấn Phát, Phường Phú Thuận, Quận 7, Hồ Chí Minh",10.72280396,106.7356288,0,0.0,0.0,0.0,0.0,0.0,0.0
"Gửi đến quý anh/chị giá sang nhượng T3/2025 các căn 2PN từ 2tỷ380, hỗ trợ vay bank 4,5%năm","2,45 tỷ",65 m²,2,2,"Bình Chánh, Hồ Chí Minh"," Đường Trịnh Quang Nghị,  Xã Phong Phú,  Bình Chánh,  Hồ Chí Minh",10.69774806,106.6447185,0,0.0,0.0,0.0,0.0,0.0,0.0
NGUYỄN KIM QUẬN 10 - 50M2 HẺM XE TẢI THÔNG - NGANG GẦN 5M GIÁ CHỈ 7.9T,"7,9 tỷ",40 m²,3,3,"Quận 10, Hồ Chí Minh","Đường Nguyễn Kim, Phường 7, Quận 10, Hồ Chí Minh",10.7883754,106.6607778,0,0.0,0.0,0.0,0.0,0.0,0.0
"Cực đẹp, nhà mới Cầu Giấy, 20m ra phố, ngõ to thông, tặng nội thất, cực thoáng, 38m2 x 4 tầng",7 tỷ,38 m²,5,5,"Cầu Giấy, Hà Nội","Đường Xuân Thủy, Phường Dịch Vọng Hậu, Cầu Giấy, Hà Nội",21.03652303,105.7853934,0,0.0,0.0,0.0,0.0,0.0,0.0
Bán Gấp penthouse Mỹ Tú 1 Phú Mỹ Hưng khu trung tâm,21 tỷ,297 m²,6,4,"Quận 7, Hồ Chí Minh","Mỹ Tú 1, Lý Long Tường, Tân Phong, Quận 7, Hồ Chí Minh",10.72363433,106.7130348,0,0.0,0.0,0.0,0.0,0.0,0.0
"(Căn mới) quỹ căn hộ đang rao bán tại WB. DT 65m2, 85m, 90m, 110m, 129m: Giá chỉ từ 5.6 tỷ - 11 tỷ",Giá thỏa thuận,65 m²,2,2,"Nam Từ Liêm, Hà Nội"," Đường Phạm Hùng,  Phường Mễ Trì,  Nam Từ Liêm,  Hà Nội",21.01417304,105.784808,0,0.0,0.0,0.0,0.0,0.0,0.0
"Bán Gấp Liền Kề Mặt Phố Nguyễn Xiển, Lô Góc 3 Mặt Tiền, Diện Tích 117m, 6 Tầng, Chỉ 40 Tỷ có TL",40 tỷ,117 m²,5,5,"Thanh Trì, Hà Nội","Rue De Charme, Đường Nguyễn Xiển, Xã Tân Triều, Thanh Trì, Hà Nội",20.98294964,105.809326,0,0.0,0.0,0.0,0.0,0.0,0.0
Hot! Suất Ngoại Giao căn góc - mặt tiền 20m - giá 255 tr/m2 tại Jade Square Phạm Văn Đồng,"49,98 tỷ",196 m²,7,7,"Bắc Từ Liêm, Hà Nội"," Đường Nguyễn Đình Tứ,  Phường Xuân Đỉnh,  Bắc Từ Liêm,  Hà Nội",21.07619787,105.7938631,0,0.0,0.0,0.0,0.0,0.0,0.0
"Bán căn 58m2 (2PN 1WC), để lại vài nội thất. Giá chỉ 3,1 tỷ","3,1 tỷ",58 m²,2,1,"Bình Chánh, Hồ Chí Minh"," Đường Nguyễn Văn Linh,  Xã Bình Hưng,  Bình Chánh,  Hồ Chí Minh",10.72891091,106.6801554,0,0.0,0.0,0.0,0.0,0.0,0.0
"Giảm mạnh 400 triệu bán gấp nhà giá 3 tỷ 250 triệu Nguyễn Đình Chiểu, Phường 5, Quận 3, DT 67,5m2","3,25 tỷ","67,5 m²",4,5,"Quận 3, Hồ Chí Minh","Đường Nguyễn Đình Chiểu, Phường 5, Quận 3, Hồ Chí Minh",10.77171657,106.6836904,0,0.0,0.0,0.0,0.0,0.0,0.0
"Bán Gấp CHCC Richstar Lầu Cao View Đông Mát - 84m2 3PN Giá Thật 3,4 tỷ LH: 0944 904 *** Lý (View đẹp)","3,4 tỷ",84 m²,3,2,"Tân Phú, Hồ Chí Minh","RichStar, 239 - 241 - 278, Đường Hòa Bình, Phường Hiệp Tân, Tân Phú, Hồ Chí Minh",10.943957,106.7420867,0,0.0,0.0,0.0,0.0,0.0,0.0
"Tài Sản Khan Hiếm Đường Số 4 Mặt Tiền Khu Cư Xá Đô Thành, P4, Quận 3 (DT:5,9x15m) Giá 22,5Tỷ TL","22,5 tỷ",71 m²,8,8,"Quận 3, Hồ Chí Minh","Đường Số 4 Cư xá Đô Thành, Phường 4, Quận 3, Hồ Chí Minh",10.77206471,106.6823279,0,0.0,0.0,0.0,0.0,0.0,0.0
Bán quỹ căn đẹp dự án Him Lam Central Park An Hồng. Gía gốc từ chủ đầu tư. LH ngay 0369 863 ***,Giá thỏa thuận,60 m²,4,3,"Hồng Bàng, Hải Phòng","Him Lam Central Park An Hồng, Đường 10, Phường An Hồng, Hồng Bàng, Hải Phòng",20.9114976,106.6069507,0,0.0,0.0,0.0,0.0,0.0,0.0
Nhận booking quỹ độc quyền shophouse mặt biển Cát Bà Xanh Island chỉ từ 50tr HTLS 70% lên đến 3 năm,Giá thỏa thuận,135 m²,3,2,"Cát Hải, Hải Phòng"," Thị trấn Cát Bà,  Cát Hải,  Hải Phòng",20.7321058,107.0483333,0,0.0,0.0,0.0,0.0,0.0,0.0
"Bán BT Vip tại Mỹ Đình, diện tích 200m2 xây 4 tầng MT 10m, giá chỉ 60 tỷ.",60 tỷ,200 m²,3,5,"Nam Từ Liêm, Hà Nội","Đường Hoài Thanh, Phường Mỹ Đình 2, Nam Từ Liêm, Hà Nội",21.0282405,105.7746453,0,0.0,0.0,0.0,0.0,0.0,0.0
"VĨNH HỒ CĂN HỘ TT SỔ 25M, SD 60M, 3 NGỦ, GIÁ 2.88 TỶ.","2,88 tỷ",25 m²,3,1,"Đống Đa, Hà Nội","Đường Vĩnh Hồ, Phường Thịnh Quang, Đống Đa, Hà Nội",21.0085471,105.8174276,0,0.0,0.0,0.0,0.0,0.0,0.0
"Bán nhà 2MT Lê Trọng Tấn, 6.6x14m, 1 lầu, 3PN, vị trí kinh doanh, 15 tỷ",15 tỷ,92 m²,3,2,"Tân Phú, Hồ Chí Minh","Đường Lê Trọng Tấn, Phường Tây Thạnh, Tân Phú, Hồ Chí Minh",10.81251075,106.6113956,0,0.0,0.0,0.0,0.0,0.0,0.0
"BÁN CĂN GẤP SHOPHOUSE TẠI TOÀ C2 XUÂN ĐỈNH DIỆN TÍCH 190M2 giá 8,5 tỷ 0967 555 ***","8,5 tỷ",190 m²,2,2,"Bắc Từ Liêm, Hà Nội","Megastar Tây Hồ, Phố Đỗ Nhuận, Phường Xuân Đỉnh, Bắc Từ Liêm, Hà Nội",21.06737726,105.7871376,0,0.0,0.0,0.0,0.0,0.0,0.0
7 TẦNG THANG MÁY -- ĐẲNG CẤP HIMLAM -- MẶT TIỀN KHỦNG -- SÁT CHUNG CƯ -- SIÊU SIÊU VIP,"22,5 tỷ",75 m²,6,6,"Hà Đông, Hà Nội","Him Lam Vạn Phúc, Đường Tố Hữu, Phường Vạn Phúc, Hà Đông, Hà Nội",20.98516554,105.7758725,0,0.0,0.0,0.0,0.0,0.0,0.0
"Nhà 3 tầng, 56m2(4.2mx13.4m) Đường Lê Liễu, Tân Quý, gần Aeon Mall Tân Phú 6.05 tỷ thương lượng","6,05 tỷ",56 m²,3,3,"Tân Phú, Hồ Chí Minh","Lê Liễu, Tân Quý, Tân Phú, Hồ Chí Minh",10.79856502,106.621957,0,0.0,0.0,0.0,0.0,0.0,0.0
"Đất biển Mỹ Khê sát đường Phạm Văn Đồng, sát Biển giá chỉ hơn 50 triệu/m2","9,2 tỷ",172 m²,4,3,"Sơn Trà, Đà Nẵng","Đường Đinh Thị Hòa, Phường An Hải Bắc, Sơn Trà, Đà Nẵng",16.07297204,108.2370951,0,0.0,0.0,0.0,0.0,0.0,0.0
Cần bán căn hộ lô góc - hướng mát- nhiều nắng- 93m2 - 3 ngủ - khu dự án Thạch Bàn Q. Long Biên.,"4,3 tỷ","92,2 m²",3,2,"Long Biên, Hà Nội"," Phường Thạch Bàn,  Long Biên,  Hà Nội",21.0208848,105.9163931,0,0.0,0.0,0.0,0.0,0.0,0.0
Chỉ còn 1 căn giá rẻ tại phân khu Ánh Dương - Vinhomes Cổ Loa 80m2 - mặt tiền: 5m,"17,6 tỷ",80 m²,4,3,"Đông Anh, Hà Nội"," Đường Cổ Loa,  Xã Đông Hội,  Đông Anh,  Hà Nội",21.13968625,105.8518553,0,0.0,0.0,0.0,0.0,0.0,0.0
"Mặt tiền CX Chu Văn An 4,5 x 12m - Bình Thạnh - căn góc - nhà 4 tầng - HDT 29triệu - giá: 10,9 tỷ","10,9 tỷ",39 m²,6,4,"Bình Thạnh, Hồ Chí Minh","Đường 6, Phường 26, Bình Thạnh, Hồ Chí Minh",10.8125673,106.7107414,0,0.0,0.0,0.0,0.0,0.0,0.0
"Gấp Gấp! Bán nhà 3 tỷ 150 xây 69m2 Đào Duy Anh, P9, Phú Nhuận. Gần trường Hồ Văn Huê, hẻm oto 6m.","3,15 tỷ",69 m²,4,5,"Phú Nhuận, Hồ Chí Minh","Đường Đào Duy Anh, Phường 9, Phú Nhuận, Hồ Chí Minh",10.80686795,106.6758705,0,0.0,0.0,0.0,0.0,0.0,0.0
"Chính chủ: Bán nhà mặt tiền đường Chợ Lớn, phường 11, Quận 6, 160m2, giá 31,5 tỉ","31,5 tỷ",160 m²,4,4,"Quận 6, Hồ Chí Minh","Đường Chợ Lớn, Phường 11, Quận 6, Hồ Chí Minh",10.74457284,106.6252556,0,0.0,0.0,0.0,0.0,0.0,0.0
"Căn hộ Phạm Văn Đồng kế sân bay 1,52 tỷ/2PN sẵn nội thất, ở ngay - 0703 501 ***","1,52 tỷ",52 m²,2,2,"Gò Vấp, Hồ Chí Minh","Đường Phạm Văn Đồng, Phường 1, Gò Vấp, Hồ Chí Minh",10.81856721,106.6878066,0,0.0,0.0,0.0,0.0,0.0,0.0
Lk Văn Phú - sát quận uỷ Hà Đông - 200m ra Metro - nhà đẹp long lanh - giá tuyệt vời,"19,9 tỷ",96 m²,5,5,"Hà Đông, Hà Nội"," Đường Hoàng Đôn Hòa,  Phường Phú La,  Hà Đông,  Hà Nội",20.9580348,105.7641533,0,0.0,0.0,0.0,0.0,0.0,0.0
Mới! Chủ nhà tin tưởng nhiệt tình gửi bán nhiều căn hộ 2N3N4N được cập nhật liên tục trong T2/2025,"6,5 tỷ",118 m²,3,2,"Nam Từ Liêm, Hà Nội"," đường Mễ Trì,  Phường Mễ Trì,  Nam Từ Liêm,  Hà Nội",21.01493436,105.7785397,0,0.0,0.0,0.0,0.0,0.0,0.0
Chính chủ cần bán căn hộ 2 ngủ 1 wc full đồ mới đẹp ở toà Thiên Niên Kỉ đối diện bưu điện Hà Đông,"4,25 tỷ","54,5 m²",2,1,"Hà Đông, Hà Nội","Tòa Tháp Thiên Niên Kỷ, số 04, Đường Quang Trung, Phường Quang Trung, Hà Đông, Hà Nội",20.96471352,105.7678278,0,0.0,0.0,0.0,0.0,0.0,0.0
"BÁN 50M ĐẤT TẶNG NHÀ 2 TẦNG. 1 TUM. , DỰ ÁN SIÊU HÓT CẦU TỨ LIÊN TẠI THÔN LÊ XÁ , MAI LÂM .","4,2 tỷ","50,5 m²",3,2,"Đông Anh, Hà Nội","Xã Mai Lâm, Đông Anh, Hà Nội",21.0892844,105.891625,0,0.0,0.0,0.0,0.0,0.0,0.0
Cần bán nhà Cổ Linh Thạch Bàn Long Biên Hà Nội,"15,5 tỷ",55 m²,4,4,"Long Biên, Hà Nội","Đường Cổ Linh, Phường Thạch Bàn, Long Biên, Hà Nội",21.02217193,105.907925,0,0.0,0.0,0.0,0.0,0.0,0.0
Hoa Hồng 150tr - Bán nhà mặt tiền Trịnh Thị Tho - Tân Phú - 62m2 - 5T - 10.8 Tỷ,"10,8 tỷ",62 m²,6,7,"Tân Phú, Hồ Chí Minh","Đường Trịnh Thị Tho, Phường Hiệp Tân, Tân Phú, Hồ Chí Minh",10.7716335,106.6272497,0,0.0,0.0,0.0,0.0,0.0,0.0
"Bán nhanh căn hộ Riverside Residence 180m2 3PN, 3WC, view đẹp, 14,5 tỷ. LH 0902 944 ***","14,5 tỷ",180 m²,3,3,"Quận 7, Hồ Chí Minh"," Đường Nguyễn Lương Bằng,  Phường Tân Phú,  Quận 7,  Hồ Chí Minh",10.727068,106.7261695,0,0.0,0.0,0.0,0.0,0.0,0.0
"Tổng hợp các căn hộ chung cư Văn Khê 3 phòng ngủ, 2 phòng ngủ giá rẻ - 0982 753 ***","3,65 tỷ",74 m²,2,2,"Hà Đông, Hà Nội"," Phường La Khê,  Hà Đông,  Hà Nội",20.9696783,105.7601018,0,0.0,0.0,0.0,0.0,0.0,0.0
"Giỏ hàng căn hộ CC Flemington, Quận 11, DT: 117m2, 220m2, 87m2, 97m2: Lh: 0907 970 ***, giá 6,550 tỷ","6,55 tỷ",117 m²,3,2,"Quận 11, Hồ Chí Minh"," Đường Lê Đại Hành,  Phường 15,  Quận 11,  Hồ Chí Minh",10.7642529,106.6557016,0,0.0,0.0,0.0,0.0,0.0,0.0
"Cắt lỗ căn 2PN2VS góc 69,1 m2 Đông Bắc phân khu cao cấp Metropolitan view thoáng đẹp, giá 3,55 tỷ","3,55 tỷ","69,1 m²",2,2,"Gia Lâm, Hà Nội"," Xã Đa Tốn,  Gia Lâm,  Hà Nội",20.9862042,105.930004,0,0.0,0.0,0.0,0.0,0.0,0.0
"Bán khách sạn thu nhập 65trieu/tháng tại Vissip1 Bình Dương, giấy phép đầu đủ ạ. 0366 236 ***","10,8 tỷ",150 m²,22,22,"Thuận An, Bình Dương","Phường Thuận Giao, Thuận An, Bình Dương",10.95009,106.7164282,0,0.0,0.0,0.0,0.0,0.0,0.0
"Bán gấp nhà riêng 4PN, 3WC, 41m2 giá cực chất tại Nguyễn Chính, Tân Mai, Hoàng Mai, Hà Nội","5,8 tỷ",41 m²,4,3,"Hoàng Mai, Hà Nội","Đường Nguyễn Chính, Phường Tân Mai, Hoàng Mai, Hà Nội",20.9829654,105.8488998,0,0.0,0.0,0.0,0.0,0.0,0.0
"Bán nhà Mặt tiền đ.số Lý Phục Man Q7, 4 tầng, 5x13, nhỉnh 10T","10,8 tỷ",65 m²,4,4,"Quận 7, Hồ Chí Minh","Đường Lý Phục Man, Phường Bình Thuận, Quận 7, Hồ Chí Minh",10.7428374,106.7230796,0,0.0,0.0,0.0,0.0,0.0,0.0
New City Update 15/03 giỏ hàng bán 1PN 2PN 3PN đa dạng diện tích vay 80% LH Sinh 0923 939 ***,"6,35 tỷ",85 m²,3,2,"Quận 2, Hồ Chí Minh"," Đường Mai Chí Thọ,  Phường Bình Khánh,  Quận 2,  Hồ Chí Minh",10.80484845,106.7167622,0,0.0,0.0,0.0,0.0,0.0,0.0
"Kiều Trinh - 314 chủ nhà cần tiền bán nhanh rẻ hơn thị trường chỉ 1,620 tỷ, cho thuê ngay 9 triệu","1,62 tỷ",52 m²,1,2,"Nha Trang, Khánh Hòa","Mường Thanh Viễn Triều, Phạm Văn Đồng, Vĩnh Phước, Nha Trang, Khánh Hòa",12.2743118,109.2020642,0,0.0,0.0,0.0,0.0,0.0,0.0
MẢNH ĐẤT VÀNG - KHU HIẾM NHÀ BÁN- RẤT THÍCH HỢP XÂY TOÀ CC-. KINH DOANH ĐỈNH- VỈA HÈ RỘNG.,210 tỷ,487 m²,3,4,"Đống Đa, Hà Nội","Đường Đoàn Thị Điểm, Phường Cát Linh, Đống Đa, Hà Nội",21.0290379,105.8282952,0,0.0,0.0,0.0,0.0,0.0,0.0
"Siêu phẩm 61m2 x 6tầng, 14 phòng, thang máy, doanh thu 70 triệu/tháng. T.Tâm Hoàng Mai, chào 14,8tỷ","14,86 tỷ",61 m²,14,15,"Hoàng Mai, Hà Nội","Đường Giáp Bát, Phường Giáp Bát, Hoàng Mai, Hà Nội",20.98769257,105.8426063,0,0.0,0.0,0.0,0.0,0.0,0.0
BÁN NHÀ KDC NAM KHANG 1462 NGUYỄN DUY TRINH P. LONG TRƯỜNG Q9 CẠNH KINGFOOD,"5,5 tỷ",56 m²,4,4,"Quận 9, Hồ Chí Minh","Đường Nguyễn Duy Trinh, Phường Long Trường, Quận 9, Hồ Chí Minh",10.7589554,106.6730492,0,0.0,0.0,0.0,0.0,0.0,0.0
CƠ HỘI SỞ HỮU CĂN HỘ CAO CẤP MASTERI TRINITY SQUARE | ĐẶT CHỖ NGAY HÔM NAY | VINHOMES OCEAN PARK 2.,"3,19 tỷ",59 m²,2,2,"Văn Giang, Hưng Yên","The Empire - Vinhomes Ocean Park 2, Long Hưng, Văn Giang, Hưng Yên",20.9519833,105.953952,0,0.0,0.0,0.0,0.0,0.0,0.0
"Bán Nhà Riêng 2PN, 2WC tại Mai Đăng Chơn, Hòa Hải, Ngũ Hành Sơn, Đà Nẵng, giá siêu hời","2,9 tỷ",84 m²,2,2,"Ngũ Hành Sơn, Đà Nẵng","Đường Mai Đăng Chơn, Phường Hòa Hải, Ngũ Hành Sơn, Đà Nẵng",15.99578124,108.2576976,0,0.0,0.0,0.0,0.0,0.0,0.0
"Bán nhà riêng 5PN, 3WC, 38m2 tại Hồ Tùng Mậu, Cầu Giấy, Hà Nội, giá cực chất chỉ với 7,5 tỷ","7,5 tỷ",38 m²,5,3,"Cầu Giấy, Hà Nội","Đường Hồ Tùng Mậu, Phường Mai Dịch, Cầu Giấy, Hà Nội",21.03726496,105.7760404,0,0.0,0.0,0.0,0.0,0.0,0.0
"Nhà 60m2 Chu Văn An, Bình Thạnh - Gần Học viện Cán bộ. Giá 2 tỷ 690. Xây 1 trệt 2 lầu. Hẻm oto 6m","2,69 tỷ",60 m²,4,3,"Bình Thạnh, Hồ Chí Minh","Đường Chu Văn An, Phường 26, Bình Thạnh, Hồ Chí Minh",10.81049667,106.711471,0,0.0,0.0,0.0,0.0,0.0,0.0
"Bán căn hộ chính chủ 2PN,3PN chung cư Hoàng Thành Pearl - giá tốt nhất T3,hỗ trợ A-Z .LH 0888 989 ***","5,8 tỷ",80 m²,2,2,"Nam Từ Liêm, Hà Nội","Hoàng Thành Pearl, Nguyễn Văn Giáp, Cầu Diễn, Nam Từ Liêm, Hà Nội",21.02369542,105.7552656,0,0.0,0.0,0.0,0.0,0.0,0.0
"Chỉ hơn 3tỷ sở hữu ngay Biệt Thự giá gốc CĐT F0,tại Dự án Centa RVS Park View ngay cạnh Long Biên",11 tỷ,180 m²,6,6,"Từ Sơn, Bắc Ninh","Centa Riverside, Đường Hữu Nghị, Phường Phù Chẩn, Từ Sơn, Bắc Ninh",21.08308623,105.9652381,0,0.0,0.0,0.0,0.0,0.0,0.0
"BT, Thạch Bàn, Cổ Linh, Long Biên, 150m2 lô góc MT18m, vỉa hè kinh doanh vô đối tương lai x3",30 tỷ,150 m²,8,8,"Long Biên, Hà Nội","Thạch Bàn, Đường Thạch Bàn, Phường Thạch Bàn, Long Biên, Hà Nội",21.023575,105.9069668,0,0.0,0.0,0.0,0.0,0.0,0.0
"Bảng giá căn hộ Mizuki Park MP6 7 8 giá bán tháng 3/2025 (2PN 2.95tỷ), (2PN 3.6tỷ) - Đã có sổ hồng","2,95 tỷ",58 m²,2,1,"Bình Chánh, Hồ Chí Minh"," Đường Nguyễn Văn Linh,  Xã Bình Hưng,  Bình Chánh,  Hồ Chí Minh",10.72891091,106.6801554,0,0.0,0.0,0.0,0.0,0.0,0.0
"Bán quỹ căn giá tốt nhất T3/2025 diện tích từ 133-186-198m toà DolphinPlaza, pháp lý sổ đỏ, full đồ",8 tỷ,133 m²,2,2,"Nam Từ Liêm, Hà Nội"," 28 Phố Trần Bình,  Phường Mỹ Đình 2,  Nam Từ Liêm,  Hà Nội",21.03066864,105.7763755,0,0.0,0.0,0.0,0.0,0.0,0.0
"BÁN CĂN 3PN 2WC, VINBÁN CĂN 3PN 2WC, VINHOMES CENTRAL PARK, NỘI THẤT MỚI SANG TRỌNG. LH: 0931 772 ***","13,25 tỷ",108 m²,3,2,"Bình Thạnh, Hồ Chí Minh","Vinhomes Central Park, Đường Điện Biên Phủ, Phường 22, Bình Thạnh, Hồ Chí Minh",10.79834217,106.7196859,0,0.0,0.0,0.0,0.0,0.0,0.0
Cần bán nhà Nguyễn Sơn Long Biên Hà Nội,"22,8 tỷ",60 m²,5,4,"Long Biên, Hà Nội","Đường Nguyễn Sơn, Phường Bồ Đề, Long Biên, Hà Nội",21.04667826,105.8784996,0,0.0,0.0,0.0,0.0,0.0,0.0
"Bán gấp căn góc đối diện Vincom, chỉ 29,236 tỷ đường 30m, S: 96m2 KD 3 mặt thoáng. Mua là lãi ngay","29,24 tỷ",96 m²,5,5,"Đông Anh, Hà Nội"," Đường Cổ Loa,  Xã Đông Hội,  Đông Anh,  Hà Nội",21.13968625,105.8518553,0,0.0,0.0,0.0,0.0,0.0,0.0
"Bán gấp Chính Chủ F0 , Lô Góc DT 33m2, View Hồ Cực Phẩm, Sát Sân Bóng Hộ Khẩu Hà Đông,","3,58 tỷ",33 m²,3,4,"Hà Đông, Hà Nội","Đường An Thắng, Phường Biên Giang, Hà Đông, Hà Nội",20.9295202,105.7223742,0,0.0,0.0,0.0,0.0,0.0,0.0
Cần bán gấp biệt thự liền kề Lavila full nội thất 13.5 tỷ,"13,5 tỷ","105,6 m²",4,4,"Nhà Bè, Hồ Chí Minh"," Đường Nguyễn Hữu Thọ,  Xã Phước Kiển,  Nhà Bè,  Hồ Chí Minh",10.71772076,106.7026202,0,0.0,0.0,0.0,0.0,0.0,0.0
"Một căn duy nhất trong phân khúc, 120m2, 4 tầng, mặt tiền 9.6m, ô tô tránh, vỉa hè, kinh doanh.",31 tỷ,125 m²,4,3,"Hoàng Mai, Hà Nội","Đường Nguyễn Cảnh Dị, Phường Đại Kim, Hoàng Mai, Hà Nội",20.9730903,105.8250742,0,0.0,0.0,0.0,0.0,0.0,0.0
"Chính chủ bán nhà Mega Village Khang Điền 5x15m 6.95tỷ, 7,5x12 8.5 tỷ, 9x15 12 tỷ, 10x15m 12.2 tỷ","6,95 tỷ",75 m²,3,4,"Quận 9, Hồ Chí Minh"," Đường Vành Đai 2,  Phường Phú Hữu,  Quận 9,  Hồ Chí Minh",10.7608529,106.7012374,0,0.0,0.0,0.0,0.0,0.0,0.0
Chủ xoay vốn cần bán gấp nhà 52m2 giá 2tỷ150 triệu đường Dương Bá Trạc Phường 1 Quận 8. Hẻm ô tô 6m,"2,15 tỷ",52 m²,4,4,"Quận 8, Hồ Chí Minh","Đường Dương Bá Trạc, Phường 1, Quận 8, Hồ Chí Minh",10.74364716,106.6881745,0,0.0,0.0,0.0,0.0,0.0,0.0
"Hoàng Văn Thái: Phân lô otto tránh, xây toà VP cực Vip 160m2 * 9m nói không vs QH","45,5 tỷ",160 m²,4,3,"Thanh Xuân, Hà Nội","Đường Hoàng Văn Thái, Phường Khương Mai, Thanh Xuân, Hà Nội",20.9971341,105.8290537,0,0.0,0.0,0.0,0.0,0.0,0.0
"Cần tìm chủ mới cho căn Duplex Pentstudio 58m giá net 4.85 tỷ, xem nhà LH 0986 314 ***","4,85 tỷ",58 m²,1,2,"Tây Hồ, Hà Nội"," Đường Lạc Long Quân,  Phường Phú Thượng,  Tây Hồ,  Hà Nội",21.07332352,105.8127116,0,0.0,0.0,0.0,0.0,0.0,0.0
"Cần bán nhà phố đường Phạm Như Xương, phường Điện Ngọc, sát cạnh Đà Nẵng","14,7 tỷ",325 m²,10,6,"Điện Bàn, Quảng Nam","Phố Chợ Điện Ngọc, Đường Phạm Như Xương, Phường Điện Ngọc, Điện Bàn, Quảng Nam",15.8848033,108.2517836,0,0.0,0.0,0.0,0.0,0.0,0.0
"Bán gấp nhà phố Bùi Xương Trạch,Thanh Xuân, tặng nội thất, DT 46M2, 4 tầng, mặt tiền 4M, nhỉnh 8 tỷ","8,99 tỷ",46 m²,4,3,"Thanh Xuân, Hà Nội","Phường Khương Đình, Thanh Xuân, Hà Nội",20.9899852,105.8197278,0,0.0,0.0,0.0,0.0,0.0,0.0
Bán nhà ngô đình mẫn phân lô ô tô đỗ cửa -40m giá 7.38 Tỷ lh:0947 128 ***,"7,38 tỷ",40 m²,4,4,"Hà Đông, Hà Nội","Đường Ngô Đình Mẫn, Phường La Khê, Hà Đông, Hà Nội",20.9696783,105.7601018,0,0.0,0.0,0.0,0.0,0.0,0.0
"Muốn mua SaigonRoyal giá rẻ nhất phải gọi 0931 785 *** studio 2tỷ57, 1+1PN 4tỷ1, 2PN 5tỷ9, 3PN 12.5tỷ","5,85 tỷ",84 m²,2,2,"Quận 4, Hồ Chí Minh"," Đường Bến Vân Đồn,  Phường 12,  Quận 4,  Hồ Chí Minh",10.7550146,106.6349096,0,0.0,0.0,0.0,0.0,0.0,0.0
Nhà mới 40m2 xây 4 tầng.SĐCC.Ngay chân cầu Quán Gánh.2 thoáng. LH:0979 837 ***,"4,19 tỷ",40 m²,5,4,"Thanh Trì, Hà Nội","Minh Việt Ngọc Hồi, Đường Quốc lộ 1A, Xã Ngọc Hồi, Thanh Trì, Hà Nội",20.9233689,105.8426967,0,0.0,0.0,0.0,0.0,0.0,0.0
"Toà CCMN Hào Nam, Cát Linh 80m2*8T, PCCC, GPXD, thoát hiểm riêng, 16Pkk dòng tiền 110tr/ th","14,8 tỷ",80 m²,16,16,"Đống Đa, Hà Nội","Phố Hào Nam, Phường Cát Linh, Đống Đa, Hà Nội",21.02802218,105.827572,0,0.0,0.0,0.0,0.0,0.0,0.0
"Cực Hot! Căn hộ Bcons Plaza 2PN2WC Giá chỉ từ 1ty75, sổ hồng riêng, bao sang tên!","1,75 tỷ","51,33 m²",2,2,"Dĩ An, Bình Dương","Bcons Plaza, Thống Nhất, Đông Hòa, Dĩ An, Bình Dương",10.89105648,106.8024909,0,0.0,0.0,0.0,0.0,0.0,0.0
"Bán căn hộ Grand Marina Saigon, DT 56m2, 1PN, 1WC, Q1, HCM, giá tốt nhất giỏ hàng",20 tỷ,56 m²,1,1,"Quận 1, Hồ Chí Minh"," Phố Tôn Đức Thắng,  Phường Bến Nghé,  Quận 1,  Hồ Chí Minh",10.78507305,106.7021751,0,0.0,0.0,0.0,0.0,0.0,0.0
"Chính chủ nhà em bán căn hộ 86m2 3n, Samsora Hà Đông, sẵn sổ, full nội thất dọn về ở ngay, cực lộc","4,6 tỷ",86 m²,3,2,"Hà Đông, Hà Nội","Samsora Premier, 105, Đường Chu Văn An, Phường Quang Trung, Hà Đông, Hà Nội",20.9551855,105.758011,0,0.0,0.0,0.0,0.0,0.0,0.0
Chính chủ suất NG bán căn góc 140m2 ban công 2 mặt Đông - Nam tòa Paragon Cầu Giấy,"8,3 tỷ",146 m²,3,2,"Cầu Giấy, Hà Nội","Hà Nội Paragon, số 86, Đường Duy Tân, Phường Dịch Vọng Hậu, Cầu Giấy, Hà Nội",21.0291743,105.783207,0,0.0,0.0,0.0,0.0,0.0,0.0
"Nhà mới 2 lầu, 2.95 tỷ (có bớt), đường 13m, 2 PN, SHR","2,95 tỷ",60 m²,2,3,"Thuận An, Bình Dương","Đường ĐT 743, Phường Bình Chuẩn, Thuận An, Bình Dương",10.9843141,106.7227363,0,0.0,0.0,0.0,0.0,0.0,0.0
"Biệt thự ven đô - dưới 10 tỷ, xây thô hoàn thiện mặt ngoài, căn góc đẹp view hồ tại Legacy Hill","7,1 tỷ",316 m²,4,5,"Lương Sơn, Hòa Bình","Legacy Hill, Tân Vinh, Lương Sơn, Hòa Bình",20.78148475,105.602579,0,0.0,0.0,0.0,0.0,0.0,0.0
"Nhà rộng nội thất đẹp nhiều phòng ngủ, ngõ rộng gần phố, GT đi lại thuận tiện, tiện ích bạt ngàn","7,65 tỷ",42 m²,4,3,"Hai Bà Trưng, Hà Nội","Đường Minh Khai, Phường Minh Khai, Hai Bà Trưng, Hà Nội",20.9962306,105.857312,0,0.0,0.0,0.0,0.0,0.0,0.0
HOT! BÁN CẮT L.Ỗ CĂN 2N2VS CHUNG CƯ NEW LIFE HẠ LONG,"1,85 tỷ",68 m²,2,2,"Hạ Long, Quảng Ninh","New Life Tower, Đường Hoàng Quốc Việt, Phường Bãi Cháy, Hạ Long, Quảng Ninh",20.95493901,107.0211329,0,0.0,0.0,0.0,0.0,0.0,0.0
"Bán nhà riêng, 5 tầng, có thang máy tại đường Cách Mạng Tháng Tám, 104m2, hẻm xe tải, chỉ 16,5 tỷ","16,5 tỷ",104 m²,5,5,"Quận 10, Hồ Chí Minh","Đường Cách Mạng Tháng Tám, Phường 15, Quận 10, Hồ Chí Minh",10.7818399,106.6650821,0,0.0,0.0,0.0,0.0,0.0,0.0
"Bán căn hộ 2PN, 1WC, 55m2 tại The Sapphire 1, Đa Tốn, Gia Lâm, Hà Nội, giá 2,75 tỷ LH 0923/468/678","2,75 tỷ",55 m²,2,1,"Gia Lâm, Hà Nội","The Sapphire 1 - Vinhomes Ocean Park, Đa Tốn, Gia Lâm, Hà Nội",20.9862042,105.930004,0,0.0,0.0,0.0,0.0,0.0,0.0
"Bán nhanh 1 PN Vinhomes Central Park, full nội thất cao cấp view thoáng mát","4,3 tỷ",54 m²,1,1,"Bình Thạnh, Hồ Chí Minh"," Đường Điện Biên Phủ,  Phường 22,  Bình Thạnh,  Hồ Chí Minh",10.79834217,106.7196859,0,0.0,0.0,0.0,0.0,0.0,0.0
"BT Garden City Thạch Bàn, Cổ Linh, Long Biên, biệt thự sân vườn 233m x 4T mt13m, đầu tư tiềm năng","48,6 tỷ",233 m²,7,6,"Long Biên, Hà Nội","Garden City, Đường Thạch Bàn, Phường Thạch Bàn, Long Biên, Hà Nội",21.02598372,105.909623,0,0.0,0.0,0.0,0.0,0.0,0.0
"Bán biệt thự góc - Legacy Hill Hòa Bình, view suối hướng mát, phong thủy vượng địa, chỉ 6.1 tỷ","6,1 tỷ",270 m²,4,5,"Lương Sơn, Hòa Bình","Legacy Hill, Tân Vinh, Lương Sơn, Hòa Bình",20.78148475,105.602579,0,0.0,0.0,0.0,0.0,0.0,0.0
Chính chủ bán căn hộ 2 ngủ 94m2 tại chung cư Bình Vượng tầng trung thoáng mát sổ đỏ lâu dài,"3,99 tỷ",94 m²,2,2,"Hà Đông, Hà Nội","Bình Vượng 200 Quang Trung, Đường Quang Trung, Phường Quang Trung, Hà Đông, Hà Nội",20.96696895,105.7698286,0,0.0,0.0,0.0,0.0,0.0,0.0
"HÀNG NGỘP BÁN TOPAZ ELITE 79M2 2PN 2WC view Q7 nhà trống 3,340TỶ FULL NỘI THẤT 3,45TỶ LH 0964 161 ***","3,34 tỷ",79 m²,2,2,"Quận 8, Hồ Chí Minh"," Đường Cao Lỗ,  Phường 4,  Quận 8,  Hồ Chí Minh",10.74012373,106.6779372,0,0.0,0.0,0.0,0.0,0.0,0.0
"Nhà Chợ Phúc Lơi 32,6m xây 5 tầng oto đỗ cổng 3,95 tỷ","3,95 tỷ","32,6 m²",3,4,"Long Biên, Hà Nội","Đường Phúc Lợi, Phường Phúc Lợi, Long Biên, Hà Nội",21.04714257,105.9233979,0,0.0,0.0,0.0,0.0,0.0,0.0
"PHỐ DUY TÂN - CẦU GIẤY TOÀ NHÀ 850M-13TẦNG, MT:18M 320 TỶ",320 tỷ,850 m²,70,76,"Cầu Giấy, Hà Nội","Đường Duy Tân, Phường Dịch Vọng Hậu, Cầu Giấy, Hà Nội",21.0291743,105.783207,0,0.0,0.0,0.0,0.0,0.0,0.0
"Bán nhà Tân Phú- Lũy Bán Bích HXH 8m thông, gần mặt tiền, 68m2(5.2 x 15m), 3 tầng BTCT, Chỉ 6.3 tỷ","6,3 tỷ",68 m²,4,3,"Tân Phú, Hồ Chí Minh","Đường Lũy Bán Bích, Phường Phú Thạnh, Tân Phú, Hồ Chí Minh",10.7766643,106.633735,0,0.0,0.0,0.0,0.0,0.0,0.0
"Nhà view sông Sài Gòn, Landmark - phường Hiệp Bình Chánh, Thủ Đức, 176m2, 3 tầng, 6PN, 21 Tỷ.",21 tỷ,176 m²,6,5,"Thủ Đức, Hồ Chí Minh","Đường 17, Phường Hiệp Bình Chánh, Thủ Đức, Hồ Chí Minh",10.8242362,106.7172857,0,0.0,0.0,0.0,0.0,0.0,0.0
"BQL Sài Gòn Mia bán căn hộ 1PN 2PN 3PN 2,8 tỷ - 4 tỷ full nội thất, LH BQL 0935 375 ***",4 tỷ,76 m²,3,2,"Bình Chánh, Hồ Chí Minh"," Đường Số 9A,  Xã Bình Hưng,  Bình Chánh,  Hồ Chí Minh",10.7233718,106.652603,0,0.0,0.0,0.0,0.0,0.0,0.0
"Cắt lỗ CH cao cấp M2 Masteri Waterfront Vinhomes Ocean Park, 42m2, dưới T15, nội thất full, 3 tỷ",3 tỷ,42 m²,1,1,"Gia Lâm, Hà Nội","Masteri Water Front, Đường Quốc Lộ 5B, Xã Đa Tốn, Gia Lâm, Hà Nội",20.99703425,105.9312146,0,0.0,0.0,0.0,0.0,0.0,0.0
"Cập nhật giỏ hàng chuyển nhượng mới nhất Aqua City tháng 3/2025. Nhà phố 100m2 chỉ 4,6 tỷ Full","4,4 tỷ",100 m²,3,4,"Biên Hòa, Đồng Nai","Aqua City, Long Hưng, Biên Hòa, Đồng Nai",10.8735292,106.8577933,0,0.0,0.0,0.0,0.0,0.0,0.0
"Bán nhà mặt phố Dương Đình Nghệ, 9,9 tỷ, 67m2, 4PN, 5WC","9,9 tỷ",67 m²,4,5,"Sơn Trà, Đà Nẵng","Đường Dương Đình Nghệ, Phường An Hải Bắc, Sơn Trà, Đà Nẵng",16.06876059,108.2380379,0,0.0,0.0,0.0,0.0,0.0,0.0
"Bán đơn lập góc San Hô 1 với 4 mặt công viên, bể bơi, đối diện Ktown, căn Vip độc LH 0946 455 ***",80 tỷ,128 m²,5,5,"Văn Giang, Hưng Yên"," Đường San Hô 1,  Xã Long Hưng,  Văn Giang,  Hưng Yên",20.942226,105.957565,0,0.0,0.0,0.0,0.0,0.0,0.0
"BÁN NHÀ LÔ GÓC SIÊU ĐẸP TẠI CỰ KHỐI Ô TÔ VÀO NHÀ, TRƯỚC NHÀ HỒ NƯỚC PHONG THỦY GIÁ CHỈ HƠN 6 TỶ","6,2 tỷ",34 m²,3,4,"Long Biên, Hà Nội","Đường Bát Khối, Phường Cự Khối, Long Biên, Hà Nội",21.00582879,105.9080146,0,0.0,0.0,0.0,0.0,0.0,0.0
Em Huy Bắc được chủ nhà gửi bán quỹ căn hộ 2 - 3 phòng ngủ giá cực tốt tại FLC Complex - Phạm Hùng,"4,8 tỷ",70 m²,2,2,"Nam Từ Liêm, Hà Nội","FLC Complex 36 Phạm Hùng, Phạm Hùng, Mỹ Đình 2, Nam Từ Liêm, Hà Nội",21.0273015,105.7782597,0,0.0,0.0,0.0,0.0,0.0,0.0
"Bán Khách Sạn Mặt Đường Nguyễn Bỉnh Khiêm, Đằng Hải, Hải An, Hải Phòng, 1236m2, 5 tầng, 1236.15m",100 tỷ,1.236 m²,39,40,"Hải An, Hải Phòng","Đường Nguyễn Bỉnh Khiêm, Phường Đằng Hải, Hải An, Hải Phòng",20.84462648,106.7109524,0,0.0,0.0,0.0,0.0,0.0,0.0
Booking tặng 3 chỉ vàng PNJ - Chiết khấu 15% căn hộ Orchard Heights Sycamore đến từ Capital Land,"3,63 tỷ",75 m²,2,2,"Thủ Dầu Một, Bình Dương"," Đường Hùng Vương,  Phường Phú Mỹ,  Thủ Dầu Một,  Bình Dương",11.02003055,106.6826257,0,0.0,0.0,0.0,0.0,0.0,0.0
"Bán nhà Ngọc Thụy, 4 tầng 50m, ô tô qua nhà, 50m ra vườn hoa Khai Sơn. 6,7 tỷ","6,69 tỷ",50 m²,3,4,"Long Biên, Hà Nội","Đường Ngọc Thụy, Phường Ngọc Thụy, Long Biên, Hà Nội",21.06531882,105.8691122,0,0.0,0.0,0.0,0.0,0.0,0.0
"Tòa nhà CHDV DT 8x28 đúc 4 tấm, 20p full NTCC, có thang máy. Thu nhập 160tr/th NB 10m Cộng Hòa, P13",40 tỷ,211 m²,20,21,"Tân Bình, Hồ Chí Minh","Đường Lê Tấn Quốc, Phường 13, Tân Bình, Hồ Chí Minh",10.8036306,106.6428279,0,0.0,0.0,0.0,0.0,0.0,0.0
Cần tiền bán nhanh căn Sam Tower có hỗ trợ vay liên hệ 0906 565 ***,"4,2 tỷ",55 m²,1,2,"Hải Châu, Đà Nẵng","SAM Towers, Đường Như Nguyệt, Phường Thuận Phước, Hải Châu, Đà Nẵng",16.08782266,108.2210037,0,0.0,0.0,0.0,0.0,0.0,0.0
"Bán CC River Garden, 9,5 tỷ, 131m2, 2PN, 2WC 0908 947 ***","9,5 tỷ",131 m²,2,2,"Quận 2, Hồ Chí Minh","River Garden, Nguyễn Văn Hưởng, Thảo Điền, Quận 2, Hồ Chí Minh",10.81604325,106.7282586,0,0.0,0.0,0.0,0.0,0.0,0.0
"Bán căn 2 ngủ the pride , tố hữu , la khê, hà đông","3,2 tỷ",70 m²,2,2,"Hà Đông, Hà Nội","The Pride, Tố Hữu, La Khê, Hà Đông, Hà Nội",20.9707691,105.755225,0,0.0,0.0,0.0,0.0,0.0,0.0
"(Chú ý) căn hộ Florita giá tốt T3/2025. OT 2 tỷ. 2PN 3,6 tỷ. 3PN 4,8 tỷ. LH 0921 055 *** Giang","3,6 tỷ",70 m²,2,2,"Quận 7, Hồ Chí Minh"," Đường D4,  Phường Tân Hưng,  Quận 7,  Hồ Chí Minh",10.74528354,106.6968403,0,0.0,0.0,0.0,0.0,0.0,0.0
BÁN NHÀ ĐƯỜNG GIẢI PHÓNG - NGỌC HỒI - PHÂN LÔ Ô TÔ - LÔ GÓC - NGÕ Ô TÔ TRÁNH.,"7,4 tỷ",34 m²,4,4,"Hoàng Mai, Hà Nội","Đường Ngọc Hồi, Phường Hoàng Liệt, Hoàng Mai, Hà Nội",20.95433025,105.8436554,0,0.0,0.0,0.0,0.0,0.0,0.0
"Bán tòa nhà 4,2x15,5m, 5 lầu Lê Văn Khương ngay Cổng nhà máy Pepsi Việt Nam, quận 12","7,9 tỷ",65 m²,4,6,"Quận 12, Hồ Chí Minh","Phường Thới An, Quận 12, Hồ Chí Minh",10.8786809,106.6521484,0,0.0,0.0,0.0,0.0,0.0,0.0
Vị trí vàng - kinh doanh sầm uất - ô tô tránh dừng đỗ - phân lô quân đội ae nhanh tay,"13,8 tỷ",64 m²,8,4,"Thanh Xuân, Hà Nội","Đường Hoàng Văn Thái, Phường Khương Trung, Thanh Xuân, Hà Nội",20.9973125,105.8222383,0,0.0,0.0,0.0,0.0,0.0,0.0
"Bán chung cư mini Cổ Nhuế, 55m2*6T 14PKK, 20m oto kinh doanh, ngõ thoáng, đủ PCCC, GPXD, DT 70tr/th","10,9 tỷ",55 m²,14,14,"Bắc Từ Liêm, Hà Nội","Đường Cổ Nhuế, Phường Cổ Nhuế 2, Bắc Từ Liêm, Hà Nội",21.06695031,105.7791,0,0.0,0.0,0.0,0.0,0.0,0.0
"Cần bán nhà hàng, trạm dừng nghỉ trên quốc lộ 1A Lạng Sơn giáp cửa khẩu với giá đầu tư","45,9 tỷ",2.700 m²,2,2,"Lạng Sơn, Lạng Sơn","Đường Quốc lộ 1A, Phường Đông Kinh, Lạng Sơn, Lạng Sơn",21.8452376,106.763007,0,0.0,0.0,0.0,0.0,0.0,0.0
"Bán gấp giá rẻ phố Thuỵ Khuê, Tây Hồ, với 24 tỷ có nhà 90m2 mặt phố",24 tỷ,90 m²,1,1,"Tây Hồ, Hà Nội","Đường Thụy Khuê, Phường Thụy Khuê, Tây Hồ, Hà Nội",21.04562616,105.8134582,0,0.0,0.0,0.0,0.0,0.0,0.0
30 suất nội bộ giá CĐT cho căn hộ mặt tiền Lê Văn Lương chỉ thanh toán trước 560tr được ck đến 15%,"2,8 tỷ",46 m²,1,1,"Nhà Bè, Hồ Chí Minh"," Đường Lê Văn Lương,  Xã Nhơn Đức,  Nhà Bè,  Hồ Chí Minh",10.6868021,106.6999079,0,0.0,0.0,0.0,0.0,0.0,0.0
Bán biệt thự 2 mặt tiền 4 tầng tọa lạc KĐT Vĩnh Điềm Trung vị trí siêu đắc địa giá 22 tỷ,22 tỷ,146 m²,4,4,"Nha Trang, Khánh Hòa"," Đường A1,  Xã Vĩnh Hiệp,  Nha Trang,  Khánh Hòa",12.25020748,109.1737795,0,0.0,0.0,0.0,0.0,0.0,0.0
Chính chủ bán biệt thự 427m2 mặt đường Đại Lộ Bình Dương.,40 tỷ,427 m²,4,5,"Thủ Dầu Một, Bình Dương","Đường Đại Lộ Bình Dương, Phường Hiệp Thành, Thủ Dầu Một, Bình Dương",10.99075905,106.6649586,0,0.0,0.0,0.0,0.0,0.0,0.0
"Giỏ hàng Happy One Central T3/2025: 1PN 1,7 tỷ | 2PN 2,3 tỷ. Đã có sổ, giá tốt nhất thị trường",Giá thỏa thuận,70 m²,2,2,"Thủ Dầu Một, Bình Dương"," Đường 30/4,  Phường Phú Hòa,  Thủ Dầu Một,  Bình Dương",10.9810767,106.6722416,0,0.0,0.0,0.0,0.0,0.0,0.0
"Chính chủ cần bán gấp căn hộ DT 86m2, 3PN Full đồ đẹp ở CC An Bình City số 232 PVĐ. Giá bán 6,4 tỷ","6,4 tỷ",86 m²,3,2,"Bắc Từ Liêm, Hà Nội","An Bình City, số 232, Đường Phạm Văn Đồng, Phường Cổ Nhuế 1, Bắc Từ Liêm, Hà Nội",21.04828965,105.7790869,0,0.0,0.0,0.0,0.0,0.0,0.0
"Bán nhà chính chủ gia đình xây tâm huyết 5T - 45m2 - MT 4,1 trung tâm Hà Đông, đường 2 ô tô tránh",11 tỷ,45 m²,4,3,"Hà Đông, Hà Nội","Đường Nhuệ Giang, Phường Quang Trung, Hà Đông, Hà Nội",20.971131,105.7714768,0,0.0,0.0,0.0,0.0,0.0,0.0
"Song lập compound, bất ngờ giảm giá sâu, vị trí đẹp nhất khu compound","26,99 tỷ",200 m²,5,5,"Quận 9, Hồ Chí Minh"," Đường Nguyễn Xiển,  Phường Long Bình,  Quận 9,  Hồ Chí Minh",10.7589554,106.6730492,0,0.0,0.0,0.0,0.0,0.0,0.0
"5,48tỷ 3tầng 4PN Quang Trung Vincom P10GV nở 5m ngang.","5,48 tỷ",40 m²,4,3,"Gò Vấp, Hồ Chí Minh","Đường Quang Trung, Phường 10, Gò Vấp, Hồ Chí Minh",10.82884322,106.6731759,0,0.0,0.0,0.0,0.0,0.0,0.0
"Chính chủ cần bán nhà mặt tiền 83 đường Trần Thị Kỷ p Ngô Mây tp Quy Nhơn, Bình Định",7 tỷ,"58,43 m²",5,3,"Quy Nhơn, Bình Định","Đường Trần Thị Kỳ, Phường Ngô Mây, Quy Nhơn, Bình Định",13.7655438,109.2150447,0,0.0,0.0,0.0,0.0,0.0,0.0
"Bán CC EHome 3, 1PN, 1WC, 50m2, giá chốt 1,65 tỷ ở Hồ Học Lãm, Bình Tân, HCM. LH: 0915 318 ***","1,65 tỷ",50 m²,1,1,"Bình Tân, Hồ Chí Minh","Khu căn hộ EHome 3, Hồ Học Lãm, An Lạc, Bình Tân, Hồ Chí Minh",10.71617167,106.6148019,0,0.0,0.0,0.0,0.0,0.0,0.0
"Chính chủ gửi bán gấp căn 52,5m2 giá 2 tỷ 190 triệu đường Lê Lai, Phường 3, Gò Vấp. Hẻm xe hơi 5m","2,19 tỷ","52,5 m²",4,4,"Gò Vấp, Hồ Chí Minh","Đường Lê Lai, Phường 3, Gò Vấp, Hồ Chí Minh",10.81824014,106.6827497,0,0.0,0.0,0.0,0.0,0.0,0.0
"Góc 3MT đường Nguyễn An - Nguyễn Văn Kỉnh - đường số 59, 395m2 - XD hầm 7 tầng khan hiếm giá 185 tỷ",185 tỷ,395 m²,7,7,"Quận 2, Hồ Chí Minh","Đường Nguyễn Văn Kỉnh, Phường Thạnh Mỹ Lợi, Quận 2, Hồ Chí Minh",10.77073175,106.7702559,0,0.0,0.0,0.0,0.0,0.0,0.0
Vị Trí Kinh Doanh Đỉnh. Nhà Trong Chợ Lạc Quang - Tân Thới Nhất - Quận 12. Hẻm Oto Tải. 2 Lầu. 85m2,6 tỷ,85 m²,2,2,"Quận 12, Hồ Chí Minh","Đường Tân Thới Nhất 1, Phường Tân Thới Nhất, Quận 12, Hồ Chí Minh",10.82440387,106.62352,0,0.0,0.0,0.0,0.0,0.0,0.0
"BÁN NHÀ AN TRAI - VÂN CANH 7 T THANG MÁY GARA Ô TÔ NGÕ THÔNG - K/D 40M2 -7,8 TỶ .","7,8 tỷ",40 m²,4,3,"Hoài Đức, Hà Nội","Đường An Trai, Xã Vân Canh, Hoài Đức, Hà Nội",21.0333728,105.7364482,0,0.0,0.0,0.0,0.0,0.0,0.0
"Bán nhà mặt phố Đường Thạch Thị Thanh, Tân Định, Quận 1, 19,9 tỷ, 76,5m2","19,9 tỷ",119 m²,3,2,"Quận 1, Hồ Chí Minh","Đường Thạch Thị Thanh, Phường Tân Định, Quận 1, Hồ Chí Minh",10.7925016,106.6907644,0,0.0,0.0,0.0,0.0,0.0,0.0
"Bán căn hộ Depot Metro Tham Lương, Tân Thới Nhất, Quận 12 với 3 phòng ngủ giá 3.5 tỷ","3,5 tỷ",88 m²,3,2,"Quận 12, Hồ Chí Minh"," Đường Tân Thới Nhất 17,  Phường Tân Thới Nhất,  Quận 12,  Hồ Chí Minh",10.82440387,106.62352,0,0.0,0.0,0.0,0.0,0.0,0.0
"NHÀ PHỐ BIỂN! Nhà 4 tầng ,căn góc ,2 mặt tiền ,2 giếng trời , bếp 2 mặt tiền. Tổng diện tích 273m2.",8 tỷ,273 m²,5,3,"Phan Rang - Tháp Chàm, Ninh Thuận","Lô 18 , dãy N3 Đường Võ Giới Sơn, Phường Mỹ Hải, Phan Rang - Tháp Chàm, Ninh Thuận",11.5581855,109.0126172,0,0.0,0.0,0.0,0.0,0.0,0.0
"Bán CC Mizuki Park, giá cực chất 3,4 tỷ, 72m2, 2PN, 2WC, đầy đủ nội thất tại Bình Hưng BC","3,4 tỷ",72 m²,2,2,"Bình Chánh, Hồ Chí Minh"," Đường Nguyễn Văn Linh,  Xã Bình Hưng,  Bình Chánh,  Hồ Chí Minh",10.72891091,106.6801554,0,0.0,0.0,0.0,0.0,0.0,0.0
"Chuyển nhượng căn hộ giá tốt còn lại tại Sudico DT: 57m2, 65m2, 85m2, 100m2, 105m2, 132m2, 207m2",Giá thỏa thuận,132 m²,4,3,"Nam Từ Liêm, Hà Nội"," Đường Phạm Hùng,  Phường Mỹ Đình 1,  Nam Từ Liêm,  Hà Nội",21.02017478,105.7799731,0,0.0,0.0,0.0,0.0,0.0,0.0
"Nhà mới xây dụng 1 trệt 1 lầu 3PN đường ô tô 2 chiều, An Hòa Bình, Sa Đức, Đồng Tháp",2 tỷ,110 m²,3,2,"Sa Đéc, Đồng Tháp","Phường An Hòa, Sa Đéc, Đồng Tháp",10.3096463,105.7450921,0,0.0,0.0,0.0,0.0,0.0,0.0
"Bán nhà mặt phố 67m2, giá 35 tỷ tại Huỳnh Khương Ninh, Đa Kao, Q1, HCM",35 tỷ,320 m²,6,7,"Quận 1, Hồ Chí Minh","Đường Huỳnh Khương Ninh, Phường Đa Kao, Quận 1, Hồ Chí Minh",10.78958675,106.6956567,0,0.0,0.0,0.0,0.0,0.0,0.0
"Chung cư Sunrise City view block B view full Q1, nhà full nội thất, nhà đẹp vào ở liền","3,8 tỷ",65 m²,2,2,"Quận 7, Hồ Chí Minh"," Đường Nguyễn Hữu Thọ,  Phường Tân Hưng,  Quận 7,  Hồ Chí Minh",10.74250976,106.7013355,0,0.0,0.0,0.0,0.0,0.0,0.0
Villa Park - Full giỏ hàng - Giá tốt nhất - Sổ riêng hoàn công - 18 tỷ đến 42 tỷ,17 tỷ,160 m²,3,3,"Quận 9, Hồ Chí Minh"," Đường Bưng Ông Thoàn,  Phường Phú Hữu,  Quận 9,  Hồ Chí Minh",10.7608529,106.7012374,0,0.0,0.0,0.0,0.0,0.0,0.0
Giá thật! - Hàng hiếm - Tầng đẹp- Savills vận hành chuyên nghiệp,"2,45 tỷ",65 m²,2,2,"Bình Chánh, Hồ Chí Minh"," Đường Trịnh Quang Nghị,  Xã Phong Phú,  Bình Chánh,  Hồ Chí Minh",10.69774806,106.6447185,0,0.0,0.0,0.0,0.0,0.0,0.0
"Bán nhanh căn 3PN (68m2) tại KĐT Sun Urban City Hà Nam, chính sách và ưu đãi tốt nhất thị trường","1,82 tỷ",68 m²,3,2,"Phủ Lý, Hà Nam"," Phường Lam Hạ,  Phủ Lý,  Hà Nam",20.5448086,105.9131808,0,0.0,0.0,0.0,0.0,0.0,0.0
"Full giá chỉ 5,x tỷ sở hữu ngay ""Siêu phẩm"" Shophose - liền kề khu đô thị nghỉ dưỡng Sun Urban City","6,22 tỷ",60 m²,6,6,"Phủ Lý, Hà Nam","Sun Urban City, Phường Lam Hạ, Phủ Lý, Hà Nam",20.5448086,105.9131808,0,0.0,0.0,0.0,0.0,0.0,0.0
"CẦN BÁN NHANH CĂN HỘ 67M2,2N,2WC HD MON HÀM NGHI - LH. 0946 989 ***",5 tỷ,67 m²,2,2,"Nam Từ Liêm, Hà Nội","Mon City - Hải Đăng City, Đường Hàm Nghi, Phường Mỹ Đình 2, Nam Từ Liêm, Hà Nội",21.0282405,105.7746453,0,0.0,0.0,0.0,0.0,0.0,0.0
"Gia đình bán căn hộ tại Thanh Xuân Complex 3 pn, 122m2, full đồ đẹp, ban công Tây Bắc, sổ đỏ",10 tỷ,122 m²,3,2,"Thanh Xuân, Hà Nội"," Phố Lê Văn Thiêm,  Phường Thanh Xuân Trung,  Thanh Xuân,  Hà Nội",21.00087692,105.8038142,0,0.0,0.0,0.0,0.0,0.0,0.0
Chính chủ gửi bán nhanh căn biệt thự song lập Starlake Tây Hồ Tây. Giá chỉ 390tr/m2. Không tiếp MG,"93,6 tỷ",240 m²,4,3,"Tây Hồ, Hà Nội","KĐT Tây Hồ Tây - Starlake Hà Nội, Xuân La, Tây Hồ, Hà Nội",21.0632614,105.8070213,0,0.0,0.0,0.0,0.0,0.0,0.0
Bán nhà mặt phố Lê Lợi Hà Đông 60/100m2 4T Mặt tiền 5m hơn 32 tỷ kinh doanh ô tô tránh vỉa hè CC,"32,8 tỷ",60 m²,4,4,"Hà Đông, Hà Nội","Đường Lê Lợi, Phường Nguyễn Trãi, Hà Đông, Hà Nội",20.97160515,105.7788376,0,0.0,0.0,0.0,0.0,0.0,0.0
Cần bán căn hộ penthouse Masteri Thảo Điền suất spa chuyển nhượng được cho người nước ngoài,18 tỷ,"189,5 m²",3,3,"Quận 2, Hồ Chí Minh"," Đường Xa Lộ Hà Nội,  Phường Thảo Điền,  Quận 2,  Hồ Chí Minh",10.8037248,106.7462249,0,0.0,0.0,0.0,0.0,0.0,0.0
Cắt lỗ gần 300tr-tầng trung - 2 phòng 2WC - có ban công - 1 tỷ 355tr - view Phạm Thế Hiển - Giá rẻ,"1,36 tỷ",57 m²,2,2,"Quận 8, Hồ Chí Minh","Dream Home Riverside, Nguyễn Văn Linh, 7, Quận 8, Hồ Chí Minh",10.6970203,106.6220128,0,0.0,0.0,0.0,0.0,0.0,0.0
TOÀ NHÀ ILA NGAY NGUYỄN THỊ MINH KHAI - HẦM 7 TẦNG,250 tỷ,200 m²,7,7,"Quận 1, Hồ Chí Minh","Đường Mạc Đĩnh Chi, Phường Bến Nghé, Quận 1, Hồ Chí Minh",10.7801495,106.7032527,0,0.0,0.0,0.0,0.0,0.0,0.0
"Hàng cực hiếm! Bán nhanh căn hộ Seasons Avenue, dt 117m2, full đồ đẹp, giá 7 tỷ, hướng mát, SHLD",7 tỷ,117 m²,3,2,"Hà Đông, Hà Nội"," Phường Mỗ Lao,  Hà Đông,  Hà Nội",20.9821715,105.7842539,0,0.0,0.0,0.0,0.0,0.0,0.0
Siêu phẩm mặt phố Nguyễn Trãi 200m2x11T. MT: 10m. Lô góc 2 mặt tiền. KD vô đối dòng tiền 7tỷ/năm,110 tỷ,200 m²,8,9,"Thanh Xuân, Hà Nội","Đường Nguyễn Trãi, Phường Hạ Đình, Thanh Xuân, Hà Nội",20.99693744,105.8113324,0,0.0,0.0,0.0,0.0,0.0,0.0
"Nhận cọc 5 suất nội bộ KĐT LA Home được miễn gốc lãi 24th, giá từ 2,9 tỷ/căn, CK 15%, bank 70%",Giá thỏa thuận,100 m²,3,4,"Bến Lức, Long An"," Xã Lương Hòa,  Bến Lức,  Long An",10.7117219,106.4436383,0,0.0,0.0,0.0,0.0,0.0,0.0
"Đã có sổ - có ban công - tầng trung - Tara Residence - 68m2 2PN 2WC 3 tỷ 150 triệu bao thuế, thật","3,15 tỷ",68 m²,2,2,"Quận 8, Hồ Chí Minh"," Phố Tạ Quang Bửu,  Phường 6,  Quận 8,  Hồ Chí Minh",10.7331377,106.6485241,0,0.0,0.0,0.0,0.0,0.0,0.0
"Song lập, nhà đẹp xuất sắc, có hồ bơi, giá 69,999 tỷ có thương lượng",70 tỷ,220 m²,3,4,"Long Biên, Hà Nội"," Phường Việt Hưng,  Long Biên,  Hà Nội",21.0542433,105.904724,0,0.0,0.0,0.0,0.0,0.0,0.0
"Chính chủ cần bán căn hộ The Priva, Q. Bình Tân, 83m2, 3PN, giá 5,2 tỷ, sổ hồng LH: 0909 242 ***","5,2 tỷ",83 m²,3,2,"Bình Tân, Hồ Chí Minh"," Đường An Dương Vương,  Phường An Lạc,  Bình Tân,  Hồ Chí Minh",10.7223892,106.6197111,0,0.0,0.0,0.0,0.0,0.0,0.0
Kẹt vốn cần bán Topaz Elite - Aeon Mall - 60m2 2.880 tỷ-79m2 3.29 tỷ tầng thấp- 3.380 tỷ tầng trung,"2,89 tỷ",60 m²,2,2,"Quận 8, Hồ Chí Minh"," Đường Cao Lỗ,  Phường 4,  Quận 8,  Hồ Chí Minh",10.74012373,106.6779372,0,0.0,0.0,0.0,0.0,0.0,0.0
ECO RETREAT_ RỪNG RETREAT CỦA RIÊNG BẠN_LIÊN HỆ NGAY ĐỂ NHẬN NHIỀU ƯU ĐÃI TỪ CHỦ ĐẦU TƯ ECOPARK,Giá thỏa thuận,510 m²,4,5,"Bến Lức, Long An","Eco Retreat Long An, Đường Nguyễn Hữu Trí, Xã Thanh Phú, Bến Lức, Long An",10.6661421,106.5117389,0,0.0,0.0,0.0,0.0,0.0,0.0
"Rổ hàng chính chủ nhà phố Mega Village Khang Điền mới nhất. Giá bán từ 6,98 tỷ/căn. Gọi O982667473","6,98 tỷ",75 m²,4,3,"Quận 9, Hồ Chí Minh"," Đường Vành Đai 2,  Phường Phú Hữu,  Quận 9,  Hồ Chí Minh",10.7608529,106.7012374,0,0.0,0.0,0.0,0.0,0.0,0.0
Căn hộ TOPAZ CITY- Quận 8 -GIÁ TỐT thời điểm NÀY- 70m2 2pn 2wc tầng trung- 2.690 tỷ_ 0327 528 ***,"2,69 tỷ",70 m²,2,2,"Quận 8, Hồ Chí Minh","Topaz City, Cao Lỗ, 4, Quận 8, Hồ Chí Minh",10.7405912,106.6798423,0,0.0,0.0,0.0,0.0,0.0,0.0
"Cập nhật rổ hàng mua bán căn hộ Carillon 7 giá tốt nhất, căn 1PN - 2PN - 3PN nhân viên chủ đầu tư",3 tỷ,50 m²,2,1,"Tân Phú, Hồ Chí Minh"," 33 Lương Minh Nguyệt,  Phường Tân Thới Hòa,  Tân Phú,  Hồ Chí Minh",10.7606708,106.6302627,0,0.0,0.0,0.0,0.0,0.0,0.0
RỔ HÀNG SANG NHƯỢNG TỐT NHẤT CELADON CITY THÁNG 3/2025,"3,8 tỷ",71 m²,2,2,"Tân Phú, Hồ Chí Minh","Emerald - Celadon City, N4, Sơn Kỳ, Tân Phú, Hồ Chí Minh",10.80225281,106.6175459,0,0.0,0.0,0.0,0.0,0.0,0.0
"Nhà HXH ngay Phạm Văn Đồng - Phường Linh Tây, TP. Thủ Đức, 109m2, giá chỉ 5,86 tỷ (thương lượng)","5,86 tỷ",109 m²,3,2,"Thủ Đức, Hồ Chí Minh","Phường Linh Tây, Thủ Đức, Hồ Chí Minh",10.857921,106.754837,0,0.0,0.0,0.0,0.0,0.0,0.0
"Bán căn hộ chung cư Packexim Tây Hồ, 130m2 căn góc BC Đông Nam view cầu Nhật Tân. LH 0966 998 ***",Giá thỏa thuận,130 m²,3,2,"Tây Hồ, Hà Nội"," Phường Phú Thượng,  Tây Hồ,  Hà Nội",21.081992,105.8073736,0,0.0,0.0,0.0,0.0,0.0,0.0
"Thơm, Thu nhập 200tr Tòa nhà 5 tầng DT 335m2 ngang 8m phường Trường Thọ, Thủ Đức",41 tỷ,325 m²,36,36,"Thủ Đức, Hồ Chí Minh","Đường 12, Phường Trường Thọ, Thủ Đức, Hồ Chí Minh",10.836088,106.7567252,0,0.0,0.0,0.0,0.0,0.0,0.0
"Bán gấp quỹ căn hộ Mandarin Garden - update T3/2025 - hàng chính chủ, đa dạng, cam kết rẻ nhất TT","15,62 tỷ",168 m²,3,2,"Cầu Giấy, Hà Nội"," Đường Hoàng Minh Giám,  Phường Trung Hòa,  Cầu Giấy,  Hà Nội",21.0103232,105.7994479,0,0.0,0.0,0.0,0.0,0.0,0.0
"Bán căn hộ Sunrise Riverside tốt nhất 2PN 70m2 giá 3.8 tỷ, 3PN giá 4.3 tỷ","3,8 tỷ",70 m²,2,2,"Nhà Bè, Hồ Chí Minh"," Đường Nguyễn Hữu Thọ,  Xã Phước Kiển,  Nhà Bè,  Hồ Chí Minh",10.71772076,106.7026202,0,0.0,0.0,0.0,0.0,0.0,0.0
Nhà 2 tầng 64m2 Quận 8 giá rẻ chỉ duy nhất 1 căn,"1,39 tỷ",26 m²,2,2,"Quận 8, Hồ Chí Minh","Đường Cao Lỗ, Phường 4, Quận 8, Hồ Chí Minh",10.74012373,106.6779372,0,0.0,0.0,0.0,0.0,0.0,0.0
"Bán biệt thự HDI Tây Hồ 132m2 - 135m2 - 237m2 xây 3.5 tầng, 1 hầm, đầu chờ thang máy, sổ đỏ cất két",Giá thỏa thuận,132 m²,4,4,"Tây Hồ, Hà Nội","Tây Hồ Residence, 68A, Đường Võ Chí Công, Phường Xuân La, Tây Hồ, Hà Nội",21.06710175,105.8074261,0,0.0,0.0,0.0,0.0,0.0,0.0
"Cần bán nhà riêng với giá 16 tỷ VND tại phường Xuân Đỉnh, Bắc Từ Liêm, Hà Nội, diện tích 64.7m2",16 tỷ,"64,7 m²",3,3,"Bắc Từ Liêm, Hà Nội","Phường Xuân Đỉnh, Bắc Từ Liêm, Hà Nội",21.0748042,105.7906068,0,0.0,0.0,0.0,0.0,0.0,0.0
"(Giá thật).Bán căn 2PN2WC Home City, Trung Kính- Giá 5,4tỷ- Tầng trung, view nội khu- Full nội thất","5,43 tỷ",61 m²,2,2,"Cầu Giấy, Hà Nội"," Phố Trung Kính,  Phường Yên Hòa,  Cầu Giấy,  Hà Nội",21.01665806,105.7939798,0,0.0,0.0,0.0,0.0,0.0,0.0
"Quỹ căn hộ bán lại The Matrix One. 2PN, 3PN, đập thông, giá cực tốt đã có sổ LH: 0924 952 ***",10 tỷ,"114,33 m²",3,2,"Nam Từ Liêm, Hà Nội"," Đường Lê Quang Đạo,  Phường Mễ Trì,  Nam Từ Liêm,  Hà Nội",21.01350886,105.7701658,0,0.0,0.0,0.0,0.0,0.0,0.0
Bán nhà lô gốc 2 mặt tiền cực hiếm,"11,95 tỷ",115 m²,5,4,"Quận 8, Hồ Chí Minh","Đường Số 3, Phường 7, Quận 8, Hồ Chí Minh",10.69661357,106.6117975,0,0.0,0.0,0.0,0.0,0.0,0.0
"Chính chủ gửi bán nhanh 75m2 2PN - 2WC Flora Novia, Linh Tây, Thủ Đức. LH tư vấn 0767 500 ***",Giá thỏa thuận,75 m²,2,2,"Thủ Đức, Hồ Chí Minh"," Đường Phạm Văn Đồng,  Phường Linh Tây,  Thủ Đức,  Hồ Chí Minh",10.86061203,106.7531547,0,0.0,0.0,0.0,0.0,0.0,0.0
"Chính chủ cần bán căn số 05A tòa G2, 63,11m2, 2PN - 1WC, 4.2 tỷ, giá cắt lỗ 300tr Green Bay","4,2 tỷ","63,1 m²",2,1,"Nam Từ Liêm, Hà Nội"," Đường Đại lộ Thăng Long,  Phường Mễ Trì,  Nam Từ Liêm,  Hà Nội",21.01930277,105.78074,0,0.0,0.0,0.0,0.0,0.0,0.0
"Hàng hiếm tại Sunrise City, 3,9 tỷ bao hết, 71 m2, 2PN, 2WC sổ hồng, Full NT xem nhà 0909 719 ***","3,9 tỷ",71 m²,2,2,"Quận 7, Hồ Chí Minh","Sunrise City, Đường Nguyễn Hữu Thọ, Phường Tân Hưng, Quận 7, Hồ Chí Minh",10.74250976,106.7013355,0,0.0,0.0,0.0,0.0,0.0,0.0
"Chính chủ bán CCCC The Senique 3PN - 83,2m2 tại Vinhomes Ocean Park Gia Lâm giá 75tr/m2","6,24 tỷ","83,2 m²",3,2,"Gia Lâm, Hà Nội"," Xã Dương Xá,  Gia Lâm,  Hà Nội",21.0046345,105.970087,0,0.0,0.0,0.0,0.0,0.0,0.0
Căn hộ 2PN 2WC cuối cùng tại Park Legend ký HĐ trực tiếp từ chủ đầu tư Tân Bình ICC,"5,9 tỷ",70 m²,2,2,"Tân Bình, Hồ Chí Minh","Park Legend, 251, Đường Hoàng Văn Thụ, Phường 2, Tân Bình, Hồ Chí Minh",10.8000536,106.6651001,0,0.0,0.0,0.0,0.0,0.0,0.0
Toàn căn hộ 7 tầng thang máy pccc. Mặt tiền đường VÕ AN NINH. ĐỐI DIỆN PCSGTTP ĐÀ NẴNG. KÍN PHÒNG,12 tỷ,563 m²,12,14,"Cẩm Lệ, Đà Nẵng","Đường Võ An Ninh, Phường Hòa Xuân, Cẩm Lệ, Đà Nẵng",16.00457464,108.2201276,0,0.0,0.0,0.0,0.0,0.0,0.0
Bán toà căn hộ mặt Hồ Tây 260m2x10 tầng. Doanh thu khủng 600 triệu / tháng. LH 0948 298 ***,148 tỷ,260 m²,30,30,"Tây Hồ, Hà Nội","Phố Yên Hoa, Phường Yên Phụ, Tây Hồ, Hà Nội",21.05496857,105.8354584,0,0.0,0.0,0.0,0.0,0.0,0.0
"Bán nhà riêng 54m² x 2T view cực đẹp ngay trung tâm TP. Đà Nẵng, sát Cầu Rồng, Cầu Tình Yêu","3,15 tỷ",54 m²,2,1,"Sơn Trà, Đà Nẵng","Đường Trần Hưng Đạo, Phường An Hải Nam, Sơn Trà, Đà Nẵng",16.05145128,108.2331801,0,0.0,0.0,0.0,0.0,0.0,0.0
"Bán gấp nhà 3 tầng mới đẹp tại Phụng Châu, gần Ga Yên Nghĩa chỉ 2.7 tỷ","2,7 tỷ",31 m²,3,2,"Chương Mỹ, Hà Nội","Đường Quốc lộ 6, Xã Phụng Châu, Chương Mỹ, Hà Nội",20.9330812,105.7208171,0,0.0,0.0,0.0,0.0,0.0,0.0
Siêu hót: 3.6 bao phí căn Chính chủ bán 2PN + : Tòa GS1 61.7m2 - The Miami - Smart City,"3,6 tỷ","61,7 m²",2,2,"Nam Từ Liêm, Hà Nội"," Phường Tây Mỗ,  Nam Từ Liêm,  Hà Nội",21.0096762,105.7445572,0,0.0,0.0,0.0,0.0,0.0,0.0
"Bán Nhà Riêng 4,55 tỷ tại Đường Tiên Trượng, Thị trấn Xuân Mai, Chương Mỹ, Hà Nội, 169m2","4,55 tỷ",169 m²,3,2,"Chương Mỹ, Hà Nội","Đường Tiên Trượng, Thị trấn Xuân Mai, Chương Mỹ, Hà Nội",20.8992526,105.5719852,0,0.0,0.0,0.0,0.0,0.0,0.0
"Giờ tìm đâu ra 1 căn hộ 2PN xịn như thế này mà chỉ 4,2 tỷ full VAT + KPBT? Xem ngay!","4,2 tỷ",72 m²,2,2,"Quận 9, Hồ Chí Minh"," Phường Long Bình,  Quận 9,  Hồ Chí Minh",10.7589554,106.6730492,0,0.0,0.0,0.0,0.0,0.0,0.0
"Chính chủ bán 2PN +: Tòa D 62.29m2, 3.9 tỷ - Masteri - Vin Smart City, mua bán nhanh gia lộc 50tr","3,9 tỷ","62,29 m²",2,2,"Nam Từ Liêm, Hà Nội"," Phường Tây Mỗ,  Nam Từ Liêm,  Hà Nội",21.0096762,105.7445572,0,0.0,0.0,0.0,0.0,0.0,0.0
"Bán căn 1PN +: Tòa I2 - 43.2m2, 2.6 tỷ - Imperia Smart City, chính chủ cần bán gấp tuần này","2,6 tỷ","43,2 m²",1,1,"Nam Từ Liêm, Hà Nội"," Đường Đại lộ Thăng Long,  Phường Tây Mỗ,  Nam Từ Liêm,  Hà Nội",21.0090956,105.7462871,0,0.0,0.0,0.0,0.0,0.0,0.0
Hot! Bán nhà mặt phố Ngọc Thụy kinh doanh sầm uất - sổ đỏ rõ ràng - nhà còn rất mới LH: 0916 825 ***,Giá thỏa thuận,82 m²,2,1,"Long Biên, Hà Nội","Đường Ngọc Thụy, Phường Ngọc Thụy, Long Biên, Hà Nội",21.06531882,105.8691122,0,0.0,0.0,0.0,0.0,0.0,0.0
"HÀNG ĐỘC QUYỀN, CĂN 3PN GÓC VIEW BIỂN, CĐT HỖ TRỢ VAY 70%,VỊ TRÍ TRUNG TÂM QUY HOẠCH THƯƠNG MẠI ĐN","1,44 tỷ",70 m²,2,2,"Liên Chiểu, Đà Nẵng"," Đường Mê Linh,  Phường Hòa Hiệp Nam,  Liên Chiểu,  Đà Nẵng",16.1043829,108.1329695,0,0.0,0.0,0.0,0.0,0.0,0.0
"Studio tòa TK2 29.1m2 - Tonkin, 1 tỷ 770 - Vinhomes Smart City (DT TT 25m2) - chính chủ bán cắt lỗ","1,77 tỷ","29,1 m²",1,1,"Nam Từ Liêm, Hà Nội"," Phường Tây Mỗ,  Nam Từ Liêm,  Hà Nội",21.0096762,105.7445572,0,0.0,0.0,0.0,0.0,0.0,0.0
Chốt 1 tỷ 660 bao phí căn Studio tòa GS2 - 33.9m2 - The Miami - Vin Smart City (DT TT 30.6m2),"1,66 tỷ","33,9 m²",1,1,"Nam Từ Liêm, Hà Nội"," Phường Tây Mỗ,  Nam Từ Liêm,  Hà Nội",21.0096762,105.7445572,0,0.0,0.0,0.0,0.0,0.0,0.0
"Chuyên bán căn hộ Dự Án Thảo Điền Green giá từ 13.5tỷ view sông trực diện , LH : 0902 365 *** Hà","13,5 triệu",84 m²,2,2,"Quận 2, Hồ Chí Minh","Thảo Điền Green, Đường Nguyễn Văn Hưởng, Phường Thảo Điền, Quận 2, Hồ Chí Minh",10.81604325,106.7282586,0,0.0,0.0,0.0,0.0,0.0,0.0
"Bán căn góc đẹp 3PN The Diamond Residence,tầng cao, 144m2, ký trực tiếp CĐT, HTLS 0%, 14.8 tỷ","14,8 tỷ",144 m²,3,3,"Thanh Xuân, Hà Nội","The Diamond Residence, 25, Đường Lê Văn Lương, Phường Nhân Chính, Thanh Xuân, Hà Nội",21.00694099,105.807155,0,0.0,0.0,0.0,0.0,0.0,0.0
Chính chủ bán căn hộ FPT Plaza 3 - Đà Nẵng - Giá hợp lý,"1,7 tỷ",48 m²,2,2,"Ngũ Hành Sơn, Đà Nẵng"," Đường Hoàng Minh Thắng,  Phường Hòa Hải,  Ngũ Hành Sơn,  Đà Nẵng",15.98224935,108.2608304,0,0.0,0.0,0.0,0.0,0.0,0.0
"Bán gấp tháng 3 nhà 7 tầng trung tâm Hoàng Mai, đang khai thác 22 phòng CCMN dòng tiền 1,5 tỷ/năm",25 tỷ,100 m²,22,22,"Hoàng Mai, Hà Nội","Đường Trương Định, Phường Tân Mai, Hoàng Mai, Hà Nội",20.9856681,105.846473,0,0.0,0.0,0.0,0.0,0.0,0.0
Tôi chính chủ cần bán căn chung cư Eco Lake View 2pn - 2wc - diện tích 82m - chỉ 4.7 tỷ,"4,7 tỷ",82 m²,2,2,"Hoàng Mai, Hà Nội","Eco Lake View, Đại Từ, Đại Kim, Hoàng Mai, Hà Nội",20.97079345,105.8337609,0,0.0,0.0,0.0,0.0,0.0,0.0
"Tổng hợp những căn hộ ""kẹt tiền - bán lỗ"" ở Saigon Royal, officetel và 1 - 2 - 3 PN, LH: 0941 190 ***","5,8 tỷ",84 m²,2,1,"Quận 4, Hồ Chí Minh","Saigon Royal Residence, Số 35, Đường Bến Vân Đồn, Phường 12, Quận 4, Hồ Chí Minh",10.7607328,106.7075519,0,0.0,0.0,0.0,0.0,0.0,0.0
"Bán căn hộ 2PN, 2WC - 76m2 - tại The Sun Avenue, 5,65 tỷ, 0968 952 ***","5,65 tỷ",76 m²,2,2,"Quận 2, Hồ Chí Minh","The Sun Avenue, Đường Mai Chí Thọ, Phường An Phú, Quận 2, Hồ Chí Minh",10.7365876,106.7120245,0,0.0,0.0,0.0,0.0,0.0,0.0
"Cam kết ảnh thật, giá chuẩn tốt nhất thị trường, căn hộ đẹp, nội thất đầy đủ đồ đẹp, có slot oto",Giá thỏa thuận,78 m²,2,2,"Bắc Từ Liêm, Hà Nội"," Đường Hồ Tùng Mậu,  Phường Phú Diễn,  Bắc Từ Liêm,  Hà Nội",21.04106732,105.7634152,0,0.0,0.0,0.0,0.0,0.0,0.0
"Bán nhà đẹp ""tân cổ điển"" rộng 150m2 tại Liên Chiểu, Đà Nẵng","6,49 tỷ",150 m²,4,4,"Liên Chiểu, Đà Nẵng","Đường Khánh An 11, Phường Hòa Khánh Nam, Liên Chiểu, Đà Nẵng",16.0354157,108.1452889,0,0.0,0.0,0.0,0.0,0.0,0.0
"Biệt thự song lập San Hô 125m2 cách biển hồ trung tâm 24,5ha chỉ với vài bước tản bộ",33 tỷ,125 m²,3,4,"Gia Lâm, Hà Nội"," Xã Dương Xá,  Gia Lâm,  Hà Nội",21.0046345,105.970087,0,0.0,0.0,0.0,0.0,0.0,0.0
"Villa thu nhỏ bên Vịnh Đà Nẵng - ""Nét tinh tế đẳng cấp riêng biệt","12,8 tỷ",180 m²,4,5,"Liên Chiểu, Đà Nẵng","Đường Phú Xuân 4, Phường Hòa Minh, Liên Chiểu, Đà Nẵng",16.073005,108.1654777,0,0.0,0.0,0.0,0.0,0.0,0.0
"Căn hộ đẹp, yên tĩnh - Vinhomes Quận 9 - 4,2 tỷ, 81,5m2 3PN 2WC tiện ích nội khu bậc nhất Sài Gòn","4,2 tỷ","81,5 m²",3,2,"Quận 9, Hồ Chí Minh"," Phường Long Thạnh Mỹ,  Quận 9,  Hồ Chí Minh",10.7589554,106.6730492,0,0.0,0.0,0.0,0.0,0.0,0.0
Duy nhất căn hộ 1PN tầng cao view trực diện sông thanh toán trước 350tr nhận nhà. LH 0942 878 *** Tú,"1,5 tỷ",46 m²,1,1,"Thủ Dầu Một, Bình Dương"," Đường Phan Bội Châu,  Phường Phú Thọ,  Thủ Dầu Một,  Bình Dương",10.9598993,106.6698217,0,0.0,0.0,0.0,0.0,0.0,0.0
"Quỹ căn ngoại giao siêu hiếm Sapphire Gem 110m2, 145m2, 154m2 giá chỉ hơn 5 tỷ, bao trọn thuế phí",Giá thỏa thuận,110 m²,5,5,"Thủy Nguyên, Hải Phòng"," Phường Thủy Đường,  Thủy Nguyên,  Hải Phòng",20.9204971,106.6805479,0,0.0,0.0,0.0,0.0,0.0,0.0
"Bán căn hộ Sunrise Riverside cập nhật giỏ hàng tháng căn 2PN: 3.9tỷ đến 4 tỷ căn 3PN giá 4,3 tỷ","3,9 tỷ",70 m²,2,2,"Nhà Bè, Hồ Chí Minh"," Đường Nguyễn Hữu Thọ,  Xã Phước Kiển,  Nhà Bè,  Hồ Chí Minh",10.71772076,106.7026202,0,0.0,0.0,0.0,0.0,0.0,0.0
"NHÀ HẺM Ô TÔ VÀO NHÀ, GẦN CHỢ, VỪA Ở VỪA KINH DOANH ONLINE - LÀM VĂN PHÒNG - DÒNG TIỀN 39m2","4,7 tỷ",39 m²,2,1,"Tân Bình, Hồ Chí Minh","Đường Trần Thái Tông, Phường 15, Tân Bình, Hồ Chí Minh",10.823527,106.6355752,0,0.0,0.0,0.0,0.0,0.0,0.0
"Bán căn hộ ngay trung tâm TP Nha Trang. Gần biển, trường học, chợ","4,2 tỷ",83 m²,2,2,"Nha Trang, Khánh Hòa","Happy Sky, 31, Đường Lê Quý Đôn, Phường Tân Tiến, Nha Trang, Khánh Hòa",10.802583,106.6521157,0,0.0,0.0,0.0,0.0,0.0,0.0
Chính chủ gửi bán nhanh CH 2PN 2WC mới đẹp The Botanica gần sân bay,"4,5 tỷ",69 m²,2,2,"Tân Bình, Hồ Chí Minh","The Botanica, 104, Đường Phổ Quang, Phường 2, Tân Bình, Hồ Chí Minh",10.80674143,106.66908,0,0.0,0.0,0.0,0.0,0.0,0.0
(GIÁ SỐC: 2 TỶ 880)Cần vốn đầu tư bán gấp căn 2 ngủ 54.8m2 tòa S202 Vin Smart City,"2,88 tỷ","54,8 m²",2,1,"Nam Từ Liêm, Hà Nội"," Phường Tây Mỗ,  Nam Từ Liêm,  Hà Nội",21.0096762,105.7445572,0,0.0,0.0,0.0,0.0,0.0,0.0
Tôi chính chủ cần bán căn chung cư 2PN - 2WC - thiết kế 74m2 - chỉ 4.65 tỷ,"4,65 tỷ",74 m²,2,2,"Hoàng Mai, Hà Nội"," Đường Định Công,  Phường Định Công,  Hoàng Mai,  Hà Nội",20.9826495,105.8291858,0,0.0,0.0,0.0,0.0,0.0,0.0
"Tôi cần bán sớm 2PN1VS-57,1m2 TThuỷ-Sổ Đỏ-Tầng Trung -Hướng Nam- view công viên, Vinhomes GreenBay","4,4 tỷ","57,1 m²",2,1,"Nam Từ Liêm, Hà Nội","Vinhomes Green Bay Mễ Trì, Đại lộ Thăng Long, Mễ Trì, Nam Từ Liêm, Hà Nội",21.0014774,105.7854993,0,0.0,0.0,0.0,0.0,0.0,0.0
"ĐI NƯỚC NGOÀI GẤP BÁN SHOPHOUSE FULL NỘI THẤT RẺ 16,5 TỶ.","16,5 tỷ",105 m²,4,3,"Lê Chân, Hải Phòng","Vinhomes Marina Cầu Rào 2, Vĩnh Niệm, Lê Chân, Hải Phòng",20.8289113,106.6792881,0,0.0,0.0,0.0,0.0,0.0,0.0
"Bán nhà mặt phố Âu Cơ,Tây Hồ bên số lẻ trong đê 50.4 tỷ","50,4 tỷ",72 m²,5,5,"Tây Hồ, Hà Nội","Đường Âu Cơ, Phường Quảng An, Tây Hồ, Hà Nội",21.06532029,105.8289112,0,0.0,0.0,0.0,0.0,0.0,0.0
"Bán căn hộ chung cư Sunview Town Thủ Đức 2PN 2WC đã có sổ hồng giá chỉ 1,9 tỷ giá thật không ảo","1,89 tỷ",58 m²,2,2,"Thủ Đức, Hồ Chí Minh"," Đường Gò Dưa,  Phường Hiệp Bình Phước,  Thủ Đức,  Hồ Chí Minh.",10.8666019,106.7267852,0,0.0,0.0,0.0,0.0,0.0,0.0
Chính chủ cần bán căn góc 3PN 2WC - 115m2 - chỉ 58tr/m2 - Sky Central 176 Định Công - LH 0981 736 ***,"6,75 tỷ",115 m²,3,2,"Hoàng Mai, Hà Nội","Sky Central, 176, Đường Định Công, Phường Định Công, Hoàng Mai, Hà Nội",20.9757581,105.8626556,0,0.0,0.0,0.0,0.0,0.0,0.0
Bán gấp nhiều căn Altra Residence full nội thất view biển lỗ 700tr so với giá chủ đầu tư,"1,6 tỷ",65 m²,2,2,"Quy Nhơn, Bình Định","Altara Residences, 76, Đường Trần Hưng Đạo, Phường Hải Cảng, Quy Nhơn, Bình Định",13.7729543,109.243998,0,0.0,0.0,0.0,0.0,0.0,0.0
Giỏ hàng căn hộ cao cấp Phú Tài Residence giá rẻ nhất 1PN - 3PN. Liên hệ PKD dự án: 0906 147 ***,"1,75 tỷ",72 m²,2,2,"Quy Nhơn, Bình Định"," Đường Lê Đức Thọ,  Phường Hải Cảng,  Quy Nhơn,  Bình Định",13.7729543,109.243998,0,0.0,0.0,0.0,0.0,0.0,0.0
"10 căn ngoại giao 1pn, 2pn, 3pn căn hộ Kepler Mỗ Lao, hà đông. Sở hữu lâu dài, htls 0% 12 tháng",Giá thỏa thuận,82 m²,2,2,"Hà Đông, Hà Nội"," Phường Mỗ Lao,  Hà Đông,  Hà Nội",20.9821715,105.7842539,0,0.0,0.0,0.0,0.0,0.0,0.0
"Chuyên bán căn hộ Florita, Q7 - Officetel - 2PN - 3PN","3,8 tỷ",69 m²,2,2,"Quận 7, Hồ Chí Minh"," Phường Tân Hưng,  Quận 7,  Hồ Chí Minh",10.7449034,106.6981887,0,0.0,0.0,0.0,0.0,0.0,0.0
"Căn hộ 3 mặt view sông, cách Thủ Đức 5p đi xe.","2,6 tỷ",73 m²,2,2,"Thủ Đức, Hồ Chí Minh","Sunview Town, Gò Dưa, Hiệp Bình Phước, Thủ Đức, Hồ Chí Minh",10.85189865,106.7345578,0,0.0,0.0,0.0,0.0,0.0,0.0
"Cắt lỗ 300tr, chính chủ cần bán 2PN 55m2 full đồ, sẵn sổ, tầng trung tòa S1 Smart City chỉ 2.98 tỷ","2,98 tỷ",55 m²,2,1,"Nam Từ Liêm, Hà Nội"," Phường Tây Mỗ,  Nam Từ Liêm,  Hà Nội",21.0096762,105.7445572,0,0.0,0.0,0.0,0.0,0.0,0.0
"Giỏ hàng chủ đầu tư 20 căn hộ King Crown cao cấp, giá tốt giai đoạn 1, 56m2, từ 5tỷ, LH 0903 353 ***","5,3 tỷ",56 m²,3,2,"Thủ Đức, Hồ Chí Minh"," Đường Võ Văn Ngân,  Phường Bình Thọ,  Thủ Đức,  Hồ Chí Minh",10.84969942,106.7703582,0,0.0,0.0,0.0,0.0,0.0,0.0
Đăng ký xem căn hộ The Glory thực tế và tư vấn từ Sale CĐT Becamex Tokyu,"2,3 tỷ",48 m²,1,1,"Thủ Dầu Một, Bình Dương"," Phường Hòa Phú,  Thủ Dầu Một,  Bình Dương",11.065061,106.6838939,0,0.0,0.0,0.0,0.0,0.0,0.0
"Bán nhà Ngọc Trục, Đại Mỗ, Nam Từ Liêm 38 m2x5T. Ngõ oto giá 6.8 tỷ","6,8 tỷ",38 m²,4,5,"Nam Từ Liêm, Hà Nội","Đường Ngọc Trục, Phường Đại Mỗ, Nam Từ Liêm, Hà Nội",20.9932717,105.7630172,0,0.0,0.0,0.0,0.0,0.0,0.0
"350tr sở hữu căn hộ The Emerald 68 2PN2WC, mặt tiền QL13 cách quận 1 chỉ 11.5km","3,5 tỷ",73 m²,2,2,"Thuận An, Bình Dương"," Đường Vĩnh Phú 16,  Phường Vĩnh Phú,  Thuận An,  Bình Dương",10.87433773,106.7065848,0,0.0,0.0,0.0,0.0,0.0,0.0
Căn hộ chung cư cao cấp ngay trung tâm Quận Hải Châu Đà Nẵng,4 tỷ,76 m²,2,2,"Hải Châu, Đà Nẵng"," Đường Xô Viết Nghệ Tĩnh,  Phường Hòa Cường Nam,  Hải Châu,  Đà Nẵng",16.03243564,108.2197473,0,0.0,0.0,0.0,0.0,0.0,0.0
PKD: Tổng hợp quỹ căn mới nhất biệt thự - liền kề - shophouse. Vị trí đẹp - Giá tốt nhất thị trường,Giá thỏa thuận,99 m²,7,6,"Hoàng Mai, Hà Nội"," Đường Nghiêm Xuân Yêm,  Phường Đại Kim,  Hoàng Mai,  Hà Nội",20.9728558,105.8188232,0,0.0,0.0,0.0,0.0,0.0,0.0
"Đầu tư không lo rủi ro, bỏ ra 800tr lợi nhuận 24%/2 năm, dòng tiền đều hàng tháng, HTLS 18, có sổ","1,4 tỷ",72 m²,2,2,"Thái Nguyên, Thái Nguyên"," Đường Quang Trung,  Phường Thịnh Đán,  Thái Nguyên,  Thái Nguyên",21.56779422,105.8100904,0,0.0,0.0,0.0,0.0,0.0,0.0
"Vip! Bán căn hộ The Grand Hà Nội, 152 m2, tầng đẹp, sang trọng đẳng cấp nhất Hà Nội. Chỉ 102 tỷ!",102 tỷ,152 m²,5,5,"Hoàn Kiếm, Hà Nội","The Grand Hà Nội, Hai Bà Trưng, Hàng Bài, Hoàn Kiếm, Hà Nội",21.0210073,105.85219,0,0.0,0.0,0.0,0.0,0.0,0.0
"Bán nhà riêng 4,5 tỷ, 152m2, Mạc Cửu, Dương Đông, Phú Quốc, Kiên Giang, chính chủ chỉ với","4,5 tỷ",152 m²,4,2,"Phú Quốc, Kiên Giang","Đường Mạc Cửu, Phường Dương Đông, Phú Quốc, Kiên Giang",10.2169973,103.9710558,0,0.0,0.0,0.0,0.0,0.0,0.0
"Tin thật 100% - cập nhật list căn hộ mới T3/2025 giá tốt nhất Vista Verde, 1 - 4PN - Duplex - Pent","4,3 tỷ",62 m²,3,3,"Quận 2, Hồ Chí Minh"," Đường Phan Văn Đáng,  Phường Thạnh Mỹ Lợi,  Quận 2,  Hồ Chí Minh",10.77073175,106.7702559,0,0.0,0.0,0.0,0.0,0.0,0.0
"Bán siêu phẩm 4PN Vinhomes Central Park, full nội thất decor sang chảnh, view trực diện sông","20,5 tỷ",154 m²,4,3,"Bình Thạnh, Hồ Chí Minh","Vinhomes Central Park, Điện Biên Phủ, 22, Bình Thạnh, Hồ Chí Minh",10.7989822,106.7188362,0,0.0,0.0,0.0,0.0,0.0,0.0
"Bán gấp CHCC Flemington, Quân 11, DT 97m2, 3PN/2WC, giá 5.8 tỷ có sổ hồng LH 0941 943 *** em Thảo","5,8 tỷ",97 m²,3,2,"Quận 11, Hồ Chí Minh"," Đường Lê Đại Hành,  Phường 15,  Quận 11,  Hồ Chí Minh",10.7642529,106.6557016,0,0.0,0.0,0.0,0.0,0.0,0.0
"Qũy căn hộ cao cấp Phú Tài Residence, 1,77 - 1,95 tỷ/Căn 2PN, 2WC view biển. Full nội thất - Sỗ sẵn","1,77 tỷ",65 m²,2,2,"Quy Nhơn, Bình Định"," Đường Lê Đức Thọ,  Phường Hải Cảng,  Quy Nhơn,  Bình Định",13.7729543,109.243998,0,0.0,0.0,0.0,0.0,0.0,0.0
"Hạ giá bán rất gấp căn hộ 1 PN Vinhomes Central Park, sở hữu vĩnh viễn, nội thất cao cấp","5,5 tỷ",54 m²,1,1,"Bình Thạnh, Hồ Chí Minh"," Đường Điện Biên Phủ,  Phường 22,  Bình Thạnh,  Hồ Chí Minh",10.79834217,106.7196859,0,0.0,0.0,0.0,0.0,0.0,0.0
"Chính chủ cần bán gấp CHCC Tân Việt - giá 3,1 tỷ","3,1 tỷ",88 m²,2,2,"Hoài Đức, Hà Nội"," Đường Quốc lộ 32,  Xã Đức Thượng,  Hoài Đức,  Hà Nội",21.0738441,105.694728,0,0.0,0.0,0.0,0.0,0.0,0.0
Bán gấp đi công tác nước ngoài,"2,4 tỷ",46 m²,2,1,"Lê Chân, Hải Phòng"," Phường Vĩnh Niệm,  Lê Chân,  Hải Phòng",20.82790735,106.6780162,0,0.0,0.0,0.0,0.0,0.0,0.0
Chính chủ bán 2 căn hộ Fhome giá tốt,"4,1 tỷ","103,5 m²",2,2,"Hải Châu, Đà Nẵng","Khu căn hộ F.Home, Lý Thường Kiệt, Thạch Thang, Hải Châu, Đà Nẵng",16.08029282,108.221377,0,0.0,0.0,0.0,0.0,0.0,0.0
BÁN TÒA NHÀ VP PHÂN LÔ-Ô TÔ TRÁNH-VỈA HÈ VIP-CẦU GIẤY-100m2x8T-THANG MÁY-GARA OTO-KINH DOANH-4X TỶ,"48,5 tỷ",100 m²,6,6,"Cầu Giấy, Hà Nội","Đường Nguyễn Thị Định, Phường Trung Hòa, Cầu Giấy, Hà Nội",21.0103232,105.7994479,0,0.0,0.0,0.0,0.0,0.0,0.0
Căn biệt thự cuối cùng - Khu biệt thự đảo ngọc Regal Victoria - Giá chỉ 36.52 triệu/m2 siêu hot,"12,6 tỷ",345 m²,3,3,"Điện Bàn, Quảng Nam","Regal Victoria, Đường Trường Sa, Phường Điện Ngọc, Điện Bàn, Quảng Nam",15.8848033,108.2517836,0,0.0,0.0,0.0,0.0,0.0,0.0
"Bán căn hộ tòa N03T3 tầng cao, diện tích 110.6m2, giá bán tốt, LH: 0984 080 ***",Giá thỏa thuận,"110,6 m²",3,2,"Bắc Từ Liêm, Hà Nội"," Phường Xuân Đỉnh,  Bắc Từ Liêm,  Hà Nội",21.0748042,105.7906068,0,0.0,0.0,0.0,0.0,0.0,0.0
"Bán đất tặng nhà mặt phố 575m2 8x72m 100m2 thổ cư, giá tốt 1,25tỷ đường 02 số Thạnh Tân, Tây Ninh","1,25 tỷ",575 m²,2,1,"Tây Ninh, Tây Ninh","Đường 22B, Xã Thạnh Tân, Tây Ninh, Tây Ninh",11.2917837,106.1069119,0,0.0,0.0,0.0,0.0,0.0,0.0
"Bán nhà MT Ngô Quyền, Phú Quốc thấp nhất thị trường","9,9 tỷ","300,8 m²",7,7,"Phú Quốc, Kiên Giang","Đường Ngô Quyền, Phường Dương Đông, Phú Quốc, Kiên Giang",10.2169973,103.9710558,0,0.0,0.0,0.0,0.0,0.0,0.0
Bán gấp căn hộ Penthouse The View Quận 7. Lầu 36,26 tỷ,"304,1 m²",4,3,"Quận 7, Hồ Chí Minh"," Đường Huỳnh Tấn Phát,  Phường Tân Phú,  Quận 7,  Hồ Chí Minh",10.72606433,106.7338333,0,0.0,0.0,0.0,0.0,0.0,0.0
"Giỏ hàng bán One Verandah Duplex, P Thạnh Mỹ Lợi Quận 2 (Đảo Kim Cương) tháng 03.2025",13 tỷ,157 m²,3,3,"Quận 2, Hồ Chí Minh","One Verandah Mapletree, Bát Nàn, Thạnh Mỹ Lợi, Quận 2, Hồ Chí Minh",10.77073175,106.7702559,0,0.0,0.0,0.0,0.0,0.0,0.0
"Rất gấp: Chính chủ bán 3PN - 2VS, 4 tỷ 650, view hồ tòa I2 Imperia, (chỉ bán trong tuần)","4,65 tỷ","75,4 m²",3,2,"Nam Từ Liêm, Hà Nội"," Đường Đại lộ Thăng Long,  Phường Tây Mỗ,  Nam Từ Liêm,  Hà Nội",21.0090956,105.7462871,0,0.0,0.0,0.0,0.0,0.0,0.0
"Bán suất nội bộ CĐT Western Capital Quận 6, căn 66m2, 2pn giá chỉ 2.82 tỷ.LH: 0936 266 *** Ms Xinh","2,82 tỷ",66 m²,2,2,"Quận 6, Hồ Chí Minh","The Western Capital, 116, Đường Lý Chiêu Hoàng, Phường 10, Quận 6, Hồ Chí Minh",10.73794515,106.6287476,0,0.0,0.0,0.0,0.0,0.0,0.0
Tôi chính chủ bán 2 căn căn 1PN + 46.8m2 - 2tỷ 850 và studio 33m2 - 1 tỷ 980 tỷ Masteri Smart City,"2,85 tỷ","46,8 m²",1,1,"Nam Từ Liêm, Hà Nội"," Phường Tây Mỗ,  Nam Từ Liêm,  Hà Nội",21.0096762,105.7445572,0,0.0,0.0,0.0,0.0,0.0,0.0
"Chính chủ kẹt tiền cần bán 2PN - 78m2 Kingdom 101, giá 5.7 tỷ, đã có sổ hồng, LH 0933 752 ***","5,7 tỷ",78 m²,2,2,"Quận 10, Hồ Chí Minh"," Đường Tô Hiến Thành,  Phường 14,  Quận 10,  Hồ Chí Minh",10.7737407,106.6628205,0,0.0,0.0,0.0,0.0,0.0,0.0
"Bán gấp bán căn 3PN tòa 17T2 Hapulico Complex, full nội thất, tầng cao view thoáng hướng Đông Nam","7,2 tỷ",103 m²,3,2,"Thanh Xuân, Hà Nội","Hapulico Complex, 83, Đường Vũ Trọng Phụng, Phường Thanh Xuân Trung, Thanh Xuân, Hà Nội",21.0008121,105.8067235,0,0.0,0.0,0.0,0.0,0.0,0.0
"Bán nhà 3 tầng đường Hoàng Thúc Trâm, gần Tiểu La, Hải Châu. Giá 7.9 tỷ","7,9 tỷ",90 m²,4,3,"Hải Châu, Đà Nẵng","Đường Hoàng Thúc Trâm, Phường Hòa Cường Bắc, Hải Châu, Đà Nẵng",16.04258158,108.2140009,0,0.0,0.0,0.0,0.0,0.0,0.0
"Bán Quỹ căn ngoại giao Shophouse Hoàng Thành Pearl Cầu Diễn, Nam Từ Liêm. LH 0983 786 ***","41,65 tỷ",98 m²,6,6,"Nam Từ Liêm, Hà Nội"," Đường Nguyễn Văn Giáp,  Phường Cầu Diễn,  Nam Từ Liêm,  Hà Nội.",21.02369542,105.7552656,0,0.0,0.0,0.0,0.0,0.0,0.0
"Bán nhà Liền Kề Đường Tố Hữu, P Trung Văn, Nam Từ Liêm, Hà Nội, giá thỏa thuận, 105.2m2",Giá thỏa thuận,"105,2 m²",4,4,"Nam Từ Liêm, Hà Nội"," Đường Tố Hữu,  Phường Trung Văn,  Nam Từ Liêm,  Hà Nội",20.9921504,105.7838655,0,0.0,0.0,0.0,0.0,0.0,0.0
Chỉ 3.x tỷ có ngay nhà 4 tầng Yên Nghĩa Hà Đông Hà Nội LH: 0929 656 ***,Giá thỏa thuận,36 m²,4,3,"Hà Đông, Hà Nội","Phường Yên Nghĩa, Hà Đông, Hà Nội",20.951446,105.7351127,0,0.0,0.0,0.0,0.0,0.0,0.0
2 căn 118m2 suất nội bộ giá cực tốt. Liên hệ em Thọ ngay 0866 128 *** để check căn giá tốt!,"11,21 tỷ",118 m²,3,3,"Thanh Xuân, Hà Nội","Viha Complex, 107, Đường Nguyễn Tuân, Phường Thanh Xuân Trung, Thanh Xuân, Hà Nội",20.9957616,105.8054269,0,0.0,0.0,0.0,0.0,0.0,0.0
"Siêu hot bán CH 2PN, 2WC tầng trung tại Canopy vốn vào chỉ 670tr 68m2 , hỗ trợ lãi suất 0%","4,58 tỷ",68 m²,2,2,"Nam Từ Liêm, Hà Nội","The Canopy Residences - Vinhomes Smart City, Tây Mỗ, Nam Từ Liêm, Hà Nội",20.9964116,105.7393189,0,0.0,0.0,0.0,0.0,0.0,0.0
"Bán nhà rất đẹp, kiên cố đường Hoà Hảo - Ngô Quyền Q10 gần chợ Nguyễn Tri Phương","12,8 tỷ",43 m²,4,3,"Quận 10, Hồ Chí Minh","Đường Hòa Hảo, Phường 5, Quận 10, Hồ Chí Minh",10.7883754,106.6607778,0,0.0,0.0,0.0,0.0,0.0,0.0
"Bán NR 34m2 tại Phú Lương, Hà Đông, giá chỉ 4,45 tỷ (Vừa mới xây)","4,45 tỷ",34 m²,3,3,"Hà Đông, Hà Nội","Phường Phú Lương, Hà Đông, Hà Nội",20.9397761,105.77085,0,0.0,0.0,0.0,0.0,0.0,0.0
"Rỗ hàng sang nhượng mới nhất 3/2025 căn 2 - 3pn, sky villa Saigon Intela báo giá thật 100%","1,47 tỷ",50 m²,2,2,"Bình Chánh, Hồ Chí Minh"," Đường Nguyễn Văn Linh,  Xã Phong Phú,  Bình Chánh,  Hồ Chí Minh",10.6968222,106.6546923,0,0.0,0.0,0.0,0.0,0.0,0.0
Bán nhà riêng 32m2 chính chủ tại Cầu Diễn,"5,9 tỷ",32 m²,3,3,"Bắc Từ Liêm, Hà Nội","Đường Văn Trì, Phường Minh Khai, Bắc Từ Liêm, Hà Nội",21.0603661,105.7475631,0,0.0,0.0,0.0,0.0,0.0,0.0
Em Minh Ngọc chuyên dự án Mỹ Đình Pearl xin phép cập nhật quỹ căn bán cuối T3/2025. Cam kết ko ảo,Giá thỏa thuận,145 m²,4,3,"Nam Từ Liêm, Hà Nội"," Phường Phú Đô,  Nam Từ Liêm,  Hà Nội",21.0093455,105.7663513,0,0.0,0.0,0.0,0.0,0.0,0.0
"Chìa khóa trao tay - nhận nhà ở ngay Tecco Felice Home căn hộ 2PN chỉ từ 1,29 tỷ","1,29 tỷ","43,8 m²",2,1,"Thuận An, Bình Dương","Chung cư An Phú Thuận An, Đường Lê Thị Trung, Phường An Phú, Thuận An, Bình Dương",10.96432294,106.7291342,0,0.0,0.0,0.0,0.0,0.0,0.0
Hẻm xe tải quay đầu nhà hai mặt có ban công,"6,99 tỷ",80 m²,6,5,"Quận 12, Hồ Chí Minh","233, Đường Trương Thị Hoa, Phường Tân Thới Hiệp, Quận 12, Hồ Chí Minh",10.86360336,106.6443847,0,0.0,0.0,0.0,0.0,0.0,0.0
CĐT Nhật Bản bán căn hộ TT - AVIO thanh toán 9tr/th trong 2 năm. Cơ hội đầu tư mua ở rất thuận lợi,Giá thỏa thuận,67 m²,2,2,"Dĩ An, Bình Dương","TT AVIO, Tỉnh lộ 743C, Tân Đông Hiệp, Dĩ An, Bình Dương",10.9214709,106.7668045,0,0.0,0.0,0.0,0.0,0.0,0.0
Chính chủ bán gấp nhà 64m2 hẻm xe hơi KDC Nam Hùng Vương nhỉnh 5 tỷ,"5,4 tỷ",64 m²,2,2,"Bình Tân, Hồ Chí Minh","Phường An Lạc, Bình Tân, Hồ Chí Minh",10.7249151,106.6129429,0,0.0,0.0,0.0,0.0,0.0,0.0
"Bán căn Penhouse 2 tầng Duplex toà Vinaconex B - Kim Văn Kim Lũ 13.5 tỷ, 173.4m2, view đẹp, 3PN 3WC","13,5 tỷ","173,4 m²",3,3,"Hoàng Mai, Hà Nội"," Đường Nghiêm Xuân Yêm,  Phường Đại Kim,  Hoàng Mai,  Hà Nội",20.9728558,105.8188232,0,0.0,0.0,0.0,0.0,0.0,0.0
"Bán đất có 3 khối nhà làm cafe đẹp mặt tiền Bạch Đằng Phường 7, DT 2413m2 thổ cư 650m2",61 tỷ,2.413 m²,4,4,"Đà Lạt, Lâm Đồng","Đường Bạch Đằng, Phường 7, Đà Lạt, Lâm Đồng",11.9680994,108.4290989,0,0.0,0.0,0.0,0.0,0.0,0.0
Chính chủ gửi bán căn hộ cao cấp chung cư Starlake - KĐT Starlake - Tây Hồ Tây giá tốt từ 130tr/m2,Giá thỏa thuận,"113,2 m²",3,2,"Tây Hồ, Hà Nội"," Phường Xuân La,  Tây Hồ,  Hà Nội",21.0632614,105.8070213,0,0.0,0.0,0.0,0.0,0.0,0.0
"Bán liền kề biệt thự OCP3 75m2 Đông Nam 5 tầng 293m2 mặt vườn hoa, sát 10 tòa chung cư, gần TTTM","10,5 tỷ",75 m²,6,6,"Văn Giang, Hưng Yên"," Xã Nghĩa Trụ,  Văn Giang,  Hưng Yên",20.9298976,105.963275,0,0.0,0.0,0.0,0.0,0.0,0.0
"Căn hộ cao cấp Peninsula Da Nang, view sông Hàn, sổ hồng lâu dài, giá chỉ 53tr/m2 bàn giao nội thất","3,2 tỷ",64 m²,2,2,"Sơn Trà, Đà Nẵng","Peninsula Đà Nẵng , Lê Văn Duyệt, Nại Hiên Đông , Sơn Trà, Đà Nẵng",16.09521033,108.2245759,0,0.0,0.0,0.0,0.0,0.0,0.0
Chính chủ cần bán gấp nhà Ngô Xuân Quảng căn góc. 5 tầng 4 ngủ 5VS TK hiện đại,"6,85 tỷ",43 m²,4,5,"Gia Lâm, Hà Nội","Đường Ngô Xuân Quảng, Thị trấn Trâu Quỳ, Gia Lâm, Hà Nội",21.00896203,105.9372253,0,0.0,0.0,0.0,0.0,0.0,0.0
"Bán Nhà Huỳnh Văn Bánh, Phú Nhuận gần Nguyễn Văn Trỗi - DT 85.4m2, Xây 4 tầng kiên cố, giá 9.4 tỷ","9,39 tỷ","85,4 m²",6,7,"Phú Nhuận, Hồ Chí Minh","Đường Huỳnh Văn Bánh, Phường 12, Phú Nhuận, Hồ Chí Minh",10.8030061,106.6778362,0,0.0,0.0,0.0,0.0,0.0,0.0
"Bán căn hộ cao cấp Privia Khang Điền, 83m2 3PN, giá chỉ 4,99 tỷ - Dự án đã cấp sổ hồng","4,99 tỷ",83 m²,3,2,"Bình Tân, Hồ Chí Minh"," Đường An Dương Vương,  Phường An Lạc,  Bình Tân,  Hồ Chí Minh",10.7223892,106.6197111,0,0.0,0.0,0.0,0.0,0.0,0.0
"Bán căn hộ Estella Heights 1PN, 2PN, 3PN, 4PN, Duplex, Penthouse, nhà đẹp, giá tốt nhất khu vực","8,9 tỷ",89 m²,2,2,"Quận 2, Hồ Chí Minh"," Đường Song Hành,  Phường An Phú,  Quận 2,  Hồ Chí Minh",10.7365876,106.7120245,0,0.0,0.0,0.0,0.0,0.0,0.0
"Bán nhà hoa hậu 56m, 4 tầng, Mt 4m, giá 13.3 tỷ tại Văn Quán, Hà Đông. Ô tô, kinh doanh bất chấp","13,3 tỷ",56 m²,4,4,"Hà Đông, Hà Nội","Đường Chiến Thắng, Phường Văn Quán, Hà Đông, Hà Nội",20.9806085,105.7949949,0,0.0,0.0,0.0,0.0,0.0,0.0
"Bán căn 52m2 Ehome Southgate block B1 lầu 10 ban công Đông Nam, view nội khu siêu mát mẻ","1,4 tỷ",52 m²,1,1,"Bến Lức, Long An"," Đường ĐT 830,  Xã An Thạnh,  Bến Lức,  Long An",10.7733774,106.4393264,0,0.0,0.0,0.0,0.0,0.0,0.0
"Bán nhà riêng 4PN, 2WC, 41m2 tại Tân Thuận Tây, Q7, HCM, giá ưu đãi 3,45 tỷ","3,45 tỷ",41 m²,4,2,"Quận 7, Hồ Chí Minh","Phường Tân Thuận Tây, Quận 7, Hồ Chí Minh",10.7508483,106.7217063,0,0.0,0.0,0.0,0.0,0.0,0.0
Bán nhanh căn hộ chung cư New Saigon Hoàng Anh Gia Lai 3,"2,9 tỷ",95 m²,2,2,"Nhà Bè, Hồ Chí Minh"," Đường Nguyễn Hữu Thọ,  Xã Phước Kiển,  Nhà Bè,  Hồ Chí Minh",10.7177874,106.7025748,0,0.0,0.0,0.0,0.0,0.0,0.0
Quỹ căn chuyển nhượng làm việc trực tiếp chủ nhà 1PN - 2PN - 3PN - 4PN - Skyvillas giá siêu tốt,"16,5 tỷ",148 m²,4,3,"Nam Từ Liêm, Hà Nội","Vinhomes Skylake, Phạm Hùng, Mỹ Đình 1, Nam Từ Liêm, Hà Nội",21.02017478,105.7799731,0,0.0,0.0,0.0,0.0,0.0,0.0
Cần tiền bán 2 ngủ Citadine view trực diện biển giá cực tốt,"3,6 tỷ",80 m²,2,2,"Hạ Long, Quảng Ninh","Citadines Marina Hạ Long, Đường Đại Lộ Marine, Phường Hùng Thắng, Hạ Long, Quảng Ninh",20.959893,107.0032197,0,0.0,0.0,0.0,0.0,0.0,0.0
PHỐ THÁI HÀ- KINH DOANH ĐỈNH- Ô TÔ TRÁNH- TRUNG TÂM ĐỐNG ĐA - TIỆN ÍCH NGẬP TRÀN-GẦN PHỐ.,"19,6 tỷ",48 m²,3,3,"Đống Đa, Hà Nội","Viet Tower, Thái Hà, Trung Liệt, Đống Đa, Hà Nội",21.0091601,105.8237139,0,0.0,0.0,0.0,0.0,0.0,0.0
Mở bán chung cư đã cất nóc The Fibonan đẹp nhất KĐT Ecopark với chính sách hấp dẫn từ chủ đầu tư,"2,72 tỷ",68 m²,2,2,"Văn Giang, Hưng Yên"," Xã Xuân Quan,  Văn Giang,  Hưng Yên",20.9577012,105.9161321,0,0.0,0.0,0.0,0.0,0.0,0.0
Căn đẹp giá đẹp mã căn 20.01 tầng cao view thành phố căn hộ cao cấp The Sang Residence,"3,8 tỷ","82,5 m²",2,2,"Ngũ Hành Sơn, Đà Nẵng"," Đường Phạm Kiệt,  Phường Khuê Mỹ,  Ngũ Hành Sơn,  Đà Nẵng",16.0385717,108.2475192,0,0.0,0.0,0.0,0.0,0.0,0.0
"Bán chung cư Sunrise City Central, 2 phòng ngủ, diện tích: 75m2, view hồ bơi, sổ hồng công chứng","5,5 tỷ",75 m²,2,2,"Quận 7, Hồ Chí Minh","Sunrise City, 25, Đường Nguyễn Hữu Thọ, Phường Tân Hưng, Quận 7, Hồ Chí Minh",10.74250976,106.7013355,0,0.0,0.0,0.0,0.0,0.0,0.0
"Bán Nhà - Mới, 35m2, 3PN, 4WC tại Phố Liễu Giai, Ba Đình, Hà Nội, 6,9 tỷ, ngõ 3 gác, 40m ra ô tô đỗ","6,9 tỷ",35 m²,3,4,"Ba Đình, Hà Nội","Phố Liễu Giai, Phường Liễu Giai, Ba Đình, Hà Nội",21.0357243,105.8144585,0,0.0,0.0,0.0,0.0,0.0,0.0
"Bán Biệt Thự 6PN 6WC 192.5m2 tại Eurowindow Twin Parks, Trâu Quỳ, Gia Lâm, Hà Nội",45 tỷ,"192,5 m²",6,6,"Gia Lâm, Hà Nội","Eurowindow Twin Parks, Trâu Quỳ, Gia Lâm, Hà Nội",21.00789815,105.9471372,0,0.0,0.0,0.0,0.0,0.0,0.0
"HXH 6m Đồng Xoài, P.13, Tân Bình, 60m2, 4 tấm, full nội thất","8,5 tỷ",60 m²,6,5,"Tân Bình, Hồ Chí Minh","Đường Đồng Xoài, Phường 13, Tân Bình, Hồ Chí Minh",10.8036306,106.6428279,0,0.0,0.0,0.0,0.0,0.0,0.0
"Hạ giá bán gấp nhà rẻ nhất MT Trần Quốc Thảo, Quận 3 - DT 4,3x20m, KC 4 Tầng, giá 23 Tỷ TL",23 tỷ,80 m²,6,5,"Quận 3, Hồ Chí Minh","Đường Trần Quốc Thảo, Phường Võ Thị Sáu, Quận 3, Hồ Chí Minh",10.78017542,106.6896044,0,0.0,0.0,0.0,0.0,0.0,0.0
Chính chủ bán nhà phố Đại Từ. Ngõ nông gần oto. Sát Hồ Linh Đàm. Sổ vuông đẹp full nội thất ở ngay,"5,8 tỷ",32 m²,4,3,"Hoàng Mai, Hà Nội","Đường Đại Từ, Phường Đại Kim, Hoàng Mai, Hà Nội",20.97653465,105.812497,0,0.0,0.0,0.0,0.0,0.0,0.0
Bán nhà đường Hồ Tùng Mậu diện tích: 40m2x5tầng giá: 8 tỷ,8 tỷ,40 m²,6,4,"Cầu Giấy, Hà Nội","Đường Hồ Tùng Mậu, Phường Mai Dịch, Cầu Giấy, Hà Nội",21.03726496,105.7760404,0,0.0,0.0,0.0,0.0,0.0,0.0
"Giỏ Hàng! Nhiều nhà phố, tòa nhà CHDV MT đường số 79; 85; 81; 39; 47 Tân Quy Quận 7. Giá 11,9 tỷ","11,9 tỷ",76 m²,9,9,"Quận 7, Hồ Chí Minh","Đường Số 47, Phường Tân Quy, Quận 7, Hồ Chí Minh",10.7420414,106.715776,0,0.0,0.0,0.0,0.0,0.0,0.0
PKD cập nhật quỹ căn bán Eco Lake View Tháng 3 - 4,"4,7 tỷ",80 m²,2,2,"Hoàng Mai, Hà Nội"," Đường Đại Từ,  Phường Đại Kim,  Hoàng Mai,  Hà Nội",20.97653465,105.812497,0,0.0,0.0,0.0,0.0,0.0,0.0
Siêu phẩm - tòa buiding văn phòng - 7tầng thang máy - thông sàn - hai thoáng - vỉa hè oto tránh KD,48 tỷ,100 m²,7,7,"Cầu Giấy, Hà Nội","Khu đô thị Trung Hòa - Nhân Chính, Hoàng Đạo Thúy, Trung Hòa, Cầu Giấy, Hà Nội",21.00822871,105.8016247,0,0.0,0.0,0.0,0.0,0.0,0.0
"Tổng hợp quỹ căn ngoại giao Sun Hà Nam tầng đẹp giá rẻ studio từ 1,4 tỷ 1PN từ 1,7 tỷ 2PN từ 2,5 tỷ","1,4 tỷ",32 m²,1,1,"Phủ Lý, Hà Nam"," Phường Lam Hạ,  Phủ Lý,  Hà Nam",20.5448086,105.9131808,0,0.0,0.0,0.0,0.0,0.0,0.0
"Bán Nhà Phố Liền Kề Và Biệt Thự Cao Cấp Gần Siêu Thị Aeon Bình Tân, Giá Chỉ 7Tỷ1/Căn, 4 Tầng.","7,1 tỷ",90 m²,4,4,"Bình Chánh, Hồ Chí Minh","The Meadow Bình Chánh, Trần Văn Giàu, Vĩnh Lộc B, Bình Chánh, Hồ Chí Minh",10.7908153,106.5772533,0,0.0,0.0,0.0,0.0,0.0,0.0
Căn 3PN góc 80m2 bàn giao thô Valencia Garden - Mua trực tiếp CĐT sẵn sổ sang tên,"4,31 tỷ",80 m²,3,2,"Long Biên, Hà Nội"," Phường Đức Giang,  Long Biên,  Hà Nội",21.0646143,105.8977054,0,0.0,0.0,0.0,0.0,0.0,0.0
"Bán gấp dãy trọ tiện xây mới, CHDV, vay bank, kẹt tiền bán gấp ngay Đ.4, Linh Xuân. Tp. Thủ Đức","5,2 tỷ",121 m²,8,8,"Thủ Đức, Hồ Chí Minh","Đường 4, Phường Linh Xuân, Thủ Đức, Hồ Chí Minh",10.879668,106.7712306,0,0.0,0.0,0.0,0.0,0.0,0.0
"Bán gấp căn studio: 1.82 tỷ tại phân khu Sakura 33.6m2, full đồ, lỗ so với TT 350tr","1,82 tỷ","33,6 m²",1,1,"Nam Từ Liêm, Hà Nội"," Phường Tây Mỗ,  Nam Từ Liêm,  Hà Nội",21.0096762,105.7445572,0,0.0,0.0,0.0,0.0,0.0,0.0
"Tôi là chính chủ chuyển đổi chỗ ở nên cần bán nhà đất rộng 250m2 tại thị trấn Vĩnh Tường, Vĩnh Phúc",15 tỷ,250 m²,3,2,"Vĩnh Tường, Vĩnh Phúc","Thị trấn Vĩnh Tường, Vĩnh Tường, Vĩnh Phúc",21.2487718,105.4921096,0,0.0,0.0,0.0,0.0,0.0,0.0
Áp lực ngân hàng thương lượng mạnh bán căn 484m2 tâm huyết lô góc - hồ cá Koi DT,40 tỷ,484 m²,6,7,"Quận 12, Hồ Chí Minh","Đường Hà Huy Giáp, Phường Thạnh Lộc, Quận 12, Hồ Chí Minh",10.8731713,106.6860324,0,0.0,0.0,0.0,0.0,0.0,0.0
"Cần bán CH Sunview Town 2PN 2WC giá tốt nhất chỉ từ 1,87 tỷ, đã có sổ hồng hỗ trợ vay ls thấp","1,87 tỷ",58 m²,2,2,"Thủ Đức, Hồ Chí Minh"," Đường Gò Dưa,  Phường Hiệp Bình Phước,  Thủ Đức,  Hồ Chí Minh",10.8666019,106.7267852,0,0.0,0.0,0.0,0.0,0.0,0.0
"Bán cực rẻ góc 2mt kd giá chỉ 40tr/1m2. DT: 9.5x22 NH. SHR. CN: 239,5m2. kv sáng giá Quận 9.vip",10 tỷ,"239,5 m²",1,1,"Quận 9, Hồ Chí Minh","Đường Số 6, Phường Trường Thạnh, Quận 9, Hồ Chí Minh",10.7793365,106.6880766,0,0.0,0.0,0.0,0.0,0.0,0.0
"Bán nhà hẻm xe hơi đường Tân Chánh Hiệp 16, Quận 12","6,2 tỷ","64,8 m²",3,3,"Quận 12, Hồ Chí Minh","Đường Tân Chánh Hiệp 16, Phường Tân Chánh Hiệp, Quận 12, Hồ Chí Minh",10.85638795,106.6279092,0,0.0,0.0,0.0,0.0,0.0,0.0
Bán nhà cấp 4 đường Lái Thiêu 26,"3,25 tỷ",60 m²,2,1,"Thuận An, Bình Dương","Đường Lái Thiêu 26, Phường Lái Thiêu, Thuận An, Bình Dương",10.89640425,106.6973267,0,0.0,0.0,0.0,0.0,0.0,0.0
Chính chủ không qua môi giới cần bán gấp nhà Minh Khai 30m2 5T mới đẹp cách oto 50m,"5,7 tỷ",30 m²,3,3,"Hai Bà Trưng, Hà Nội","Đường Minh Khai, Phường Vĩnh Tuy, Hai Bà Trưng, Hà Nội",20.99496378,105.8675578,0,0.0,0.0,0.0,0.0,0.0,0.0
"Bán căn hộ CC Mandarin Garden diện tích 114m2, 130m2, 168 m2, 172 m2, 266m2. LH: 0974 704 ***","11,5 tỷ",114 m²,3,2,"Cầu Giấy, Hà Nội"," Đường Hoàng Minh Giám,  Phường Trung Hòa,  Cầu Giấy,  Hà Nội",21.0103232,105.7994479,0,0.0,0.0,0.0,0.0,0.0,0.0
"Nhà phố xã hôi 1 trệt, 1 lửng, 1 lầu với diện tích đất 67 m2 xây theo tiêu chuẩn nhà Singapore.","2,16 tỷ",67 m²,3,3,"Thủ Dầu Một, Bình Dương","Thành Phố Mới Bình Dương, Lê Lợi cắt đường Lê Lai, Phường Phú Hòa, Thủ Dầu Một, Bình Dương",10.9764148,106.6831469,0,0.0,0.0,0.0,0.0,0.0,0.0
"Bán căn hộ chung cư Him Lam Chợ Lớn, Quận 6, DT 86m2, 2PN 2WC. Giá 3,65 tỷ. Liên hệ 0938 910 *** Trí","3,65 tỷ",86 m²,2,2,"Quận 6, Hồ Chí Minh"," Đường Hậu Giang,  Phường 11,  Quận 6,  Hồ Chí Minh",10.74648075,106.6287683,0,0.0,0.0,0.0,0.0,0.0,0.0
"Shophouse, biệt thự ven sông Hàn, quỹ căn vip nhất còn sót lại chiết khấu đến 13%, tặng 2 cây vàng","15,34 tỷ",108 m²,5,6,"Sơn Trà, Đà Nẵng"," Đường Trần Hưng Đạo,  Phường Nại Hiên Đông ,  Sơn Trà,  Đà Nẵng",16.08516825,108.2288678,0,0.0,0.0,0.0,0.0,0.0,0.0
"Căn hộ ven sông Hàn Sun Symphony Đà Nẵng tòa S3, căn 3PN view trực diện sông Hàn, giá CĐT, CK 21%","10,58 tỷ","102,8 m²",3,3,"Sơn Trà, Đà Nẵng"," Đường Trần Hưng Đạo,  Phường Nại Hiên Đông ,  Sơn Trà,  Đà Nẵng",16.08516825,108.2288678,0,0.0,0.0,0.0,0.0,0.0,0.0
"Chính chủ cần bán gấp căn nhà 1 tầng đang cho thuê dòng tiền tốt - Trần Cung, Cổ Nhuế, Bắc Từ Liêm","5,67 tỷ",45 m²,2,1,"Bắc Từ Liêm, Hà Nội","Phố Trần Cung, Phường Cổ Nhuế 1, Bắc Từ Liêm, Hà Nội",21.05515529,105.7860099,0,0.0,0.0,0.0,0.0,0.0,0.0
Căn sổ đỏ 2n2wc Vp5 bán đảo Linh Đàm. Lh e Mai: 0367 587 ***,"3,7 tỷ",62 m²,2,2,"Hoàng Mai, Hà Nội","Khu đô thị mới Linh Đàm, Đại Kim, Hoàng Mai, Hà Nội",20.9730903,105.8250742,0,0.0,0.0,0.0,0.0,0.0,0.0
Bạn có một đại gia đình? Hãy chuyển về đây và làm cho cuộc sống trở nên đáng sống,59 tỷ,144 m²,5,6,"Phú Nhuận, Hồ Chí Minh","Đường Hoa Đào, Phường 2, Phú Nhuận, Hồ Chí Minh",10.7982822,106.6859046,0,0.0,0.0,0.0,0.0,0.0,0.0
Bán nhanh căn hộ cao cấp 2PN - hơn 72m2 - Giá cắt lỗ sâu - Khai thác cho thuê ít nhất 20tr/tháng,"4,7 tỷ","71,7 m²",2,2,"Sơn Trà, Đà Nẵng"," Đường Lê Văn Duyệt,  Phường Nại Hiên Đông ,  Sơn Trà,  Đà Nẵng",16.09521033,108.2245759,0,0.0,0.0,0.0,0.0,0.0,0.0
"Chính chủ bán nhà phố TM Coop Mart Phạm Thế Hiển, 151m2, giá 5.5 tỷ giá 100%. Nói không với giá ảo","5,5 tỷ",151 m²,2,2,"Quận 8, Hồ Chí Minh"," Đường Phạm Thế Hiển,  Phường 6,  Quận 8,  Hồ Chí Minh",10.73593899,106.6479116,0,0.0,0.0,0.0,0.0,0.0,0.0
"Căn hộ cao cấp The Emerald 68, căn 2PN 2WC, giỏ hàng độc quyền thanh toán chỉ 20% nhận nhà","3,3 tỷ",67 m²,2,2,"Thuận An, Bình Dương"," Đường Vĩnh Phú 16,  Phường Vĩnh Phú,  Thuận An,  Bình Dương",10.87433773,106.7065848,0,0.0,0.0,0.0,0.0,0.0,0.0
"Bán chung cư vip phố Lý Nam Đế khu phân của Bộ Chính Trị, an ninh tuyệt đối 70m2 sổ đỏ - miễn TG","6,5 tỷ",70 m²,2,2,"Hoàn Kiếm, Hà Nội","Đường Lý Nam Đế, Phường Cửa Đông, Hoàn Kiếm, Hà Nội",21.03256175,105.8454043,0,0.0,0.0,0.0,0.0,0.0,0.0
"Chính chủ bán căn góc hoa hậu Lumiere Ever Green 178m2 đập thông, view bể bơi siêu vip",16 tỷ,179 m²,5,5,"Nam Từ Liêm, Hà Nội"," Phường Tây Mỗ,  Nam Từ Liêm,  Hà Nội.",21.0096762,105.7445572,0,0.0,0.0,0.0,0.0,0.0,0.0
"Đi định cư cần bán gấp CH Thủ Thiêm Star, 3,25 tỷ, 81,4m2, 2PN, 2WC. Rất đẹp. Căn góc hiếm có","3,25 tỷ","81,4 m²",2,2,"Quận 2, Hồ Chí Minh"," Đường Nguyễn Duy Trinh,  Phường Bình Trưng Đông,  Quận 2,  Hồ Chí Minh",10.80484845,106.7167622,0,0.0,0.0,0.0,0.0,0.0,0.0
"Bán nhà Trần Hưng Đạo gần ngã tư Trần Bình Trọng. DT 4m x 9m, trệt- 3 lầu, HXH 6m, giá 9,6 tỷ (TL)","9,6 tỷ",36 m²,4,4,"Quận 5, Hồ Chí Minh","Đường Trần Hưng Đạo, Phường 2, Quận 5, Hồ Chí Minh",10.75513068,106.6802719,0,0.0,0.0,0.0,0.0,0.0,0.0
Bán gấp nhà phố mới xây hoàn công tại Phú Hồng Thịnh siêu đẹp và hiện đại gần sát làng ĐH Quốc Gia,"5,5 tỷ",60 m²,4,5,"Dĩ An, Bình Dương","Phú Hồng Thịnh 9, Quốc lộ 1K, Bình An, Dĩ An, Bình Dương",10.89451618,106.790985,0,0.0,0.0,0.0,0.0,0.0,0.0
"Cần chuyển nhượng 3PN mặt view sân golf, loại căn hộ cực hiếm trên thị trường chuyển nhượng",8 tỷ,105 m²,3,2,"Văn Giang, Hưng Yên"," Xã Xuân Quan,  Văn Giang,  Hưng Yên",20.9577012,105.9161321,0,0.0,0.0,0.0,0.0,0.0,0.0
"Duy nhất 1 căn biệt thự trên cao Ecopark gần 200m2, thang máy riêng trong nhà, ban công 20m2","12,7 tỷ",195 m²,3,3,"Văn Giang, Hưng Yên"," Xã Xuân Quan,  Văn Giang,  Hưng Yên",20.9577012,105.9161321,0,0.0,0.0,0.0,0.0,0.0,0.0
Thủ Thiêm Green House - nhà ở xã hội quận 2,"1,74 tỷ",62 m²,2,1,"Thủ Đức, Hồ Chí Minh","Thủ Thiêm Green House, 100, Đường Võ Chí Công, Phường Thạnh Mỹ Lợi, Quận 2, Hồ Chí Minh",10.77073175,106.7702559,0,0.0,0.0,0.0,0.0,0.0,0.0
"Bán nhà hẻm 372 Điện Biên Phủ, P17, Bình Thạnh","31,5 tỷ",182 m²,2,2,"Bình Thạnh, Hồ Chí Minh","Đường Điện Biên Phủ, Phường 17, Bình Thạnh, Hồ Chí Minh",10.79417746,106.7014202,0,0.0,0.0,0.0,0.0,0.0,0.0
"Bán nhà riêng 30m2, 6 tỷ tại Xuân Đỉnh, Bắc Từ Liêm, Hà Nội",6 tỷ,30 m²,3,4,"Bắc Từ Liêm, Hà Nội","Đường Xuân Đỉnh, Phường Xuân Đỉnh, Bắc Từ Liêm, Hà Nội",21.07180181,105.7900943,0,0.0,0.0,0.0,0.0,0.0,0.0
"Chính chủ bán căn hộ Sunshine Center - 16 Phạm Hùng. 130m2, 3 ngủ, full đồ đẹp. 0983 335 ***",Giá thỏa thuận,130 m²,3,2,"Nam Từ Liêm, Hà Nội","Sunshine Center, 16, Đường Phạm Hùng, Phường Mỹ Đình 2, Nam Từ Liêm, Hà Nội",21.0300406,105.7786324,0,0.0,0.0,0.0,0.0,0.0,0.0
"Tổng hợp quỹ căn cần bán tại chung cư Thái Hà - 43 Phạm Văn Đồng. DT: 70m2, 2 PN. 0983 335 ***",Giá thỏa thuận,70 m²,2,2,"Bắc Từ Liêm, Hà Nội"," 43 Đường Phạm Văn Đồng,  Phường Cổ Nhuế 2,  Bắc Từ Liêm,  Hà Nội",21.05891727,105.7828288,0,0.0,0.0,0.0,0.0,0.0,0.0
"Tôi chính chủ cần bán căn hộ 1PN+ giá rẻ hơn CĐT 400 tr, tầng view thoáng LH: 0399 418 ***",Giá thỏa thuận,56 m²,2,1,"Nhà Bè, Hồ Chí Minh","Khải Hoàn Prime, Lê Văn Lương, Nhơn Đức, Nhà Bè, Hồ Chí Minh",10.66779164,106.6965761,0,0.0,0.0,0.0,0.0,0.0,0.0
Chính Chủ Gửi Bán Căn 2PN2WC Diện Tích 73.7m2 Trực Diện Nội Khu Hồ Bơi Suất Mua 2018,Giá thỏa thuận,73 m²,2,2,"Quận 7, Hồ Chí Minh","The Peak Garden, Nguyễn Lương Bằng, Phú Mỹ, Quận 7, Hồ Chí Minh",10.71352189,106.7310414,0,0.0,0.0,0.0,0.0,0.0,0.0
"Nhà ngay Phạm Văn Đồng - Phường Linh Tây, TP. Thủ Đức, 88m2, Giá chỉ 4.68 tỷ(Thương lượng)","4,68 tỷ",88 m²,2,2,"Thủ Đức, Hồ Chí Minh","Đường 9, Phường Linh Tây, Thủ Đức, Hồ Chí Minh",10.857921,106.754837,0,0.0,0.0,0.0,0.0,0.0,0.0
"Kẹt tiền cần bán gấp CH The Privia Khang Điền(đã có sổ) 51m2/1PN-2,86tỷ; 68m2/2PN-3,8tỷ & 3PN-4,5tỷ","2,86 tỷ",51 m²,2,1,"Bình Tân, Hồ Chí Minh"," Đường An Dương Vương,  Phường An Lạc,  Bình Tân,  Hồ Chí Minh",10.7223892,106.6197111,0,0.0,0.0,0.0,0.0,0.0,0.0
"Nhà mặt phố Trần Quang Diệu - Hoàng Cầu, 60m2 x 7 tầng, thang máy, nội thất cao cấp, vị trí đắc địa","32,9 tỷ",60 m²,6,6,"Đống Đa, Hà Nội","Đường Trần Quang Diệu, Phường Ô Chợ Dừa, Đống Đa, Hà Nội",21.0170234,105.8258523,0,0.0,0.0,0.0,0.0,0.0,0.0
Bán nhà hẻm 6 mét Đầm Sen - Hòa Bình. 60m2 - 2 tầng - 4 phòng ngủ - kinh doanh tốt chỉ 6 tỷ xíu,"6,1 tỷ",60 m²,4,4,"Tân Phú, Hồ Chí Minh","Phường Phú Trung, Tân Phú, Hồ Chí Minh",10.7765239,106.6420126,0,0.0,0.0,0.0,0.0,0.0,0.0
"Bán gấp căn góc dự án 93 Láng Hạ, full nội thất tầng đẹp giá chỉ 125tr/m2. LH: 0933 218 ***","17,12 tỷ",137 m²,3,2,"Đống Đa, Hà Nội"," Phố Láng Hạ,  Phường Láng Hạ,  Đống Đa,  Hà Nội",21.01312244,105.81275,0,0.0,0.0,0.0,0.0,0.0,0.0
"Bán nhà mặt tiền đường 11, Trường Thọ 1 trệt 4 tầng 104,6 m2 giá tốt đầu tư kinh doanh tốt nhất","11,3 tỷ","104,6 m²",7,6,"Thủ Đức, Hồ Chí Minh"," Đường 11,  Phường Trường Thọ,  Thủ Đức,  Hồ Chí Minh",10.836088,106.7567252,0,0.0,0.0,0.0,0.0,0.0,0.0
"Nhà 1 sẹc Trần Thanh Mại (5,3 x 18,2m) nở hậu 7,9m, 2PN, cách Tỉnh Lộ 10 200m. Giá 4,2 tỷ","4,2 tỷ","97,3 m²",2,1,"Bình Tân, Hồ Chí Minh","Đường Trần Thanh Mại, Phường Tân Tạo A, Bình Tân, Hồ Chí Minh",10.7547879,106.584389,0,0.0,0.0,0.0,0.0,0.0,0.0
"Cần bán gấp nhà mới, đẹp - HXH 8m đường Gò Dầu, quận Tân Phú DT 68,6m2, 5 tầng, nhỉnh 10 tỷ","10,8 tỷ","68,6 m²",4,6,"Tân Phú, Hồ Chí Minh","Đường Gò Dầu, Phường Tân Quý, Tân Phú, Hồ Chí Minh",10.79583957,106.626715,0,0.0,0.0,0.0,0.0,0.0,0.0
"Nhà đẹp hẻm 372 Điện Biên Phủ, Bình Thạnh - 150m2 - 4PN - Gần ĐH Hồng Bàng",26 tỷ,150 m²,4,2,"Bình Thạnh, Hồ Chí Minh","Đường Điện Biên Phủ, Phường 17, Bình Thạnh, Hồ Chí Minh",10.79417746,106.7014202,0,0.0,0.0,0.0,0.0,0.0,0.0
"Nhà 30m x 6 tầng ngay tái định cư HimLam Thạch Bàn, gara ô tô, một căn giá tốt nhất thị trường","6,2 tỷ",30 m²,4,4,"Long Biên, Hà Nội","Phường Thạch Bàn, Long Biên, Hà Nội",21.0208848,105.9163931,0,0.0,0.0,0.0,0.0,0.0,0.0
"Cập nhật giá bán căn hộ Charm City mới nhất, tháng 03.2025","2,47 tỷ",95 m²,3,3,"Dĩ An, Bình Dương"," Đường ĐT 743,  Phường Dĩ An,  Dĩ An,  Bình Dương",11.2348788,106.4882472,0,0.0,0.0,0.0,0.0,0.0,0.0
"Shophouse góc 3 mặt tiền giao lộ trục đường lớn đối diện 9 tòa chung cư MASTERI ,GIÁ:39,5 tỷ","39,5 tỷ",160 m²,5,4,"Văn Giang, Hưng Yên"," Đường Biển Xanh,  Xã Long Hưng,  Văn Giang,  Hưng Yên",20.942226,105.957565,0,0.0,0.0,0.0,0.0,0.0,0.0
"Trực tiếp chủ đầu tư bán căn hộ 72m2 Terra Royal Q.3, 2PN 2WC, giá 5,9 tỷ. LH chủ đầu tư 0902 442 ***","5,9 tỷ",72 m²,2,2,"Quận 3, Hồ Chí Minh","Terra Royal, 280, Đường Nam Kỳ Khởi Nghĩa, Phường Võ Thị Sáu, Quận 3, Hồ Chí Minh",10.7824775,106.6918757,0,0.0,0.0,0.0,0.0,0.0,0.0
"5 căn cuối cùng! Cơ hội sở hữu căn hộ 3PN + 3WC, Vista Residence - trung tâm Đà Nẵng, nhận nhà 2025","6,4 tỷ",112 m²,3,3,"Hải Châu, Đà Nẵng"," Đường Xô Viết Nghệ Tĩnh,  Phường Hòa Cường Nam,  Hải Châu,  Đà Nẵng",16.03243564,108.2197473,0,0.0,0.0,0.0,0.0,0.0,0.0
"BÁN CĂN HỘ 2PN MIDORI PARK THE VIEW, CHỈ 2,4 TỶ FULL NỘI THẤT","2,4 tỷ",61 m²,2,2,"Thủ Dầu Một, Bình Dương","Midori Park The View, Hòa Phú, Thủ Dầu Một, Bình Dương",11.065061,106.6838939,0,0.0,0.0,0.0,0.0,0.0,0.0
"Tổng hợp rổ hàng - Dream Home Palace - 1.85tỷ/2PN 62m2, 2.05 tỷ/3PN. Nhà mới. LH: 0906 662 ***","1,85 tỷ",62 m²,2,2,"Quận 8, Hồ Chí Minh"," Đường Trịnh Quang Nghị,  Phường 7,  Quận 8,  Hồ Chí Minh",10.70837252,106.621256,0,0.0,0.0,0.0,0.0,0.0,0.0
Cập nhật quỹ căn hộ 2 - 3 - 4 ngủ chuyển nhượng giá tốt nhất tại HPC Landmark - giá chuẩn ko chênh,"6,4 tỷ",116 m²,3,2,"Hà Đông, Hà Nội"," Phường La Khê,  Hà Đông,  Hà Nội",20.9696783,105.7601018,0,0.0,0.0,0.0,0.0,0.0,0.0
"Sang nhượng 4PN full NT toà Park 6, DT 139m2 giá 16 tỷ",16 tỷ,139 m²,4,3,"Bình Thạnh, Hồ Chí Minh"," Đường Điện Biên Phủ,  Phường 22,  Bình Thạnh,  Hồ Chí Minh",10.79834217,106.7196859,0,0.0,0.0,0.0,0.0,0.0,0.0
"Chính chủ cần tiền bán gấp căn nhà mới 100%, 3 tầng, 4PN, ngay trung tâm TP Thuỷ Nguyên.","5,5 tỷ",110 m²,4,3,"Thủy Nguyên, Hải Phòng","Sapphire Gem Hải Phòng, Thủy Đường, Thủy Nguyên, Hải Phòng",20.9204971,106.6805479,0,0.0,0.0,0.0,0.0,0.0,0.0
"Sản phẩm tái đầu tư Sun Symphony, Sun Ponte, Sun Cosmo giá tốt","3,2 tỷ",50 m²,1,1,"Sơn Trà, Đà Nẵng"," Đường Trần Hưng Đạo,  Phường Nại Hiên Đông ,  Sơn Trà,  Đà Nẵng",16.08516825,108.2288678,0,0.0,0.0,0.0,0.0,0.0,0.0
Quỹ hàng ngoại giao chung cư Handico Complex - 33 Lê Văn Lương giá ưu đãi - bank hỗ trợ vay ưu đãi,Giá thỏa thuận,"83,2 m²",2,2,"Thanh Xuân, Hà Nội","Handico Complex, 33, Đường Lê Văn Lương, Phường Nhân Chính, Thanh Xuân, Hà Nội",21.00694099,105.807155,0,0.0,0.0,0.0,0.0,0.0,0.0
Bán căn hộ duplex Mỹ Khánh nhà nội thất cao cấp view Quận 1,"17,5 tỷ",194 m²,3,2,"Quận 7, Hồ Chí Minh"," Đường Nguyễn Đức Cảnh,  Phường Tân Phong,  Quận 7,  Hồ Chí Minh",10.72264543,106.7099965,0,0.0,0.0,0.0,0.0,0.0,0.0
Bán Apartment căn hộ sát biển Đà Nẵng,"13,95 tỷ",474 m²,11,11,"Sơn Trà, Đà Nẵng","Đường Vũ Ngọc Nhạ, Phường Thọ Quang, Sơn Trà, Đà Nẵng",16.1011788,108.2492503,0,0.0,0.0,0.0,0.0,0.0,0.0
"Bán căn Dolphin Plaza 198m2 4PN tầng 18 giá 10,9tỷ","10,9 tỷ",198 m²,4,2,"Nam Từ Liêm, Hà Nội"," Phố Trần Bình,  Phường Mỹ Đình 2,  Nam Từ Liêm,  Hà Nội",21.03066864,105.7763755,0,0.0,0.0,0.0,0.0,0.0,0.0
"Bán căn hộ 2PN, 2WC tại Lumiere Riverside, 8,8 tỷ, 74m2, Q2, HCM - giá cực chất, uy tín","8,8 tỷ",74 m²,2,2,"Quận 2, Hồ Chí Minh"," Đường Võ Nguyên Giáp,  Phường An Phú,  Quận 2,  Hồ Chí Minh",10.7365876,106.7120245,0,0.0,0.0,0.0,0.0,0.0,0.0
Sẵn sổ hồng Công chứng ngay căn hộ 1 PN Lumiere Riverside Thảo Điền giá hạt dẻ TTCN 6 tỷ 950 all in,"6,95 tỷ","52,3 m²",1,1,"Quận 2, Hồ Chí Minh","Lumiere Riverside, Số 275 - 277, Đường Võ Nguyên Giáp, Phường An Phú, Quận 2, Hồ Chí Minh",10.7365876,106.7120245,0,0.0,0.0,0.0,0.0,0.0,0.0
Thanh toán 680 triệu (25%) nhận nhà ở ngay tại Conic Boulevard Bình Chánh TP. HCM,"2,66 tỷ","84,32 m²",2,2,"Bình Chánh, Hồ Chí Minh"," Đường Huỳnh Bá Chánh,  Xã Tân Kiên,  Bình Chánh,  Hồ Chí Minh",10.70397031,106.600762,0,0.0,0.0,0.0,0.0,0.0,0.0
"Bán nhà riêng, nhà xây mới trục Quốc lộ 13 đường thông 9m, cạnh đô thị Vạn Phúc view sông Sài Gòn","7,5 tỷ",60 m²,4,5,"Thủ Đức, Hồ Chí Minh","Quốc Lộ 13, Hiệp Bình Phước, Thủ Đức, Hồ Chí Minh",10.8391152,106.715334,0,0.0,0.0,0.0,0.0,0.0,0.0
"Nhà phố Lakeview City căn góc công viên giá 18 tỷ, 7x20m giá 22.5 tỷ nhà đã hoàn thiện. 0917 330 ***",18 tỷ,100 m²,4,5,"Quận 2, Hồ Chí Minh"," Đường Song Hành,  Phường An Phú,  Quận 2,  Hồ Chí Minh",10.7365876,106.7120245,0,0.0,0.0,0.0,0.0,0.0,0.0
"NHÀ BÁN GIÁ SIÊU RẺ, SIÊU HỜI TẠI P12, GÒ VẤP","5,6 tỷ",73 m²,5,6,"Gò Vấp, Hồ Chí Minh","Đường Bùi Quang Là, Phường 12, Gò Vấp, Hồ Chí Minh",10.83662689,106.6414608,0,0.0,0.0,0.0,0.0,0.0,0.0
"Ngộp giảm sốc ""2 tỷ"" bán gấp nhà 4 tầng 150m2 - ngang 10m - dòng tiền 40tr/tháng - Chỉ ""84tr/m2""","12,69 tỷ",150 m²,10,10,"Bình Thạnh, Hồ Chí Minh","Đường Nguyễn Hữu Cảnh, Phường 22, Bình Thạnh, Hồ Chí Minh",10.79269259,106.7180643,0,0.0,0.0,0.0,0.0,0.0,0.0
Bán gấp căn 2PN: 66m2 BE2 khu Metropolitan tầng trung giá siêu tốt 3.65 tỷ,"3,65 tỷ",66 m²,2,2,"Gia Lâm, Hà Nội"," Xã Đa Tốn,  Gia Lâm,  Hà Nội",20.9862042,105.930004,0,0.0,0.0,0.0,0.0,0.0,0.0
Bán nhanh biệt thự Tấn Trường 9x18m ngay gần Phú Mỹ Hưng,"25,5 tỷ",162 m²,4,5,"Quận 7, Hồ Chí Minh"," Đường Số 4,  Phường Phú Thuận,  Quận 7,  Hồ Chí Minh",10.73496656,106.7376625,0,0.0,0.0,0.0,0.0,0.0,0.0
Bán gấp căn hộ Green Town Bình Tân 53m2. Lốc A góc 3MT thoáng. 2 phòng ngủ (sổ hồng đầy đủ),"2,08 tỷ",53 m²,2,2,"Bình Tân, Hồ Chí Minh","Green Town Bình Tân, Đường 1, Phường Bình Hưng Hòa B, Bình Tân, Hồ Chí Minh",10.801923,106.5913656,0,0.0,0.0,0.0,0.0,0.0,0.0
"Nhà MT đường 10m kinh doanh mở văn phòng 5PN, 6WC, 71,4m2 tại Phạm Hữu Lầu, Q7, HCM, giá 15,9 tỷ","15,9 tỷ","71,4 m²",5,6,"Quận 7, Hồ Chí Minh","Đường Phạm Hữu Lầu, Phường Phú Mỹ, Quận 7, Hồ Chí Minh",10.7042847,106.7305657,0,0.0,0.0,0.0,0.0,0.0,0.0
Căn hộ 2PN đã có sổ full nội thất ngay gần Phú Mỹ hưng lầu 20 thoáng nhà sạch sẽ vào ở được ngay,"2,65 tỷ",63 m²,2,2,"Quận 7, Hồ Chí Minh"," Phường Phú Mỹ,  Quận 7,  Hồ Chí Minh",10.7061532,106.7378425,0,0.0,0.0,0.0,0.0,0.0,0.0
Tập thể Thành Công. Ba Đình. Tầng 2. Giá đầu tư,"3,9 tỷ",100 m²,3,1,"Ba Đình, Hà Nội","Đường Thành Công, Phường Thành Công, Ba Đình, Hà Nội",21.0248424,105.8114038,0,0.0,0.0,0.0,0.0,0.0,0.0
Bán căn nhà 3 tầng 2 mặt tiền đường Lê Đình Lý,65 tỷ,315 m²,12,6,"Hải Châu, Đà Nẵng","Đường Lê Đình Lý, Phường Hòa Thuận Tây, Hải Châu, Đà Nẵng",16.05191437,108.2101058,0,0.0,0.0,0.0,0.0,0.0,0.0
"Cực Sốc! 3 Phòng ngủ tháp thương mại Estella Heights 125m2, full nội thất, giá chỉ 15.5 tỷ bao hết","15,5 tỷ",125 m²,3,2,"Quận 2, Hồ Chí Minh","Estella Heights, Song Hành, An Phú, Quận 2, Hồ Chí Minh",10.795478,106.7365254,0,0.0,0.0,0.0,0.0,0.0,0.0
Bán villa đơn lập siêu đẹp liền kề DA The Global City - sổ hồng riêng - KDC an ninh yên tĩnh,"20,5 tỷ",218 m²,3,3,"Quận 9, Hồ Chí Minh","Đường Liên Phường, Phường Phước Long B, Quận 9, Hồ Chí Minh",10.8063168,106.7784645,0,0.0,0.0,0.0,0.0,0.0,0.0
"Cần bán gấp căn hộ cao cấp nhất thanh xuân The Diamond Residence (BRG) 13,9 tỷ, 151m2, 4PN, 3WC","13,9 tỷ",151 m²,4,3,"Thanh Xuân, Hà Nội"," Đường Lê Văn Lương,  Phường Nhân Chính,  Thanh Xuân,  Hà Nội",21.00694099,105.807155,0,0.0,0.0,0.0,0.0,0.0,0.0
"Siêu phẩm căn hộ mặt biển view tỷ đô view pháo hoa, vị trí trung tâm thương mại vay 70% sổ lâu dài","4,93 tỷ",81 m²,2,2,"Liên Chiểu, Đà Nẵng"," Đường Nguyễn Tất Thành,  Phường Hòa Hiệp Nam,  Liên Chiểu,  Đà Nẵng",16.10027974,108.1161807,0,0.0,0.0,0.0,0.0,0.0,0.0
"Chỉ cần 400tr mua được căn 2PN New Lavida ngay Vincom Dĩ An, còn lại góp trung bình góp 7tr/tháng","1,5 tỷ",62 m²,2,1,"Dĩ An, Bình Dương"," Đường ĐT 743C,  Phường Tân Đông Hiệp,  Dĩ An,  Bình Dương",10.90929613,106.7429158,0,0.0,0.0,0.0,0.0,0.0,0.0
"Nhà thật - giá thật gia đình cần bán căn 2 ngủ giá 5, x tỷ và căn 3 ngủ giá 6, x tỷ trong tháng",Giá thỏa thuận,111 m²,3,2,"Nam Từ Liêm, Hà Nội","Ecolife Capitol, 58, Đường Tố Hữu, Phường Trung Văn, Nam Từ Liêm, Hà Nội",20.9921504,105.7838655,0,0.0,0.0,0.0,0.0,0.0,0.0
"Còn 2 căn duy nhất CK 15%, trực tiếp CĐT, hỗ trợ LS 0% 2 năm, nhà mới 100%, vị trí lõi Thủ Thiêm","5,5 tỷ",73 m²,2,2,"Quận 2, Hồ Chí Minh"," Phố Lương Định Của,  Phường Bình Khánh,  Quận 2,  Hồ Chí Minh",10.80484845,106.7167622,0,0.0,0.0,0.0,0.0,0.0,0.0
"Nhận nhà ngay! Stown Phúc An(đã có sổ) trả trước 368triệu/căn 2PN, tặng tủ bếp. Agribank hỗ trợ vay","1,23 tỷ",55 m²,2,2,"Dĩ An, Bình Dương"," Đường N3,  Phường Bình An,  Dĩ An,  Bình Dương",10.90316455,106.7965725,0,0.0,0.0,0.0,0.0,0.0,0.0
Cần bán căn nhà 210m2 - mặt tiền 10m sẵn,Giá thỏa thuận,210 m²,2,1,"Sầm Sơn, Thanh Hóa","Phường Quảng Châu, Sầm Sơn, Thanh Hóa",19.7543851,105.8758449,0,0.0,0.0,0.0,0.0,0.0,0.0
"Bán căn hộ góc thiết kế đẹp view thoáng chung cư Pavilion - Vinhomes Ocean Park, 3.6 tỷ, 68 m2","3,2 tỷ",54 m²,2,2,"Gia Lâm, Hà Nội"," Đường Lý Thánh Tông,  Xã Dương Xá,  Gia Lâm,  Hà Nội",21.0046345,105.970087,0,0.0,0.0,0.0,0.0,0.0,0.0
"Bán căn hộ Cảnh Viên 1, Phú Mỹ Hưng, Q 7, DT 120m2, 3PN, 2WC, view công viên, LH 0936 711 ***","10,3 tỷ",120 m²,3,2,"Quận 7, Hồ Chí Minh"," Phường Tân Phú,  Quận 7,  Hồ Chí Minh",10.727068,106.7261695,0,0.0,0.0,0.0,0.0,0.0,0.0
Hiếm nhà đẹp Minh Khai - 4T - 2.3 tỷ - full nội thất cho gia đình trẻ,"2,3 tỷ",12 m²,3,4,"Hai Bà Trưng, Hà Nội","Đường Minh Khai, Phường Thanh Lương, Hai Bà Trưng, Hà Nội",21.0058365,105.8652448,0,0.0,0.0,0.0,0.0,0.0,0.0
"Bán suất ngoại giao ký trực tiếp CĐT 3PN 106m2 view Hồ, giá từ 120tr/m2, tặng 2 năm phí dịch vụ",Giá thỏa thuận,106 m²,3,2,"Ba Đình, Hà Nội","The Nelson Private Residences, Láng Hạ, Thành Công, Ba Đình, Hà Nội",21.02084765,105.8191772,0,0.0,0.0,0.0,0.0,0.0,0.0
"Giá siêu tốt! Căn 2PN diện tích lớn Origami, view sông ĐN, hướng ĐN, ký với CĐT, giá 3tỷ265 all in","3,27 tỷ",67 m²,2,2,"Quận 9, Hồ Chí Minh"," Đường Phước Thiện,  Phường Long Bình,  Quận 9,  Hồ Chí Minh",10.7589554,106.6730492,0,0.0,0.0,0.0,0.0,0.0,0.0
"Bán nhà 3 tầng 4,6tỷ 66m2 - sổ hồng thổ cư bao sang tên LH Thuỷ 0902 966 ***","4,6 tỷ",66 m²,3,3,"Quận 9, Hồ Chí Minh","Đường Gò Cát, Phường Phú Hữu, Quận 9, Hồ Chí Minh",10.7608529,106.7012374,0,0.0,0.0,0.0,0.0,0.0,0.0
"Giỏ hàng nội bộ Essensia Sky siêu đẹp, chiết khấu lên đến gần 200tr cho khách hàng",5 tỷ,74 m²,2,2,"Nhà Bè, Hồ Chí Minh"," Đường Nguyễn Hữu Thọ,  Xã Phước Kiển,  Nhà Bè,  Hồ Chí Minh",10.71772076,106.7026202,0,0.0,0.0,0.0,0.0,0.0,0.0
Bán căn hộ giá 1 tỷ view sông đối diện Cù Lao phố gần Aeon Mall Biên Hòa Đồng Nai,Giá thỏa thuận,60 m²,2,2,"Biên Hòa, Đồng Nai"," Đường Bùi Hữu Nghĩa,  Phường Tân Vạn,  Biên Hòa,  Đồng Nai",10.91665069,106.8261286,0,0.0,0.0,0.0,0.0,0.0,0.0
"Bán căn hộ 3PN + 2WC (87m2), view sông Sài Gòn, chung cư Q7 Riverside, Quận 7. Giá: 4,37 tỷ","4,37 tỷ",87 m²,3,2,"Quận 7, Hồ Chí Minh","Q7 Saigon Riverside, 04, Đường Đào Trí, Phường Phú Thuận, Quận 7, Hồ Chí Minh",10.73432452,106.7412179,0,0.0,0.0,0.0,0.0,0.0,0.0
"Bán căn 66,3m2 Mipec Kiến Hưng","3,65 tỷ","66,3 m²",2,2,"Hà Đông, Hà Nội"," Phường Kiến Hưng,  Hà Đông,  Hà Nội",20.9527894,105.7875583,0,0.0,0.0,0.0,0.0,0.0,0.0
"Tiêu đề: Bán nhà riêng 5 tầng full nội thất, ô tô đỗ cửa, gần ĐH, doanh thu 40tr/th, LH 0347 013 ***","11,92 tỷ",40 m²,9,9,"Cầu Giấy, Hà Nội","Đường Trần Thái Tông, Phường Dịch Vọng, Cầu Giấy, Hà Nội",21.0350602,105.793398,0,0.0,0.0,0.0,0.0,0.0,0.0
"Bán nhà 4 tầng mặt tiền/mặt phố, diện tích 120m2, khu đô thị Nam Long Trần Trọng Cung,Quận 7, TPHCM","16,9 tỷ",120 m²,4,5,"Quận 7, Hồ Chí Minh","Khu đô thị Nam Long, Trần Trọng Cung, Tân Thuận Đông, Quận 7, Hồ Chí Minh",10.74363638,106.7325362,0,0.0,0.0,0.0,0.0,0.0,0.0
"Bán căn Skyvilla The Flemington, 220m2, 4PN, 3WC view Landmark 81 và Bitexco, giá 14.5 tỷ","14,5 tỷ",220 m²,4,3,"Quận 11, Hồ Chí Minh"," Đường Lê Đại Hành,  Phường 15,  Quận 11,  Hồ Chí Minh",10.7642529,106.6557016,0,0.0,0.0,0.0,0.0,0.0,0.0
Bán gấp BT Bằng Lăng 03 - 02 hướng ĐB diện tích 408.8m2 xây dựng 712m2 căn thô view sông rộng 120tỷ,120 tỷ,"408,8 m²",5,5,"Long Biên, Hà Nội","Vinhomes Riverside, Bằng Lăng 3, Phúc Lợi, Long Biên, Hà Nội",21.0432038,105.9251194,0,0.0,0.0,0.0,0.0,0.0,0.0
Bán resort biển Quy nhơn. 14500 m2 đất. Giá bán 250 tỷ. Liên hệ: 0868 427 ***,250 tỷ,14.500 m²,40,40,"Quy Nhơn, Bình Định","Đường Quốc lộ 1D, Phường Ghềnh Ráng, Quy Nhơn, Bình Định",13.7460506,109.2109119,0,0.0,0.0,0.0,0.0,0.0,0.0
"Biệt thự 12x16m hàng hiếm tại Sim City, giá tốt nhất dự án: 14,5 tỷ, 192m2, 6PN, 4WC, 3 tầng","14,5 tỷ",192 m²,6,4,"Quận 9, Hồ Chí Minh"," Đường Lò Lu,  Phường Trường Thạnh,  Quận 9,  Hồ Chí Minh",10.7793365,106.6880766,0,0.0,0.0,0.0,0.0,0.0,0.0
"Bán nhà Thạch Bàn, 48m2, 6tầng, 10,1tỷ, hiếm - ô tô đỗ cửa - nhà mới koong - ngõ thông","10,1 tỷ",48 m²,3,3,"Long Biên, Hà Nội","Đường Huỳnh Tấn Phát, Phường Thạch Bàn, Long Biên, Hà Nội",21.03078148,105.9108981,0,0.0,0.0,0.0,0.0,0.0,0.0
"Ra nhanh 2PN Masteri Centre Point giá tốt chỉ 4,19 tỷ-vào 10% nhận nhà ở luôn -còn lại đến cuối năm","4,19 tỷ","73,4 m²",2,2,"Quận 9, Hồ Chí Minh"," Đường Nguyễn Xiển,  Phường Long Thạnh Mỹ,  Quận 9,  Hồ Chí Minh",10.7589554,106.6730492,0,0.0,0.0,0.0,0.0,0.0,0.0
"Chuyên bán biệt thự nhà phố KDC Phú Mỹ VPH, DT 6x21m (126m2) giá 18 tỷ và DT 10,5x21 m giá 31 tỷ",18 tỷ,126 m²,5,6,"Quận 7, Hồ Chí Minh","Khu dân cư Phú Mỹ, Hoàng Quốc Việt, Phú Mỹ, Quận 7, Hồ Chí Minh",10.714768,106.7368649,0,0.0,0.0,0.0,0.0,0.0,0.0
"Cần bán căn hộ The Flemington, 87m2, 3PN, giá cực cực tốt, nhà siêu đẹp. LH 0901 006 *** Phát","5,5 tỷ",87 m²,3,2,"Quận 11, Hồ Chí Minh"," Đường Lê Đại Hành,  Phường 15,  Quận 11,  Hồ Chí Minh",10.7642529,106.6557016,0,0.0,0.0,0.0,0.0,0.0,0.0
"Gia đình tôi chuyển nhà mặt đất cần bán lại căn 72m2 CT5 KĐT Xa La, nhà Full nội thất thiết kế",Giá thỏa thuận,72 m²,2,2,"Hà Đông, Hà Nội","Khu đô thị mới Xa La, Phùng Hưng, Phúc La, Hà Đông, Hà Nội",20.96605443,105.7913404,0,0.0,0.0,0.0,0.0,0.0,0.0
Chỉ với 650 triệu sở hữu căn hộ ngay mặt biển Cát Bà - Xanh Island giá đầu tư đợt 1,"1,85 tỷ",31 m²,1,1,"Cát Hải, Hải Phòng"," Đường 1/4,  Thị trấn Cát Bà,  Cát Hải,  Hải Phòng",20.7321058,107.0483333,0,0.0,0.0,0.0,0.0,0.0,0.0
"Bán nhà 26/24 Võ Văn Văn, KDCVL Tân Tạo, Bình Tân DT: 4*23m 4 lầu 5PN 4,99 tỷ","4,99 tỷ",88 m²,5,5,"Bình Tân, Hồ Chí Minh","26/24 Đường Võ Văn Vân, Phường Tân Tạo, Bình Tân, Hồ Chí Minh",10.77202653,106.5715135,0,0.0,0.0,0.0,0.0,0.0,0.0
"Bán nhà đẹp, giá rẻ - Cập nhật mới nhất giỏ hàng The Estella từ 2-3-4PN - Penthouse diện tích lớn",8 tỷ,104 m²,2,2,"Quận 2, Hồ Chí Minh"," Đường Xa Lộ Hà Nội,  Phường An Phú,  Quận 2,  Hồ Chí Minh",10.7365876,106.7120245,0,0.0,0.0,0.0,0.0,0.0,0.0
"Chính chủ bán căn nhà diện tích 50,4m2 tường riêng móng riêng tại Him Lam Hùng Vương: 0347 391 ***","3,5 tỷ","50,4 m²",4,3,"Hồng Bàng, Hải Phòng"," Phường Hùng Vương,  Hồng Bàng,  Hải Phòng",20.87216865,106.6363128,0,0.0,0.0,0.0,0.0,0.0,0.0
"Chỉ hơn 1 tỷ mua được căn Towhouse, chỉ 5,2 tỷ mua được căn BT 175m2, CK 16.5%, vay 0%/2 năm",Giá thỏa thuận,60 m²,5,4,"Phủ Lý, Hà Nam"," Đường Lê Công Thanh,  Phường Lam Hạ,  Phủ Lý,  Hà Nam",20.5448086,105.9131808,0,0.0,0.0,0.0,0.0,0.0,0.0
"Quang Hiếu 0347 391 ***, Nhận tư vấn, đặt chỗ toà CT2, chuyển nhượng căn hộ CT1, CT3 giá tốt",Giá thỏa thuận,"70,4 m²",2,2,"Ngô Quyền, Hải Phòng","MoonBay Residence 384 Lê Thánh Tông, Lê Thánh Tông, Vạn Mỹ, Ngô Quyền, Hải Phòng",20.86373963,106.7122745,0,0.0,0.0,0.0,0.0,0.0,0.0
"Nhà mặt tiền đường Lý Triện thiết kế rất đẹp, xây dựng 3 tầng kiên cố","8,1 tỷ",105 m²,3,3,"Thanh Khê, Đà Nẵng","Đường Lý Triện, Phường An Khê, Thanh Khê, Đà Nẵng",16.05788017,108.1859325,0,0.0,0.0,0.0,0.0,0.0,0.0
Đã cất nóc - Quỹ căn ngoại giao rẻ nhất The Charm An Hưng - liền KĐT Dương Nội Hà Đông,5 tỷ,72 m²,2,2,"Hà Đông, Hà Nội"," Đường Tố Hữu,  Phường La Khê,  Hà Đông,  Hà Nội",20.9696783,105.7601018,0,0.0,0.0,0.0,0.0,0.0,0.0
"Bán CC 3PN, 2WC tại Eco Lake View, 5,95 tỷ, 96m2, Đường Đại Từ, Hoàng Mai, Hà Nội","5,95 tỷ",96 m²,3,2,"Hoàng Mai, Hà Nội","Eco Lake View, Đường Đại Từ, Phường Đại Kim, Hoàng Mai, Hà Nội",20.97653465,105.812497,0,0.0,0.0,0.0,0.0,0.0,0.0
"Áp lực cắt lỗ 8 tỷ bán nhà 8T, DT 305m2, 15x20m, lô góc, giá mời đầu tư 0968 135 *** (A Bá)","85,5 tỷ",305 m²,48,48,"Hai Bà Trưng, Hà Nội","Phố Trần Đại Nghĩa, Phường Trương Định, Hai Bà Trưng, Hà Nội",20.99424541,105.8447235,0,0.0,0.0,0.0,0.0,0.0,0.0
Tòa căn hộ dịch vụ 7 tầng - 12 phòng - dòng tiền ổn định - hiếm nhà bán khu vực Tôn Thất Tùng,17 tỷ,72 m²,12,12,"Đống Đa, Hà Nội","Đường Tôn Thất Tùng, Phường Khương Thượng, Đống Đa, Hà Nội",21.00277543,105.8286636,0,0.0,0.0,0.0,0.0,0.0,0.0
"Bán căn hộ SPlus Riverview tại Vĩnh Phú 38, Thuận An giá từ 1.200 tỷ/căn - hotline: 0787 888 ***","1,2 tỷ","53,35 m²",2,1,"Thuận An, Bình Dương"," Đường Vĩnh Phú 38,  Phường Vĩnh Phú,  Thuận An,  Bình Dương",10.88307259,106.6929917,0,0.0,0.0,0.0,0.0,0.0,0.0
"Cần bán căn hộ Garden Vip The Minato Residence, chỉ duy nhất 1 căn trong 1 tòa. Giá 2 tỷ 550","2,55 tỷ",56 m²,1,1,"Lê Chân, Hải Phòng"," Phường Vĩnh Niệm,  Lê Chân,  Hải Phòng",20.82790735,106.6780162,0,0.0,0.0,0.0,0.0,0.0,0.0
SIÊU PHẨM VILAR MĂT TIỀN SÔNG ĐƯỜNG 10. HBC. THỦ ĐỨC NHÀ ĐẸP 8x20. 3 TẦNG,21 tỷ,160 m²,5,4,"Thủ Đức, Hồ Chí Minh","Đường Số 10, Phường Hiệp Bình Chánh, Thủ Đức, Hồ Chí Minh",10.82471768,106.7276395,0,0.0,0.0,0.0,0.0,0.0,0.0
Cập nhật rổ hàng tháng 2/2025 căn hộ Topaz - Quận 8. LH em để được hỗ trợ trực tiếp,"3,2 tỷ",70 m²,2,2,"Quận 8, Hồ Chí Minh"," Đường Cao Lỗ,  Phường 4,  Quận 8,  Hồ Chí Minh",10.74012373,106.6779372,0,0.0,0.0,0.0,0.0,0.0,0.0
"Chính chủ cần bán nhà phố tại 78 Cầu Đất, Ngô Quyền, Hải Phòng. Nhà đầy đủ nội thất, 47 m2, 3 tầng","2,9 tỷ",47 m²,3,2,"Ngô Quyền, Hải Phòng","78, Đường Cầu Đất, Phường Cầu Đất, Ngô Quyền, Hải Phòng",20.8615516,106.7006914,0,0.0,0.0,0.0,0.0,0.0,0.0
Chính chủ thiện chí bán nhanh căn hộ 1PN+ 58m2 đầy đủ nội thất - giá tốt nhất tại Hà Đô quận 10,"6,7 tỷ",58 m²,1,1,"Quận 10, Hồ Chí Minh"," Đường 3/2,  Phường 12,  Quận 10,  Hồ Chí Minh",10.76976565,106.6708768,0,0.0,0.0,0.0,0.0,0.0,0.0
Bán toà VP phố Nguyễn Khang - 7 tầng thang máy - 85m2 - Chỉ nhỉnh 32 tỷ,"32,5 tỷ",85 m²,6,6,"Cầu Giấy, Hà Nội","Đường Nguyễn Khang, Phường Yên Hòa, Cầu Giấy, Hà Nội",21.0173887,105.8025413,0,0.0,0.0,0.0,0.0,0.0,0.0
Nhà mới 2 tầng 3PN có phòng dưới trệt view cây xanh thoáng mát sổ hồng chuẩn giá chỉ 4tỷ 500tr,"4,5 tỷ","46,3 m²",3,2,"Nhà Bè, Hồ Chí Minh","Hẻm 2463, Đường Huỳnh Tấn Phát, Xã Phú Xuân, Nhà Bè, Hồ Chí Minh",10.68331389,106.7540855,0,0.0,0.0,0.0,0.0,0.0,0.0
"Bán CH Đức Khải Q7, 85m 2PN view sông, Full nội thất, Giá 2,1 tỷ: LH 0902 952 *** 0926 879 ***","2,1 tỷ",85 m²,2,3,"Quận 7, Hồ Chí Minh"," Đường 15B,  Phường Phú Mỹ,  Quận 7,  Hồ Chí Minh",10.70768881,106.7319013,0,0.0,0.0,0.0,0.0,0.0,0.0
"Bán nhà phố 2 mặt view liền kề khu Jamona Home Resort Thủ Đức, QL13, Thủ Đức","6,45 tỷ",68 m²,4,5,"Thủ Đức, Hồ Chí Minh"," Đường Quốc Lộ 13,  Phường Hiệp Bình Phước,  Thủ Đức,  Hồ Chí Minh",10.852923,106.7212457,0,0.0,0.0,0.0,0.0,0.0,0.0
Bán căn hộ S1.092411 view cực đẹp giá cực rẻ chỉ có 2 tỷ 1 thu net mà lại còn đầy đủ nội thất,"2,1 tỷ",38 m²,1,1,"Gia Lâm, Hà Nội","The Sapphire 1 - Vinhomes Ocean Park, Đa Tốn, Gia Lâm, Hà Nội",20.9862042,105.930004,0,0.0,0.0,0.0,0.0,0.0,0.0
Cần tiền bán căn 108m2 3PN căn góc tòa C Paragon Cầu Giấy giá 7 tỷ,7 tỷ,108 m²,3,2,"Cầu Giấy, Hà Nội"," Phường Dịch Vọng Hậu,  Cầu Giấy,  Hà Nội",21.0365503,105.7858195,0,0.0,0.0,0.0,0.0,0.0,0.0
"Cần bán căn biệt thự song lập view công viên, trường học HUGO, Anh Dũng 3, full nội thất","11,8 tỷ",185 m²,4,4,"Dương Kinh, Hải Phòng","Phường Anh Dũng, Dương Kinh, Hải Phòng",20.8040243,106.6998798,0,0.0,0.0,0.0,0.0,0.0,0.0
"Siêu đẹp chính chủ bán căn hộ 3N2W 130,7m2 CTM 139 Cầu Giấy, full nội thất cao cấp","9,5 tỷ","130,7 m²",3,2,"Cầu Giấy, Hà Nội","CTM Building 139 Cầu Giấy, Đường Cầu Giấy, Phường Quan Hoa, Cầu Giấy, Hà Nội",21.03368842,105.7975287,0,0.0,0.0,0.0,0.0,0.0,0.0
"Bán gấp căn 1PN giá chỉ 1,630tỷ bao hồ sơ ngân hàng cho vay 80%, TT 350tr nhận nhà và sổ luôn","1,63 tỷ",53 m²,1,1,"Thủ Dầu Một, Bình Dương"," Đường 30/4,  Phường Phú Hòa,  Thủ Dầu Một,  Bình Dương",10.9810767,106.6722416,0,0.0,0.0,0.0,0.0,0.0,0.0
Hot - căn hộ dịch vụ 6 tầng - 30 phòng 500m2 - dòng tiền mượt mà - siêu phẩm đầu tư tại Linh Trung,20 tỷ,500 m²,30,30,"Thủ Đức, Hồ Chí Minh","Đường Số 5, Phường Linh Trung, Thủ Đức, Hồ Chí Minh",10.86037625,106.7633742,0,0.0,0.0,0.0,0.0,0.0,0.0
"Bán căn 2 ngủ 78m2 tòa Roman Plaza, nội thất mới, có slot, sổ đỏ CC - 4,75 tỷ bao phí. 0986 787 ***","4,75 tỷ",78 m²,2,2,"Nam Từ Liêm, Hà Nội"," Đường Tố Hữu,  Phường Đại Mỗ,  Nam Từ Liêm,  Hà Nội",20.98516554,105.7758725,0,0.0,0.0,0.0,0.0,0.0,0.0
"RẺ NHẤT-NGỘP, CHỦ BÁN GẤP CĂN 1 PHÒNG NGỦ FULL NỘI THẤT CHỈ 1TỶ85 CC LÊ PHONG - LH: TRẦN HÀN VŨ","1,85 tỷ","52,5 m²",1,1,"Thuận An, Bình Dương","The Emerald Golf View, Đại Lộ Bình Dương, Lái Thiêu, Thuận An, Bình Dương",10.8970914,106.7085812,0,0.0,0.0,0.0,0.0,0.0,0.0
"E Dũng Goldmark bán full quỹ căn 2PN 3PN 4PN, làm việc chính chủ không qua sàn giá rẻ nhất Goldmark",6 tỷ,110 m²,3,2,"Bắc Từ Liêm, Hà Nội","Goldmark City, Hồ Tùng Mậu, Phú Diễn, Bắc Từ Liêm, Hà Nội",21.04106732,105.7634152,0,0.0,0.0,0.0,0.0,0.0,0.0
"Bán gấp căn hộ 3PN, 2WC tại Legend Tower 109 Nguyễn Tuân, 8,8 tỷ, 107m2. Full NT. LH 0792 826 ***","8,8 tỷ",107 m²,3,2,"Thanh Xuân, Hà Nội","Legend Tower 109 Nguyễn Tuân, Đường Nguyễn Tuân, Phường Nhân Chính, Thanh Xuân, Hà Nội",21.00085832,105.801377,0,0.0,0.0,0.0,0.0,0.0,0.0
"Bán CH Mandarin Garden Hoàng Minh Giám - DT từ 130,1m2 - 168 - 172 - 266 và 306m2, Tell 0904 717 ***",Giá thỏa thuận,"266,4 m²",4,4,"Cầu Giấy, Hà Nội","Mandarin Garden, Hoàng Minh Giám, Trung Hòa, Cầu Giấy, Hà Nội",21.00774393,105.7957821,0,0.0,0.0,0.0,0.0,0.0,0.0
"Bán nhà mặt phố đẹp 7 tầng có thang máy tại Lạc Long Quân, 13.9 tỷ, 75m2, Tân Bình, HCM","13,9 tỷ",75 m²,11,12,"Tân Bình, Hồ Chí Minh","Đường Lạc Long Quân, Phường 8, Tân Bình, Hồ Chí Minh",10.78315903,106.6499368,0,0.0,0.0,0.0,0.0,0.0,0.0
"Giỏ hàng thật 100% bán lỗ 3PN Celesta Rise Keppel Land DT 105m2 thô bán 5,7tỷ giá 102% - HTCB 6,2tỷ","5,7 tỷ",105 m²,3,2,"Nhà Bè, Hồ Chí Minh"," Đường Nguyễn Hữu Thọ,  Xã Phước Kiển,  Nhà Bè,  Hồ Chí Minh",10.71772076,106.7026202,0,0.0,0.0,0.0,0.0,0.0,0.0
"Chủ cần tiền nhờ bán căn nhà Tôn Đức Thắng-Đống Đa, nhà mặt ngõ, gần ngay phố, giá nhỉnh 12 tỷ","12,9 tỷ",60 m²,4,4,"Đống Đa, Hà Nội","Phố Tôn Đức Thắng, Phường Hàng Bột, Đống Đa, Hà Nội",21.02216763,105.8315756,0,0.0,0.0,0.0,0.0,0.0,0.0
"Chính chủ bán nhà Mỹ Đình 35m2 - 4 tầng - 4 ngủ - 6,55 tỷ","6,55 tỷ",35 m²,4,3,"Nam Từ Liêm, Hà Nội","Ngõ 52, đường Mỹ Đình, Phường Mỹ Đình 1, Nam Từ Liêm, Hà Nội",21.02250991,105.7745777,0,0.0,0.0,0.0,0.0,0.0,0.0
Bán CH duplex 3Pn The Infinity Q7 Keppel DT~146m2 view hồ bơi mát giá 10ty5- xem nhà mẫu 0933 776 ***,"10,5 tỷ","145,4 m²",3,3,"Quận 7, Hồ Chí Minh","The Infiniti Riviera Point, Đường Huỳnh Tấn Phát, Phường Tân Phú, Quận 7, Hồ Chí Minh",10.72606433,106.7338333,0,0.0,0.0,0.0,0.0,0.0,0.0
"Đầu tư đợt 1 căn hộ ven sông The Gió Riverside, liền kề Metro. Thanh toán 1%/th. HTLS 24 tháng",Giá thỏa thuận,65 m²,2,2,"Dĩ An, Bình Dương"," Đường D16,  Phường Bình Thắng,  Dĩ An,  Bình Dương",10.894016,106.8171559,0,0.0,0.0,0.0,0.0,0.0,0.0
"Bán nhà 3 tầng Lâm Văn Bền, Q7 60m2 giá 9,5 tỷ","9,5 tỷ",60 m²,4,3,"Quận 7, Hồ Chí Minh","Đường Lâm Văn Bền, Phường Tân Kiểng, Quận 7, Hồ Chí Minh",10.74870944,106.7147551,0,0.0,0.0,0.0,0.0,0.0,0.0
Căn hộ STown Gateway - Sổ hồng riêng sở hữu lâu dài - Phòng Kinh Doanh Chủ Đầu Tư: 0909 056 ***,"1,7 tỷ",50 m²,2,1,"Thuận An, Bình Dương"," Đường Quốc Lộ 13,  Phường Vĩnh Phú,  Thuận An,  Bình Dương",10.8723579,106.7047852,0,0.0,0.0,0.0,0.0,0.0,0.0
"Bán căn hộ TT AVIO Nhật Bản ngay Vincom Dĩ An, Trả góp chỉ 9tr/tháng, căn 2PN giá từ 1,23 tỷ/căn","1,23 tỷ",40 m²,2,1,"Dĩ An, Bình Dương"," Đường Tỉnh lộ 743C,  Phường Tân Đông Hiệp,  Dĩ An,  Bình Dương",10.9214709,106.7668045,0,0.0,0.0,0.0,0.0,0.0,0.0
Tha hồ lựa chọn Alacarte Hạ Long giá rẻ - Mua nhà được tư vấn miễn phí vận hành kinh doanh cho thuê,Giá thỏa thuận,50 m²,1,1,"Hạ Long, Quảng Ninh"," Phường Hùng Thắng,  Hạ Long,  Quảng Ninh",20.959893,107.0032197,0,0.0,0.0,0.0,0.0,0.0,0.0
"Bán nhà riêng tại Liên khu 4 - 5, 2,45 tỷ, 33m2, 2PN, 2WC, pháp lý đầy đủ","2,45 tỷ",35 m²,2,2,"Bình Tân, Hồ Chí Minh","Đường Liên khu 4-5, Phường Bình Hưng Hòa B, Bình Tân, Hồ Chí Minh",10.79972103,106.5849349,0,0.0,0.0,0.0,0.0,0.0,0.0
"Bán gấp nhà mặt tiền 57 - 59 Nguyễn Văn Kỉnh, Thạnh Mỹ Lợi, Q2, HCM. 16x20m, 8 tầng. Giá 215 tỷ VND",215 tỷ,320 m²,7,7,"Quận 2, Hồ Chí Minh","57-59 Đường Nguyễn Văn Kỉnh, Phường Thạnh Mỹ Lợi, Quận 2, Hồ Chí Minh",10.77073175,106.7702559,0,0.0,0.0,0.0,0.0,0.0,0.0
"Bán nhà mặt tiền đường 494, nhà 1T/3 lầu, P. Tăng Nhơn Phú A, gần Lê văn Việt","12,5 tỷ",105 m²,5,5,"Quận 9, Hồ Chí Minh","Đường 494, Phường Tăng Nhơn Phú A, Quận 9, Hồ Chí Minh",10.7589554,106.6730492,0,0.0,0.0,0.0,0.0,0.0,0.0
"Bán nhà phố, bán biệt thự khu Euro Village, vị trí đắc địa bậc nhất Đà Nẵng",Giá thỏa thuận,100 m²,4,5,"Sơn Trà, Đà Nẵng"," Đường Ngô Quyền,  Phường An Hải Nam,  Sơn Trà,  Đà Nẵng",16.05758577,108.2353886,0,0.0,0.0,0.0,0.0,0.0,0.0
PKD Privia cập nhật full giỏ hàng 100 căn giá tốt nhất TT studio-2.5t/1PN-3t/2PN-3.9t/3PN-4.75t,"3,05 tỷ",51 m²,1,1,"Bình Tân, Hồ Chí Minh"," Đường An Dương Vương,  Phường An Lạc,  Bình Tân,  Hồ Chí Minh",10.7223892,106.6197111,0,0.0,0.0,0.0,0.0,0.0,0.0
"Bán căn hộ 3PN góc, 95m2, giá 7.9 tỷ tại Thống Nhất Complex, 82 Nguyễn Tuân","7,9 tỷ",95 m²,3,2,"Thanh Xuân, Hà Nội","Thống Nhất Complex, 82, Đường Nguyễn Tuân, Phường Thanh Xuân Trung, Thanh Xuân, Hà Nội",20.9966132,105.8050345,0,0.0,0.0,0.0,0.0,0.0,0.0
Siêu phẩm đầu tư ngay ga Metro Bình Thái - Nhà 3T 108m2 (4.6m x 23m) đường oto 11m thông có vỉa hè,"10,8 tỷ",108 m²,3,3,"Thủ Đức, Hồ Chí Minh","Đường Nguyễn Văn Bá, Phường Trường Thọ, Thủ Đức, Hồ Chí Minh",10.81726087,106.7571999,0,0.0,0.0,0.0,0.0,0.0,0.0
"Bán Nhà phố, biệt thự Cityland Park Hills phường 10 Gò Vấp, nhiều mặt hàng quý khách lựa chọn",Giá thỏa thuận,100 m²,6,6,"Gò Vấp, Hồ Chí Minh","CityLand Park Hills, 18, Đường Phan Văn Trị, Phường 10, Gò Vấp, Hồ Chí Minh",10.8346595,106.6673191,0,0.0,0.0,0.0,0.0,0.0,0.0
Nhỉnh 6tỷ có ngay nhà phố Nguyễn Văn Cừ DT 55m2 - giá hiếm người bán,"6,6 tỷ",55 m²,3,3,"Long Biên, Hà Nội","Đường Nguyễn Văn Cừ, Phường Long Biên, Long Biên, Hà Nội",21.04122651,105.8694521,0,0.0,0.0,0.0,0.0,0.0,0.0
"Độc quyền hàng hiếm 4PN - 154m2 - The Senique HaNoi, view Panorama hướng hồ cực chất LH 0976 037 ***",Giá thỏa thuận,154 m²,4,3,"Gia Lâm, Hà Nội"," Xã Dương Xá,  Gia Lâm,  Hà Nội",21.0046345,105.970087,0,0.0,0.0,0.0,0.0,0.0,0.0
"Bán CHCC chung cư iris Garden - 30 Trần Hữu Dực, Liên hệ xem nhà: 0989 324 *** em Châu","4,3 tỷ",62 m²,2,2,"Nam Từ Liêm, Hà Nội","Iris Garden, 30, Đường Trần Hữu Dực, Phường Cầu Diễn, Nam Từ Liêm, Hà Nội",21.0345973,105.7625765,0,0.0,0.0,0.0,0.0,0.0,0.0
Siêu phẩm căn hộ cao cấp - view sông Hàn pháo hoa độc nhất Đà Nẵng chiết khấu lên đến 21%,"8,96 tỷ","70,1 m²",2,2,"Sơn Trà, Đà Nẵng"," Đường Trần Hưng Đạo,  Phường Nại Hiên Đông ,  Sơn Trà,  Đà Nẵng",16.08516825,108.2288678,0,0.0,0.0,0.0,0.0,0.0,0.0
"Mở bán khu biệt thự với 41 căn đồng bộ kiến trúc Pháp đang hoàn thiện tại Đà Lạt, giá F0",18 tỷ,200 m²,6,6,"Đà Lạt, Lâm Đồng","Đường Trịnh Hoài Đức, Phường 11, Đà Lạt, Lâm Đồng",11.946348,108.4909235,0,0.0,0.0,0.0,0.0,0.0,0.0
"3PN OS1 tầng cao view trực diện sông, công viên Vinwonder","8,9 tỷ",100 m²,3,2,"Quận 9, Hồ Chí Minh"," Phường Long Bình,  Quận 9,  Hồ Chí Minh",10.7589554,106.6730492,0,0.0,0.0,0.0,0.0,0.0,0.0
"Bán BT đơn lập cực đẹp 3MT đường, diện tích 206m2 xây 3T trục đường Đại Mỗ Nam TL.","63,5 tỷ",206 m²,5,5,"Nam Từ Liêm, Hà Nội","Đường Đại Mỗ, Phường Đại Mỗ, Nam Từ Liêm, Hà Nội",20.98737736,105.766857,0,0.0,0.0,0.0,0.0,0.0,0.0
Chính chủ bán nhà phố 2 mặt tiền trước sau,"5,95 tỷ","45,3 m²",3,4,"Gò Vấp, Hồ Chí Minh","Đường Lê Đức Thọ, Phường 13, Gò Vấp, Hồ Chí Minh",10.8187905,106.6791511,0,0.0,0.0,0.0,0.0,0.0,0.0
"Bán biệt thự giá F0 từ Chủ đầu tư, miễn lãi và ân hạn gốc 12 tháng",11 tỷ,180 m²,4,5,"Từ Sơn, Bắc Ninh"," Đường Hữu Nghị,  Phường Phù Chẩn,  Từ Sơn,  Bắc Ninh",21.08308623,105.9652381,0,0.0,0.0,0.0,0.0,0.0,0.0
"Nhà Lk Vạn Phúc 46m2*6T, mặt sau Him Lam, full nội thất, giá 15.9 tỷ","15,9 tỷ","46,3 m²",4,5,"Hà Đông, Hà Nội","Phố Vạn Phúc, Phường Vạn Phúc, Hà Đông, Hà Nội",20.9706711,105.7754762,0,0.0,0.0,0.0,0.0,0.0,0.0
"Siêu phẩm 6 tầng Luxury có thang máy mặt tiền nhánh 8m Nguyễn Ảnh Thủ, P. Tân Chánh Hiệp, Quận 12","8,19 tỷ",82 m²,4,6,"Quận 12, Hồ Chí Minh","Đường Nguyễn Ảnh Thủ, Phường Tân Chánh Hiệp, Quận 12, Hồ Chí Minh",10.87103948,106.6213959,0,0.0,0.0,0.0,0.0,0.0,0.0
"Tập đoàn BRG mở bán căn hộ biển Đà Nẵng giá chỉ từ 4,8 tỷ - Newtown Diamond - Sân golf 36 hố","4,8 tỷ",73 m²,2,2,"Ngũ Hành Sơn, Đà Nẵng"," Đường Trường Sa,  Phường Hòa Hải,  Ngũ Hành Sơn,  Đà Nẵng",16.01237419,108.262408,0,0.0,0.0,0.0,0.0,0.0,0.0
Chuyên căn hộ Era Town Quận 7 giá tốt! 67m2 - 2PN 2WC full nội thất chỉ 1 tỷ 840. LH: 0938 371 ***,"1,84 tỷ",67 m²,2,2,"Quận 7, Hồ Chí Minh"," Phường Phú Mỹ,  Quận 7,  Hồ Chí Minh",10.7061532,106.7378425,0,0.0,0.0,0.0,0.0,0.0,0.0
"Chính chủ cần bán căn nhà phố Đông Ngạc - 30m2 - 4 tầng - 5,3 tỷ - 15m ra ngõ ô tô tránh","5,3 tỷ",30 m²,5,3,"Bắc Từ Liêm, Hà Nội","Ngõ 81, đường Đông Ngạc, Phường Đông Ngạc, Bắc Từ Liêm, Hà Nội",21.09229035,105.7818826,0,0.0,0.0,0.0,0.0,0.0,0.0
"Chỉ thanh toán 440 triệu sở hữu ngay căn hộ 2PN2WC giỏ hàng CĐT, CH The Maison tháng 5 bàn giao nhà",2 tỷ,70 m²,2,2,"Thủ Dầu Một, Bình Dương"," Đường Phan Bội Châu,  Phường Phú Thọ,  Thủ Dầu Một,  Bình Dương",10.9598993,106.6698217,0,0.0,0.0,0.0,0.0,0.0,0.0
Bán ngay dự án The Vista vị trí trung tâm thành phố - Booking chỉ với 50tr - Sở hữu lâu dài,Giá thỏa thuận,76 m²,2,2,"Hải Châu, Đà Nẵng"," Đường Xô Viết Nghệ Tĩnh,  Phường Hòa Cường Nam,  Hải Châu,  Đà Nẵng",16.03243564,108.2197473,0,0.0,0.0,0.0,0.0,0.0,0.0
"Bán căn hộ chung cư Eco Green City, 4,4 tỷ, 67m2, 2PN, 2WC, giá tốt","4,4 tỷ",67 m²,2,2,"Thanh Trì, Hà Nội"," Đường Nguyễn Xiển,  Xã Tân Triều,  Thanh Trì,  Hà Nội",20.98294964,105.809326,0,0.0,0.0,0.0,0.0,0.0,0.0
"Quỹ căn hộ giá tốt nhất tại Vinhomes Smart City - An cư lý tưởng, Đầu tư sinh lời !","3,8 tỷ",61 m²,2,2,"Nam Từ Liêm, Hà Nội"," Phường Tây Mỗ,  Nam Từ Liêm,  Hà Nội",21.0096762,105.7445572,0,0.0,0.0,0.0,0.0,0.0,0.0
"Hiếm, mặt tiền Phú Thọ Hoà, 4x18m (SD 72m2), 2 tầng, giá 14,9 tỷ TL","14,9 tỷ",72 m²,2,2,"Tân Phú, Hồ Chí Minh","Đường Phú Thọ Hòa, Phường Phú Thọ Hòa, Tân Phú, Hồ Chí Minh",10.7856487,106.6343955,0,0.0,0.0,0.0,0.0,0.0,0.0
Sapphire Gem sở hữu vị trí vàng - đón đầu tiềm năng tăng giá,"8,15 tỷ",154 m²,4,4,"Thủy Nguyên, Hải Phòng"," Phường Thủy Đường,  Thủy Nguyên,  Hải Phòng",20.9204971,106.6805479,0,0.0,0.0,0.0,0.0,0.0,0.0
Sở hữu căn hộ Sài Gòn Intela chỉ với 600tr,"1,53 tỷ",55 m²,2,2,"Bình Chánh, Hồ Chí Minh"," Đường Nguyễn Văn Linh,  Xã Phong Phú,  Bình Chánh,  Hồ Chí Minh",10.6968222,106.6546923,0,0.0,0.0,0.0,0.0,0.0,0.0
"Bán MT Tô Ngọc Vân, Linh Đông. Ngang 20m*20m=370m2. Hđ thuê 160tr/tháng thu nét. Giá bán 60 tỷ TL",60 tỷ,370 m²,1,1,"Thủ Đức, Hồ Chí Minh","Đường Tô Ngọc Vân, Phường Linh Đông, Thủ Đức, Hồ Chí Minh",10.85812542,106.7490253,0,0.0,0.0,0.0,0.0,0.0,0.0
"CC cần bán gấp căn 1N + 43m2 full đồ, thiết kế 2N giá 2.98 tỷ","2,98 tỷ",43 m²,2,1,"Nam Từ Liêm, Hà Nội"," Phường Tây Mỗ,  Nam Từ Liêm,  Hà Nội",21.0096762,105.7445572,0,0.0,0.0,0.0,0.0,0.0,0.0
"Chính chủ bán nhà riêng gần trường tiểu học/trung học cơ sở Kim Giang, Phố Hoàng Đạo Thành","13,5 tỷ","42,7 m²",2,2,"Thanh Xuân, Hà Nội","Số 14 ngách 55, ngõ 64, Đường Kim Giang, Phường Hạ Đình, Thanh Xuân, Hà Nội",20.98266639,105.8156994,0,0.0,0.0,0.0,0.0,0.0,0.0
Phố Nguyễn Văn lộc siêu kinh doanh - nở hậu - trung tâm quận - đối diện học viện an ninh,33 tỷ,105 m²,6,6,"Hà Đông, Hà Nội","Đường Nguyễn Văn Lộc, Phường Mỗ Lao, Hà Đông, Hà Nội",20.9821715,105.7842539,0,0.0,0.0,0.0,0.0,0.0,0.0
"Phải thật nhanh nhà dân xây Vĩnh Phúc, Hoàng Hoa Thám, Ba Đình 50m2x3T 4 ngủ giá siêu rẻ 6,8 tỷ","6,8 tỷ",50 m²,4,3,"Ba Đình, Hà Nội","Ngõ 75, Đường Vĩnh Phúc, Phường Vĩnh Phúc, Ba Đình, Hà Nội",21.04287922,105.8083381,0,0.0,0.0,0.0,0.0,0.0,0.0
"The Filmore giỏ hàng 23 căn từ CDT, chiết khấu 16% tháng 3 tặng tivi 75in hoặc trừ vào giá bán 40tr","4,7 tỷ",51 m²,1,1,"Hải Châu, Đà Nẵng"," Đường Bạch Đằng,  Phường Bình Thuận,  Hải Châu,  Đà Nẵng",16.05489458,108.2236461,0,0.0,0.0,0.0,0.0,0.0,0.0
"TỔNG HỢP, Quỹ căn hộ BRG Diamond Park Plaza, 1PN-2PN-3PN, 16 Láng Hạ mới nhất VIEW Hồ.","18,75 tỷ",125 m²,3,2,"Ba Đình, Hà Nội","Diamond Park Plaza , Láng Hạ, Thành Công, Ba Đình, Hà Nội",21.01664035,105.8138106,0,0.0,0.0,0.0,0.0,0.0,0.0
Đón sóng Từ Sơn về Hà Nội CĐT mở bán quỹ căn siêu vip giá F0 tại Bắc Ninh. Sổ hồng sở hữu nâu dài,11 tỷ,180 m²,3,4,"Từ Sơn, Bắc Ninh"," Đường Hữu Nghị,  Phường Phù Chẩn,  Từ Sơn,  Bắc Ninh",21.08308623,105.9652381,0,0.0,0.0,0.0,0.0,0.0,0.0
"5 căn ưu đãi. Nhỉnh 1 tỷ mua căn 2PN, 3PN. Chỉ từ 60tr/m2. Vay 0%/24T, CK 10%, quà tặng 1 cây vàng",5 tỷ,90 m²,2,2,"Hoàng Mai, Hà Nội"," Đường Bằng Liệt,  Phường Hoàng Liệt,  Hoàng Mai,  Hà Nội",20.966795,105.824457,0,0.0,0.0,0.0,0.0,0.0,0.0
"Quỹ căn Vinhomes Skylake Phạm Hùng, Mỹ Đình, Nam Từ Liêm 3PN giá tốt nhất T3/2025",8 tỷ,90 m²,3,2,"Nam Từ Liêm, Hà Nội"," Đường Phạm Hùng,  Phường Mỹ Đình 1,  Nam Từ Liêm,  Hà Nội.",21.02017478,105.7799731,0,0.0,0.0,0.0,0.0,0.0,0.0
Bán căn hộ chung cư 130m2 vew hồ điều hoà,7 tỷ,130 m²,3,2,"Nam Từ Liêm, Hà Nội"," Đường Tố Hữu,  Phường Trung Văn,  Nam Từ Liêm,  Hà Nội",20.9921504,105.7838655,0,0.0,0.0,0.0,0.0,0.0,0.0
"Chính chủ cần bán nhà đường XVNT, P.26, Q.Bình Thạnh, đường ôtô né nhau, xe tải quay đầu thoải mái","10,9 tỷ",65 m²,3,3,"Bình Thạnh, Hồ Chí Minh","Đường Xô Viết Nghệ Tĩnh, Phường 26, Bình Thạnh, Hồ Chí Minh",10.80633469,106.7115558,0,0.0,0.0,0.0,0.0,0.0,0.0
"Chính chủ bán căn hộ 90m², phòng 14.6 tòa nhà Vimeco 1, Trung Hòa, Cầu Giấy","6,85 tỷ",90 m²,3,2,"Cầu Giấy, Hà Nội"," Đường Phạm Hùng,  Phường Trung Hòa,  Cầu Giấy,  Hà Nội",21.0084017,105.7899445,0,0.0,0.0,0.0,0.0,0.0,0.0
Quỹ căn cần bán gấp 03/2025 tại Royal City. Cam kết có slot oto. Full tiện ích 5sao. LH 0375 122 ***,"10,2 tỷ",130 m²,3,2,"Thanh Xuân, Hà Nội","Royal City, Nguyễn Trãi, Thượng Đình, Thanh Xuân, Hà Nội",21.0043562,105.8159117,0,0.0,0.0,0.0,0.0,0.0,0.0
"Cần bán căn hộ 2PN2WC Ruby Vinhomes Ocean Park Gia Lâm diện tích 68m giá bán 4,350tỷ LH 0923 468 ***","4,35 tỷ",68 m²,2,2,"Gia Lâm, Hà Nội"," Đường Đông Dư,  Thị trấn Trâu Quỳ,  Gia Lâm,  Hà Nội",21.00686405,105.9511242,0,0.0,0.0,0.0,0.0,0.0,0.0
"Chính chủ cắt lỗ bán nhanh căn hộ 2PN Sunshine Sky City Tòa S3 DT 77,5m2, tầng cao view đẹp có TL","5,5 tỷ","77,5 m²",2,2,"Quận 7, Hồ Chí Minh"," Đường Phú Thuận,  Phường Tân Phú,  Quận 7,  Hồ Chí Minh",10.73028113,106.7307725,0,0.0,0.0,0.0,0.0,0.0,0.0
"Chính chủ bán nhà riêng 6 tầng x 51m2, thang máy, lô góc, full nội thất, Nguyễn Văn Cừ, ngõ 3m","9,55 tỷ",51 m²,3,5,"Long Biên, Hà Nội","Đường Nguyễn Văn Cừ, Phường Gia Thụy, Long Biên, Hà Nội",21.04870323,105.8819132,0,0.0,0.0,0.0,0.0,0.0,0.0
"HimLam ra hàng mới nhất, quỹ các căn shophouse đường Lý Tử Tấn. Đường 33m + vỉa hè 5m. Giá từ 17 tỷ","18,5 tỷ","88,3 m²",6,7,"Thường Tín, Hà Nội","Him Lam Thường Tín, Đường Trần Phú, Thị trấn Thường Tín, Thường Tín, Hà Nội",20.7831795,105.9130643,0,0.0,0.0,0.0,0.0,0.0,0.0
"Bán căn hộ Iris Garden 30 Trần Hữu Dực, DT 60,7 đến 135m2 2 và 3 ngủ 4,5 tỷ đến 8,3 tỷ xem nhà 24/7",Giá thỏa thuận,"60,7 m²",2,2,"Nam Từ Liêm, Hà Nội","Iris Garden, 30, Đường Trần Hữu Dực, Phường Cầu Diễn, Nam Từ Liêm, Hà Nội",21.0345973,105.7625765,0,0.0,0.0,0.0,0.0,0.0,0.0
Căn hộ biển Quy Nhơn - Sở hữu lâu dài (thuê lại sau khi khách hàng nhận bàn giao căn hộ),Giá thỏa thuận,46 m²,1,1,"Quy Nhơn, Bình Định","Simona Heights , 145A, Đường Trần Hưng Đạo, Phường Thị Nại, Quy Nhơn, Bình Định",13.7813348,109.2262725,0,0.0,0.0,0.0,0.0,0.0,0.0
"Bán nhà 2 mặt tiền phố Phạm Huy Thông, 9,9 tỷ, 70m2, 2PN, 2WC, Gò Vấp, HCM","9,9 tỷ",70 m²,2,2,"Gò Vấp, Hồ Chí Minh","Đường Phạm Huy Thông, Phường 7, Gò Vấp, Hồ Chí Minh",10.8408087,106.6751861,0,0.0,0.0,0.0,0.0,0.0,0.0
Bán gấp căn hộ chính chủ TimesCity - Park Hill giá rẻ nhất thị trường t3/2025. LH 0968 108 ***,"7,3 tỷ",95 m²,2,2,"Hai Bà Trưng, Hà Nội","Times City, Minh Khai, Vĩnh Tuy, Hai Bà Trưng, Hà Nội",20.9959723,105.8667531,0,0.0,0.0,0.0,0.0,0.0,0.0
"Bán biệt thự 320m2 tại phường Long Toàn, TP - Bà Rịa","12,1 tỷ",320 m²,4,4,"Bà Rịa, Bà Rịa Vũng Tàu","Phường Long Toàn, Bà Rịa, Bà Rịa Vũng Tàu",10.4934352,107.1953109,0,0.0,0.0,0.0,0.0,0.0,0.0
"Nội bộ CĐT bán 2PN 71,82m2 The Rivana giá 102% chỉ 2tỷ490 (SHR) - mặt tiền QL13 & view sông Sài Gòn","2,49 tỷ","71,82 m²",2,2,"Thuận An, Bình Dương"," Đường Quốc Lộ 13,  Phường Vĩnh Phú,  Thuận An,  Bình Dương",10.8723579,106.7047852,0,0.0,0.0,0.0,0.0,0.0,0.0
"Akari City 2PN1WC 2.650 tỷ, 2PN2WC 3.2 tỷ, 80m2/3,6 tỷ, 3.25 tỷ/62m2. đã có sổ hồng. trực tiếp CĐT","3,2 tỷ",75 m²,2,2,"Bình Tân, Hồ Chí Minh"," Đường Võ Văn Kiệt,  Phường An Lạc,  Bình Tân,  Hồ Chí Minh",10.72606923,106.6198035,0,0.0,0.0,0.0,0.0,0.0,0.0
"Nhà đẹp, giá tốt. Thương lượng chính chủ. Hỗ trợ vay ngân hàng. Không tiếp môi giới","8,7 tỷ","79,4 m²",4,5,"Đà Lạt, Lâm Đồng","Phố Phù Đổng Thiên Vương, Phường 8, Đà Lạt, Lâm Đồng",11.9648407,108.4431979,0,0.0,0.0,0.0,0.0,0.0,0.0
Cần bán căn hộ 8x Plus 67m2 2PN 2WC giá 2.5 tỷ đã có sổ hồng,"2,5 tỷ",67 m²,2,2,"Quận 12, Hồ Chí Minh"," Đường Trường Chinh,  Phường Tân Thới Nhất,  Quận 12,  Hồ Chí Minh",10.82861345,106.6179298,0,0.0,0.0,0.0,0.0,0.0,0.0
"Bán căn 2PN góc giá siêu tốt giai đoạn đầu, thanh toán giãn đến năm 2028","8,7 tỷ",74 m²,2,2,"Quận 2, Hồ Chí Minh"," Đường Mai Chí Thọ,  Phường An Phú,  Quận 2,  Hồ Chí Minh",10.7365876,106.7120245,0,0.0,0.0,0.0,0.0,0.0,0.0
Chính chủ bán nhà số 47 Phố Chợ Đôn - Lê Chân - Hải Phòng,Giá thỏa thuận,60 m²,4,3,"Lê Chân, Hải Phòng","Phường Nghĩa Xá, Lê Chân, Hải Phòng",20.8391035,106.6699841,0,0.0,0.0,0.0,0.0,0.0,0.0
"Căn hộ 2PN 2VS giá chỉ từ 2,3tỷ. Dự Án Vic Grand Square Việt Trì. Vốn ban đầu ~700tr(30%GTCH)","2,2 tỷ",68 m²,2,2,"Việt Trì, Phú Thọ"," Đường Hùng Vương,  Phường Gia Cẩm,  Việt Trì,  Phú Thọ",21.3136067,105.3946301,0,0.0,0.0,0.0,0.0,0.0,0.0
"Chỉ 250 triệu sở hữu căn hộ TT Thành Phố Phú Mỹ, tỉ suất lợi nhuận cho thuê hơn TP HCM, Bình Dương",Giá thỏa thuận,65 m²,2,2,"Phú Mỹ, Bà Rịa Vũng Tàu"," Đường Quốc Lộ 51,  Phường Phú Mỹ,  Phú Mỹ,  Bà Rịa Vũng Tàu",10.5711506,107.0547622,0,0.0,0.0,0.0,0.0,0.0,0.0
"Chính chủ cần bán căn hộ 73m2 toà C tầng 6 CC Eco City Việt Hưng, full nội thất cách Hồ Gươm 6,5km",4 tỷ,73 m²,2,2,"Long Biên, Hà Nội"," Phường Giang Biên,  Long Biên,  Hà Nội",21.064662,105.9176926,0,0.0,0.0,0.0,0.0,0.0,0.0
Em Toàn chuyên chuyển nhượng căn hộ tại CC Florence - 28 Trần Hữu Dực. Cập nhật quỹ căn,"6,75 tỷ","91,5 m²",3,2,"Nam Từ Liêm, Hà Nội","Florence Mỹ Đình, 28, Đường Trần Hữu Dực, Phường Cầu Diễn, Nam Từ Liêm, Hà Nội",21.0345973,105.7625765,0,0.0,0.0,0.0,0.0,0.0,0.0
"Bán shophouse Jamila Khang Điền tại đường Song Hành, Quận 9, TP. HCM, 115 m2 giá tốt","7,2 tỷ",115 m²,1,2,"Quận 9, Hồ Chí Minh"," Đường Song Hành,  Phường Phú Hữu,  Quận 9,  Hồ Chí Minh",10.7608529,106.7012374,0,0.0,0.0,0.0,0.0,0.0,0.0
"Căn rẻ nhất thị trường. View đẹp, giá tốt giai đoạn đầu. Chiết khấu 23.8%, tặng thêm 500tr","5,9 tỷ",120 m²,3,4,"Cam Ranh, Khánh Hòa","Sông Town, Đường Nguyễn Tất Thành, Phường Cam Nghĩa, Thành phố Cam Ranh, Khánh Hòa",11.9881329,109.1913472,0,0.0,0.0,0.0,0.0,0.0,0.0
"Chính chủ định cư nước ngoài cần bán gấp nhà số 15 Phường Bình An ,Thành phố Thủ Đức , pháp lý sạch",35 tỷ,168 m²,4,5,"Quận 2, Hồ Chí Minh","Đường Số 40, Phường Bình An, Quận 2, Hồ Chí Minh",10.8499431,106.767018,0,0.0,0.0,0.0,0.0,0.0,0.0
"Độc quyền chính chủ cần bán căn 2 phòng ngủ tầng cao view ngắm pháo hoa, quận 1, giá chỉ 15,9 tỷ","15,9 tỷ",76 m²,2,2,"Quận 2, Hồ Chí Minh"," Đường Đại Lộ Vòng Cung,  Phường Thủ Thiêm,  Quận 2,  Hồ Chí Minh.",10.80484845,106.7167622,0,0.0,0.0,0.0,0.0,0.0,0.0
"Giỏ hàng độc quyền căn hoa hậu Hy Lạp Sông Town, giá giai đoạn đầu, tặng 500tr","9,5 tỷ","122,4 m²",3,4,"Cam Ranh, Khánh Hòa"," Đường Nguyễn Tất Thành,  Phường Cam Nghĩa,  Cam Ranh,  Khánh Hòa",11.9881329,109.1913472,0,0.0,0.0,0.0,0.0,0.0,0.0
Căn góc Hy Lạp với tầm nhìn sân golf siêu đẹp. Giá ưu đãi giai đoạn đầu.Chiết khấu hơn 2 tỷ + 500tr,9 tỷ,"158,86 m²",3,4,"Cam Ranh, Khánh Hòa"," Đường Nguyễn Tất Thành,  Phường Cam Nghĩa,  Cam Ranh,  Khánh Hòa",11.9881329,109.1913472,0,0.0,0.0,0.0,0.0,0.0,0.0
"Siêu phẩm căn hộ giới hạn 2 ngủ 45,6m2 giá 790tr tầng đẹp, view Đông Nam view hồ, view trường học",790 triệu,"45,6 m²",2,1,"Yên Phong, Bắc Ninh"," Đường Tỉnh lộ 295,  Xã Đông Tiến,  Yên Phong,  Bắc Ninh",21.21586647,105.9804095,0,0.0,0.0,0.0,0.0,0.0,0.0
Quỹ căn hộ giá rẻ không chênh hỗ trợ vay vốn ngân hàng 80% sổ đỏ sang tên rẻ hơn CDT 500 triệu,"3,3 tỷ",68 m²,2,2,"Đông Anh, Hà Nội"," Đường 5,  Xã Đông Hội,  Đông Anh,  Hà Nội",21.13968625,105.8518553,0,0.0,0.0,0.0,0.0,0.0,0.0
"Bán nhà mặt tiền Phạm Văn Thuận 14x36, diện tích sàn 1400m tại Biên Hoà, Đồng Nai",63 tỷ,490 m²,3,3,"Biên Hòa, Đồng Nai","Đường Phạm Văn Thuận, Phường Tân Mai, Biên Hòa, Đồng Nai",10.9546785,106.8519919,0,0.0,0.0,0.0,0.0,0.0,0.0
"Chỉ 1.5 tỷ sở hữu căn 1 ngủ tòa S3 Symphony ven sông Hàn ngắm pháo hoa , bán đảo Sơn Trà .",4 tỷ,58 m²,1,1,"Sơn Trà, Đà Nẵng"," Đường Trần Hưng Đạo,  Phường Nại Hiên Đông ,  Sơn Trà,  Đà Nẵng",16.08516825,108.2288678,0,0.0,0.0,0.0,0.0,0.0,0.0
"Chính chủ cần bán gấp nhà riêng phố Kim Mã, Ba Đình, Hà Nội 5 tầng full nội thất giá rẻ","8,8 tỷ",43 m²,5,3,"Ba Đình, Hà Nội","Phố Kim Mã, Phường Kim Mã, Ba Đình, Hà Nội",21.03190699,105.8257849,0,0.0,0.0,0.0,0.0,0.0,0.0
"Gia đình cần bán gấp nhà phố Lavila KDC ven sông, sổ hồng đầy đủ, giá (10.39 tỷ) LH: 0909 888 ***","10,39 tỷ",106 m²,4,4,"Nhà Bè, Hồ Chí Minh"," Đường Nguyễn Hữu Thọ,  Xã Phước Kiển,  Nhà Bè,  Hồ Chí Minh",10.71772076,106.7026202,0,0.0,0.0,0.0,0.0,0.0,0.0
Gia đình cần bán gấp biệt thự Nine South KDC Ven Sông 15 tỷ (Thương lượng). LH: 0909 888 ***,15 tỷ,140 m²,4,5,"Nhà Bè, Hồ Chí Minh"," Đường Nguyễn Hữu Thọ,  Xã Phước Kiển,  Nhà Bè,  Hồ Chí Minh",10.71772076,106.7026202,0,0.0,0.0,0.0,0.0,0.0,0.0
"Hàng ngộp, giá tốt tại chung cư C Sky View. 1PN 53m2 từ 1.5 tỷ, 2PN 80m2 1.95 tỷ, 3PN 100m2 2.6 tỷ","1,95 tỷ",80 m²,2,2,"Thủ Dầu Một, Bình Dương"," Đường D8,  Phường Chánh Nghĩa,  Thủ Dầu Một,  Bình Dương",10.97174058,106.66461,0,0.0,0.0,0.0,0.0,0.0,0.0
"Hot! Mua nhà tặng xe, tặng học bổng, CK 15% + quà tân gia 450tr. LH: 0938 857 ***","3,1 tỷ",55 m²,2,2,"Quận 9, Hồ Chí Minh"," Phường Long Bình,  Quận 9,  Hồ Chí Minh",10.7589554,106.6730492,0,0.0,0.0,0.0,0.0,0.0,0.0
"Bán De La Sol Quận 4, tin thật đảm bảo giá tốt nhất thị trường 7,5 tỷ, 84m2","7,5 tỷ",84 m²,2,2,"Quận 4, Hồ Chí Minh","De La Sol, Tôn Thất Thuyết, 1, Quận 4, Hồ Chí Minh",10.75299232,106.6935272,0,0.0,0.0,0.0,0.0,0.0,0.0
Chỉ 3 căn hộ Park Legend mua trực tiếp chủ đầu tư - sân bay TSN - Hoàng Văn Thụ - Q. Tân Bình,"5,8 tỷ",70 m²,2,2,"Tân Bình, Hồ Chí Minh"," Đường Hoàng Văn Thụ,  Phường 2,  Tân Bình,  Hồ Chí Minh",10.80055375,106.6636224,0,0.0,0.0,0.0,0.0,0.0,0.0
"Chính chủ bán biệt thự Nine South Estates, đường 17, 140 m2",19 tỷ,140 m²,4,4,"Nhà Bè, Hồ Chí Minh"," Đường Nguyễn Hữu Thọ,  Xã Phước Kiển,  Nhà Bè,  Hồ Chí Minh",10.71772076,106.7026202,0,0.0,0.0,0.0,0.0,0.0,0.0
"NHỈNH 6 TỶ NHÀ ĐẸP NGANG KHỦNG 5M, CÁCH MẠNG THÁNG 8, TÂN BÌNH, CHỈ XÁCH VA LI VÔ Ở","6,5 tỷ",35 m²,3,4,"Tân Bình, Hồ Chí Minh","Đường Cách Mạng Tháng Tám, Phường 5, Tân Bình, Hồ Chí Minh",10.7902251,106.6619253,0,0.0,0.0,0.0,0.0,0.0,0.0
"Giỏ hàng hơn 100 căn bán tại Hà Đô nhiều căn độc quyền - giá tốt nhất 1PN 6 tỷ 2PN 8,5 tỷ 3PN 11 tỷ","8,5 tỷ",88 m²,2,2,"Quận 10, Hồ Chí Minh"," Đường 3/2,  Phường 12,  Quận 10,  Hồ Chí Minh",10.76976565,106.6708768,0,0.0,0.0,0.0,0.0,0.0,0.0
"Sốc! Duplex 193,2 m2 - View cầu ánh sáng - BC Đông Nam tại tòa S - Tiến độ giãn - Chủ nhà tk gấp","16,5 tỷ","193,2 m²",4,3,"Nam Từ Liêm, Hà Nội"," Đường Đại lộ Thăng Long,  Phường Tây Mỗ,  Nam Từ Liêm,  Hà Nội",21.0090956,105.7462871,0,0.0,0.0,0.0,0.0,0.0,0.0
"Cara River Park - 2PN góc 70m2 - view Sông Hậu, Cầu Cần Thơ - sổ hồng vĩnh viễn","2,85 tỷ",70 m²,2,2,"Cái Răng, Cần Thơ"," Đường Vũ Đình Liệu,  Phường Hưng Thạnh,  Cái Răng,  Cần Thơ",10.0061732,105.7836175,0,0.0,0.0,0.0,0.0,0.0,0.0
Siêu phẩm liền kề đáng đầu tư nhất Vinhomes Global Gate. Gần sát công viên với vô vàn tiện ích,"20,89 tỷ",75 m²,6,8,"Đông Anh, Hà Nội"," Đường Cổ Loa,  Xã Đông Hội,  Đông Anh,  Hà Nội",21.13968625,105.8518553,0,0.0,0.0,0.0,0.0,0.0,0.0
Cặp liền kề Ánh Dương 170m2 - Mặt tiền 10m ngay cạnh công viên. LH ngay 0797 484 ***,"41,81 tỷ",170 m²,12,18,"Đông Anh, Hà Nội"," Đường Cổ Loa,  Xã Đông Hội,  Đông Anh,  Hà Nội",21.13968625,105.8518553,0,0.0,0.0,0.0,0.0,0.0,0.0
Chính chủ bán biệt thự đẹp trong khu Compound yên tĩnh Thảo Điền 2,115 tỷ,305 m²,5,6,"Quận 2, Hồ Chí Minh","153, Đường Nguyễn Văn Hưởng, Phường Thảo Điền, Quận 2, Hồ Chí Minh",10.81054575,106.7241751,0,0.0,0.0,0.0,0.0,0.0,0.0
"2PN View Sông, tốt nhất thị trường, mua trực tiếp CĐT, tặng xe VF3, 2 Học bổng Vinschool,chỉ 4,4 tỷ","4,44 tỷ",78 m²,2,2,"Quận 9, Hồ Chí Minh"," Phường Long Bình,  Quận 9,  Hồ Chí Minh",10.7589554,106.6730492,0,0.0,0.0,0.0,0.0,0.0,0.0
Park Village biệt thự Châu Âu 323m2 giá 18tỷ thanh toán 2 năm,18 tỷ,323 m²,4,3,"Bến Lức, Long An","Khu đô thị Waterpoint, Tỉnh lộ 824, An Thạnh, Bến Lức, Long An",10.6516575,106.4712271,0,0.0,0.0,0.0,0.0,0.0,0.0
"Tổng hợp 69 căn chuyển nhượng giá rẻ tại The Canopy TC1, TC2, TC3 giá từ 1,8 tỷ - 4,2 tỷ","4,53 tỷ",73 m²,3,2,"Nam Từ Liêm, Hà Nội"," Phường Tây Mỗ,  Nam Từ Liêm,  Hà Nội.",21.0096762,105.7445572,0,0.0,0.0,0.0,0.0,0.0,0.0
Bán Shophouse đang có HĐ thuê 90tr/1 tháng. Sở hữu lâu dài ngay trung tâm Vũng Tàu. LH:0707 520 ***,28 tỷ,400 m²,2,3,"Vũng Tàu, Bà Rịa Vũng Tàu","Vung Tau Centre Point, Nguyễn Hữu Cảnh, Nguyễn An Ninh, Vũng Tàu, Bà Rịa Vũng Tàu",10.37397532,107.115475,0,0.0,0.0,0.0,0.0,0.0,0.0
"Hạ 3,05tỷ HXH Thống Nhất, P10, GV","3,05 tỷ",33 m²,2,2,"Gò Vấp, Hồ Chí Minh","Đường Thống Nhất, Phường 10, Gò Vấp, Hồ Chí Minh",10.83452065,106.6643926,0,0.0,0.0,0.0,0.0,0.0,0.0
"Chính chủ bán căn hộ Lumière Evergreen, KĐT Vinhome Smartcity - Liên hệ: Hà Trâm - 0902 136 ***","4,5 tỷ",53 m²,2,2,"Nam Từ Liêm, Hà Nội","Phường Tây Mỗ, Nam Từ Liêm, Hà Nội",21.0096762,105.7445572,0,0.0,0.0,0.0,0.0,0.0,0.0
"Hạ giá bán nhanh 2PN 2WC Vinhomes Central Park, căn góc view đẹp lung linh","7,05 tỷ",74 m²,2,2,"Bình Thạnh, Hồ Chí Minh"," Đường Điện Biên Phủ,  Phường 22,  Bình Thạnh,  Hồ Chí Minh",10.79834217,106.7196859,0,0.0,0.0,0.0,0.0,0.0,0.0
"Bán nhà Minh Khai gần phố oto 80m, 35m 5tầng giá 5,98tỷ","5,98 tỷ",35 m²,4,4,"Hai Bà Trưng, Hà Nội","Đường Minh Khai, Phường Minh Khai, Hai Bà Trưng, Hà Nội",20.9962306,105.857312,0,0.0,0.0,0.0,0.0,0.0,0.0
"Hàng hiếm nhà 4 tầng, DT 40m2 Vân Canh cách 100 nhà ra đường 422B cách Mỹ Đình 4.5km","5,35 tỷ",40 m²,4,4,"Hoài Đức, Hà Nội","Đường 422B, Xã Vân Canh, Hoài Đức, Hà Nội",21.03577496,105.731434,0,0.0,0.0,0.0,0.0,0.0,0.0
Bán nhà riêng chính chủ Nguyễn Chính - Hoàng Mai oto tránh kinh doanh nhà đẹp 59m2 x5T,Giá thỏa thuận,59 m²,5,5,"Hoàng Mai, Hà Nội","Đường Nguyễn Chính, Phường Thịnh Liệt, Hoàng Mai, Hà Nội",20.9759193,105.8502634,0,0.0,0.0,0.0,0.0,0.0,0.0
"Nhà mới Tân Phú đường Bờ Bao Tân Thắng, đối diện TTTM Aeon Mall Tân Phú 4m*14m - 5tầng- hẻm nhựa 6m","7,89 tỷ",56 m²,5,6,"Tân Phú, Hồ Chí Minh","Đường Bờ Bao Tân Thắng, Phường Sơn Kỳ, Tân Phú, Hồ Chí Minh",10.80751485,106.6217325,0,0.0,0.0,0.0,0.0,0.0,0.0
"Bán nhà 2 mặt tiền trước sau đường Lũy Bán Bích, 8x25m, cấp 4, giá 38 tỷ",38 tỷ,198 m²,2,2,"Tân Phú, Hồ Chí Minh","Đường Lũy Bán Bích, Phường Tân Thành, Tân Phú, Hồ Chí Minh",10.78945323,106.6381594,0,0.0,0.0,0.0,0.0,0.0,0.0
"Bán nhà 5 tầng hẻm nhựa 6m diện tích 5x15m CN 78m2 ngay CMT8, P15, Quận 10","13,6 tỷ",78 m²,4,6,"Quận 10, Hồ Chí Minh","Đường Cách Mạng Tháng Tám, Phường 15, Quận 10, Hồ Chí Minh",10.7818399,106.6650821,0,0.0,0.0,0.0,0.0,0.0,0.0
"Bán khách sạn hướng tây, Visip1 - Bình Dương, thu nhập 110tr/tháng. Dt sàn 1200m2, view đẹp Hot./","22,5 tỷ",200 m²,26,26,"Thuận An, Bình Dương","Đường D32, Phường An Phú, Thuận An, Bình Dương",10.94298715,106.7278509,0,0.0,0.0,0.0,0.0,0.0,0.0
Bảng giá căn hộ Diamond Riverside 2025 cần bán (cam kết không kê giá) LH: 0936 496 *** Kim Dung,"2,65 tỷ",74 m²,2,2,"Quận 8, Hồ Chí Minh","Diamond Riverside, 1646A, Đường Võ Văn Kiệt, Phường 16, Quận 8, Hồ Chí Minh",10.72606923,106.6198035,0,0.0,0.0,0.0,0.0,0.0,0.0
"Bán nhà mặt phố quận Hoàng Mai, 290m2 8x tỷ, 3 mặt tiền 15m, to đẹp nhất phố, sẵn thuê 300 triệu/th","85,5 tỷ",290 m²,68,50,"Hoàng Mai, Hà Nội","Đường Tân Mai, Phường Tân Mai, Hoàng Mai, Hà Nội",20.9763224,105.8104688,0,0.0,0.0,0.0,0.0,0.0,0.0
"Bán căn hộ chính chủ 2PN, 3PN chung cư Hoàng Thành Pearl - giá tốt, hỗ trợ A - Z, LH 0989 324 ***","5,9 tỷ",80 m²,2,2,"Nam Từ Liêm, Hà Nội","Hoàng Thành Pearl, Số 55, Đường Nguyễn Văn Giáp, Phường Cầu Diễn, Nam Từ Liêm, Hà Nội.",21.02369542,105.7552656,0,0.0,0.0,0.0,0.0,0.0,0.0
"HIẾM, VỊ TRÍ TRUNG TÂM HOÀNG DIỆU 2 - CHDV 4 TẦNG (5x30) HẺM THÔNG ĐH SƯ PHẠM, DÒNG TIỀN 60 TRIỆU",15 tỷ,150 m²,7,4,"Thủ Đức, Hồ Chí Minh","Đường Hoàng Diệu, Phường Linh Chiểu, Thủ Đức, Hồ Chí Minh",10.86008266,106.7611872,0,0.0,0.0,0.0,0.0,0.0,0.0
"Khu vip Elysia sông Hàn, giá 7.7 tỷ: 0905 822 *** có hỗ trợ vay","7,5 tỷ",96 m²,6,6,"Hải Châu, Đà Nẵng"," Đường Nguyễn Thi,  Phường Hòa Cường Nam,  Hải Châu,  Đà Nẵng",16.0322372,108.2314849,0,0.0,0.0,0.0,0.0,0.0,0.0
Giỏ hàng căn hộ The Western Capital Quận 6,"2,85 tỷ",68 m²,2,2,"Quận 6, Hồ Chí Minh","The Western Capital, 116, Đường Lý Chiêu Hoàng, Phường 10, Quận 6, Hồ Chí Minh",10.73794515,106.6287476,0,0.0,0.0,0.0,0.0,0.0,0.0
Nhà phố 4m x 14m. Xây 1 lửng 3 lầu full nội thất 1/ hẻm 9m thông Trần Thị Hè (HT42),"5,5 tỷ",54 m²,4,5,"Quận 12, Hồ Chí Minh","Đường Trần Thị Hè, Phường Hiệp Thành, Quận 12, Hồ Chí Minh",10.8793107,106.6303003,0,0.0,0.0,0.0,0.0,0.0,0.0
"Phải rất nhanh mới kịp, siêu phẩm Hoàng Cầu, Nguyễn Phúc Lai, 1 nhà ra mặt phố dự qh xong ra MP.","20,9 tỷ",75 m²,4,5,"Đống Đa, Hà Nội","Phố Nguyễn Phúc Lai, Phường Trung Liệt, Đống Đa, Hà Nội",21.0113515,105.8220568,0,0.0,0.0,0.0,0.0,0.0,0.0
"Hạ sốc 1 tỷ, bán nhanh nhà mặt ngõ Tôn Thất Tùng, kinh doanh, khu vực đông sinh viên, tầm tiền hiếm","3,9 tỷ",20 m²,4,4,"Đống Đa, Hà Nội","Đường Tôn Thất Tùng, Phường Khương Thượng, Đống Đa, Hà Nội",21.00277543,105.8286636,0,0.0,0.0,0.0,0.0,0.0,0.0
Bán căn hộ Sky Garden Quận 7 - ngân hàng hỗ trợ cho vay lên đến 70% - nhận nhà ở ngay,"5,05 tỷ",72 m²,2,2,"Quận 7, Hồ Chí Minh"," Đường Phạm Văn Nghị,  Phường Tân Phong,  Quận 7,  Hồ Chí Minh",10.7299253,106.7068066,0,0.0,0.0,0.0,0.0,0.0,0.0
"Chuyển nhượng căn hộ Eco Xuân giá tốt nhất 1PN 1 tỷ 28, 2PN 1 tỷ 7, 3PN 1.9tỷ. LH 0901 018 ***","1,7 tỷ",74 m²,2,2,"Thuận An, Bình Dương","Eco Xuân, Đường Quốc Lộ 13, Phường Lái Thiêu, Thành phố Thuận An, Bình Dương",10.8970914,106.7085812,0,0.0,0.0,0.0,0.0,0.0,0.0
"Hàng Vip, Bán toà căn hộ phố tây hẻm ô tô Nguyễn Thiện Thuật, 50m2 co 6 căn hộ giá 10,5 tỷ","10,5 tỷ",50 m²,6,6,"Nha Trang, Khánh Hòa","Phố Nguyễn Thiện Thuật, Phường Lộc Thọ, Nha Trang, Khánh Hòa",12.2391966,109.1957201,0,0.0,0.0,0.0,0.0,0.0,0.0
"Tôi chính chủ cần bán trong tháng 2 căn hộ 3PN 2PN view cực thoáng chung cư Mỹ Đình Pearl giá 7,6tỷ","7,6 tỷ",94 m²,3,2,"Nam Từ Liêm, Hà Nội","Mỹ Đình Pearl, Phú Đô, Nam Từ Liêm, Hà Nội",21.00662485,105.768881,0,0.0,0.0,0.0,0.0,0.0,0.0
"Bán Đất TO Giá Rẻ, có sẵn phòng trọ cho thuê ở HBC Thủ Đức",22 tỷ,222 m²,8,8,"Thủ Đức, Hồ Chí Minh","Đường 16, Phường Hiệp Bình Chánh, Thủ Đức, Hồ Chí Minh",10.82846077,106.7297077,0,0.0,0.0,0.0,0.0,0.0,0.0
"Nhà mặt tiền Chợ, mặt tiền lớn 6,5m thuận tiện kinh doanh, vị trí đắc địa, đầu tư lâu dài.",15 tỷ,"80,8 m²",6,7,"Tân Phú, Hồ Chí Minh","Đường Phú Thọ Hòa, Phường Phú Thọ Hòa, Tân Phú, Hồ Chí Minh",10.7856487,106.6343955,0,0.0,0.0,0.0,0.0,0.0,0.0
"Chính chủ gửi bán nhà Tây Mỗ, cực rẻ, dân xây 52m2 xây 4 tầng giá 6 tỷ - 0862 614 ***",6 tỷ,52 m²,4,4,"Nam Từ Liêm, Hà Nội","Phố Cầu Cốc, Phường Tây Mỗ, Nam Từ Liêm, Hà Nội",21.00170083,105.741205,0,0.0,0.0,0.0,0.0,0.0,0.0
Chính thức mở bán đợt cuối block B tầng 7 và 8 anh chị nhanh tay liên hệ để đăng ký lấy căn,"1,15 tỷ",39 m²,1,1,"Quận 2, Hồ Chí Minh"," Đường Võ Chí Công,  Phường Thạnh Mỹ Lợi,  Quận 2,  Hồ Chí Minh",10.77073175,106.7702559,0,0.0,0.0,0.0,0.0,0.0,0.0
"Bán nhà biệt thự hàng hiếm tại An Quý Villa - 42,5 tỷ vnd, 198m2 nhà 2 mặt thoáng rẻ hơn CĐT 3 tỷ","42,5 tỷ",198 m²,5,5,"Hà Đông, Hà Nội"," Phường Dương Nội,  Hà Đông,  Hà Nội",20.9809284,105.74637,0,0.0,0.0,0.0,0.0,0.0,0.0
Chính chủ cần bán gấp căn 1503 DT 128m2 03 phòng ngủ toà nhà Times Tower giá bán nhanh,Giá thỏa thuận,128 m²,3,2,"Thanh Xuân, Hà Nội","Times Tower Lê Văn Lương, 35, Đường Lê Văn Lương, Phường Nhân Chính, Thanh Xuân, Hà Nội",21.0026843,105.8015968,0,0.0,0.0,0.0,0.0,0.0,0.0
"Biệt thự tứ lập Ánh Dương Vinhomes Ocean Park 3, mặt tiền 8m, xây 5 tầng, 15,x tỷ, sinh lời ngay","15,59 tỷ",120 m²,9,5,"Văn Giang, Hưng Yên"," Xã Nghĩa Trụ,  Văn Giang,  Hưng Yên",20.9298976,105.963275,0,0.0,0.0,0.0,0.0,0.0,0.0
"Bán nhà ngõ 260 Cầu Giấy, ngõ kinh doanh sầm uất, ô tô tải qua, 28m2, 5 tầng sổ đẹp, 7,6 tỷ có giảm","7,6 tỷ",28 m²,4,4,"Cầu Giấy, Hà Nội","Đường Cầu Giấy, Phường Quan Hoa, Cầu Giấy, Hà Nội",21.03368842,105.7975287,0,0.0,0.0,0.0,0.0,0.0,0.0
"Cực hiếm! Bán gấp! Nhà 6,4x13m, 2 tầng, mặt tiền ô tô né nhau chỉ 5, x tỷ (x mầm non mới nhú)","5,1 tỷ",83 m²,3,2,"Quận 9, Hồ Chí Minh","Phường Trường Thạnh, Quận 9, Hồ Chí Minh",10.7793365,106.6880766,0,0.0,0.0,0.0,0.0,0.0,0.0
"Xuân Đỉnh - ngõ thông - ô tô chờ thang máy - 2 thoáng nhà đẹp, móng 7 tầng 70m2x 4 tầng, 13.5 tỷ","13,5 tỷ",70 m²,4,4,"Bắc Từ Liêm, Hà Nội","Đường Xuân Đỉnh, Phường Xuân Đỉnh, Bắc Từ Liêm, Hà Nội",21.07180181,105.7900943,0,0.0,0.0,0.0,0.0,0.0,0.0
"Siêu hiếm! bán nhà ngõ Đê La Thành nhỏ 18m2, 4 tầng, ngõ thông, gần phố, giá chỉ 2,5 tỷ","2,5 tỷ",18 m²,2,2,"Đống Đa, Hà Nội","Đường Đê La Thành, Phường Khâm Thiên, Đống Đa, Hà Nội",21.0192241,105.8390581,0,0.0,0.0,0.0,0.0,0.0,0.0
"Bán nhà Melosa Garden Khang Điền 5x20m 8.49 tỷ, 6x18m 9.4 tỷ 8x18m 12 tỷ 8x20m 12.2tỷ 0902 442 ***","8,49 tỷ",100 m²,4,4,"Quận 9, Hồ Chí Minh","Melosa Garden, số 222, Đường Võ Chí Công, Phường Phú Hữu, Quận 9, Hồ Chí Minh",10.7608529,106.7012374,0,0.0,0.0,0.0,0.0,0.0,0.0
Bán Gấp Căn 2pn - Toà Hiyori View siêu đẹp đang cho thuê giá 20tr/tháng,"4,9 tỷ",61 m²,2,2,"Sơn Trà, Đà Nẵng","Hiyori Garden Tower, Đường Võ Văn Kiệt, Phường An Hải Nam, Sơn Trà, Đà Nẵng",16.06195109,108.2378362,0,0.0,0.0,0.0,0.0,0.0,0.0
chỉ với 3 tỷ sở hữu căn nhà cấp 4 mặt tiền kinh doanh Vĩnh Thái Nha Trang diện tích 153m2,3 tỷ,153 m²,3,1,"Nha Trang, Khánh Hòa","Xã Vĩnh Thái, Nha Trang, Khánh Hòa",12.2350611,109.166486,0,0.0,0.0,0.0,0.0,0.0,0.0
"Tôi chính chủ cần bán căn 2PN tòa Beverly 1 đẹp nhất phân khu, view trường học, giá tốt.","3,69 tỷ","62,5 m²",2,2,"Gia Lâm, Hà Nội","Xã Đa Tốn, Gia Lâm, Hà Nội",20.9862042,105.930004,0,0.0,0.0,0.0,0.0,0.0,0.0
"Giá rẻ cho những căn hộ tại The Diamond Residence tại 25 Lê Văn Lương: 2PN, 3PN, 4PN",15 tỷ,144 m²,3,3,"Thanh Xuân, Hà Nội","The Diamond Residence, 25, Đường Lê Văn Lương, Phường Nhân Chính, Thanh Xuân, Hà Nội",21.00694099,105.807155,0,0.0,0.0,0.0,0.0,0.0,0.0
NHÀ MP- 4TẦNG 4x23M KINH DOANH-KHU VIP CƯ XÁ NGÂN HÀNG-P TÂN T TÂY- QUẬN 7-SHR- NHỈNH 15T TL,"15,3 tỷ",91 m²,5,4,"Quận 7, Hồ Chí Minh","Phường Tân Thuận Tây, Quận 7, Hồ Chí Minh",10.7508483,106.7217063,0,0.0,0.0,0.0,0.0,0.0,0.0
"Bán nhà lầu DT 104m2, 4 tầng tại Trung Mỹ Tây Quận 12","7,99 tỷ",104 m²,5,4,"Quận 12, Hồ Chí Minh","Đường Trung Mỹ Tây 12, Phường Trung Mỹ Tây, Quận 12, Hồ Chí Minh",10.85016163,106.6156157,0,0.0,0.0,0.0,0.0,0.0,0.0
"Bán nhà đường Lâm Văn Bền (5x18m) 3 tầng, vị trí đắc địa - giá tốt","21,8 tỷ",90 m²,3,3,"Quận 7, Hồ Chí Minh","Đường Lâm Văn Bền, Phường Tân Quy, Quận 7, Hồ Chí Minh",10.74031747,106.7163022,0,0.0,0.0,0.0,0.0,0.0,0.0
QUẬN BÌNH TÂN NGAY KHU TÊN LỬA 80M2 MẶT TIỀN CÔNG VIÊN GẤP BÁN,"9,9 tỷ",80 m²,3,3,"Bình Tân, Hồ Chí Minh","Phường Bình Trị Đông B, Bình Tân, Hồ Chí Minh",10.7504813,106.6128383,0,0.0,0.0,0.0,0.0,0.0,0.0
Giá thật! Không đăng ảo! Rổ hàng chuyển nhượng nhà phố biệt thự Swan Bay cập nhật mới nhất T02/2025,"16,5 tỷ",300 m²,3,3,"Nhơn Trạch, Đồng Nai"," Đường Quốc Lộ 51,  Xã Đại Phước,  Nhơn Trạch,  Đồng Nai",10.7355009,106.8171232,0,0.0,0.0,0.0,0.0,0.0,0.0
"Chính chủ gửi bán CH 2pn,2wc,dt 67m2, sổ hồng sẳn, nhà mới 100%,ntcb, LH: 0939 495 ***","3,9 tỷ",64 m²,2,2,"Bình Tân, Hồ Chí Minh","The Privia, An Dương Vương, An Lạc, Bình Tân, Hồ Chí Minh",10.7223892,106.6197111,0,0.0,0.0,0.0,0.0,0.0,0.0
"Chính chủ bán căn 2PN, 2VS, tầng trung, nhà đẹp. Giá bán 4,75 tỷ . LH 0984 797 ***","4,75 tỷ",70 m²,2,2,"Hà Đông, Hà Nội","The Terra An Hưng, La Khê, Hà Đông, Hà Nội",20.9638323,105.7668089,0,0.0,0.0,0.0,0.0,0.0,0.0
"Bán biệt thự liền kề 132m2, khu đô thị Đặng Xá, MT 6m, giá 16,2 tỷ","16,2 tỷ",132 m²,6,5,"Gia Lâm, Hà Nội"," Đường Nguyễn Đức Thuận,  Xã Đặng Xá,  Gia Lâm,  Hà Nội",21.01193795,105.9511607,0,0.0,0.0,0.0,0.0,0.0,0.0
"Bán nhà riêng 5,9 tỷ, 49,5m2 tại Phạm Hữu Lầu, P Phú Mỹ, Q7, TP. HCM","5,9 tỷ","49,5 m²",4,3,"Quận 7, Hồ Chí Minh","Đường Phạm Hữu Lầu, Phường Phú Mỹ, Quận 7, Hồ Chí Minh",10.704325,106.7301133,0,0.0,0.0,0.0,0.0,0.0,0.0
Mặt tiền Đường số 1 p11 đoạn giao nhau Thống Nhất- 4x26m nở hậu 4.5m cn 100m2-10tỷ,10 tỷ,120 m²,5,5,"Gò Vấp, Hồ Chí Minh","Đường Thống Nhất, Phường 11, Gò Vấp, Hồ Chí Minh",10.83261403,106.6640064,0,0.0,0.0,0.0,0.0,0.0,0.0
Hàng hiếm ngõ vip phố Thái Hà - phân lô ô tô tránh - 7 tầng thang máy - kinh doanh văn phòng,29 tỷ,56 m²,12,12,"Đống Đa, Hà Nội","Ngõ 121, Phố Thái Hà, Phường Trung Liệt, Đống Đa, Hà Nội",21.01060316,105.8223619,0,0.0,0.0,0.0,0.0,0.0,0.0
Nhà mặt phố Trung Liệt Đống Đa 60m 24tỷ 4tầng mt4m oto tránh kinh doanh sầm uất ngay phố thái hà,24 tỷ,60 m²,5,4,"Đống Đa, Hà Nội","Phố Trung Liệt, Phường Trung Liệt, Đống Đa, Hà Nội",21.0111159,105.8202667,0,0.0,0.0,0.0,0.0,0.0,0.0
Bán căn hộ 2 phòng ngủ giá tốt chỉ từ 2 tỷ 19,"2,19 tỷ",50 m²,2,1,"Quận 9, Hồ Chí Minh"," Đường Liên Phường,  Phường Phú Hữu,  Quận 9,  Hồ Chí Minh",10.7608529,106.7012374,0,0.0,0.0,0.0,0.0,0.0,0.0
Nhà mặt phố Định Công Thượng 53m2 14tỷ 5tầng MT 4.7m kinh doanh vị trí đắc địa tương lai sáng ngời,14 tỷ,53 m²,8,4,"Hoàng Mai, Hà Nội","Đường Định Công Thượng, Phường Định Công, Hoàng Mai, Hà Nội",20.9826495,105.8291858,0,0.0,0.0,0.0,0.0,0.0,0.0
Mặt phố Trần Nguyên Đán Định Công Hoàng Mai 28 tỷ 60m2 4tầng MT5m vỉa hè oto kinh doanh sầm uất,28 tỷ,60 m²,6,4,"Hoàng Mai, Hà Nội","Đường Trần Nguyên Đán, Phường Định Công, Hoàng Mai, Hà Nội",20.9826495,105.8291858,0,0.0,0.0,0.0,0.0,0.0,0.0
"Bán biệt thự 4 tầng, 3 thoáng: 17PN, 12WC, Vị trí đắc địa, giá tốt tại Phố Vàng, Thanh Sơn, Phú Thọ","16,8 tỷ",220 m²,17,12,"Thanh Sơn, Phú Thọ","Phố Vàng, Thị trấn Thanh Sơn, Thanh Sơn, Phú Thọ",10.37872647,105.2517513,0,0.0,0.0,0.0,0.0,0.0,0.0
MẶT TIỀN 7M -- VIEW THOÁNG VĨNH VIỄN -- NHÀ THÔ LUXURY KIẾN HƯNG -- 1 LÔ DUY NHẤT,"15,5 tỷ",70 m²,6,6,"Hà Đông, Hà Nội"," Đường Phúc La,  Phường Kiến Hưng,  Hà Đông,  Hà Nội",20.9527894,105.7875583,0,0.0,0.0,0.0,0.0,0.0,0.0
"Bán biệt thự D5C Vườn Đào, vị trí đẹp, diện tích 230.9m2, mặt tiền 15m, đất nở hậu, giá 119 tỷ",119 tỷ,"230,9 m²",5,7,"Tây Hồ, Hà Nội","Ngõ 679 Đường Lạc Long Quân, Phường Phú Thượng, Tây Hồ, Hà Nội",21.081992,105.8073736,0,0.0,0.0,0.0,0.0,0.0,0.0
"Bán NR view đẹp tại Trung Kính, 14,2 tỷ, 40m2, 4PN + 4WC, chính chủ","14,2 tỷ",40 m²,4,4,"Cầu Giấy, Hà Nội","Phố Trung Kính, Phường Yên Hòa, Cầu Giấy, Hà Nội",21.01665806,105.7939798,0,0.0,0.0,0.0,0.0,0.0,0.0
"Bán hàng ngộp Opal skyline - studio - 1,1 Tỷ, 1PN - 1,55 tỷ, 2PN - 1,68 tỷ, 3PN - 2,39 tỷ - sẵn sổ","1,68 tỷ",63 m²,2,2,"Thuận An, Bình Dương","Opal Skyline, Nguyễn Văn Tiết, Lái Thiêu, Thuận An, Bình Dương",10.91453447,106.7069527,0,0.0,0.0,0.0,0.0,0.0,0.0
"Nhà MT 6 x 27m kết cấu 4 tầng Q Bình Tân, cho thuê 45tr giá cực rẻ, chỉ có 11.3tỷ TL","11,3 tỷ",156 m²,22,22,"Bình Tân, Hồ Chí Minh","203 Đường Trần Thanh Mại, Phường Tân Tạo A, Bình Tân, Hồ Chí Minh",10.7547879,106.584389,0,0.0,0.0,0.0,0.0,0.0,0.0
"Bán nhà LK nội khu Gamuda 90m, vị trí đẹp nhất phân khu ST5, đón đường Tam Trinh sắp mở đẹp mê ly",Giá thỏa thuận,90 m²,4,4,"Hoàng Mai, Hà Nội"," Đường Tam Trinh,  Phường Trần Phú,  Hoàng Mai,  Hà Nội",20.9711195,105.8832556,0,0.0,0.0,0.0,0.0,0.0,0.0
Nhà thật giá thật chỉ 5 tỷ 2 căn ở hẻm 1 xẹt Lê Hồng Phong DT gần 37m2 2PN 2WC SHR full nội thất,"5,2 tỷ","36,4 m²",2,3,"Quận 10, Hồ Chí Minh","Đường Lê Hồng Phong, Phường 2, Quận 10, Hồ Chí Minh",10.76382602,106.6757925,0,0.0,0.0,0.0,0.0,0.0,0.0
Nhà đẹp ở liền ngay đội cung quận 11 giá 3 tỷ TL ít DT 30m2 2PN 3WC SHR tặng nội thất cơ bản,3 tỷ,30 m²,2,2,"Quận 11, Hồ Chí Minh","Đường Đội Cung, Phường 11, Quận 11, Hồ Chí Minh",10.7660142,106.6504162,0,0.0,0.0,0.0,0.0,0.0,0.0
"Bán shophouse 135m2 tại Gamuda Gardens, 53 tỷ, 4PN, 4WC",53 tỷ,135 m²,4,4,"Hoàng Mai, Hà Nội","Gamuda Gardens, Đường Đỗ Mười, Phường Trần Phú, Hoàng Mai, Hà Nội",20.97523675,105.8853004,0,0.0,0.0,0.0,0.0,0.0,0.0
Mặt hồ Chùa Láng - 68m2 xây 6 tầng - vỉa hè kinh doanh - ô tô chạy vòng quanh,"33,8 tỷ",68 m²,6,6,"Đống Đa, Hà Nội","Phố Chùa Láng, Phường Láng Thượng, Đống Đa, Hà Nội",21.02315151,105.8018711,0,0.0,0.0,0.0,0.0,0.0,0.0
BÁN NHÀ _ TRẦN ĐIỀN _ Ở KINH DOANH _ VĂN PHÒNG _ PHÒNG KHÁM _TUYỆT ĐỈNH_ GẦN _ BV _ BƯU ĐIỆN,"16,9 tỷ",63 m²,9,9,"Hoàng Mai, Hà Nội","Đường Trần Nguyên Đán, Phường Định Công, Hoàng Mai, Hà Nội",20.9826495,105.8291858,0,0.0,0.0,0.0,0.0,0.0,0.0
"Shophouse góc vườn hoa, vị trí đẹp, giá tốt nhất dự án Centa City VSIP Bắc Ninh","6,4 tỷ",90 m²,4,5,"Từ Sơn, Bắc Ninh"," Đường Hữu Nghị,  Phường Phù Chẩn,  Từ Sơn,  Bắc Ninh",21.08308623,105.9652381,0,0.0,0.0,0.0,0.0,0.0,0.0
Bán nhà phố chân chung cư City light sẵn kd dòng tiền giáp KCN và chợ Vina giá đầu tư,"8,5 tỷ",80 m²,5,5,"Vĩnh Yên, Vĩnh Phúc","The City Light Vĩnh Yên, Đường Nguyễn Tất Thành, Phường Khai Quang, Vĩnh Yên, Vĩnh Phúc",21.3088479,105.5916322,0,0.0,0.0,0.0,0.0,0.0,0.0
"Duplex 4PN Infiniti 177m2 giá 13,4ty, view Phú Mỹ Hưng về đêm lung linh, nhà thô, tầng trung đẹp","13,4 tỷ",177 m²,4,3,"Quận 7, Hồ Chí Minh","The Infiniti Riviera Point, Huỳnh Tấn Phát, Tân Phú, Quận 7, Hồ Chí Minh",10.7375163,106.7290511,0,0.0,0.0,0.0,0.0,0.0,0.0
"Quỹ độc quyền CĐT Vinhomes Ocean Park studio, 1N, 2N, 3N giá tốt, chiết khấu cao","2,35 tỷ",48 m²,1,1,"Gia Lâm, Hà Nội"," Xã Dương Xá,  Gia Lâm,  Hà Nội",21.0046345,105.970087,0,0.0,0.0,0.0,0.0,0.0,0.0
"Bán nhà mặt phố 2 mặt tiền Nguyễn Xiển, 69,9 tỷ, 92 m2, 14PN + 15WC + 8tầng, hot! Kinh doanh đỉnh","69,9 tỷ",92 m²,14,15,"Thanh Xuân, Hà Nội","Đường Nguyễn Xiển, Phường Thanh Xuân Trung, Thanh Xuân, Hà Nội",20.99060766,105.8041201,0,0.0,0.0,0.0,0.0,0.0,0.0
SIÊU PHẨM APARTMENT ĐẲNG CẤP CHÂU ÂU - LÔ GÓC - SÁT PHỐ - DÒNG TIỀN CAO - 640M - 8T - MT20 - 231TỶ,231 tỷ,640 m²,14,14,"Tây Hồ, Hà Nội","đường Tây Hồ, Phường Quảng An, Tây Hồ, Hà Nội",21.0651045,105.8240118,0,0.0,0.0,0.0,0.0,0.0,0.0
"Bán căn hộ chung cư tại Nguyễn Oanh, 2,5 tỷ, 62m2, 2PN, 1WC, Gò Vấp, HCM","2,5 tỷ",62 m²,2,1,"Gò Vấp, Hồ Chí Minh","An Lộc, Đường Nguyễn Oanh, Phường 17, Gò Vấp, Hồ Chí Minh",10.8391089,106.6757145,0,0.0,0.0,0.0,0.0,0.0,0.0
Giới thiệu và chào bán căn biệt thự BT 4 Bán Đảo Linh Đàm,320 triệu,273 m²,5,6,"Hoàng Mai, Hà Nội","Đường Nam Sơn, Phường Hoàng Liệt, Hoàng Mai, Hà Nội",20.962423,105.8393925,0,0.0,0.0,0.0,0.0,0.0,0.0
"CHUYÊN BÁN DÒNG Căn hộ 2 ngủ TỪ 3.4 tỷ vinhomes smart, DANH SÁCH các căn ĐẦY ĐỦ DƯỚI NỘI DUNG","3,4 tỷ",54 m²,2,1,"Nam Từ Liêm, Hà Nội","Vinhomes Smart City , Tây Mỗ, Nam Từ Liêm, Hà Nội",21.0072395,105.7372088,0,0.0,0.0,0.0,0.0,0.0,0.0
BÁN NHÀ GẦN VINCOM TP DĨ AN - GIÁ RẺ NHẤT KHU VỰC - CẦN BÁN GẤP,"4,75 tỷ","67,5 m²",3,3,"Dĩ An, Bình Dương","Phường Tân Đông Hiệp, Dĩ An, Bình Dương",10.9214709,106.7668045,0,0.0,0.0,0.0,0.0,0.0,0.0
"Bán đất tại Nguyễn Ngọc Vũ, Trung Hòa, Cầu Giấy, Hà Nội, 48 tỷ, 285 m2 hàng hiếm giá tốt",48 tỷ,285 m²,5,5,"Cầu Giấy, Hà Nội","Phố Nguyễn Ngọc Vũ, Phường Trung Hòa, Cầu Giấy, Hà Nội",21.0118814,105.8073289,0,0.0,0.0,0.0,0.0,0.0,0.0
NHÀ THẠCH BÀN 6 TẦNG THANG MÁY,"6,45 tỷ",40 m²,3,4,"Long Biên, Hà Nội","Thạch Bàn, Đường Nguyễn Thời Trung, Phường Thạch Bàn, Long Biên, Hà Nội",21.0208848,105.9163931,0,0.0,0.0,0.0,0.0,0.0,0.0
Siêu phẩm shophouse tại khu đô thị Việt Hàn giá chỉ từ 2. X tỷ sổ đỏ trao tay nhận nhà ngay,Giá thỏa thuận,100 m²,8,4,"Phổ Yên, Thái Nguyên"," Đường Phạm Văn Đồng,  Xã Hồng Tiến,  Phổ Yên,  Thái Nguyên.",21.4155033,105.8721166,0,0.0,0.0,0.0,0.0,0.0,0.0
"Hiếm, bán shop chân đế dòng tiền 60 tr/ tháng, hợp đồng 5 năm, ký mới cđt",Giá thỏa thuận,60 m²,1,1,"Văn Giang, Hưng Yên","Ecopark, Đường Trúc, Xã Xuân Quan, Văn Giang, Hưng Yên",20.9577012,105.9161321,0,0.0,0.0,0.0,0.0,0.0,0.0
"Bán căn hộ Bcons Green Sapphire , giá chỉ từ 1,6 tỷ 1PN, ưu đãi đặc biệt hấp dẫn tháng 3/2025","1,99 tỷ",60 m²,2,2,"Dĩ An, Bình Dương","Bcons City, Thống Nhất, Đông Hòa, Dĩ An, Bình Dương",10.89105648,106.8024909,0,0.0,0.0,0.0,0.0,0.0,0.0
"Bán Căn Góc 3PN-2VS giá ưu đãi tại Vinhome Ocean Park, Đa Tốn, Gia Lâm, Hà Nội, 3,78 tỷ, 73,02m2","3,78 tỷ","73,02 m²",3,2,"Gia Lâm, Hà Nội","Bán căn Góc 3N- S2.09 Vinhome Ocean Park, Đa tốn, Gia Lâm, Hà Nội",20.9862042,105.930004,0,0.0,0.0,0.0,0.0,0.0,0.0
Cần bán nhà phố dĩ an sát thành phố thủ đức,"4,65 tỷ","61,2 m²",3,3,"Dĩ An, Bình Dương","Đường Quốc lộ 1K, Phường Bình An, Dĩ An, Bình Dương",10.87463899,106.7501136,0,0.0,0.0,0.0,0.0,0.0,0.0
Chỉ cần từ 4.5 tỷ sở hữu biệt thự khoáng nóng Tokyu Retreat. Cam kết thuê lại 40 - 70 triệu/tháng.,8 tỷ,180 m²,3,3,"Thanh Thủy, Phú Thọ"," Xã Bảo Yên,  Thanh Thủy,  Phú Thọ",21.123781,105.287858,0,0.0,0.0,0.0,0.0,0.0,0.0
Thật 100% thu 250 triệu/tháng 32 phòng CHDV hầm 6 tầng 6x25m. 150m2 Mặt tiền hẻm nhựa 10m Phổ Quang,"28,5 tỷ",160 m²,32,32,"Phú Nhuận, Hồ Chí Minh","Đường Phổ Quang, Phường 9, Phú Nhuận, Hồ Chí Minh",10.8030061,106.6778362,0,0.0,0.0,0.0,0.0,0.0,0.0
"Thật 100% (ngang 12x22m 230m2) hẻm 6m xe hơi 7 chỗ vào nhà Hoàng Sa, Quận 3",Giá thỏa thuận,230 m²,5,3,"Quận 3, Hồ Chí Minh","Đường Hoàng Sa, Phường 9, Quận 3, Hồ Chí Minh",10.81281472,106.6775764,0,0.0,0.0,0.0,0.0,0.0,0.0
"Bán nhà Trần Khát Chân- Ô tô vào nhà-kinh doanh sầm uất-80m2-Giá 15,5 tỷ-mặt tiền 5m-trung tâm HBT",155 tỷ,80 m²,4,4,"Hai Bà Trưng, Hà Nội","Đường Trần Khát Chân, Phường Thanh Lương, Hai Bà Trưng, Hà Nội",21.00874373,105.8620006,0,0.0,0.0,0.0,0.0,0.0,0.0
"NHÀ MỚI KOONG HOÀNG MAI 34M 4 TẦNG 5.3 TỶ, NGÕ RỘNG THÊNH THANG.","5,3 tỷ",34 m²,3,3,"Hoàng Mai, Hà Nội","Đường Hoàng Mai, Phường Hoàng Văn Thụ, Hoàng Mai, Hà Nội",20.99270612,105.8519959,0,0.0,0.0,0.0,0.0,0.0,0.0
"Chính chủ bán nhà phố Centana ĐPT, 3 lầu kinh doanh được giá 7.1 tỷ, sổ hồng hoàn công","7,1 tỷ",80 m²,4,4,"Quận 9, Hồ Chí Minh"," Phường Long Trường,  Quận 9,  Hồ Chí Minh",10.7589554,106.6730492,0,0.0,0.0,0.0,0.0,0.0,0.0
"Em gắn bó, sâu sát với Xanh Villas ngay từ đầu. Chuyên nghiệp, không làm phiền và vào việc luôn ạ",Giá thỏa thuận,250 m²,4,4,"Thạch Thất, Hà Nội"," Đường Đại lộ Thăng Long,  Xã Tiến Xuân,  Thạch Thất,  Hà Nội",20.9697565,105.4939947,0,0.0,0.0,0.0,0.0,0.0,0.0
"Chủ nợ NH cần bán gấp luôn, BT Việt Hưng - vừa ở vừa văn phòng: 250m2, 4 tầng, giá 45tỷ",45 tỷ,250 m²,4,4,"Long Biên, Hà Nội"," Phường Đức Giang,  Long Biên,  Hà Nội",21.0646143,105.8977054,0,0.0,0.0,0.0,0.0,0.0,0.0
Chính chủ cần bán căn Lk 116m2 đường 15.5m giá 35 tỷ view chung cư,35 tỷ,116 m²,5,5,"Bắc Từ Liêm, Hà Nội","Phường Xuân Đỉnh, Bắc Từ Liêm, Hà Nội",21.0748042,105.7906068,0,0.0,0.0,0.0,0.0,0.0,0.0
"NOXH tại dự án Solrise Nhơn Phú 2, TP. Quy Nhơn - Giá chỉ từ 88tr ký ngay hđmb nhận nhà liền tay!",Giá thỏa thuận,58 m²,2,2,"Quy Nhơn, Bình Định","Đường Tây Sơn, Phường Nhơn Phú, Quy Nhơn, Bình Định",13.7945583,109.1813114,0,0.0,0.0,0.0,0.0,0.0,0.0
"Rổ Hàng Lớn Tại Opal Boulevard Giá Siêu HOT Từ 2.7-3 Tỷ/Căn Có Nội Thất, Chuyên Bán OPAL 0938 893 ***","2,8 tỷ",74 m²,2,2,"Dĩ An, Bình Dương","Opal Boulevard, Kha Vạn Cân, An Bình, Dĩ An, Bình Dương",10.867255,106.762233,0,0.0,0.0,0.0,0.0,0.0,0.0
"Bán gấp căn 4 phòng ngủ đẹp rộng view thoáng mát Vinhomes Central Park, LH 0901 511 ***","14,5 tỷ",140 m²,4,3,"Bình Thạnh, Hồ Chí Minh"," Đường Điện Biên Phủ,  Phường 22,  Bình Thạnh,  Hồ Chí Minh",10.79834217,106.7196859,0,0.0,0.0,0.0,0.0,0.0,0.0
"Bán căn hộ toà L3 Vinhomes Central Park, 13,3 tỷ, 107m2 view đẹp, 3PN, 2WC, Bình Thạnh, HCM","13,3 tỷ",107 m²,3,2,"Bình Thạnh, Hồ Chí Minh"," Đường Điện Biên Phủ,  Phường 22,  Bình Thạnh,  Hồ Chí Minh",10.79834217,106.7196859,0,0.0,0.0,0.0,0.0,0.0,0.0
"Bán nhà phố Dương Khuê kinh doanh ô tô tránh , vỉa hè đá bóng 45m 7 tầng thang máy, 21 tỷ",21 tỷ,45 m²,6,5,"Cầu Giấy, Hà Nội","Đường Dương Khuê, Phường Mai Dịch, Cầu Giấy, Hà Nội",21.03534984,105.7730578,0,0.0,0.0,0.0,0.0,0.0,0.0
Bán khách sạn 4* mặt phố Nguyễn Thái Học quận Ba Đình đẳng cấp siêu VIP 210m 10T Mt 8.7m giá 185 tỷ,184 tỷ,210 m²,40,40,"Ba Đình, Hà Nội","Đường Nguyễn Thái Học, Phường Điện Biên, Ba Đình, Hà Nội",21.0324225,105.8376346,0,0.0,0.0,0.0,0.0,0.0,0.0
"Bán gấp Căn hộ dịch vụ 5 x 26m, Lê Đức Thọ, 5 tầng, 17 Phòng 65tr/ tháng, hẻm 8m, giá 12.7tỷ","12,7 tỷ",130 m²,17,17,"Gò Vấp, Hồ Chí Minh","Đường Lê Đức Thọ, Phường 15, Gò Vấp, Hồ Chí Minh",10.8548519,106.6560536,0,0.0,0.0,0.0,0.0,0.0,0.0
"Em bán Vin Green Villas từ đầu CĐT bán nên có nhiều căn trên thị trường không có, chuyên nghiệp!","67,78 tỷ",474 m²,5,5,"Nam Từ Liêm, Hà Nội"," Phường Đại Mỗ,  Nam Từ Liêm,  Hà Nội.",20.9932717,105.7630172,0,0.0,0.0,0.0,0.0,0.0,0.0
Biệt thự đơn lập Vinhomes Green Villas cần bán nhanh diện tích 200m2 giá 220 triệu/m² giá quá tốt!,44 tỷ,200 m²,5,5,"Nam Từ Liêm, Hà Nội"," Phường Đại Mỗ,  Nam Từ Liêm,  Hà Nội",20.9932717,105.7630172,0,0.0,0.0,0.0,0.0,0.0,0.0
"Bán biệt thự VIP 190m2 tại Trung Hòa, Cầu Giấy, HN, giá 83 tỷ VND, cực đẹp, nhiều tiện ích",83 tỷ,190 m²,4,6,"Cầu Giấy, Hà Nội","Phường Trung Hòa, Cầu Giấy, Hà Nội",21.0103232,105.7994479,0,0.0,0.0,0.0,0.0,0.0,0.0
BÁN NHÀ - PHỐ NGUYỄN LÂN - PHÂN LÔ - Ô TÔ - PHONG CÁCH - LUXURY - 40M X 5 TẦNG,"10,2 tỷ",40 m²,3,4,"Thanh Xuân, Hà Nội","Đường Nguyễn Lân, Phường Phương Liệt, Thanh Xuân, Hà Nội",20.9917597,105.8383742,0,0.0,0.0,0.0,0.0,0.0,0.0
Cam kết giá tốt nhất không thể bỏ lỡ 2PN 2WC 73 tầng cao full nội thất decor chỉ 4 tỷ bao thuế phí,4 tỷ,73 m²,2,2,"Quận 9, Hồ Chí Minh"," Đường Song Hành,  Phường Phú Hữu,  Quận 9,  Hồ Chí Minh",10.7608529,106.7012374,0,0.0,0.0,0.0,0.0,0.0,0.0
Bán nhà phố chính chủ khu đồng bộ giá mềm trục đường Trường Chinh tân thới nhất,"7,4 tỷ",72 m²,4,6,"Quận 12, Hồ Chí Minh","Đường Trường Chinh, Phường Tân Thới Nhất, Quận 12, Hồ Chí Minh",10.82861345,106.6179298,0,0.0,0.0,0.0,0.0,0.0,0.0
"GẤP GẤP Chủ cần bán gấp nhà 6x10m diện tích 60m2, đường 5 Bình Trưng Tây giá Ngộp 5,2 tỷ","5,2 tỷ",60 m²,2,2,"Quận 2, Hồ Chí Minh","Đường 5, Phường Bình Trưng Tây, Quận 2, Hồ Chí Minh",10.80484845,106.7167622,0,0.0,0.0,0.0,0.0,0.0,0.0
"Bán căn 2PN, 3PN toà CT1, CT2, CT3, CT5, CT6 Văn Khê, La Khê Hà Đông. LH-0982 511 ***","4,3 tỷ",105 m²,3,2,"Hà Đông, Hà Nội"," Đường Tố Hữu,  Phường La Khê,  Hà Đông,  Hà Nội",20.9696783,105.7601018,0,0.0,0.0,0.0,0.0,0.0,0.0
"BÁN NHÀ LINH ĐÀM - PHÂN LÔ VIP - Ô TÔ TRÁNH - KINH DOANH ĐỈNH - 80M, MẶT TIỀN 6M - CHỈ 23,5 TỶ","23,5 tỷ",80 m²,5,5,"Hoàng Mai, Hà Nội","KĐT Linh Đàm, Phường Đại Kim, Quận Hoàng Mai, Hà Nội",20.9681919,105.82714,0,0.0,0.0,0.0,0.0,0.0,0.0
"Chuyển nhượng tòa S2.11, 2PN + sổ đỏ trao ngay, chỉ dưới 2,7 tỷ","2,7 tỷ","55,6 m²",3,2,"Gia Lâm, Hà Nội"," Xã Đa Tốn,  Gia Lâm,  Hà Nội",20.9862042,105.930004,0,0.0,0.0,0.0,0.0,0.0,0.0
"Bán nhà 6T thang máy, phố Yên Lãng, Đống Đa, Hà Nội, DT 56m2, sổ đẹp 2 thoáng, giá 15,5 tỷ full NT","15,5 tỷ",56 m²,6,5,"Đống Đa, Hà Nội","Đường Yên Lãng, Phường Láng Hạ, Đống Đa, Hà Nội",21.0148521,105.8116394,0,0.0,0.0,0.0,0.0,0.0,0.0
Em có quỹ căn của tòa 'The Sola Park' giá rẻ chỉ từ 62tr/m của chủ đầu tư MIK tại Vinhome Smart,"3,8 tỷ",62 m²,2,2,"Nam Từ Liêm, Hà Nội","Imperia Sola Park, Tây Mỗ, Nam Từ Liêm, Hà Nội",21.0096762,105.7445572,0,0.0,0.0,0.0,0.0,0.0,0.0
Chính chủ bán chung cư nhà 17T DT 152m2 nhà căn góc đã sửa chữa cực đẹp - nội thất cao cấp,Giá thỏa thuận,152 m²,3,2,"Cầu Giấy, Hà Nội"," Phố Hoàng Đạo Thúy,  Phường Trung Hòa,  Cầu Giấy,  Hà Nội",21.00898892,105.8010325,0,0.0,0.0,0.0,0.0,0.0,0.0
"Bán dự án Hoàng Huy tại thành phố Thuỷ Nguyên, Hải Phòng, đối diện trung tâm hành chính",Giá thỏa thuận,77 m²,5,5,"Thủy Nguyên, Hải Phòng"," Phường Dương Quan,  Thủy Nguyên,  Hải Phòng",20.8990746,106.6806953,0,0.0,0.0,0.0,0.0,0.0,0.0
Tòa căn hộ Nguyễn Chí Thanh 110m2 6T thang máy sổ đẹp ngõ ôtô 7 chỗ vào nhà 28.3 tỷ,"28,3 tỷ",110 m²,6,6,"Đống Đa, Hà Nội","Đường Nguyễn Chí Thanh, Phường Láng Thượng, Đống Đa, Hà Nội",21.0184577,105.8072924,0,0.0,0.0,0.0,0.0,0.0,0.0
"Chuyên bán căn hộ 1PN-2PN-3PN tại chung cư Everrich Quận 5, có sổ hồng và đầy đủ pháp lý","5,5 tỷ",83 m²,2,2,"Quận 5, Hồ Chí Minh","The Everrich Infinity, 290, Đường An Dương Vương, Phường 4, Quận 5, Hồ Chí Minh",10.7607531,106.6807578,0,0.0,0.0,0.0,0.0,0.0,0.0
"Chính chủ bán gấp căn hộ 3PN, 106m2 full nội thất cao cấp, view trung tâm siêu đẹp, đã có sổ hồng","10,2 tỷ",106 m²,3,2,"Quận 5, Hồ Chí Minh","The Everrich Infinity, 290, Đường An Dương Vương, Phường 4, Quận 5, Hồ Chí Minh",10.7607531,106.6807578,0,0.0,0.0,0.0,0.0,0.0,0.0
Hỗ trợ chuyển nhượng căn hộ tại Sunrise Riverside 2PN và 3PN giá tốt,"3,85 tỷ",70 m²,2,2,"Nhà Bè, Hồ Chí Minh"," Đường Nguyễn Hữu Thọ,  Xã Phước Kiển,  Nhà Bè,  Hồ Chí Minh",10.71772076,106.7026202,0,0.0,0.0,0.0,0.0,0.0,0.0
"Chính chủ bán nhà lô góc ô tô đỗ cửa xây mới, 33m2 x 5T, giá 4,35 tỷ, tại Kim Chung Hoài Đức Hà Nội","4,35 tỷ",33 m²,4,4,"Hoài Đức, Hà Nội","Đường Di Trạch, Xã Kim Chung, Hoài Đức, Hà Nội",21.04984988,105.724827,0,0.0,0.0,0.0,0.0,0.0,0.0
"Dòng tiền quyết định tự do tài chính , chung cư thương mại căn 2PN 44,18m2, giá chỉ 820tr",820 triệu,"44,18 m²",2,1,"Yên Phong, Bắc Ninh","Đường Ấp Đồn, Xã Yên Trung, Yên Phong, Bắc Ninh",21.2150861,105.9873068,0,0.0,0.0,0.0,0.0,0.0,0.0
"Bán căn hộ chung cư Yên Phong bắc kỳ giá tốt 820 triệu, 44.18m2, 2PN, 1WC",820 triệu,"44,18 m²",2,1,"Yên Phong, Bắc Ninh","Yên Phong City, Yên Trung, Yên Phong, Bắc Ninh",21.2150861,105.9873068,0,0.0,0.0,0.0,0.0,0.0,0.0
"Chính chủ bán căn 2PN DT 75m2 chung cư Eco Green city, giá 4.8 tỷ bao phí, LH: 0932 392 ***","4,8 tỷ",75 m²,2,2,"Thanh Trì, Hà Nội"," Đường Nguyễn Xiển,  Xã Tân Triều,  Thanh Trì,  Hà Nội",20.98294964,105.809326,0,0.0,0.0,0.0,0.0,0.0,0.0
Bán căn Lavila full nội thất nhà mới đẹp chỉ 12 tỷ,12 tỷ,"105,6 m²",4,4,"Nhà Bè, Hồ Chí Minh"," Đường Nguyễn Hữu Thọ,  Xã Phước Kiển,  Nhà Bè,  Hồ Chí Minh",10.71772076,106.7026202,0,0.0,0.0,0.0,0.0,0.0,0.0
"Nhà trung tâm Quận Thanh Xuân, Hà Nội, phân lô, ô tô tránh. Phù hợp đa loại hình cho nhà đầu tư.",37 tỷ,140 m²,11,11,"Thanh Xuân, Hà Nội","Phường Khương Mai, Thanh Xuân, Hà Nội",20.9971341,105.8290537,0,0.0,0.0,0.0,0.0,0.0,0.0
"Cần bán gấp căn biệt thự song lập Ecopark 165m2, 26,5 tỷ thật và gấp ạ - mới hoàn thiện rất đẹp","26,5 tỷ",165 m²,4,4,"Văn Giang, Hưng Yên"," Đường Trúc,  Xã Xuân Quan,  Văn Giang,  Hưng Yên",20.9577012,105.9161321,0,0.0,0.0,0.0,0.0,0.0,0.0
"Em chính chủ cần bán nhà hẻm 20, đường 160, phường Tăng Nhơn Phú A, diện tích ngang 5 x 18m","4,8 tỷ",90 m²,2,1,"Quận 9, Hồ Chí Minh","Hẻm 20, Đường 160, Phường Tăng Nhơn Phú A, Quận 9, Hồ Chí Minh",10.7589554,106.6730492,0,0.0,0.0,0.0,0.0,0.0,0.0
"Ngộp bank dí buông căn 2PN 2 WC Bcons Plaza căn hộ Làng Đại Học 1,6 tỷ giá bao hết, căn vip hiếm","1,6 tỷ",52 m²,2,2,"Dĩ An, Bình Dương"," Đường Thống Nhất,  Phường Đông Hòa,  Dĩ An,  Bình Dương",10.8946458,106.7811372,0,0.0,0.0,0.0,0.0,0.0,0.0
"Nhà mặt phố bán tại Lê Lợi, Ngô Quyền, Hải Phòng, 139 triệu, 122m2, hàng hiếm!",139 triệu,122 m²,4,4,"Ngô Quyền, Hải Phòng","Đường Lê Lợi, Phường Lê Lợi, Ngô Quyền, Hải Phòng",20.82992865,106.6973315,0,0.0,0.0,0.0,0.0,0.0,0.0
"Cần bán nhà Trịnh Thị Miếng, 4 x 12m, gác lửng đúc PK, 2PN, p/thờ, nhà mới cực đẹp","1,65 tỷ",80 m²,2,2,"Hóc Môn, Hồ Chí Minh","Đường Trịnh Thị Miếng, Xã Thới Tam Thôn, Hóc Môn, Hồ Chí Minh",10.89581057,106.6107327,0,0.0,0.0,0.0,0.0,0.0,0.0
"Đổ nợ cần bán gấp nhà hẻm lớn Lê Hồng Phong, Q10 sổ sạch không tranh chấp sang tên liền. Giá 4tỷ250","4,25 tỷ",55 m²,4,3,"Quận 10, Hồ Chí Minh","Đường Lê Hồng Phong, Phường 6, Quận 10, Hồ Chí Minh",10.7618896,106.6636383,0,0.0,0.0,0.0,0.0,0.0,0.0
Liền kề ngon - bổ - rẻ duy nhất 1 căn áp góc từ chủ đầu tư Vinhomes với 2.8 tỷ nhà 5 tầng,8 tỷ,63 m²,4,3,"Văn Giang, Hưng Yên"," Xã Long Hưng,  Văn Giang,  Hưng Yên",20.942226,105.957565,0,0.0,0.0,0.0,0.0,0.0,0.0
"Căn hộ 2PN 2WC - 76m2 - Bán 5,5 tỷ - Sunrise City Central","5,5 tỷ",76 m²,2,2,"Quận 7, Hồ Chí Minh"," Đường Nguyễn Hữu Thọ,  Phường Tân Hưng,  Quận 7,  Hồ Chí Minh",10.74250976,106.7013355,0,0.0,0.0,0.0,0.0,0.0,0.0
Độc nhất vô nhị. Toà CCMN 7 tầng ngay trung tâm cách phố Xã Đàn 50m ngõ oto sát cửa. Chỉ 12.7 tỷ,"12,7 tỷ",50 m²,11,11,"Đống Đa, Hà Nội","Đường Đê La Thành, Phường Phương Liên, Đống Đa, Hà Nội",21.01384552,105.8351076,0,0.0,0.0,0.0,0.0,0.0,0.0
Bảng hàng chuyển nhượng các căn 2N - 3N giá tốt nhất dự án Le Grand Jardin Sài Đồng,"3,2 tỷ",57 m²,2,1,"Long Biên, Hà Nội","Le Grand Jardin Sài Đồng, Huỳnh Văn Nghệ, Sài Đồng, Long Biên, Hà Nội",21.04065286,105.9088155,0,0.0,0.0,0.0,0.0,0.0,0.0
"Bán gấp biệt thự Nine South Nam Sài Gòn DT 140m2 thiết kế 4PN 5WC full nội thất giá chốt 17,3tỷ","17,3 tỷ",140 m²,4,5,"Nhà Bè, Hồ Chí Minh"," Đường Nguyễn Hữu Thọ,  Xã Phước Kiển,  Nhà Bè,  Hồ Chí Minh",10.71772076,106.7026202,0,0.0,0.0,0.0,0.0,0.0,0.0
"Vợ chồng chuyển công tác cần bán gấp căn hộ 2PN Privia nhà mới 100%, giá 3.6 tỷ LH: 0938 399 ***","3,6 tỷ","67,74 m²",2,2,"Bình Tân, Hồ Chí Minh"," Đường An Dương Vương,  Phường An Lạc,  Bình Tân,  Hồ Chí Minh",10.7223892,106.6197111,0,0.0,0.0,0.0,0.0,0.0,0.0
"Tôi Chính chủ bán CĂN HỘ LÔ GÓC 3 THOÁNG TẠI THE K - PARK VĂN PHÚ 83m 3 ngủ 2 Wc, Giá dưới 5.99 tỷ.","5,98 tỷ",93 m²,3,2,"Hà Đông, Hà Nội","The K Park, Lê Trọng Tấn, Phúc La, Hà Đông, Hà Nội",20.9675836,105.7895084,0,0.0,0.0,0.0,0.0,0.0,0.0
CẦN BÁN GẤP NHÀ PHÚ DIỄN - THỔ CÔNG CHỌN CHỦ MỚI 1 TỶ/1M PHẢI XEM NHÀ MỚI Ý KIẾN,79 tỷ,100 m²,6,6,"Bắc Từ Liêm, Hà Nội","Đường Phú Diễn, Phường Phú Diễn, Bắc Từ Liêm, Hà Nội",21.05349786,105.7638545,0,0.0,0.0,0.0,0.0,0.0,0.0
Cập nhật quỹ căn hộ giá tốt nhất tại Le Grand Jardin Sài Đồng,"5,5 tỷ",85 m²,3,2,"Long Biên, Hà Nội","Le Grand Jardin Sài Đồng, Huỳnh Văn Nghệ, Sài Đồng, Long Biên, Hà Nội",21.04065286,105.9088155,0,0.0,0.0,0.0,0.0,0.0,0.0
"Nhà 3 lầu siêu đẹp mặt tiền hẻm thông xe hơi 4m Huỳnh Tấn Phát, P. Phú Thuận, Quận 7","7,4 tỷ",61 m²,4,5,"Quận 7, Hồ Chí Minh","Đường Huỳnh Tấn Phát, Phường Phú Thuận, Quận 7, Hồ Chí Minh",10.72280396,106.7356288,0,0.0,0.0,0.0,0.0,0.0,0.0
"Bán nhà riêng tại Ngõ 58 Đường Đào Tấn, Cống Vị, Ba Đình, Hà Nội, giá siêu hời 4 tỷ, 30m2",4 tỷ,30 m²,3,3,"Ba Đình, Hà Nội","Ngõ 58 Đường Đào Tấn, Phường Cống Vị, Ba Đình, Hà Nội",21.0350399,105.8101844,0,0.0,0.0,0.0,0.0,0.0,0.0
"Chính chủ căn 65m2 Hoàng Kim Thế Gia, sổ hồng sẵn, nhà mới, TT 950tr ở ngay","2,8 tỷ",65 m²,3,2,"Bình Tân, Hồ Chí Minh","Hoàng Kim Thế Gia (The Golden Dynasty), Trương Phước Phan, Bình Trị Đông, Bình Tân, Hồ Chí Minh",10.77286487,106.6141066,0,0.0,0.0,0.0,0.0,0.0,0.0
Bán nhà gần ngã tư Bảy Hiền - chợ Tân Bình - bệnh viện Thống Nhất,"6,9 tỷ","53,88 m²",2,2,"Tân Bình, Hồ Chí Minh","Đường Lạc Long Quân, Phường 11, Tân Bình, Hồ Chí Minh",10.77475095,106.6480525,0,0.0,0.0,0.0,0.0,0.0,0.0
"Gia đình chuyển hướng cần bán gấp căn biệt thự khu Q, DT 170m2 giá 27 tỷ. LH: 0943 656 ***",27 tỷ,170 m²,4,4,"Hà Đông, Hà Nội"," Đường Tố Hữu,  Phường Dương Nội,  Hà Đông,  Hà Nội",20.9809284,105.74637,0,0.0,0.0,0.0,0.0,0.0,0.0
"BÁN NHÀ PHÂN LÔ VIA HÈ,Ô TÔ TRÁNH,THANH LIỆT- THANH TRÌ, 82 M2, MẶT TIỀN 6,2 M, GIÁ 29,9 TỶ.","29,9 tỷ",82 m²,3,2,"Thanh Trì, Hà Nội","Đường Thanh Liệt, Xã Thanh Liệt, Thanh Trì, Hà Nội",20.96574144,105.8145152,0,0.0,0.0,0.0,0.0,0.0,0.0
"SIÊU HIẾM , VIP HAI BÀ TRƯNG - PHÂN LÔ - LẠC TRUNG - OTÔ TRÁNH - TRUNG TÂM QUẬN HAI BÀ","24,8 tỷ",80 m²,7,7,"Hai Bà Trưng, Hà Nội","Phố Lạc Trung, Phường Vĩnh Tuy, Hai Bà Trưng, Hà Nội",21.00300972,105.8682548,0,0.0,0.0,0.0,0.0,0.0,0.0
"BÁN NHÀ HOÀNG MAI PHỐ THÚY LĨNH, 72M, MẶT TIỀN 5M CHỈ 76 TRIỆU/M,NHỈNH 5 TỶ, SỔ ĐỎ CHÍNH CHỦ",Giá thỏa thuận,72 m²,2,1,"Hoàng Mai, Hà Nội","Đường Thúy Lĩnh, Phường Lĩnh Nam, Hoàng Mai, Hà Nội",20.9805771,105.8912598,0,0.0,0.0,0.0,0.0,0.0,0.0
"(Đang giảm giá sâu): Nhà hẻm xe hơi Thống Nhất P16, 4*17m, 6,3 Tỷ","6,3 tỷ","60,6 m²",3,5,"Gò Vấp, Hồ Chí Minh","Đường Thống Nhất, Phường 16, Gò Vấp, Hồ Chí Minh",10.84533365,106.6647774,0,0.0,0.0,0.0,0.0,0.0,0.0
Bán Nhà phố có hầm giá rẻ nhất khu Cityland Park Hills Phường 10 Gò Vấp .Giá chỉ 19tỷ5 .,"19,5 tỷ",100 m²,7,4,"Gò Vấp, Hồ Chí Minh","CityLand Park Hills, Phan Văn Trị, 10, Gò Vấp, Hồ Chí Minh",10.828946,106.6826266,0,0.0,0.0,0.0,0.0,0.0,0.0
Bán nhanh biệt thự Mỹ Gia nhà đẹp giá tốt nhất khu vực liên hệ em: Cẩm 0902 944 ***,57 tỷ,220 m²,4,4,"Quận 7, Hồ Chí Minh"," Đường 20,  Phường Tân Phú,  Quận 7,  Hồ Chí Minh",10.727068,106.7261695,0,0.0,0.0,0.0,0.0,0.0,0.0
"Bán nhà đường KD, MT Nguyễn Lương Bằng","12,7 tỷ","84,8 m²",4,4,"Quận 7, Hồ Chí Minh","Đường 15B, Phường Phú Mỹ, Quận 7, Hồ Chí Minh",10.70768881,106.7319013,0,0.0,0.0,0.0,0.0,0.0,0.0
"Chính chủ Jamila Khang Điền căn 50 m2 - 3.2 tỷ, 72m2 - 3.85 tỷ, 100m2 - 5.2 tỷ, vay 70% giá trị","3,85 tỷ",72 m²,2,2,"Quận 9, Hồ Chí Minh"," Đường Song Hành,  Phường Phú Hữu,  Quận 9,  Hồ Chí Minh",10.7608529,106.7012374,0,0.0,0.0,0.0,0.0,0.0,0.0
"Bán nhà BTLK hải âu khu đô thị mới cầu bươu-hà nội 60m-mt 5m -4 tầng ô tô vào nhà , kinh doanh tốt.","13,5 tỷ",60 m²,4,5,"Thanh Trì, Hà Nội","KĐTM Cầu Bươu, Đường 70, Xã Tân Triều, Thanh Trì, Hà Nội",20.9770834,105.8042144,0,0.0,0.0,0.0,0.0,0.0,0.0
"Chỉ 16,96tỷ! Bán nhà Minh Khai Bắc Từ Liêm, phân lô,ô tô tránh vào nhà 60mx6T thang máy, VP công ty","16,96 tỷ",60 m²,4,5,"Bắc Từ Liêm, Hà Nội","Phường Minh Khai, Bắc Từ Liêm, Hà Nội",21.0603661,105.7475631,0,0.0,0.0,0.0,0.0,0.0,0.0
"Bán quỹ căn giá rẻ nhất Hoàng Thành Pearl, Nguyễn Văn Giáp, DT 80m2 (2PN), 114m2(3PN) LH 0906 241 ***","5,7 tỷ",80 m²,2,2,"Nam Từ Liêm, Hà Nội"," Đường Nguyễn Văn Giáp,  Phường Cầu Diễn,  Nam Từ Liêm,  Hà Nội",21.02369542,105.7552656,0,0.0,0.0,0.0,0.0,0.0,0.0
Bán gấp & Cho thuê Sky Line 3PN đầy đủ nội thất cao cấp lầu cao view sông nhìn pháo hoa giá tốt,Giá thỏa thuận,108 m²,3,2,"Quận 7, Hồ Chí Minh","An Gia Skyline, Hoàng Quốc Việt, Phú Thuận, Quận 7, Hồ Chí Minh",10.7146752,106.7370406,0,0.0,0.0,0.0,0.0,0.0,0.0
Nguyễn Công Trứ - 50m2 - 2.89 tỷ,"2,89 tỷ",50 m²,3,3,"Sơn Trà, Đà Nẵng","Đường Nguyễn Công Trứ, Phường An Hải Đông, Sơn Trà, Đà Nẵng",16.0661793,108.2346025,0,0.0,0.0,0.0,0.0,0.0,0.0
"GIẢM NGAY 100Tr-GIÁ MỚI 5.8TỶ CHO CĂN 4 TẦNG OTO THÔNG TẶNG FULL NỘI THẤT GỖ XỊN, ,","5,1 tỷ",50 m²,3,4,"Quận 12, Hồ Chí Minh","Đường 13, Phường Tân Chánh Hiệp, Quận 12, Hồ Chí Minh",10.8544471,106.6295743,0,0.0,0.0,0.0,0.0,0.0,0.0
Bán Siêu Phẩm Chỉ Có 1 Căn Biệt Thự Đơn Lập Đảo Ngọc Trai Vị Trí Đỉnh Búp Giá Chủ Đầu Tư Ai Là Vip,86 tỷ,"283,68 m²",5,5,"Văn Giang, Hưng Yên","The Empire - Vinhomes Ocean Park 2, Long Hưng, Văn Giang, Hưng Yên",20.9519833,105.953952,0,0.0,0.0,0.0,0.0,0.0,0.0
"Bán Nhà Hẻm Xe Hơi Thông 4 x 15 , 4 Tấm TN 21 tr.T , Phan Huy Ích , Phường 12. LH 0369720*** Phương","5,95 tỷ",60 m²,4,5,"Gò Vấp, Hồ Chí Minh","Đường Phan Huy Ích, Phường 12, Gò Vấp, Hồ Chí Minh",10.83292773,106.6353737,0,0.0,0.0,0.0,0.0,0.0,0.0
CHỈ VỚI 600 TRIỆU SỞ HỮU NGAY CĂN HỘ Ở MẶT BIỂN CÁT BÀ - DỰ ÁN XANH ISLAND - SUN GROUP.,2 tỷ,39 m²,2,2,"Cát Hải, Hải Phòng","Xanh Island Cát Bà, Cát Bà, Cát Hải, Hải Phòng",20.8116224,106.9242609,0,0.0,0.0,0.0,0.0,0.0,0.0
"Bán nhà mặt chợ,Thái Thịnh, Đống Đa, 60m đang kinh doanh tốt, 5tầng thang máy, Ô tô cửa, 15tỷ","14,9 tỷ",60 m²,6,4,"Đống Đa, Hà Nội","Phố Thái Thịnh, Phường Thịnh Quang, Đống Đa, Hà Nội",21.00801347,105.8204891,0,0.0,0.0,0.0,0.0,0.0,0.0
"Nhà mới xây, DT đất 211m2 đường bê tông 5m, Đức Hòa Long An giá 2,65 tỷ","2,65 tỷ",211 m²,3,2,"Đức Hòa, Long An","Đường Lục Viên, Xã Mỹ Hạnh Bắc, Đức Hòa, Long An",10.8781954,106.4913901,0,0.0,0.0,0.0,0.0,0.0,0.0
"Cần bán nhà mặt tiền đường 10.5m sát sông Hàn, sát cầu Rồng mà giá chỉ 130 triệu/m2","15,2 tỷ",117 m²,4,3,"Sơn Trà, Đà Nẵng","Đường Nguyễn Công Trứ, Phường An Hải Nam, Sơn Trà, Đà Nẵng",16.06580887,108.2389218,0,0.0,0.0,0.0,0.0,0.0,0.0
"Bán căn hộ 2PN 3PN Chung cư Văn Lang SkyLake, view đẹp nhất TP. Việt Trì","3,47 tỷ","73,35 m²",2,2,"Việt Trì, Phú Thọ","Văn Lang SkyLake, Phố Tiên Dung, Phường Tiên Cát, Việt Trì, Phú Thọ",21.3136067,105.3946301,0,0.0,0.0,0.0,0.0,0.0,0.0
"Bán 1 căn góc 142m2 Sapphire Gem ngay TTHC mới, chỉ 7,x tỷ bao trọn thuế phí cho khách thiện chí",Giá thỏa thuận,142 m²,4,5,"Thủy Nguyên, Hải Phòng"," Phường Thủy Đường,  Thủy Nguyên,  Hải Phòng",20.9204971,106.6805479,0,0.0,0.0,0.0,0.0,0.0,0.0
"Bn nhà xây ở hẻm 5m, Lê Văn Sỹ P1 Tân Bình. Giá 2 tỷ550. DT 60m2 sổ hồng riêng. LH 0902 631 *** Quỳnh","2,55 tỷ",60 m²,4,5,"Tân Bình, Hồ Chí Minh","Đường Lê Văn Sỹ, Phường 1, Tân Bình, Hồ Chí Minh",10.794126,106.6660019,0,0.0,0.0,0.0,0.0,0.0,0.0
"Chuyên mua bán căn hộ 2PN, 3PN, 4PN tại Golden Palace, full nội thất mới đẹp, giá bán từ 58tr/m2.","7,5 tỷ",125 m²,3,2,"Nam Từ Liêm, Hà Nội"," đường Mễ Trì,  Phường Mễ Trì,  Nam Từ Liêm,  Hà Nội.",21.01493436,105.7785397,0,0.0,0.0,0.0,0.0,0.0,0.0
Bán nhà 6 tầng mặt phố Văn Cao - Ba đình 71 tỷ,71 tỷ,95 m²,5,5,"Ba Đình, Hà Nội","Đường Văn Cao, Phường Liễu Giai, Ba Đình, Hà Nội",21.03907035,105.8157024,0,0.0,0.0,0.0,0.0,0.0,0.0
Giỏ hàng chuyển nhượng căn hộ Mizuki Park Nam Long mới nhất tháng 03/2025 - Hỗ trợ xem nhà 24/7,"2,95 tỷ",56 m²,2,1,"Bình Chánh, Hồ Chí Minh"," Đường Nguyễn Văn Linh,  Xã Bình Hưng,  Bình Chánh,  Hồ Chí Minh",10.72891091,106.6801554,0,0.0,0.0,0.0,0.0,0.0,0.0
Giá tốt bán nhà Trịnh Hoài Đức - P. Hiệp Phú. Nhà 3 tầng chủ xây chắc chắn. Ngay ngã tư Thủ Đức,"7,58 tỷ","85,5 m²",5,4,"Thủ Đức, Hồ Chí Minh","Đường Trịnh Hoài Đức, Phường Hiệp Phú, Thủ Đức, Hồ Chí Minh",10.847658,106.7797654,0,0.0,0.0,0.0,0.0,0.0,0.0
"Bán nhà riêng đẹp tại Võ Chí Công 8 tỷ, 40m2, 5PN, 4WC. 0382 276 ***",8 tỷ,40 m²,5,4,"Tây Hồ, Hà Nội","Đường Võ Chí Công, Phường Xuân La, Tây Hồ, Hà Nội",21.06710175,105.8074261,0,0.0,0.0,0.0,0.0,0.0,0.0
Bán nhà hxh 6m Nguyễn Bỉnh Khiêm - Đa Kao Q1 - 60m2 4pn đang cho spa thuê 30tr/tháng,"16,49 tỷ",60 m²,4,4,"Quận 1, Hồ Chí Minh","Đường Nguyễn Bỉnh Khiêm, Phường Đa Kao, Quận 1, Hồ Chí Minh",10.791498,106.6999442,0,0.0,0.0,0.0,0.0,0.0,0.0
Cần bán biệt thự vườn 617m2 ngay GiGamall Phạm Văn Đồng Hiệp Bình Chánh Thủ Đức,48 tỷ,617 m²,4,4,"Thủ Đức, Hồ Chí Minh","Đường 17, Phường Hiệp Bình Chánh, Thủ Đức, Hồ Chí Minh",10.8242362,106.7172857,0,0.0,0.0,0.0,0.0,0.0,0.0
Tháng 3/2025 Bán cắt lỗ biệt thự song lập hướng ĐN gần hồ - LH: 0886 064 ***,Giá thỏa thuận,150 m²,4,3,"Gia Lâm, Hà Nội"," Xã Dương Xá,  Gia Lâm,  Hà Nội",21.0046345,105.970087,0,0.0,0.0,0.0,0.0,0.0,0.0
"Bán Nhà mặt phố tại Bình Trị Đông, 8,99 tỷ, 109m2, (5 x 22M )4PN + 5WC + 4T","8,99 tỷ",109 m²,4,5,"Bình Tân, Hồ Chí Minh","Phường Bình Trị Đông, Bình Tân, Hồ Chí Minh",10.7663912,106.6167997,0,0.0,0.0,0.0,0.0,0.0,0.0
"Bán Centana 3PN 4,6 tỷ-5 tỷ, 2PN Office 2,5 tỷ-2,7 tỷ, 2PN căn hộ 4 tỷ - 4,2 tỷ, 1PN từ 2,3 tỷ",4 tỷ,64 m²,2,2,"Quận 2, Hồ Chí Minh"," Đường Mai Chí Thọ,  Phường An Phú,  Quận 2,  Hồ Chí Minh",10.7365876,106.7120245,0,0.0,0.0,0.0,0.0,0.0,0.0
"Bán nhà ngõ Trung Hành, Đằng Lâm, 41m2 4 tầng, mới tinh, độc lập, dân xây, 2 tỷ 650","2,65 tỷ",41 m²,3,2,"Hải An, Hải Phòng","Đường Trung Hành, Phường Đằng Lâm, Hải An, Hải Phòng",20.83826115,106.70931,0,0.0,0.0,0.0,0.0,0.0,0.0
Cần Bán nhanh nhà 5 tầng Biên Giang ô tô cách 5m khu vực đông đúc.,"3,05 tỷ",30 m²,3,4,"Hà Đông, Hà Nội","Đường Biên Giang, Phường Biên Giang, Hà Đông, Hà Nội",20.93096589,105.7174907,0,0.0,0.0,0.0,0.0,0.0,0.0
"Bán căn hộ chính chủ 2PN, 3PN, 4PN chung cư Dolphin Plaza - Giá tốt, hỗ trợ A-Z, LH 0987 514 ***","11,1 tỷ",186 m²,4,3,"Nam Từ Liêm, Hà Nội","Dolphin Plaza, Trần Bình, Mỹ Đình 2, Nam Từ Liêm, Hà Nội",21.03066864,105.7763755,0,0.0,0.0,0.0,0.0,0.0,0.0
Chuyên Bán Căn Hộ Saigon Royal Giá Tốt. Studio 2.6 tỷ | 1PN+1 4.6 tỷ | 2PN 6.4 tỷ | 3PN 12.5 tỷ,"6,1 tỷ",82 m²,2,2,"Quận 4, Hồ Chí Minh"," Đường Bến Vân Đồn,  Phường 12,  Quận 4,  Hồ Chí Minh",10.7550146,106.6349096,0,0.0,0.0,0.0,0.0,0.0,0.0
PKD tổng hợp quỹ căn 2PN-3PN-Duplex DT đa dạng 127-307m2 ở Mandarin-cam kết giá sát nhất thị trường,"16,34 tỷ",172 m²,3,2,"Cầu Giấy, Hà Nội","Mandarin Garden, Hoàng Minh Giám, Trung Hòa, Cầu Giấy, Hà Nội",21.00774393,105.7957821,0,0.0,0.0,0.0,0.0,0.0,0.0
"Chính chủ bán nhà phân lô phố thanh bình,nhà đẹp nội thất đầy đủ, miễn trung gian và môi giới,",14 tỷ,60 m²,5,4,"Hà Đông, Hà Nội","Phố Nguyễn Thanh Bình, Phường Mỗ Lao, Hà Đông, Hà Nội",20.9821715,105.7842539,0,0.0,0.0,0.0,0.0,0.0,0.0
"Bán Nhà Biệt Thự 4PN, 4WC, 101m2 tại Phùng Chí Kiên, Cầu Giấy, Hà Nội giá 34 tỷ VND",34 tỷ,101 m²,4,4,"Cầu Giấy, Hà Nội","Phố Phùng Chí Kiên, Phường Nghĩa Đô, Cầu Giấy, Hà Nội",21.04202494,105.8025152,0,0.0,0.0,0.0,0.0,0.0,0.0
Độc quyền hàng thưởng: 2PN + 2WC view hồ bơi - giá 3.724 tỷ - tặng gói nội thất 150tr,"3,72 tỷ",69 m²,2,2,"Quận 9, Hồ Chí Minh","Glory Heights - Vinhomes Grand Park, Nguyễn Xiển, Long Bình, Quận 9, Hồ Chí Minh",10.7589554,106.6730492,0,0.0,0.0,0.0,0.0,0.0,0.0
Bán Shophouse khu đô thị hạ Đình Rue De Charm 93m2 giá 25 tỷ nhận nhà ngay dòng tiền 70tr/tháng,25 tỷ,93 m²,10,11,"Thanh Trì, Hà Nội","Rue De Charme, 214, Đường Nguyễn Xiển, Xã Tân Triều, Thanh Trì, Hà Nội",20.98294964,105.809326,0,0.0,0.0,0.0,0.0,0.0,0.0
Siêu phẩm Lê Trọng Tấn ô tô đỗ cửa vừa ở vừa kinh doanh dòng tiền tốt - nhỉnh 11 tỷ,"11,2 tỷ",44 m²,5,4,"Thanh Xuân, Hà Nội","Đường Lê Trọng Tấn, Phường Khương Mai, Thanh Xuân, Hà Nội",20.9971341,105.8290537,0,0.0,0.0,0.0,0.0,0.0,0.0
Nhà mới đẹp mặt tiền hẻm kinh doanh 1/ Huỳnh Tấn Phát vào 3 tầng 4 pn 3 vệ sinh chỉ 2tỷ850tr,"2,85 tỷ",33 m²,4,3,"Nhà Bè, Hồ Chí Minh","Thị trấn Nhà Bè, Huyện Nhà Bè, Hồ Chí Minh",10.6956953,106.7395591,0,0.0,0.0,0.0,0.0,0.0,0.0
"Bán nhà mặt phố Hàng Than, 101m2 giá 68tỷ, mặt tiền 22m, vị trí đẹp nhất phố, kinh doanh bất chấp",68 tỷ,101 m²,4,4,"Ba Đình, Hà Nội","Đường Hàng Than, Phường Nguyễn Trung Trực, Ba Đình, Hà Nội",21.0449031,105.8448873,0,0.0,0.0,0.0,0.0,0.0,0.0
Quỹ căn 2 ngủ nhỏ view hồ đẹp nhất đáng đầu tư dự án Masteri The Lakeside chỉ 20% = 800 triệu,Giá thỏa thuận,65 m²,2,2,"Gia Lâm, Hà Nội","Masteri Lakeside, Trâu Quỳ, Gia Lâm, Hà Nội",21.0097832,105.9380275,0,0.0,0.0,0.0,0.0,0.0,0.0
2căn nhà mới hoàn thiện 4 tầng đường xe hơi thị trấn nhà bè,"6,8 tỷ",50 m²,4,5,"Nhà Bè, Hồ Chí Minh","Sài Gòn Mới, Đường Huỳnh Tấn Phát, Thị trấn Nhà Bè, Nhà Bè, Hồ Chí Minh",10.70220307,106.7382082,0,0.0,0.0,0.0,0.0,0.0,0.0
"Hotel 24 phòng sẳn hợp đồng thuê 60tr/tháng, giá 28tỷ500tr","28,5 tỷ",133 m²,24,25,"Quận 7, Hồ Chí Minh","Đường Số 2, Phường Phú Mỹ, Quận 7, Hồ Chí Minh",10.71478055,106.734026,0,0.0,0.0,0.0,0.0,0.0,0.0
Nhà mới đẹp 4 tầng full nội thất đường ô tô 8m chỉ 6tỷ6 ngay Trung tâm Thị Trấn sát bên quận 7,"6,6 tỷ","52,5 m²",3,4,"Nhà Bè, Hồ Chí Minh","Thị trấn Nhà Bè, Nhà Bè, Hồ Chí Minh",10.6956953,106.7395591,0,0.0,0.0,0.0,0.0,0.0,0.0
Bán Nhanh Căn Biệt thự đảo Ecopark với diện tích 300m2,65 tỷ,300 m²,4,4,"Văn Giang, Hưng Yên","Ecopark Grand - The Island , Xuân Quan, Văn Giang, Hưng Yên",20.96350148,105.918669,0,0.0,0.0,0.0,0.0,0.0,0.0
"Biệt thự mặt tiền TL29 sân dài miên man - 507m2 đất - sale 2 tỷ còn 12,3 tỷ - kinh doanh gì cũng đc","12,3 tỷ",507 m²,5,6,"Quận 12, Hồ Chí Minh","Đường Thạnh Lộc 29, Phường Thạnh Lộc, Quận 12, Hồ Chí Minh.",10.87702452,106.6794136,0,0.0,0.0,0.0,0.0,0.0,0.0
"Giảm Sâu nhà Song Phương, bán kính 800m đầy đủ chợ, trường, 400m ra Đại Lộ TL.","3,35 tỷ",42 m²,4,3,"Hoài Đức, Hà Nội","Đường Song Phương, Xã Song Phương, Hoài Đức, Hà Nội",21.015711,105.6970672,0,0.0,0.0,0.0,0.0,0.0,0.0
"Bán căn hộ Mizuki Park 72m2 view mát (2PN - 2WC), giá 3,40tỷ/căn đã có sổ bao giấy tờ nhận nhà","3,4 tỷ",72 m²,2,2,"Bình Chánh, Hồ Chí Minh"," Đường Nguyễn Văn Linh,  Xã Bình Hưng,  Bình Chánh,  Hồ Chí Minh",10.72891091,106.6801554,0,0.0,0.0,0.0,0.0,0.0,0.0
"Bán CC Green Pearl 378 Minh Khai, 12,5 tỷ, 139m2, 3PN, 2WC, full nội thất","12,5 tỷ",139 m²,3,2,"Hai Bà Trưng, Hà Nội","Green Pearl 378 Minh Khai, Minh Khai, Vĩnh Tuy, Hai Bà Trưng, Hà Nội",20.9963307,105.8641757,0,0.0,0.0,0.0,0.0,0.0,0.0
"Nhà hẻm Vip Dương Đức Hiền, giá 7 tỷ",7 tỷ,"67,5 m²",2,1,"Tân Phú, Hồ Chí Minh","Đường Dương Đức Hiền, Phường Tây Thạnh, Tân Phú, Hồ Chí Minh",10.80882244,106.627121,0,0.0,0.0,0.0,0.0,0.0,0.0
Cần bán biệt thự rộng 500m2 khu biệt thự núi Anh Nguyễn,"43,5 tỷ",500 m²,4,5,"Nha Trang, Khánh Hòa"," Đường Trần Phú,  Phường Vĩnh Nguyên,  Nha Trang,  Khánh Hòa",12.2155713,109.2026176,0,0.0,0.0,0.0,0.0,0.0,0.0
"Nhà Tân Bình MT lộ giới 30m, thông ra nhà ga T3 sân bay TSN, 162.5m2 ngang 10m, 6 tầng, 50.5tỷ","50,5 tỷ","162,53 m²",4,5,"Tân Bình, Hồ Chí Minh","Đường Phan Thúc Duyện, Phường 4, Tân Bình, Hồ Chí Minh",10.80352796,106.6622492,0,0.0,0.0,0.0,0.0,0.0,0.0
"Hiếm bán! Nhà Bình Thạnh, hẻm xe hơi 5m, sát mặt tiền Nơ Trang Long, 5x15, 4 tầng, giá tốt 12.8 tỷ","12,8 tỷ","73,8 m²",4,4,"Bình Thạnh, Hồ Chí Minh","Đường Nơ Trang Long, Phường 11, Bình Thạnh, Hồ Chí Minh",10.80924858,106.6947047,0,0.0,0.0,0.0,0.0,0.0,0.0
"Bán Nhà Mặt Phố 4 Tầng, 5PN, 4WC, 80m2, 9,9 tỷ tại Bình Trị Đông B, Bình Tân, HCM giá siêu hời","9,9 tỷ",80 m²,5,4,"Bình Tân, Hồ Chí Minh","Phường Bình Trị Đông B, Bình Tân, Hồ Chí Minh",10.7504813,106.6128383,0,0.0,0.0,0.0,0.0,0.0,0.0
"Bán căn hộ 3PN Eco Green City, nhà mới sửa, 95m2, căn góc ban công Đông Nam",Giá thỏa thuận,95 m²,3,2,"Thanh Trì, Hà Nội","Eco Green City, Đường Nguyễn Xiển, Xã Tân Triều, Thanh Trì, Hà Nội",20.9831813,105.8087009,0,0.0,0.0,0.0,0.0,0.0,0.0
Đầu tư hơn 4 tỷ có ngay dòng tiền thu nhập với hợp đồng thuê giá 23tr/ tháng,"4,26 tỷ",60 m²,2,1,"Quận 7, Hồ Chí Minh"," Đường Phạm Văn Nghị,  Phường Tân Phong,  Quận 7,  Hồ Chí Minh",10.7299253,106.7068066,0,0.0,0.0,0.0,0.0,0.0,0.0
"Người quen gửi bán nhà phố Thi Sách, nhà đẹp ở luôn, sát mặt phố, trung tâm quận Hai Bà Trưng","14,2 tỷ",42 m²,4,4,"Hai Bà Trưng, Hà Nội","Phố Thi Sách, Phường Ngô Thì Nhậm, Hai Bà Trưng, Hà Nội",21.0088541,105.8507816,0,0.0,0.0,0.0,0.0,0.0,0.0
Cắt lỗ 300tr căn hộ 2 phòng ngủ mặt sông Hàn Sun Symphony Residence đối diện Novotel Đà Nẵng,"6,1 tỷ","70,1 m²",2,2,"Sơn Trà, Đà Nẵng"," Đường Trần Hưng Đạo,  Phường Nại Hiên Đông ,  Sơn Trà,  Đà Nẵng",16.08516825,108.2288678,0,0.0,0.0,0.0,0.0,0.0,0.0
GẤP HẠ GIÁ 30 TỶ TÔI CHÍNH CHỦ BÁN BIỆT THỰ VƯỜN ĐÀO D5 LÔ GÓC 3 MẶT TIỀN VIEW TRỰC DIỆN LOTTE,Giá thỏa thuận,270 m²,5,5,"Tây Hồ, Hà Nội","Toà nhà hỗn hợp Vườn Đào, Lạc Long Quân, Phú Thượng, Tây Hồ, Hà Nội",21.07332352,105.8127116,0,0.0,0.0,0.0,0.0,0.0,0.0
"Cần bán gấp căn biệt thự, Đinh Công Trứ",13 tỷ,282 m²,4,4,"Sơn Trà, Đà Nẵng","Đường Đinh Công Trứ, Phường Thọ Quang, Sơn Trà, Đà Nẵng",16.09551999,108.2472429,0,0.0,0.0,0.0,0.0,0.0,0.0
"Căn hộ 27,8m2 tại Vinhomes Ocean Park Gia Lâm, giá tốt 1,73 tỷ","1,73 tỷ","27,8 m²",1,1,"Gia Lâm, Hà Nội"," Xã Dương Xá,  Gia Lâm,  Hà Nội",21.0046345,105.970087,0,0.0,0.0,0.0,0.0,0.0,0.0
"Bán nhà phân lô ngõ 121 phố Thái Hà, Quận Đống Đa, DT 50.5m2, 7 tầng, MT 5,5m, thang máy nhập khẩu",29 tỷ,"50,5 m²",13,8,"Đống Đa, Hà Nội","Ngõ 121, Phố Thái Hà, Phường Trung Liệt, Đống Đa, Hà Nội",21.01060316,105.8223619,0,0.0,0.0,0.0,0.0,0.0,0.0
"100m ra mặt phố Hồ Tùng Mậu - Nhà đẹp ở ngay - 5 tầng dân xây - 6,8 tỷ","6,8 tỷ",30 m²,3,4,"Cầu Giấy, Hà Nội","Đường Hồ Tùng Mậu, Phường Mai Dịch, Cầu Giấy, Hà Nội",21.03726496,105.7760404,0,0.0,0.0,0.0,0.0,0.0,0.0
"Cần bán gấp: Nhà phố The Classia Khang Điền - nhà sẵn, sổ sẵn, khu compound an ninh 24/7","17,4 tỷ",95 m²,6,6,"Quận 9, Hồ Chí Minh"," Đường Võ Chí Công,  Phường Phú Hữu,  Quận 9,  Hồ Chí Minh",10.7608529,106.7012374,0,0.0,0.0,0.0,0.0,0.0,0.0
BÁN NHÀ PHÂN LÔ 55M2 XÂY 5 TẦNG THANG MÁY,19 tỷ,55 m²,8,5,"Nam Từ Liêm, Hà Nội","Đường Huy Du, Phường Cầu Diễn, Nam Từ Liêm, Hà Nội",21.0345973,105.7625765,0,0.0,0.0,0.0,0.0,0.0,0.0
"Tôi Cần Bán Căn nhà 3 tầng Lô Góc, 52,5m mặt tiền 4,8m đường 10m, giá hơn 10ty","10,5 tỷ","52,4 m²",3,3,"Lê Chân, Hải Phòng","Đường Dư Hàng, Phường Dư Hàng, Lê Chân, Hải Phòng",20.8319128,106.6826466,0,0.0,0.0,0.0,0.0,0.0,0.0
"Bán nhà Ngọc Thụy, căn góc 2 mặt ngõ thoáng 55m2 x 6 tầng, thang máy, ngõ thông ô tô 7 chỗ vào nhà","12,9 tỷ",55 m²,4,3,"Long Biên, Hà Nội","Đường Ngọc Thụy, Phường Ngọc Thụy, Long Biên, Hà Nội",21.06531882,105.8691122,0,0.0,0.0,0.0,0.0,0.0,0.0
cập nhật những căn giá rẻ nhất dự án Jamila DT: 70m2 có 2PN 2WC full NT giá tốt nhất dự án,"4,15 tỷ",70 m²,2,2,"Quận 9, Hồ Chí Minh","Jamila Khang Điền, Song Hành, Phú Hữu, Quận 9, Hồ Chí Minh",10.7608529,106.7012374,0,0.0,0.0,0.0,0.0,0.0,0.0
"Bán Biệt Thự Vườn Đào đẹp nhất 256 m2, 5 tầng, Mt 14 m, thang máy, đẳng cấp thượng lưu! Hot 150 tỷ!",150 tỷ,256 m²,6,6,"Tây Hồ, Hà Nội","Vườn Đào, Đường Lạc Long Quân, Phường Phú Thượng, Tây Hồ, Hà Nội",21.07332352,105.8127116,0,0.0,0.0,0.0,0.0,0.0,0.0
"Bán nhà chính chủ, đường20m, KDC Tên Lửa, số 51 Đường số 49, P.Tân Tạo, Q.Bình Tân, DT 81m2, 11 tỷ",11 tỷ,81 m²,4,5,"Bình Tân, Hồ Chí Minh","51 Đường Số 49, Phường Tân Tạo, Bình Tân, Hồ Chí Minh",10.75232444,106.6009628,0,0.0,0.0,0.0,0.0,0.0,0.0
"Chính chủ bán nhà tại Nguyễn Văn Cừ, có gara ô tô ngõ thông kinh doanh giá hơn 10 tỷ","10,2 tỷ",40 m²,3,4,"Long Biên, Hà Nội","Đường Nguyễn Văn Cừ, Phường Bồ Đề, Long Biên, Hà Nội",21.04122651,105.8694521,0,0.0,0.0,0.0,0.0,0.0,0.0
"Nhà 3 tầng, Mặt tiền bao đẹp Huỳnh Tấn Phát - Trần Trọng Cung 4,2x31m. Chính chủ bán 23,9 tỷ","23,9 tỷ",131 m²,5,3,"Quận 7, Hồ Chí Minh","Đường Huỳnh Tấn Phát, Phường Tân Thuận Đông, Quận 7, Hồ Chí Minh",10.74507267,106.7293308,0,0.0,0.0,0.0,0.0,0.0,0.0
"Tổng hợp 5 căn biệt thự VIP nhất kđt Vĩnh Điềm Trung , sổ Hồng hoàn công , cách biển 3km","14,79 tỷ",290 m²,4,6,"Nha Trang, Khánh Hòa","Đường C8, Xã Vĩnh Hiệp, Nha Trang, Khánh Hòa",12.24997956,109.1779277,0,0.0,0.0,0.0,0.0,0.0,0.0
BÁN NHÀ 4 TẦNG -NGÕ Ô TÔ TRÁNH - NGUYỄN TRÃI KDOANH ĐỈNH - CHỈ VÀI BƯỚC CHÂN RA PHỐ -GÍA CHỈ 12 TỶ,12 tỷ,37 m²,4,4,"Thanh Xuân, Hà Nội","Đường Nguyễn Trãi, Phường Thượng Đình, Thanh Xuân, Hà Nội",20.99693744,105.8113324,0,0.0,0.0,0.0,0.0,0.0,0.0
Cần bán căn hộ cao cấp view Sông Hàn ngắm pháo hoa tại Thành phố Đà Nẵng với giá thấp nhất.,8 tỷ,"76,8 m²",3,3,"Sơn Trà, Đà Nẵng","Sun Symphony Residence, view Sông Hàn ngắm pháo hoa, đường Trần Hưng Đạo, Nại Hiên Đông , Sơn Trà, Đà Nẵng",16.08516825,108.2288678,0,0.0,0.0,0.0,0.0,0.0,0.0
Chính chủ bán căn 1PN+ tòa Masterise giá tốt nhẩt Vinhomes Ocean Park có thể chuyển đổi thành 2 ngủ,"2,75 tỷ",45 m²,1,1,"Gia Lâm, Hà Nội","Masteri Lakeside, Thị trấn Trâu Quỳ, Gia Lâm, Hà Nội",21.0097832,105.9380275,0,0.0,0.0,0.0,0.0,0.0,0.0
THẬT 100% TỐT THU 250 TRIỆU/THÁNG TÒA NHÀ 11x26m. 260m2 HẦM 6 TẦNG KHU XUÂN THỦY THẢO ĐIỀN QUẬN 2.,59 tỷ,260 m²,25,25,"Quận 2, Hồ Chí Minh","Đường Xuân Thủy, Phường Thảo Điền, Quận 2, Hồ Chí Minh",10.8037248,106.7462249,0,0.0,0.0,0.0,0.0,0.0,0.0
"Sadora, căn góc, 3PN, 120m2, View nhìn Panorama của Sài Gòn, giá rẻ chỉ 14.5 tỷ",15 tỷ,120 m²,3,2,"Quận 2, Hồ Chí Minh"," Đường Mai Chí Thọ,  Phường An Lợi Đông,  Quận 2,  Hồ Chí Minh",10.80484845,106.7167622,0,0.0,0.0,0.0,0.0,0.0,0.0
Bán tòa nhà 6 tầng thang máy thang bộ 12 phòng Q.Hai Bà 12.9 tỷ,"12,9 tỷ",62 m²,12,12,"Hai Bà Trưng, Hà Nội","Đường Minh Khai, Phường Vĩnh Tuy, Hai Bà Trưng, Hà Nội",20.99496378,105.8675578,0,0.0,0.0,0.0,0.0,0.0,0.0
"Bán gấp nhà riêng Đội Cấn, Ba Đình, Hà Nội, 6 tầng thang máy, gần ô tô, 8.6 tỷ, 46m2, mặt tiền 4.2m","8,6 tỷ",46 m²,3,5,"Ba Đình, Hà Nội","Đường Đội Cấn, Phường Đội Cấn, Ba Đình, Hà Nội",21.03318665,105.8278161,0,0.0,0.0,0.0,0.0,0.0,0.0
"Chính chủ bán căn 62m chung cư Vinhomes Green Bay Mễ Trì, Đại lộ Thăng Long, Nam Từ Liêm",Giá thỏa thuận,62 m²,2,1,"Nam Từ Liêm, Hà Nội","Vinhomes Green Bay Mễ Trì, Đại lộ Thăng Long, Mễ Trì, Nam Từ Liêm, Hà Nội",21.0014774,105.7854993,0,0.0,0.0,0.0,0.0,0.0,0.0
"7,7 tỷ - nhà mặt tiền - Thạnh Mỹ Lợi quận 2 - 75m2 - 5PN - 3 tầng - đường 8m - hàng hiếm giá tốt","7,7 tỷ",75 m²,5,6,"Quận 2, Hồ Chí Minh","Đường 19, Phường Thạnh Mỹ Lợi, Quận 2, Hồ Chí Minh",10.77073175,106.7702559,0,0.0,0.0,0.0,0.0,0.0,0.0
Chính chủ định cư nước ngoài cần bán căn hộ Diamond Riverside 2T650 bao thuế phí sang tên DT: 73m2,"2,65 tỷ",73 m²,2,2,"Quận 8, Hồ Chí Minh"," Đường Võ Văn Kiệt,  Phường 16,  Quận 8,  Hồ Chí Minh",10.72606923,106.6198035,0,0.0,0.0,0.0,0.0,0.0,0.0
Bán biệt thự đơn lập Mỹ Quang khu cảnh đồi Phú Mỹ Hưng. Nhà mới giá tốt. Khu dân cư cao cấp,148 tỷ,"352,5 m²",4,3,"Quận 7, Hồ Chí Minh"," Đường Lý Long Tường,  Phường Tân Phong,  Quận 7,  Hồ Chí Minh",10.72363433,106.7130348,0,0.0,0.0,0.0,0.0,0.0,0.0
Bán căn hộ Hưng Vượng 1 nhà đẹp giá rẻ nhất khu Phú Mỹ Hưng,"3,35 tỷ",77 m²,3,1,"Quận 7, Hồ Chí Minh"," Đường Nguyễn Văn Linh,  Phường Tân Phong,  Quận 7,  Hồ Chí Minh",10.72920299,106.7119861,0,0.0,0.0,0.0,0.0,0.0,0.0
HÀNG HIẾM ÁP GÓC| GIÁ CỰC ƯU ĐÃI| GẦN TRUNG TÂM GIẢI TRÍ GRAND WORLD VÀ TRƯỜNG HỌC| VINHOMES CỔ LOA,"17,87 tỷ",63 m²,6,4,"Đông Anh, Hà Nội","Vinhomes Cổ Loa, Cổ Loa, Đông Hội, Đông Anh, Hà Nội",21.0966838,105.8680621,0,0.0,0.0,0.0,0.0,0.0,0.0
Đón sóng Vinhomes Vũ Yên 1 căn Centa City 75m2 giá rẻ nhất thị trường. LH 0866 666 ***,"3,6 tỷ",75 m²,4,3,"Thủy Nguyên, Hải Phòng"," Đường 359,  Phường An Lư,  Thủy Nguyên,  Hải Phòng",20.9277526,106.6958553,0,0.0,0.0,0.0,0.0,0.0,0.0
"Chính chủ cần cắt lỗ cực sâu shophouse 60m2, thông thẳng ra chung cư Masterise, sổ đỏ vĩnh viễn",Giá thỏa thuận,60 m²,7,4,"Văn Giang, Hưng Yên"," Xã Nghĩa Trụ,  Văn Giang,  Hưng Yên",20.9298976,105.963275,0,0.0,0.0,0.0,0.0,0.0,0.0
Chính chủ: Cần bán lô biệt thự 200m2 và liền kề 99m2 vị trí đẹp full nội thất cao cấp và thang máy.,73 tỷ,200 m²,6,6,"Hoàng Mai, Hà Nội"," Đường Nghiêm Xuân Yêm,  Phường Đại Kim,  Hoàng Mai,  Hà Nội",20.9728558,105.8188232,0,0.0,0.0,0.0,0.0,0.0,0.0
"Nhà đẹp phố Lê Thánh Tông, BDS giá trị đầu tư ở sướng đang có dòng tiền cho thuê hiệu quả",13 tỷ,45 m²,4,5,"Hoàn Kiếm, Hà Nội","Đường Lê Thánh Tông, Phường Phan Chu Trinh, Hoàn Kiếm, Hà Nội",21.0210957,105.8579407,0,0.0,0.0,0.0,0.0,0.0,0.0
"Chính chủ bán nhà 5T Chiến Thắng, VQ, Hà Đông (Ngay HVAN và HVKT Mật Mã). Kinh doanh. Ôtô. Giá 8tỷ6","8,6 tỷ",38 m²,4,4,"Hà Đông, Hà Nội","Đường Chiến Thắng, Phường Văn Quán, Hà Đông, Hà Nội",20.9806085,105.7949949,0,0.0,0.0,0.0,0.0,0.0,0.0
"3PN bán gấp tại Q2 Thảo Điền - Chuyên Penthouse, 1PN, 2PN, 3PN, 4PN hàng ngộp - 0908 186 ***",12 tỷ,100 m²,3,2,"Quận 2, Hồ Chí Minh","Q2 Thảo Điền, Đường Võ Trường Toản, Phường Thảo Điền, Quận 2, Hồ Chí Minh",10.8037248,106.7462249,0,0.0,0.0,0.0,0.0,0.0,0.0
"Bán nhà 46m2 Bát Khối, Cổ Linh, Gần Cầu Vĩnh Tuy, Thanh Trì, Dân xây, An Ninh Tuyệt Đối",6 tỷ,46 m²,4,4,"Long Biên, Hà Nội","Đường Bát Khối, Phường Cự Khối, Long Biên, Hà Nội",21.00582879,105.9080146,0,0.0,0.0,0.0,0.0,0.0,0.0
"Bán nhà dân xây ngõ Hòa Bình 4, ngõ ô tô cực rộng gần phố, 5 tầng 3 ngủ. Sổ đỏ vuông đẹp","6,85 tỷ",29 m²,3,4,"Hai Bà Trưng, Hà Nội","Ngõ Hòa Bình 4, Đường Minh Khai, Phường Minh Khai, Hai Bà Trưng, Hà Nội",20.9962306,105.857312,0,0.0,0.0,0.0,0.0,0.0,0.0
"Bán gấp Căn hộ 75m2, 5,1 tỷ tại Nguyễn Đức Cảnh, Tương Mai, Hoàng Mai, Tương Mai, Hoàng Mai, Hà Nội","5,1 tỷ",75 m²,2,2,"Hoàng Mai, Hà Nội","HUD3 Nguyễn Đức Cảnh, Đường Nguyễn Đức Cảnh, Phường Tương Mai, Hoàng Mai, Hà Nội",20.9893917,105.8533294,0,0.0,0.0,0.0,0.0,0.0,0.0
"Bán nhà 42m2 xây 4 tầng đường Sư Vạn Hạnh,Q10 giá 3tỷ050.Gần Vạn Hạnh Mall.Hẻm 8m.Cho thuê 12tr","3,05 tỷ",42 m²,4,3,"Quận 10, Hồ Chí Minh","Đường Sư Vạn Hạnh, Phường 12, Quận 10, Hồ Chí Minh",10.77089035,106.6700976,0,0.0,0.0,0.0,0.0,0.0,0.0
Nhà đẹp - thang máy sịn - ở ngay Q. Hai Bà Trưng,"9,5 tỷ",38 m²,3,4,"Hai Bà Trưng, Hà Nội","Phố Chùa Quỳnh, Phường Bạch Mai, Hai Bà Trưng, Hà Nội",21.00101694,105.8581395,0,0.0,0.0,0.0,0.0,0.0,0.0
"Bán NR 5PN, 4WC, 50.9m2 tại Phú Lãm, Hà Đông, 5,15 tỷ. ĐẦU TƯ CHO THUÊ THOẢI MÁI","5,15 tỷ","50,9 m²",5,4,"Hà Đông, Hà Nội","Phường Phú Lãm, Hà Đông, Hà Nội",20.9426807,105.7526272,0,0.0,0.0,0.0,0.0,0.0,0.0
"Tôi cần bán gấp căn nhà 37m2x3 tầng,gần QL6, BX Yên Nghĩa. Giá 3,85 tỷ. Lh: 0983 227 *** (A. Thanh)","3,85 tỷ",37 m²,3,3,"Hà Đông, Hà Nội","Đường 6, Phường Đồng Mai, Hà Đông, Hà Nội",20.9281504,105.7396539,0,0.0,0.0,0.0,0.0,0.0,0.0
"Nhà mới 100% - 6 x 27 mét, xã Gia Thuận, Gò Công Đông, Tiền giang, Sổ hồng + nội thất 790 triệu",790 triệu,162 m²,2,1,"Gò Công Đông, Tiền Giang","Xã Gia Thuận, Gò Công Đông, Tiền Giang",10.4400471,106.7237914,0,0.0,0.0,0.0,0.0,0.0,0.0
"Gấp! Chính chủ bán nhanh căn hộ 2PN chung cư Seasons Avenue, full đồ đẹp, giá rẻ hơn thị trường",5 tỷ,72 m²,2,2,"Hà Đông, Hà Nội"," Phường Mỗ Lao,  Hà Đông,  Hà Nội",20.9821715,105.7842539,0,0.0,0.0,0.0,0.0,0.0,0.0
Bán nhà Sapphire Gem cạnh trung tâm hành chính với quỹ căn giá tốt vị trí đẹp. liên hệ 0898 260 ***,"5,8 tỷ",110 m²,4,5,"Thủy Nguyên, Hải Phòng"," Đường 9C,  Phường Thủy Đường,  Thủy Nguyên,  Hải Phòng",20.9204971,106.6805479,0,0.0,0.0,0.0,0.0,0.0,0.0
"Bán nhà Quận 7 MT đường Số 40(LG 16m) Tân Quy Đông, P. Tân Phong, 6x15m trệt 3 lầu, ở và làm VP cty",19 tỷ,90 m²,4,5,"Quận 7, Hồ Chí Minh","Đường Số 40, Phường Tân Phong, Quận 7, Hồ Chí Minh",10.73668123,106.7097367,0,0.0,0.0,0.0,0.0,0.0,0.0
"CC cần bán nhà phố Nguyên Hồng 80m2x8T. MT:16m.Nhà đẹp Lô góc 2 mặt tiền.Ngõ to hơn phố,Sổ đẹp",56 tỷ,80 m²,6,6,"Đống Đa, Hà Nội","Đường Nguyên Hồng, Phường Láng Hạ, Đống Đa, Hà Nội",21.0148521,105.8116394,0,0.0,0.0,0.0,0.0,0.0,0.0
"chỉ 1, 4x tỷ nhận ngay chìa khoá căn hộ Sea view Tower view biển núi,View KĐT Vin làng vân cực xịn","1,75 tỷ","59,6 m²",2,2,"Liên Chiểu, Đà Nẵng"," Đường Mê Linh,  Phường Hòa Hiệp Nam,  Liên Chiểu,  Đà Nẵng",16.1043829,108.1329695,0,0.0,0.0,0.0,0.0,0.0,0.0
"Bán nhà phố vườn 1 trệt 3 lầu trong khu compound đăng cấp tại Bình Chánh, chỉ từ 80tr/m2",10 tỷ,105 m²,4,3,"Bình Chánh, Hồ Chí Minh","The Meadow Bình Chánh, Trần Văn Giàu, Vĩnh Lộc B, Bình Chánh, Hồ Chí Minh",10.7908153,106.5772533,0,0.0,0.0,0.0,0.0,0.0,0.0
"Bán căn hộ 2PN Eaton Park, mặt tiền Mai Chí Thọ, An Phú, Quận 2, liền kề nút giao An Phú",13 tỷ,75 m²,2,2,"Quận 2, Hồ Chí Minh"," Đường Mai Chí Thọ,  Phường An Phú,  Quận 2,  Hồ Chí Minh",10.7365876,106.7120245,0,0.0,0.0,0.0,0.0,0.0,0.0
"Chính chủ bán căn 2PN hướng Đông Nam giá rẻ nhất dự án FPT Plaza 3. Giá 1,9x tỷ",Giá thỏa thuận,57 m²,3,2,"Ngũ Hành Sơn, Đà Nẵng"," Đường Hoàng Minh Thắng,  Phường Hòa Hải,  Ngũ Hành Sơn,  Đà Nẵng",15.98224935,108.2608304,0,0.0,0.0,0.0,0.0,0.0,0.0
Cực rẻ - bán căn hộ tại khu tập thể quân khu thủ đô số 55 ngõ 781 Khương Trung 80m giá 2 tỷ 9,"2,9 tỷ",80 m²,3,1,"Thanh Xuân, Hà Nội","Phường Khương Trung, Thanh Xuân, Hà Nội",20.9973125,105.8222383,0,0.0,0.0,0.0,0.0,0.0,0.0
"Bán CC 2PN, 2WC, 65m2 tại À La Carte Hotel, Dương Đình Nghệ, 4,7 tỷ cực chất","4,7 tỷ",65 m²,2,2,"Sơn Trà, Đà Nẵng","À La Carte Hotel, Dương Đình Nghệ, Phước Mỹ, Sơn Trà, Đà Nẵng",16.06876059,108.2380379,0,0.0,0.0,0.0,0.0,0.0,0.0
"Bán căn hộ chung cư tại Lê Đức Thọ, 4,45 tỷ, 71m2, 2PN, 1WC, đầy đủ nội thất","4,45 tỷ",71 m²,2,1,"Cầu Giấy, Hà Nội","Đường Lê Đức Thọ, Phường Mai Dịch, Cầu Giấy, Hà Nội",21.03800153,105.7720194,0,0.0,0.0,0.0,0.0,0.0,0.0
NHÀ ĐẸP 4 TẦNG PHỐ QUAN NHÂN- FULL NỘI THẤT- GẦN PHỐ- NGÕ RỘNG BA GÁC- TIỆN ÍCH NGẬP TRÀN.,"7,5 tỷ",30 m²,4,4,"Thanh Xuân, Hà Nội","Phố Quan Nhân, Phường Nhân Chính, Thanh Xuân, Hà Nội",21.00016666,105.8099835,0,0.0,0.0,0.0,0.0,0.0,0.0
"Chính chủ bán nhanh nhà phố Thái Thịnh, 33 tỷ, vị trí vàng, 71m2 ô tô tránh xe tải 7T thang máy KD",33 tỷ,71 m²,12,6,"Đống Đa, Hà Nội","Thái Thịnh, Láng Hạ, Đống Đa, Hà Nội",21.01346212,105.8155458,0,0.0,0.0,0.0,0.0,0.0,0.0
"Bán chuyển nhượng căn hộ Duplex chung cư Penstudio Tây Hồ 76m2 - 91m2, Full đồ nội thất 0822 786 ***",Giá thỏa thuận,76 m²,1,2,"Tây Hồ, Hà Nội"," Đường Lạc Long Quân,  Phường Phú Thượng,  Tây Hồ,  Hà Nội",21.07332352,105.8127116,0,0.0,0.0,0.0,0.0,0.0,0.0
"Bán Nhà mặt phố tại Nhân Chính, Thanh Xuân, Hà Nội, 79m2, giá thỏa thuận, view đẹp, chính chủ",Giá thỏa thuận,79 m²,26,26,"Thanh Xuân, Hà Nội","Phường Nhân Chính, Thanh Xuân, Hà Nội",21.0039313,105.8046282,0,0.0,0.0,0.0,0.0,0.0,0.0
"(Gấp) Nhà Thuận An, 2 lầu, 2PN, Giá: 2.95 tỷ, Kinh doanh được, đường Oto 12m, SHR sang tên ngay","2,95 tỷ",60 m²,2,3,"Thuận An, Bình Dương","Đường ĐT 743, Phường Bình Chuẩn, Thuận An, Bình Dương",10.9843141,106.7227363,0,0.0,0.0,0.0,0.0,0.0,0.0
"Sun Symphony Đà Nẵng - Căn hộ 3PN view biển giá rẻ nhất thị trường, chiết khấu 21%. Hỗ trợ vay NH.","4,8 tỷ","88,3 m²",3,2,"Sơn Trà, Đà Nẵng"," Đường Trần Hưng Đạo,  Phường Nại Hiên Đông ,  Sơn Trà,  Đà Nẵng",16.08516825,108.2288678,0,0.0,0.0,0.0,0.0,0.0,0.0
Bán nhà mặt tiền Hải Thượng Lãn Ông kinh doanh sầm uất ngay chợ lớn Bình Tây,37 tỷ,66 m²,6,4,"Quận 5, Hồ Chí Minh","Đường Hải Thượng Lãn Ông, Phường 13, Quận 5, Hồ Chí Minh",10.75077211,106.6546586,0,0.0,0.0,0.0,0.0,0.0,0.0
CC CONIC RIVERSIDE CẦN BÁN (1PN - 1.950 ĐẾN 2.150) | (2PN - 2.550 ĐẾN 2.850) - ĐÃ CÓ SỔ HỒNG,"1,95 tỷ",50 m²,1,1,"Quận 8, Hồ Chí Minh"," Phố Tạ Quang Bửu,  Phường 7,  Quận 8,  Hồ Chí Minh",10.7056884,106.624332,0,0.0,0.0,0.0,0.0,0.0,0.0
"BIỆT THỰ VƯỜN HỒ ĐẲNG CẤP TẠI VINHOMES THĂNG LONG - 130M, FULL NỘI THẤT, 7M MẶT, GIÁ 24 TỶ",24 tỷ,130 m²,5,5,"Hoài Đức, Hà Nội","Vinhomes Thăng Long, An Khánh, Hoài Đức, Hà Nội",20.9981325,105.7196537,0,0.0,0.0,0.0,0.0,0.0,0.0
"Căn 2PN tầng trung, view về Bitexco 20.5 tỷ, Full nội thất, suất nước ngoài mua được. LH 0931 338 ***","20,5 tỷ",70 m²,2,2,"Quận 2, Hồ Chí Minh","The Opera Residence, Đại Lộ Vòng Cung, Thủ Thiêm, Quận 2, Hồ Chí Minh",10.78263325,106.7193548,0,0.0,0.0,0.0,0.0,0.0,0.0
"BÁN NHÀ KIM MÃ, LÕI BA ĐÌNH, ĐỘC NHẤT VÔ NHỊ, NHÀ MỚI THƠM PHỨC, 30M2, 5.3 TỶ","5,3 tỷ",30 m²,3,4,"Ba Đình, Hà Nội","Phố Kim Mã, Phường Kim Mã, Ba Đình, Hà Nội",21.03190699,105.8257849,0,0.0,0.0,0.0,0.0,0.0,0.0
"Bán nhà (mặt tiền) 6*17 Phú Thọ Hoà - Phường Phú Thọ Hoà, Quận Tân Phú, HCM","18,9 tỷ",97 m²,3,2,"Tân Phú, Hồ Chí Minh","314 Đường Phú Thọ Hòa, Phường Phú Thọ Hòa, Tân Phú, Hồ Chí Minh",10.7856487,106.6343955,0,0.0,0.0,0.0,0.0,0.0,0.0
"Nhà bán mới đẹp, hầm + 4 tầng 5 x 19,3m 96m2. 5 PN, 4 Wc - KDC Đại Phúc, xã Bình Hưng, BC 11,8 tỷ","11,8 tỷ",96 m²,5,4,"Bình Chánh, Hồ Chí Minh"," Xã Bình Hưng,  Bình Chánh,  Hồ Chí Minh",10.7269776,106.65616,0,0.0,0.0,0.0,0.0,0.0,0.0
BÁN NHÀ MẶT PHỐ NGUYỄN VĂN TRỖI - -VỊ TRÍ CỰC ĐẸP - KINH DOANH - Ô TÔ TRÁNH - HOẶC XÂY TÒA NHÀ VĂN,Giá thỏa thuận,115 m²,6,6,"Thanh Xuân, Hà Nội","Đường Nguyễn Văn Trỗi, Phường Phương Liệt, Thanh Xuân, Hà Nội",20.9917597,105.8383742,0,0.0,0.0,0.0,0.0,0.0,0.0
BĐS Rồng Đỏ chuyên bán căn hộ FPT Plaza 3; hỗ trợ tìm kiếm căn hộ theo nhu cầu của Quý khách,"1,88 tỷ",58 m²,2,2,"Ngũ Hành Sơn, Đà Nẵng"," Đường Hoàng Minh Thắng,  Phường Hòa Hải,  Ngũ Hành Sơn,  Đà Nẵng",15.98224935,108.2608304,0,0.0,0.0,0.0,0.0,0.0,0.0
"Bán Căn Tập Thể 2 Ngủ, 2 Mặt Thoáng, Ngõ Ô Tô Tránh Gần Nguyễn Chí Thanh","4,5 tỷ",65 m²,2,1,"Đống Đa, Hà Nội","Đường Nguyễn Chí Thanh, Phường Láng Hạ, Đống Đa, Hà Nội",21.01837733,105.8074738,0,0.0,0.0,0.0,0.0,0.0,0.0
Tổng Hợp Quỹ Căn 2PN - 3PN chuyển nhượng giá tốt nhất dự án Rose Town Ngọc Hồi.,"4,1 tỷ",66 m²,2,2,"Hoàng Mai, Hà Nội","Rose Town, Đường Ngọc Hồi, Phường Hoàng Liệt, Hoàng Mai, Hà Nội",20.959441,105.8434045,0,0.0,0.0,0.0,0.0,0.0,0.0
"Cần bán gấp căn hộ 109m - 3n2wc Royal City, nhà sửa 3n đẹp. Giá chỉ 9 tỷ, sổ sẵn. LH: 0898 567 ***",9 tỷ,109 m²,3,2,"Thanh Xuân, Hà Nội","Royal City, Đường Nguyễn Trãi, Phường Thượng Đình, Thanh Xuân, Hà Nội",21.0043562,105.8159117,0,0.0,0.0,0.0,0.0,0.0,0.0
"Chuyên Gia Mua Bán Tại Emerald, Alnata, Alnata Plus, Brillant, Centeri (luôn cập nhật giá tốt nhất)","3,2 tỷ",53 m²,1,1,"Tân Phú, Hồ Chí Minh","Emerald - Celadon City, Đường N4, Phường Sơn Kỳ, Tân Phú, Hồ Chí Minh",10.80225281,106.6175459,0,0.0,0.0,0.0,0.0,0.0,0.0
Chính chủ bán căn 3 ngủ Thiên Niên Kỷ giá tốt khách thiện chí có giảm thêm xem nhà 24/7,"6,5 tỷ",115 m²,3,2,"Hà Đông, Hà Nội","Tòa Tháp Thiên Niên Kỷ - Hatay Millennium, Quang Trung, Quang Trung, Hà Đông, Hà Nội",20.96333645,105.7662905,0,0.0,0.0,0.0,0.0,0.0,0.0
Quỹ căn hộ cần chuyển nhượng giá tốt nhất - gọi xem nhà ngay hôm nay. Hotline 0989 138 ***,"20,5 tỷ",115 m²,3,2,"Ba Đình, Hà Nội","Vinhomes Metropolis - Liễu Giai, 29, Phố Liễu Giai, Phường Ngọc Khánh, Ba Đình, Hà Nội",21.03190525,105.8139799,0,0.0,0.0,0.0,0.0,0.0,0.0
"Bán Căn hộ chung cư tại Hậu Giang, 2 tỷ, 44,2 m2, 1PN, 1WC, Đầy đủ nội thất, Hot!",2 tỷ,"44,2 m²",1,1,"Quận 6, Hồ Chí Minh","Đường Hậu Giang, Phường 2, Quận 6, Hồ Chí Minh",10.7498235,106.6422338,0,0.0,0.0,0.0,0.0,0.0,0.0
"Chuyên bán CH City Gate, có nhiều căn 2 và 3 phòng ngủ đang cần bán giá từ 2.3 tỷ. LH: 0902 861 ***","2,3 tỷ",73 m²,2,2,"Quận 8, Hồ Chí Minh","City Gate Towers, số 15, Đường Võ Văn Kiệt, Phường 16, Quận 8, Hồ Chí Minh",10.72606923,106.6198035,0,0.0,0.0,0.0,0.0,0.0,0.0
"Bán nhà mặt phố DN5 KDC An Sương, Nguyễn Văn Quá, Tân Hưng Thuận, Quận 12, HCM, 8.95 tỷ, 141 m2","8,95 tỷ",141 m²,4,4,"Quận 12, Hồ Chí Minh","Khu dân cư An Sương, Nguyễn Văn Quá, Tân Hưng Thuận, Quận 12, Hồ Chí Minh",10.82982097,106.6270826,0,0.0,0.0,0.0,0.0,0.0,0.0
"Quỹ căn 2 ngủ, 3 ngủ tầng đẹp, giá tốt nhất thị trường - chung cư Moonlight1",Giá thỏa thuận,69 m²,2,2,"Hoài Đức, Hà Nội"," Xã Vân Canh,  Hoài Đức,  Hà Nội",21.0349666,105.7296033,0,0.0,0.0,0.0,0.0,0.0,0.0
Giá Có Sổ Hồng CH Privia giá Stu-2.5tỷ/1PN-3tỷ/2PN-3.9tỷ/3PN-4.7tỷ bao full phí LH xem nhà 24/7,"3,7 tỷ",68 m²,2,2,"Bình Tân, Hồ Chí Minh"," Đường An Dương Vương,  Phường An Lạc,  Bình Tân,  Hồ Chí Minh",10.7223892,106.6197111,0,0.0,0.0,0.0,0.0,0.0,0.0
Căn hộ 2 phòng ngủ 61m2 giá chỉ 2.523 tỷ thanh toán dài hạn 2 năm,"2,52 tỷ",61 m²,2,1,"Thủ Dầu Một, Bình Dương"," Phường Hòa Phú,  Thủ Dầu Một,  Bình Dương",11.065061,106.6838939,0,0.0,0.0,0.0,0.0,0.0,0.0
NHÀ TÂY SƠN Ô TÔ ĐỖ CỬA - THOÁNG TRƯỚC SAU 55M2 X 6 TẦNG NHỈNH 11 TỶ,"11,55 tỷ",55 m²,6,5,"Đống Đa, Hà Nội","Đường Tây Sơn, Phường Thịnh Quang, Đống Đa, Hà Nội",21.0085471,105.8174276,0,0.0,0.0,0.0,0.0,0.0,0.0
"Nhà riêng 2 tầng tại Lê Văn Lương, Xã Nhơn Đức, Nhà Bè, Hồ Chí Minh. Giá 4,999 tỷ",5 tỷ,125 m²,11,11,"Nhà Bè, Hồ Chí Minh","Caau Rạch tôm Đường Lê Văn Lương, Xã Nhơn Đức, Nhà Bè, Hồ Chí Minh",10.672965,106.6990041,0,0.0,0.0,0.0,0.0,0.0,0.0
11.x TỶ-41M2-Ô TÔ-KD-PHÂN LÔ VỈA HÈ-HIẾM-HAI BÀ TRƯNG,"11,6 tỷ",41 m²,4,4,"Hai Bà Trưng, Hà Nội","Đường Thanh Nhàn, Phường Thanh Nhàn, Hai Bà Trưng, Hà Nội",21.0063673,105.8564558,0,0.0,0.0,0.0,0.0,0.0,0.0
3PN FULL 6TY55 BAO HẾT CẦN BÁN GẤP THE SUNAVENUE,"6,55 tỷ",86 m²,3,2,"Quận 2, Hồ Chí Minh","The Sun Avenue, Mai Chí Thọ, An Phú, Quận 2, Hồ Chí Minh",10.795478,106.7365254,0,0.0,0.0,0.0,0.0,0.0,0.0
"Bán shophouse Grand Wolrd Phú Quốc 210m2, kế bên Bảo Tàng Gấu, chỉ nhỉnh 7 tỷ","7,9 tỷ",84 m²,6,7,"Phú Quốc, Kiên Giang","Grand World Phú Quốc, Gành Dầu, Phú Quốc, Kiên Giang",10.32493995,103.8580993,0,0.0,0.0,0.0,0.0,0.0,0.0
"Bán CCMN Yên Hòa, Trung Kính mặt tiền 6.5m x 83m2 x 7T x 23PKK, dòng tiền 90tr/th, PCCC đầy đủ",19 tỷ,83 m²,23,23,"Cầu Giấy, Hà Nội","Đường Yên Hòa, Phường Yên Hòa, Cầu Giấy, Hà Nội",21.01577812,105.7967178,0,0.0,0.0,0.0,0.0,0.0,0.0
Quỹ căn chuyển nhượng giá tốt tháng 3/2025 tại Ecopark,"2,25 tỷ",49 m²,1,1,"Văn Giang, Hưng Yên"," Đường Trúc,  Xã Xuân Quan,  Văn Giang,  Hưng Yên",20.9577012,105.9161321,0,0.0,0.0,0.0,0.0,0.0,0.0
"Căn hộ đẹp tại Mailand Hanoi City, giá thỏa thuận, 88m2, 2PN, 2WC giá 5,x",Giá thỏa thuận,88 m²,2,2,"Hoài Đức, Hà Nội","Mailand Hanoi City, Đại lộ Thăng Long, An Khánh, Hoài Đức, Hà Nội",21.01100426,105.7267745,0,0.0,0.0,0.0,0.0,0.0,0.0
6.15 TỶ-TRUNG TÂM QUẬN - KHU VỰC VIP BÁCH KINH XÂY - DÂN XÂY - LÔ GÓC 3 THOÁNG - Ô TÔ CẠNH NHÀ,"6,1 tỷ",30 m²,3,3,"Hai Bà Trưng, Hà Nội","Phố Bạch Mai, Phường Bạch Mai, Hai Bà Trưng, Hà Nội",20.99949034,105.8503951,0,0.0,0.0,0.0,0.0,0.0,0.0
"Giỏ hàng nội bộ đầy đủ các căn 2PN, 3PN, duplex, chiết khấu 25%,thanh toán 30% nhận nhà ngay","5,95 tỷ",87 m²,3,2,"Tân Phú, Hồ Chí Minh","Diamond Centery, N1, Sơn Kỳ, Tân Phú, Hồ Chí Minh",10.8040522,106.6206836,0,0.0,0.0,0.0,0.0,0.0,0.0
BÁN GẤP CĂN NHÀ PHƯỜNG TRUNG DŨNG BIÊN HOÀ ĐỒNG NAI ĐỂ ĐI NƯỚC NGOÀI,"1,8 tỷ",40 m²,2,2,"Biên Hòa, Đồng Nai","Đường 2, Phường Trung Dũng, Biên Hòa, Đồng Nai",10.94450655,106.824372,0,0.0,0.0,0.0,0.0,0.0,0.0
Chính chủ bán khách sạn 3 sao Đà Nẵng ngay cạnh bãi tắm biển Phạm Văn Đồng,33 tỷ,200 m²,36,39,"Sơn Trà, Đà Nẵng","À La Carte Hotel, Đường Phạm Thiều, Phường Phước Mỹ, Sơn Trà, Đà Nẵng",16.07218233,108.2427133,0,0.0,0.0,0.0,0.0,0.0,0.0
"Cần bán gấp nhà Phố Cổ Linh, DT 100m2, MT 15m, lô góc, 2 mặt đường, Kinh doanh, nhà hàng, cafe",28 tỷ,100 m²,4,4,"Long Biên, Hà Nội","Đường Cổ Linh, Phường Thạch Bàn, Long Biên, Hà Nội",21.02217193,105.907925,0,0.0,0.0,0.0,0.0,0.0,0.0
"Bán nhà 4 tầng thang máy tại Trang Quan, An Đồng, An Dương 64m2 giá chỉ 3,899 tỷ","3,9 tỷ",64 m²,4,4,"An Dương, Hải Phòng","Đường Trang Quan, Xã An Đồng, An Dương, Hải Phòng",21.1251133,105.63764,0,0.0,0.0,0.0,0.0,0.0,0.0
"BÁN NHÀ - 72M2 - HẺM NHỰA, XE HƠI THÔNG - LÊ QUANG ĐỊNH - BÌNH THẠNH - ĐANG CHO THUÊ CHDV -10.8 TỶ","10,8 tỷ",75 m²,8,8,"Bình Thạnh, Hồ Chí Minh","Đường Lê Quang Định, Phường 7, Bình Thạnh, Hồ Chí Minh",10.80913268,106.6935543,0,0.0,0.0,0.0,0.0,0.0,0.0
"BÁN TÒA CHDV PHỐ MỸ ĐÌNH NHÂN MỸ, 60M,8 T THANG MÁY,12P KK, 2 THOÁNG,DTIEN 65TR/TH, GPXD PCCC ĐẠT","11,9 tỷ",60 m²,12,12,"Nam Từ Liêm, Hà Nội","Khu đô thị Mỹ Đình II, Lê Đức Thọ, Mỹ Đình 2, Nam Từ Liêm, Hà Nội",21.03587626,105.7706561,0,0.0,0.0,0.0,0.0,0.0,0.0
Bán biệt thự Phùng Khoang Trung Văn 135m2 5 tầng mặt tiền 8m hơn 32 tỷ ôtô tránh vỉa hè phânlô LHCC,"32,6 tỷ",135 m²,4,4,"Nam Từ Liêm, Hà Nội","Đường Phùng Khoang, Phường Trung Văn, Nam Từ Liêm, Hà Nội",20.98866422,105.7904083,0,0.0,0.0,0.0,0.0,0.0,0.0
Bán nhà mặt phố Lê Trọng Tấn Lê Quang Đạo 110m2 mặt tiền 8.5m hơn 31 tỷ C4 Hà Đông KD phân lô,"31,5 tỷ",110 m²,1,1,"Hà Đông, Hà Nội","Đường Lê Trọng Tấn, Phường La Khê, Hà Đông, Hà Nội",20.96415289,105.7616362,0,0.0,0.0,0.0,0.0,0.0,0.0
Bán nhà mặt phố Tố Hữu Tera An Hưng 330m2 8T mặt tiền 30m hơn 159 tỷ KinhDoanh ThangMáy Thuê 4 Tỷ/n,"159,99 tỷ",330 m²,8,8,"Thanh Xuân, Hà Nội","Đường Tố Hữu, Phường Nhân Chính, Thanh Xuân, Hà Nội",21.0039313,105.8046282,0,0.0,0.0,0.0,0.0,0.0,0.0
Bán nhà Mậu Lương 62m2 4 tầng mặt tiền 5m hơn 14 tỷ Khu đấu giá ôtô tránh vỉa hè KD LHCC 0961 318 ***,"14,7 tỷ",62 m²,6,5,"Hà Đông, Hà Nội","Đường Mậu Lương, Phường Kiến Hưng, Hà Đông, Hà Nội",20.9527894,105.7875583,0,0.0,0.0,0.0,0.0,0.0,0.0
Bán nhà mặt phố Thanh Bình Hà Đông 90m2 4 tầng hơn 19 tỷ vỉa hè kinh doanh bất chấp ô tô tránh,20 tỷ,90 m²,4,4,"Hà Đông, Hà Nội","Đường Thanh Bình, Phường Mỗ Lao, Hà Đông, Hà Nội",20.98078611,105.7788172,0,0.0,0.0,0.0,0.0,0.0,0.0
Bán nhà Hàng Bè Kiến Hưng 52m2 mặt tiền 4m hơn 11 tỷ c4 Dịch vụ PhânLô ôtô tránh VỉaHè CC0961 318 ***,"11,5 tỷ",52 m²,1,1,"Hà Đông, Hà Nội","Phố Bà Triệu, Phường Hà Cầu, Hà Đông, Hà Nội",20.96688235,105.7825818,0,0.0,0.0,0.0,0.0,0.0,0.0
CHÍNH CHỦ BÁN CĂN VIEW HỒ ĐỀN LỪ 70m FULL ĐỒ Ở SƯỚNG .,"4,15 tỷ",70 m²,2,2,"Hoàng Mai, Hà Nội","Đường Đền Lừ 2, Phường Hoàng Văn Thụ, Hoàng Mai, Hà Nội",20.9862731,105.858834,0,0.0,0.0,0.0,0.0,0.0,0.0
"Với 700tr sở hữu căn hộ The Glory, ngân hàng hỗ trợ 80%, ân hạn gốc 2 năm, 0% lãi suất trong 2 năm","2,2 tỷ",48 m²,1,1,"Thủ Dầu Một, Bình Dương","Midori Park The Glory, Đường Lý Thái Tổ, Phường Hòa Phú, Thủ Dầu Một, Bình Dương",11.06127681,106.6822842,0,0.0,0.0,0.0,0.0,0.0,0.0
"Toàn Nhà Vip! MT Nguyễn Gia Trí - D2, Bình Thạnh. DT: 8x20m (160m2) Hầm 8 Tầng, HĐ thuê 350tr 80 Tỷ",80 tỷ,160 m²,10,10,"Bình Thạnh, Hồ Chí Minh","Đường Nguyễn Gia Trí, Phường 25, Bình Thạnh, Hồ Chí Minh",10.80223676,106.716248,0,0.0,0.0,0.0,0.0,0.0,0.0
Giảm thêm 1.9 tỷ - Bán nhanh BT compound The Aqua Waterpoint - Nam Long. Hotline 0914 732 ***,"8,5 tỷ",225 m²,4,3,"Bến Lức, Long An","Khu đô thị Waterpoint, Tỉnh lộ 824, An Thạnh, Bến Lức, Long An",10.6516575,106.4712271,0,0.0,0.0,0.0,0.0,0.0,0.0
Bán căn hộ Dulex 170m2 Sunshine Green Iconic,"12,8 tỷ",170 m²,3,4,"Long Biên, Hà Nội","Sunshine Green Iconic, Phường Phúc Đồng, Long Biên, Hà Nội",21.0395447,105.8979468,0,0.0,0.0,0.0,0.0,0.0,0.0
"Bán nhà riêng, đường số 8, P.BHH B, Q. Bìn Tân, Tp.HCM",6 tỷ,"73,1 m²",4,3,"Bình Tân, Hồ Chí Minh","Đường số 8, Phường Bình Hưng Hòa B, Bình Tân, Hồ Chí Minh",10.79269036,106.5912309,0,0.0,0.0,0.0,0.0,0.0,0.0
"Em Tuấn chuyên bán Sudico Mỹ Đình Sông Đà các diện tích 57,90,100,115,133,151,183,205m2 giá tốt","3,6 tỷ",105 m²,3,2,"Nam Từ Liêm, Hà Nội"," Đường Phạm Hùng,  Phường Mỹ Đình 1,  Nam Từ Liêm,  Hà Nội.",21.02017478,105.7799731,0,0.0,0.0,0.0,0.0,0.0,0.0
"Chính chủ Bán CC 2PN, 1WC tại KĐT Phúc Đạt, Ngộp rẻ nhất khu","1,17 tỷ",50 m²,2,1,"Thủ Dầu Một, Bình Dương","KĐT Phúc Đạt, Đường Mỹ Phước Tân Vạn, Phường Phú Lợi, Thủ Dầu Một, Bình Dương",10.9920587,106.687348,0,0.0,0.0,0.0,0.0,0.0,0.0
"Cần bán CC Him Lam Chợ Lớn DT 83m2, 2PN lầu trung giá 3.6 tỷ chi tiết LH: 0901 416 *** hân","3,6 tỷ",83 m²,2,2,"Quận 6, Hồ Chí Minh"," Đường Hậu Giang,  Phường 11,  Quận 6,  Hồ Chí Minh",10.74648075,106.6287683,0,0.0,0.0,0.0,0.0,0.0,0.0
Chính chủ kẹt ngân hàng giảm 500-1 tỷ bán gấp giá từ 6.6 tỷ DTich 61-135m 1-4Pn HaDo Quận 10 có sổ,"8,3 tỷ",86 m²,2,2,"Quận 10, Hồ Chí Minh"," Đường 3/2,  Phường 12,  Quận 10,  Hồ Chí Minh",10.76976565,106.6708768,0,0.0,0.0,0.0,0.0,0.0,0.0
Nhà 2 TẦNG | Đ. Hàn Hải Nguyên diện tích 48m2 chỉ 2 tỷ 460 triệu | Hẻm 5m SHR chính chủ,"2,46 tỷ",48 m²,4,3,"Quận 11, Hồ Chí Minh","Đường Hàn Hải Nguyên, Phường 10, Quận 11, Hồ Chí Minh",10.75847242,106.6427802,0,0.0,0.0,0.0,0.0,0.0,0.0
"Tổng hợp quỹ căn hộ chính chủ tin tưởng gửi bán tại Vinhomes WestPoint, Cam kết giá tốt nhất","4,6 tỷ",60 m²,2,2,"Nam Từ Liêm, Hà Nội"," Đường Phạm Hùng,  Phường Mễ Trì,  Nam Từ Liêm,  Hà Nội.",21.01417304,105.784808,0,0.0,0.0,0.0,0.0,0.0,0.0
"Bán nhà phố MT đường Thống Nhất, Đức Trọng, Lâm Đồng, cách chợ Liên Nghĩa 200m, khu KD sầm uất","14,7 tỷ",75 m²,3,3,"Đức Trọng, Lâm Đồng","Đường Thống Nhất, Thị trấn Liên Nghĩa, Đức Trọng, Lâm Đồng",11.7319887,108.3742502,0,0.0,0.0,0.0,0.0,0.0,0.0
BÁN NHÀ 2 TẦNG MẶT TIỀN HỒNG BÀNG GIÁ RẺ CHO NHÀ ĐẦU TƯ,18 tỷ,109 m²,3,3,"Nha Trang, Khánh Hòa","Đường Hồng Bàng, Phường Tân Tiến, Nha Trang, Khánh Hòa",12.2431356,109.1883508,0,0.0,0.0,0.0,0.0,0.0,0.0
"Nhà MT đường Nguyễn Cảnh Dị p4 Tân Bình , DT : 5X17 trệt 2 lầu ST , HĐT 35 tr/th khu VIP sân bay",14 tỷ,85 m²,5,4,"Tân Bình, Hồ Chí Minh","Đường Nguyễn Cảnh Dị, Phường 4, Tân Bình, Hồ Chí Minh",10.8006376,106.6586207,0,0.0,0.0,0.0,0.0,0.0,0.0
Liền kề phân lô Linh Đàm thiết kế 6 tầng full nội thất đẹp long lanh như hình. LH: 0986 786 ***,26 tỷ,"69,4 m²",6,6,"Hoàng Mai, Hà Nội","KĐT Linh Đàm, Đường Đặng Xuân Bảng, Phường Đại Kim, Hoàng Mai, Hà Nội.",20.9730903,105.8250742,0,0.0,0.0,0.0,0.0,0.0,0.0
Không người trông coi cần bán gấp nhà 474m2,"1,45 tỷ",474 m²,2,1,"Nam Đàn, Nghệ An","Xóm Yên Quả, Xã Hùng Tiến , Nam Đàn, Nghệ An",18.67394455,105.5235116,0,0.0,0.0,0.0,0.0,0.0,0.0
"Cần bán duplex MCP giá 11,5 tỷ VND tại Vinhomes Grand Park, Quận 9","11,5 tỷ",133 m²,3,3,"Quận 9, Hồ Chí Minh","Masteri Centre Point, Long Bình, Quận 9, Hồ Chí Minh",10.7589554,106.6730492,0,0.0,0.0,0.0,0.0,0.0,0.0
"BQL Gửi bán quỹ căn hộ Hoàng Thành Pearl, từ 2 - 3 phòng ngủ. Giá tốt nhất. LH 0865 624 ***",6 tỷ,80 m²,2,2,"Nam Từ Liêm, Hà Nội"," Đường Nguyễn Văn Giáp,  Phường Cầu Diễn,  Nam Từ Liêm,  Hà Nội",21.02369542,105.7552656,0,0.0,0.0,0.0,0.0,0.0,0.0
"Opal Skyline 84m2 3PN căn góc, giá 2.7 tỷ đã có sổ","2,7 tỷ",84 m²,3,2,"Thuận An, Bình Dương","Opal Skyline, KP Đông Nhì, Đường Nguyễn Văn Tiết, Phường Lái Thiêu, Thuận An, Bình Dương",10.9112291,106.7029705,0,0.0,0.0,0.0,0.0,0.0,0.0
Bán nhanh 2PN Masteri An Phú đang có hợp đồng thuê 19tr LH 0904 379 ***,"6,6 tỷ",70 m²,2,2,"Quận 2, Hồ Chí Minh","Masteri An Phú, Đường Xa Lộ Hà Nội, Phường Thảo Điền, Quận 2, Hồ Chí Minh",10.8037248,106.7462249,0,0.0,0.0,0.0,0.0,0.0,0.0
"Bán nhà mặt phố Duyên Hải, 12,3ỷ, 247m2, ngay vòng xoay long hòa hàng hiếm tại Cần Giờ, HCM","12,3 tỷ",240 m²,2,1,"Cần Giờ, Hồ Chí Minh","Đường Duyên Hải, Xã Long Hòa, Cần Giờ, Hồ Chí Minh",10.38047861,106.8945368,0,0.0,0.0,0.0,0.0,0.0,0.0
Sở hữu nhà đẹp Suncasa Central với ưu đãi lên đến 100 triệu đồng,6 tỷ,250 m²,3,4,"Tân Uyên, Bình Dương"," Xã Vĩnh Tân,  Tân Uyên,  Bình Dương",11.0614384,106.7976225,0,0.0,0.0,0.0,0.0,0.0,0.0
"Bán căn LK 110m2 Sapphire Gem Hải Phòng giá đất chỉ 46triệu/m2 - Cách TTHC chính trị mới HP 1,5km","5,83 tỷ",110 m²,4,4,"Thủy Nguyên, Hải Phòng"," Xã Thủy Đường,  Thủy Nguyên,  Hải Phòng",20.9179581,106.676003,0,0.0,0.0,0.0,0.0,0.0,0.0
"Bán căn hộ La Astoria, 1PN 45m2 giá 1,85 tỷ, 2PN 67m2 giá 2,5 tỷ, 3PN giá 2,8 tỷ LH 0915 698 ***","1,85 tỷ",45 m²,1,1,"Quận 2, Hồ Chí Minh"," Đường Nguyễn Duy Trinh,  Phường Bình Trưng Tây,  Quận 2,  Hồ Chí Minh",10.80484845,106.7167622,0,0.0,0.0,0.0,0.0,0.0,0.0
"Cần bán Căn hộ City Gate 2PN đầy đủ nội thất giá 2,4 tỷ, ngân hàng thẩm định cho vay 1tỷ7","2,4 tỷ",78 m²,2,2,"Quận 8, Hồ Chí Minh","City Gate Towers, số 15, Đường Võ Văn Kiệt, Phường 16, Quận 8, Hồ Chí Minh",10.72606923,106.6198035,0,0.0,0.0,0.0,0.0,0.0,0.0
HÀNG HIẾM GÒ VẤP - NHÀ MỚI NGANG 4.5M 3PN 3WC - HẺM BA GÁC THÔNG - NHỈNH 3 TỶ,"3,6 tỷ",35 m²,3,3,"Gò Vấp, Hồ Chí Minh","Đường Số 51, Phường 14, Gò Vấp, Hồ Chí Minh",10.84730271,106.6416541,0,0.0,0.0,0.0,0.0,0.0,0.0
"9 căn nhà phố - Biệt thự Nam Long Trần Trọng Cung diện tích 5x24m, 8x24m, 12x24m giá từ 14.9 tỷ/căn","14,9 tỷ",120 m²,5,5,"Quận 7, Hồ Chí Minh"," Đường Trần Trọng Cung,  Phường Tân Thuận Đông,  Quận 7,  Hồ Chí Minh",10.74363638,106.7325362,0,0.0,0.0,0.0,0.0,0.0,0.0
"Bán CC 1PN, 47m2 tại Vinhomes Grand Park, 2 tỷ, TP Thủ Đức, HCM. Phân khu S5",2 tỷ,47 m²,1,1,"Quận 9, Hồ Chí Minh","Vinhomes Grand Park, Đường Nguyễn Xiển, Phường Long Thạnh Mỹ, Quận 9, Hồ Chí Minh",10.7589554,106.6730492,0,0.0,0.0,0.0,0.0,0.0,0.0
Nhà 2 Tẩng Đ. Chế Lan Viên Tân Phú Giá 2 Tỷ 690/48m2 Hẻm Xe Hơi Khu Vực Sầm Uất,"2,69 tỷ",48 m²,4,4,"Tân Phú, Hồ Chí Minh","Đường Chế Lan Viên, Phường Phú Thạnh, Tân Phú, Hồ Chí Minh",10.7799387,106.6271638,0,0.0,0.0,0.0,0.0,0.0,0.0
"Sở hữu ngay căn hộ 36m2 gần công viên Gia Định, giá tốt chỉ 800 triệu nhận nhà liền, CK tới 6%","1,6 tỷ",36 m²,1,1,"Gò Vấp, Hồ Chí Minh","Đường Trần Bình Trọng, Phường 1, Gò Vấp, Hồ Chí Minh",10.81587072,106.6854725,0,0.0,0.0,0.0,0.0,0.0,0.0
"Giỏ hàng The Western Q6 ký mới trực tiếp CDT Hoàng Phúc, 88m2 giá 3tỷ3. LH 0903 304 *** Ms Nguyên","3,3 tỷ",88 m²,3,2,"Quận 6, Hồ Chí Minh","The Western Capital, Lý Chiêu Hoàng, 10, Quận 6, Hồ Chí Minh",10.7401352,106.6236068,0,0.0,0.0,0.0,0.0,0.0,0.0
"Nhà vị trí đắc địa, siêu hiếm. Ngay ngã tư Hà Huy Tập-Điện biên Phủ. 75m2 Kẹp cống.","6,35 tỷ","74,4 m²",8,7,"Thanh Khê, Đà Nẵng","Đường Hà Huy Tập, Phường Thanh Khê Đông, Thanh Khê, Đà Nẵng",16.06070538,108.1900602,0,0.0,0.0,0.0,0.0,0.0,0.0
"Bán Nhà Riêng tại Đường Tà Nung, Xã Tà Nung, Xã Tà Nung, Đà Lạt, Lâm Đồng giá siêu hời 3 tỷ, 210m2",3 tỷ,210 m²,2,2,"Đà Lạt, Lâm Đồng","Đường Tà Nung, Xã Tà Nung, Đà Lạt, Lâm Đồng",11.92906978,108.3586274,0,0.0,0.0,0.0,0.0,0.0,0.0
"Bán quỹ căn dự án Grand Sunlake hướng ĐN, view hồ Văn Quán, giá hợp lý nhất thị trường","4,68 tỷ",92 m²,3,2,"Hà Đông, Hà Nội","Grand Sunlake, Trần Phú, Văn Quán, Hà Đông, Hà Nội",20.97816288,105.7854966,0,0.0,0.0,0.0,0.0,0.0,0.0
Bán biệt thự Nine South giá tốt khu vực DT 7x20m; 10x20m giá 15.5 tỷ/căn giá thật. LH 0901 424 ***,"15,5 tỷ",140 m²,4,5,"Nhà Bè, Hồ Chí Minh"," Đường Nguyễn Hữu Thọ,  Thị trấn Nhà Bè,  Nhà Bè,  Hồ Chí Minh",10.6956953,106.7395591,0,0.0,0.0,0.0,0.0,0.0,0.0
"Bán LK 110m2 Hướng Nam. Sapphire Gem HP - Ngay TTHC mới Thủy Nguyên. Giá 5,850 tỷ. Bao thuế phí","5,85 tỷ",110 m²,3,3,"Thủy Nguyên, Hải Phòng"," Đường 359C,  Phường Thủy Đường,  Thủy Nguyên,  Hải Phòng",20.9204971,106.6805479,0,0.0,0.0,0.0,0.0,0.0,0.0
"Bán nhà tại khu phân lô quân đội ngõ 32 Phùng Khoang, căn góc 3 mặt thoáng, nở hậu. LH: 0915 939 ***","16,6 tỷ","53,2 m²",4,3,"Nam Từ Liêm, Hà Nội","Ngõ 32, Đường Phùng Khoang, Phường Trung Văn, Nam Từ Liêm, Hà Nội",20.98866422,105.7904083,0,0.0,0.0,0.0,0.0,0.0,0.0
"Bán nhà riêng tại Nguyễn Văn Thương, Bình Thạnh, 10,5 tỷ, 42,7 m2, 4PN, 5WC, Chính chủ","10,5 tỷ","42,7 m²",4,5,"Bình Thạnh, Hồ Chí Minh","Đường Nguyễn Văn Thương, Phường 25, Bình Thạnh, Hồ Chí Minh",10.80177734,106.7190632,0,0.0,0.0,0.0,0.0,0.0,0.0
"Bán căn LK - Góc 141,9m2. Sapphire Gem - Ngay TTHC mới Thủy Nguyên. Giá: 7,860 tỷ. Bao thuế phí","7,86 tỷ",110 m²,4,5,"Thủy Nguyên, Hải Phòng"," Đường 359C,  Xã Thủy Đường,  Thủy Nguyên,  Hải Phòng",20.9179581,106.676003,0,0.0,0.0,0.0,0.0,0.0,0.0
Tư vấn quỹ căn đẹp Hoàng Huy Green River. PKD Chủ đầu tư 0868 880 ***,Giá thỏa thuận,90 m²,5,5,"Thủy Nguyên, Hải Phòng","Hoàng Huy Green River, Hoa Động, Thủy Nguyên, Hải Phòng",20.8901738,106.6631377,0,0.0,0.0,0.0,0.0,0.0,0.0
"Bán nhà riêng 2PN, 2WC, 75m2 tại Lê Văn Duyệt, p 3, Bình Thạnh, HCM, 10,7 tỷ","10,7 tỷ",75 m²,2,2,"Bình Thạnh, Hồ Chí Minh","Đường Lê Văn Duyệt, Phường 3, Bình Thạnh, Hồ Chí Minh",10.7933868,106.6628265,0,0.0,0.0,0.0,0.0,0.0,0.0
"Bán căn hộ Bình Thạnh, Richmond City 4.2 tỷ nội thất cao cấp. LH: 0969 790 ***","4,2 tỷ",66 m²,2,2,"Bình Thạnh, Hồ Chí Minh"," Phố Nguyễn Xí,  Phường 26,  Bình Thạnh,  Hồ Chí Minh",11.04756856,106.3050918,0,0.0,0.0,0.0,0.0,0.0,0.0
"Bán Nhà riêng tại Đường Mỹ Huề, Trung Chánh, Hóc Môn, TP. HCM - giá 40 triệu / m2, 92 m2, 2PN, 2WC","3,68 tỷ",92 m²,2,2,"Hóc Môn, Hồ Chí Minh","Đường Mỹ Huề, Xã Trung Chánh, Hóc Môn, Hồ Chí Minh",10.86987335,106.6091981,0,0.0,0.0,0.0,0.0,0.0,0.0
Chính chủ bán gấp căn studio 1 tỷ 730 chung cư Masteri West Height Vin Smart City,"1,73 tỷ","30,3 m²",1,1,"Nam Từ Liêm, Hà Nội"," Phường Tây Mỗ,  Nam Từ Liêm,  Hà Nội",21.0096762,105.7445572,0,0.0,0.0,0.0,0.0,0.0,0.0
Bán nhà sau Phong Dê Ngoại Giao Đoàn - 38m2 - 5 tầng mới - sẵn nội thất - hơn 6 tỷ - Lh 0971 555 ***,"6,8 tỷ",38 m²,3,4,"Bắc Từ Liêm, Hà Nội","Đường Xuân Đỉnh, Phường Xuân Đỉnh, Bắc Từ Liêm, Hà Nội",21.07180181,105.7900943,0,0.0,0.0,0.0,0.0,0.0,0.0
GIA ĐÌNH CẦN BÁN GẤP CĂN NHÀ PHÂN LÔ MẶT GÓC CÓ DIỆN TÍCH 43m2 x 4 tầng,"14,5 tỷ",43 m²,5,4,"Hai Bà Trưng, Hà Nội","Phố Hồng Mai, Phường Bạch Mai, Hai Bà Trưng, Hà Nội",20.99878537,105.8548919,0,0.0,0.0,0.0,0.0,0.0,0.0
BÁN BIỆT THỰ MINI TÂM HUYẾT - LINH XUÂN 10x22m Hẻm nhựa xe tải vào tận nhà,"8,3 tỷ",220 m²,4,4,"Thủ Đức, Hồ Chí Minh","Đường Quốc lộ 1K, Phường Linh Xuân, Thủ Đức, Hồ Chí Minh",10.8802005,106.7702532,0,0.0,0.0,0.0,0.0,0.0,0.0
"Chủ Nhà Cần bán nhanh căn hộ 2PN, 2WC tại tòa Lake 1, Aquabay KĐT Ecopark (TIN THẬT)","3,55 tỷ",70 m²,2,2,"Văn Giang, Hưng Yên","Ecopark, Đường Trúc, Xã Xuân Quan, Văn Giang, Hưng Yên",20.9577012,105.9161321,0,0.0,0.0,0.0,0.0,0.0,0.0
CHÍNH CHỦ CẦN BÁN_#_LÔ GÓC _#_2 MẶT THOÁNG VĨNH VIỄN_#_Ô TÔ ĐỖ CỬA VÀO NHÀ TUỲ Ý,"16,3 tỷ","64,2 m²",4,3,"Bắc Từ Liêm, Hà Nội","Đường Xuân Đỉnh, Phường Xuân Đỉnh, Bắc Từ Liêm, Hà Nội",21.07180181,105.7900943,0,0.0,0.0,0.0,0.0,0.0,0.0
Tổng hợp full quỹ căn 2 phòng ngủ Vinhomes Skylake cần bán giá tốt nhất. LH 0976 069 ***,Giá thỏa thuận,70 m²,2,2,"Nam Từ Liêm, Hà Nội"," Đường Phạm Hùng,  Phường Mỹ Đình 1,  Nam Từ Liêm,  Hà Nội",21.02017478,105.7799731,0,0.0,0.0,0.0,0.0,0.0,0.0
"BÁN CĂN HỘ CẠNH NHÀ HÁT LỚN, LIỀN KỀ HỒ GƯƠM, TẦNG THẤP 79m2 ĐẸP THOÁNG Trước Sau","5,53 tỷ",79 m²,2,1,"Hoàn Kiếm, Hà Nội","Đường Lý Thái Tổ, Phường Lý Thái Tổ, Hoàn Kiếm, Hà Nội",21.0312636,105.8552522,0,0.0,0.0,0.0,0.0,0.0,0.0
"HIẾM CÓ KHÓ TÌM: Căn nhà dòng tiền khu Giải Phóng, 38m2, 5PN giá 5.95 tỷ","5,95 tỷ",38 m²,5,5,"Hoàng Mai, Hà Nội","Đường Giải Phóng, Phường Giáp Bát, Hoàng Mai, Hà Nội",20.9875629,105.8412265,0,0.0,0.0,0.0,0.0,0.0,0.0
"Siêu hiếm phân lô phố Hoàng Cầu, Đống Đa 146m2 mặt tiền 7m ô tô kinh doanh dòng tiền, đầu tư 78 tỷ",78 tỷ,146 m²,4,4,"Đống Đa, Hà Nội","Phố Hoàng Cầu, Phường Ô Chợ Dừa, Đống Đa, Hà Nội",21.0181497,105.8243996,0,0.0,0.0,0.0,0.0,0.0,0.0
"CHỈ VỚI 1,85 TỶ CÓ NGAY CĂN 2PN2WC 73M2 CĂN HỘ THE EMERALD 68 - TẶNG FULL NỘI THẤT LÊN ĐẾN 90TR","1,9 tỷ",48 m²,2,1,"Thuận An, Bình Dương","The Emerald 68, Vĩnh Phú 16, Vĩnh Phú, Thuận An, Bình Dương",10.87319405,106.7053414,0,0.0,0.0,0.0,0.0,0.0,0.0
Cần Tiền Trả Nợ Bán Nhanh CĂN GÓC SH4 CENTA CITY VSIP! Đang Cho Thuê 20tr/ tháng,Giá thỏa thuận,112 m²,4,4,"Từ Sơn, Bắc Ninh","Centa City, Đường Hữu Nghị, Phường Phù Chẩn, Từ Sơn, Bắc Ninh",21.08308623,105.9652381,0,0.0,0.0,0.0,0.0,0.0,0.0
Him Lam Central Park nhà liền kề 4 tầng duy nhất tại Quận Hồng Bàng mới có giá 3 tỷ.,3 tỷ,60 m²,3,3,"Hồng Bàng, Hải Phòng","Him Lam Central Park An Hồng, An Hồng, Hồng Bàng, Hải Phòng",20.9114976,106.6069507,0,0.0,0.0,0.0,0.0,0.0,0.0
"Bán căn hộ tầng 26, sổ đỏ, 46m nhà đẹp nội thất đầy đủ, tòa 8B đẹp","2,1 tỷ",46 m²,1,1,"Thanh Trì, Hà Nội"," Đường Phan Trọng Tuệ,  Xã Tả Thanh Oai,  Thanh Trì,  Hà Nội",20.95584022,105.8103623,0,0.0,0.0,0.0,0.0,0.0,0.0
"Biệt thự Vaquarius Văn Giang chỉ 117 triệu/m2 đơn giá rẻ nhất thị trường, chỉ từ 3 tỷ sở hữu ngay!","18,75 tỷ",160 m²,4,5,"Văn Giang, Hưng Yên"," Đường 179,  Xã Cửu Cao,  Văn Giang,  Hưng Yên",20.9573166,105.9513785,0,0.0,0.0,0.0,0.0,0.0,0.0
CHÍNH CHỦ CẦN BÁN GẤP CĂN NHÀ ĐƯỜNG TRƯƠNG ĐỊNH CÓ DIỆN TÍCH 71m2 x 4 tầng,"12,9 tỷ",75 m²,5,4,"Hai Bà Trưng, Hà Nội","436 Trương Định, Trương Định, Trương Định, Hai Bà Trưng, Hà Nội",20.99228425,105.8481205,0,0.0,0.0,0.0,0.0,0.0,0.0
Mở bán 426 căn biệt thự vườn 3 mặt view sông đẹp nhất The Global City Quận 2. LH: 0975 467 ***,60 tỷ,160 m²,5,6,"Quận 2, Hồ Chí Minh"," Phường An Phú,  Quận 2,  Hồ Chí Minh",10.7365876,106.7120245,0,0.0,0.0,0.0,0.0,0.0,0.0
"Nhà phố Nguyễn Khánh Toàn, 44m x 7T, mặt tiền 5.7m, phân lô OTO VIP, Cực Gần Phố. Chỉ hơn 13 tỷ!",13 tỷ,43 m²,4,6,"Cầu Giấy, Hà Nội","Đường Nguyễn Khánh Toàn, Phường Quan Hoa, Cầu Giấy, Hà Nội",21.03834754,105.8002309,0,0.0,0.0,0.0,0.0,0.0,0.0
"Chính chủ bán căn hộ Ehome Southgate lầu 8 full nội thất, có sổ hồng vào ở ngay. LH: 0975 467 ***","1,2 tỷ",51 m²,1,1,"Bến Lức, Long An"," Đường ĐT 830,  Xã An Thạnh,  Bến Lức,  Long An",10.77349696,106.4393333,0,0.0,0.0,0.0,0.0,0.0,0.0
Bán nhà dân xây cực kỳ chắc chắn tại Giang Biên Long Biên. Ô tô tránh.,Giá thỏa thuận,45 m²,4,3,"Long Biên, Hà Nội","Đường Giang Biên, Phường Giang Biên, Long Biên, Hà Nội",20.9330238,105.7269756,0,0.0,0.0,0.0,0.0,0.0,0.0
"Chính chủ bán gấp nhà 5 tầng, DT 50m, MT 4,2m, Nguyễn Văn Cừ thông Ngọc lâm, ô tô vào nhà","10,8 tỷ",50 m²,5,4,"Long Biên, Hà Nội","Đường Nguyễn Văn Cừ, Phường Ngọc Thụy, Long Biên, Hà Nội",21.04701663,105.8784479,0,0.0,0.0,0.0,0.0,0.0,0.0
"Chính chủ bán gấp nhà 3 tầng 3 lô liền kề xây cao tầng được, view sông khu Nam Việt Á 6PN 6 toliet","20,5 tỷ",270 m²,6,6,"Ngũ Hành Sơn, Đà Nẵng"," Đường Anh Thơ,  Phường Khuê Mỹ,  Ngũ Hành Sơn,  Đà Nẵng",16.02566482,108.2395172,0,0.0,0.0,0.0,0.0,0.0,0.0
"Bán nhà cấp 4 gác lửng kiệt Ngô Quyền, P. Thọ Quang, Q. Sơn Trà, Tp. Đà Nẵng","3,1 tỷ",85 m²,3,1,"Sơn Trà, Đà Nẵng","Đường Ngô Quyền, Phường Mân Thái, Sơn Trà, Đà Nẵng",16.08616232,108.2399771,0,0.0,0.0,0.0,0.0,0.0,0.0
Bán căn 2 ngủ tầng thấp đầy đủ nội thất Vinhome Gardenia,"6,45 tỷ",73 m²,2,2,"Nam Từ Liêm, Hà Nội","Vinhomes Gardenia, Hàm Nghi, Cầu Diễn, Nam Từ Liêm, Hà Nội",21.03554305,105.7614476,0,0.0,0.0,0.0,0.0,0.0,0.0
"Quỹ căn Imperia tháng 3-2025; 2PN và 3PN giá tốt diện tích: 66m2, 76m2, 80.5m2, 97m2, 122m2, 173m2",11 tỷ,122 m²,3,2,"Thanh Xuân, Hà Nội"," Đường Nguyễn Huy Tưởng,  Phường Thanh Xuân Trung,  Thanh Xuân,  Hà Nội",20.9959112,105.8057609,0,0.0,0.0,0.0,0.0,0.0,0.0
"Bán gấp nhà riêng 4PN, 3WC, 42m2 tại Phố Kẻ Tạnh, Giang Biên, Long Biên, 6,9 tỷ. Ô tô thông","6,9 tỷ",42 m²,4,3,"Long Biên, Hà Nội","Phố Kẻ Tạnh, Phường Giang Biên, Long Biên, Hà Nội",21.06217799,105.9163575,0,0.0,0.0,0.0,0.0,0.0,0.0
"Bán nhà Phú Nhuận, mặt tiền HXH 6m (4.3x12)m, khu dân trí, ở ngay, chỉ 7.6 tỷ","7,6 tỷ",45 m²,2,2,"Phú Nhuận, Hồ Chí Minh","Đường Hồ Biểu Chánh, Phường 11, Phú Nhuận, Hồ Chí Minh",10.79403503,106.6770483,0,0.0,0.0,0.0,0.0,0.0,0.0
"Chính chủ bán lại căn hộ 2, 3PN tại dự án Lumi Hà Nội giá cực tốt. LH 0982 281 ***","3,8 tỷ",54 m²,2,2,"Nam Từ Liêm, Hà Nội"," Đường Đại lộ Thăng Long,  Phường Tây Mỗ,  Nam Từ Liêm,  Hà Nội.",21.0090956,105.7462871,0,0.0,0.0,0.0,0.0,0.0,0.0
"BÁN NHÀ TRUNG TÂM BIÊN HÒA ĐƯỜNG ÔTÔ 86M2, THỔ CƯ NHỈNH 2,x TỶ, THÔNG NGUYỄN ÁI QUỐC, CHỢ TÂN PHONG","2,9 tỷ",86 m²,2,1,"Biên Hòa, Đồng Nai","Đường Dương Tử Giang, Phường Tân Mai, Biên Hòa, Đồng Nai",10.96065838,106.843256,0,0.0,0.0,0.0,0.0,0.0,0.0
"Bán căn hộ chung cư GoldSeason, penhouse 170m, 4 ngủ, hướng mát, view đẹp","14,5 tỷ",168 m²,4,3,"Thanh Xuân, Hà Nội","GoldSeason, Nguyễn Tuân, Thanh Xuân Trung, Thanh Xuân, Hà Nội",20.99487155,105.8056321,0,0.0,0.0,0.0,0.0,0.0,0.0
"5 tỷ nhỉnh - Tân Định, Quận 1 - hẻm 3m - sát mặt tiền - 4 tầng đúc hiện đại ở liền - kinh doanh","5,5 tỷ","36,8 m²",2,3,"Quận 1, Hồ Chí Minh","Phường Tân Định, Quận 1, Hồ Chí Minh",10.7925016,106.6907644,0,0.0,0.0,0.0,0.0,0.0,0.0
"Chính chủ bán nhà 6 tầng, 30m ra phố Hào Nam, Lô góc, Nở Hậu, 2 thoáng sáng.","6,95 tỷ",30 m²,4,6,"Đống Đa, Hà Nội","Phố Hào Nam, Phường Ô Chợ Dừa, Đống Đa, Hà Nội",21.02342977,105.8268594,0,0.0,0.0,0.0,0.0,0.0,0.0
Độc quyền The Estella: tổng hợp 50 căn các loại: 150m2 - 12 tỷ; 171m2 - 13.5 tỷ; 250m2 - 18 tỷ,12 tỷ,150 m²,3,3,"Quận 2, Hồ Chí Minh"," Đường Xa Lộ Hà Nội,  Phường An Phú,  Quận 2,  Hồ Chí Minh",10.7365876,106.7120245,0,0.0,0.0,0.0,0.0,0.0,0.0
"GIÁ TỐT NHẤT THỊ TRƯỜNG CĂN HỘ CAO CẤP 2PN MASTERI LAKESIDE VINHOMES OCEAN PARK 1, CHIẾT KHẤU 15%","4,11 tỷ","61,5 m²",2,2,"Gia Lâm, Hà Nội","Masteri Lakeside, Đường Lý Thánh Tông, Thị trấn Trâu Quỳ, Gia Lâm, Hà Nội",21.00686405,105.9511242,0,0.0,0.0,0.0,0.0,0.0,0.0
"Bán nhà riêng giá tốt, Tân Thới Hiệp 6, 36m2, 2PN, 2WC, Quận 12, TP.HCM","2,7 tỷ",36 m²,2,2,"Quận 12, Hồ Chí Minh","Đường Tân Thới Hiệp 6, Phường Tân Thới Hiệp, Quận 12, Hồ Chí Minh",10.86180516,106.6411976,0,0.0,0.0,0.0,0.0,0.0,0.0
"SUẤT SANG NHƯỢNG! THE WESTERN 51m2,2PN - 2.150 tỷ, 66m2,2PN - 2.750 tỷ, 89m2,3PN - 3.280 tỷ","2,75 tỷ",66 m²,2,2,"Quận 6, Hồ Chí Minh"," Đường Lý Chiêu Hoàng,  Phường 10,  Quận 6,  Hồ Chí Minh",10.73794515,106.6287476,0,0.0,0.0,0.0,0.0,0.0,0.0
BÁN NHÀ 5x18 GẦN CHỢ ĐẦU MỐI HÓC MÔN,"4,68 tỷ",90 m²,4,3,"Hóc Môn, Hồ Chí Minh","Đường Nguyễn Thị Sóc, Xã Bà Điểm, Hóc Môn, Hồ Chí Minh",10.85527548,106.6013312,0,0.0,0.0,0.0,0.0,0.0,0.0
"Bán Sunrise City 2PN, 2WC 106m2 giá 6,350 tỷ full nội thất","6,35 tỷ",106 m²,2,2,"Quận 7, Hồ Chí Minh"," Đường Nguyễn Hữu Thọ,  Phường Tân Hưng,  Quận 7,  Hồ Chí Minh",10.74250976,106.7013355,0,0.0,0.0,0.0,0.0,0.0,0.0
"Gấp siêu rẻ: 3.6 tỷ với căn 2N - 2WC toà G1, 69m2, Vinhomes Green Bay!","3,6 tỷ","69,23 m²",2,2,"Nam Từ Liêm, Hà Nội"," Đường Đại lộ Thăng Long,  Phường Mễ Trì,  Nam Từ Liêm,  Hà Nội",21.01930277,105.78074,0,0.0,0.0,0.0,0.0,0.0,0.0
"Bán ngôi nhà tại Ngọc Thụy, Long Biên, Hà Nội","6,8 tỷ","49,6 m²",4,4,"Long Biên, Hà Nội","Phường Ngọc Thụy, Long Biên, Hà Nội",21.0601064,105.8670441,0,0.0,0.0,0.0,0.0,0.0,0.0
"Bán nhà riêng 90m2, 23,5 tỷ, 5PN, 3WC tại Khu Liền Kề 13C Thượng Thanh, Long Biên, Hà Nội","23,5 tỷ",90 m²,5,3,"Long Biên, Hà Nội","Khu Liền Kề 13C Thượng Thanh, Phường Thượng Thanh, Long Biên, Hà Nội",21.0658534,105.8830616,0,0.0,0.0,0.0,0.0,0.0,0.0
Chính chủ cần bán nhanh căn Biệt thự Mimosa đã hoàn thiện nội thất cao cấp với giá cực tốt,"38,7 tỷ",210 m²,4,4,"Văn Giang, Hưng Yên","Biệt thự Mimosa - Ecopark, Xuân Quan, Văn Giang, Hưng Yên",20.96350148,105.918669,0,0.0,0.0,0.0,0.0,0.0,0.0
CCMN PHÙNG KHOANG #90m 8T THANG MÁY - KV ĐÔNG SV - 21PKK - DÒNG TIỀN 1Tỷ5/Năm,"20,6 tỷ",90 m²,21,21,"Nam Từ Liêm, Hà Nội","Khu đô thị mới Phùng Khoang, Tố Hữu, Trung Văn, Nam Từ Liêm, Hà Nội",20.99636462,105.7926057,0,0.0,0.0,0.0,0.0,0.0,0.0
"Chủ cần bán gấp căn hộ studio Onsen Eco park - view hồ thiên nga, tương lai có bể bơi trước mặt",Giá thỏa thuận,35 m²,1,1,"Văn Giang, Hưng Yên"," Xã Xuân Quan,  Văn Giang,  Hưng Yên",20.9577012,105.9161321,0,0.0,0.0,0.0,0.0,0.0,0.0
"Bán nhà mặt phố cạnh Aeon Bình Tân 182 Đường 7, Bình Trị Đông B, Bình Tân, giá cực chất 17,5 tỷ","17,5 tỷ",80 m²,4,3,"Bình Tân, Hồ Chí Minh","182 Đường 7, Phường Bình Trị Đông B, Bình Tân, Hồ Chí Minh",10.7504813,106.6128383,0,0.0,0.0,0.0,0.0,0.0,0.0
"CƠ HỘI CHO CÁC NHÀ ĐẦU TƯ LƯỚT SÓNG, MAY MẮN CHO NGƯỜI MUA Ở, NHÀ MẶT NGÕ, Ô TÔ VÀO NHÀ, HIỆN ĐẠI.","4,65 tỷ",45 m²,4,4,"Thanh Trì, Hà Nội","Đường Thọ Am, Xã Liên Ninh, Thanh Trì, Hà Nội",20.91955682,105.8638555,0,0.0,0.0,0.0,0.0,0.0,0.0
"Phước Kiển Nhà Bè: Hạ giá thêm 400tr từ 6,5ty còn 6,1ty - có nhà 4 tầng - hẻm xe tải - 5x16m","6,1 tỷ",80 m²,4,4,"Nhà Bè, Hồ Chí Minh","Đường Lê Văn Lương, Xã Phước Kiển, Nhà Bè, Hồ Chí Minh",10.72312429,106.6952148,0,0.0,0.0,0.0,0.0,0.0,0.0
"Chính chủ bán căn 2PN + 1 tòa S1.10 Vinhomes Ocean Park, đầy đủ nội thất (mới 100%), view thoáng","3,15 tỷ","69,2 m²",2,2,"Gia Lâm, Hà Nội"," Xã Đa Tốn,  Gia Lâm,  Hà Nội",20.9862042,105.930004,0,0.0,0.0,0.0,0.0,0.0,0.0
"GIỎ HÀNG CUỐI CÙNG QUỸ CĂN SUN SYMPHONY, CHIẾT KHẤU 21% ƯU ĐÃI 0% LÃI GỐC 36 THÁNG GIÁ GỐC TỪ CĐT","4,2 tỷ","70,1 m²",2,2,"Sơn Trà, Đà Nẵng"," Đường Trần Hưng Đạo,  Phường Nại Hiên Đông ,  Sơn Trà,  Đà Nẵng",16.08516825,108.2288678,0,0.0,0.0,0.0,0.0,0.0,0.0
