Tên dự án,Giá,Diện tích,Phòng ngủ,Phòng vệ sinh,Vị trí,Địa chỉ chi tiết,id
"ĐỘC QUYỀN! QUỸ NGOẠI GIAO CĐT MELODY LINH ĐÀM CHỈ 54TR/M2,CHIẾT KHẤU 8%,TẶNG 1 CÂY VÀNG,VIEW HỒ ĐẸP","3,6 tỷ",68 m²,2,2,"Hoàng Mai, Hà Nội","Dự án Hà Nội Melody Residences, Đường Bằng Liệt, Phường Hoàng Liệt, Hoàng Mai, Hà Nội",41461905
"BÁN ĐẤT NỀN 180M2 TẠI NGUYỄN VĂN KÝ, LONG PHƯỚC, LONG THÀNH, ĐỒNG NAI, GIÁ ƯU ĐÃI 2,8 TỶ","2,8 tỷ",180 m²,N/A,N/A,"Long Thành, Đồng Nai","Đường Nguyễn Văn Ký, Xã Long Phước, Long Thành, Đồng Nai",42520449
BÁN CẶP CĂN SIÊU VIP ĐẠI LỘ SAN HÔ VINHOMES OCEAN PARK 2,61 tỷ,300 m²,N/A,N/A,"Văn Giang, Hưng Yên","Dự án The Empire - Vinhomes Ocean Park 2, Xã Long Hưng, Văn Giang, Hưng Yên",42556249
"MỞ BÁN QUỸ CĂN VỊ TRÍ ĐẸP VÀ GIÁ RẺ NHẤT, KHÁCH HÀNG LIÊN HỆ SỚM ĐỂ CHỌN CĂN ƯNG Ý","19,5 tỷ",75 m²,N/A,N/A,"Đông Anh, Hà Nội","Dự án Vinhomes Cổ Loa, Đường Cổ Loa, Xã Đông Hội, Đông Anh, Hà Nội",42270918
ĐƠN GIÁ TỪ 148TR/M2 ĐẾN 160TR/M2. GỌI 0942 906 *** ĐỂ ĐƯỢC TƯ VẤN CHỌN ĐƯỢC CĂN ĐẸP VÀ GIÁ RẺ Ạ,Giá thỏa thuận,96 m²,N/A,N/A,"Đan Phượng, Hà Nội","Dự án Vinhomes Wonder City, Xã Tân Hội, Đan Phượng, Hà Nội",42250064
"QUỸ CĂN NGOẠI GIAO VỊ TRÍ ĐẸP, GIÁ RẺ NHẤT DỰ ÁN, KÝ HĐ TRỰC TIẾP CĐT. LH: 0937 996 ***",19 tỷ,80 m²,N/A,N/A,"Đông Anh, Hà Nội","Vinhomes Cổ Loa, Đường Cổ Loa, Xã Đông Hội, Huyện Đông Anh, Hà Nội",42239343
"TIN GIÁ THẬT. EM HIỆP CHUYÊN BÁN CĂN HỘ LUMIERE RIVERSIDE, QUẬN 2. ĐÃ CÓ SỔ HỒNG","8,9 tỷ","74,2 m²",2,2,"Quận 2, Hồ Chí Minh","Dự án Lumiere Riverside, Đường Võ Nguyên Giáp, Phường An Phú, Quận 2, Hồ Chí Minh",41007787
"NHẬN NHÀ Ở HOẶC CHO THUÊ NGAY, CHIẾT KHẤU LÊN ĐẾN 12% GTCH. GIÁ TRỰC TIẾP TỪ CHỦ ĐẦU TƯ PHÚ ĐÔNG","2,72 tỷ","68,2 m²",2,2,"Dĩ An, Bình Dương","Dự án Phú Đông Sky Garden, Đường An Bình, Phường An Bình, Dĩ An, Bình Dương",41003332
BÁN LÔ BIỆT THỰ 120M2 VIEW TRỰC DIỆN BỂ BƠI VÀ VƯỜN HOA KHU KHÉP KÍN BÌNH MINH AN NINH 24/24,Giá thỏa thuận,120 m²,N/A,N/A,"Đan Phượng, Hà Nội","Vinhomes Wonder City, Tân Hội, Đan Phượng, Hà Nội",42513846
"CỰC SỐC! CĂN 2 PHÒNG NGỦ GIÁ RẺ ORIGAMI CHỈ 2,5 TỶ VIEW HỒ BƠI,NHÀ MỚI TINH,MUA TRỰC TIẾP CĐT","2,5 tỷ",59 m²,2,N/A,"Quận 9, Hồ Chí Minh","Dự án The Origami, Đường Phước Thiện, Phường Long Bình, Quận 9, Hồ Chí Minh",42238899
"ĐỘC QUYỀN 10 CĂN TẦNG TRUNG VIEW HỒ, STUDIO - 1PN - 2PN-3PN, CHIẾT KHẤU NGAY 18,5% KÝ TRỰC TIẾP CĐT",Giá thỏa thuận,60 m²,2,2,"Đông Anh, Hà Nội","Dự án Imperia Cổ Loa, Xã Đông Hội, Đông Anh, Hà Nội",42095599
"1PN-2PN-3PN VINHOMES Q9 CẮT LỖ 500-1.2 TỶ, CAM KẾT GIÁ RẺ HƠN 100 - 200TR LH 0931 896 *** XEM NHÀ","2,65 tỷ",60 m²,2,2,"Quận 9, Hồ Chí Minh","Dự án Vinhomes Grand Park, Phường Long Thạnh Mỹ, Quận 9, Hồ Chí Minh",42543296
"(TIN THẬT) CỰC HIẾM, BÁN NHÀ QUẬN TÂN BÌNH, MT 6M, PHÂN LÔ VỈA HÈ, Ô TÔ TRÁNH, KHÔNG LỖI, XÂY CCMN","12,5 tỷ",121 m²,3,3,"Tân Bình, Hồ Chí Minh","Đường Phạm Văn Bạch, Phường 14, Tân Bình, Hồ Chí Minh",42572559
"CHỦ CẦN BÁN LÔ GEM SKY WORLD VIEW CÔNG VIÊN, K LỖI PHONG THỦY, SỔ RIÊNG CÁ NHÂN THỔ CƯ 100%","2,15 tỷ",100 m²,N/A,N/A,"Long Thành, Đồng Nai","Xã Long Đức, Long Thành, Đồng Nai",42572534
"BÁN CĂN 2N2VS 65M2, FULL ĐỒ, HƯỚNG ĐÔNG BẮC MÁT MẺ, GIÁ CHỈ 3.06 TỶ","3,06 tỷ",65 m²,2,2,"Gia Lâm, Hà Nội","Dự án Vinhomes Ocean Park Gia Lâm, Xã Dương Xá, Gia Lâm, Hà Nội",42523008
"HOT! TỔNG HỢP RỔ HÀNG CHUYỂN NHƯỢNG SWANBAY MỚI NHẤT T3/2025, NHIỀU CĂN GIÁ TỐT NHẤT, VỊ TRÍ ĐẸP",18 tỷ,320 m²,3,3,"Nhơn Trạch, Đồng Nai","Dự án Swan Bay, Xã Đại Phước, Nhơn Trạch, Đồng Nai",32598689
"BÁN ĐẤT NỀN KHU ĐÔ THỊ DIC VICTORY CITY, TRUNG TÂM TP VỊ THANH, HẬU GIANG, GIÁ CHỈ TỪ 10,5 TRIỆU/M2","997,5 triệu",95 m²,N/A,N/A,"Vị Thanh, Hậu Giang","Dự án DIC Victory City, Đường Đại lộ Võ Nguyên Giáp, Phường 4, Vị Thanh, Hậu Giang",42336717
"BÁN CĂN HỘ CHUNG CƯ TẠI VINHOMES OCEAN PARK GIA LÂM, 2,48 TỶ, 48M2, HÀNG HIẾM GIÁ SIÊU HỜI","2,48 tỷ",48 m²,1,1,"Gia Lâm, Hà Nội","Dự án Vinhomes Ocean Park Gia Lâm, Xã Dương Xá, Gia Lâm, Hà Nội",42301292
"MỞ BÁN PHÂN KHU DIAMOND, TT20% CÒN LẠI GÓP 3 NĂM 0% LS, LH EM ĐỂ CÓ ƯU ĐÃI TỐT NHẤT - 0935 686 ***","4,4 tỷ",85 m²,2,2,"Tân Phú, Hồ Chí Minh","Dự án Celadon City, Đường N1, Phường Sơn Kỳ, Tân Phú, Hồ Chí Minh",42500248
"CHÍNH CHỦ BÁN LÔ SÁT FPT DT 143M2 GIÁ 3,9 TỶ LHCC 0905 696 ***","3,9 tỷ",143 m²,N/A,N/A,"Điện Bàn, Quảng Nam","KĐT số 3 Điện Nam Điện Ngọc, Phường Điện Ngọc, Điện Bàn, Quảng Nam",42572256
"Sổ hồng sẵn, cần ra nhanh lô đất ngay Tân Hiệp, Tân Uyên, BD. Giá 1ty5, Diện tích 195m2 (6mx32,5m)","1,5 tỷ",195 m²,N/A,N/A,"Tân Uyên, Bình Dương","Đường 12, Phường Tân Hiệp, Tân Uyên, Bình Dương",41935903
"Bán nhanh căn hộ 2 ngủ 71m2 tại chung cư A5 hoac Viện Quân Y, sổ đỏ nhà mới bàn giao giá 4. X tỷ lh","4,1 tỷ",71 m²,2,2,"Hà Đông, Hà Nội","Dự án A5 Học Viện Quân Y, Phố Phùng Hưng, Phường Phúc La, Hà Đông, Hà Nội",42336114
Bán tòa nhà văn phòng công ty khu phân lô đường Lê Đức Thọ,Giá thỏa thuận,105 m²,N/A,N/A,"Nam Từ Liêm, Hà Nội","Crown Plaza Complex, Lê Đức Thọ, Mỹ Đình 2, Nam Từ Liêm, Hà Nội",42507064
ĐƯỜNG LẠC LONG QUÂN F9 TÂN BÌNH 60M 4TẦNG 9TY2 4PN 3WC,"9,2 tỷ",60 m²,4,4,"Tân Bình, Hồ Chí Minh","Đường Lạc Long Quân, Phường 9, Tân Bình, Hồ Chí Minh",42579706
Chính chủ cần chuyển nhượng toà building Cầu Giấy - 2 thang máy - thiết bị nhập khẩu 200m2 x 9tầng,110 tỷ,200 m²,N/A,N/A,"Cầu Giấy, Hà Nội","Phường Quan Hoa, Cầu Giấy, Hà Nội",42359324
"Cần bán nhanh nên giảm 111 triệu căn 3PN Tứ Hiệp Plaza, đầy đủ nội thất tâm huyết, sổ đỏ chính chủ",Giá thỏa thuận,84 m²,3,2,"Thanh Trì, Hà Nội","Tứ Hiệp Plaza, Xã Tứ Hiệp, Thanh Trì, Hà Nội",42030705
"Đất chia lô siêu đẹp gần Đại Lộ Thăng Long, ga Metro 5 Văn Cao Hoà Lạc. 0966 212 *** em Hoàng",Giá thỏa thuận,80 m²,N/A,N/A,"Thạch Thất, Hà Nội","Đường Đại lộ Thăng Long, Xã Đồng Trúc, Thạch Thất, Hà Nội",42377881
"Hàng thơm bán nhanh 157m2 đất đẹp 6.5x23m, HXH 7m thông Thạnh Xuân Q12 nhỉnh 5tỷ. LH: 0939 216 ***",Giá thỏa thuận,157 m²,N/A,N/A,"Quận 12, Hồ Chí Minh","Đường Thạnh Xuân 48, Phường Thạnh Xuân, Quận 12, Hồ Chí Minh",42548375
Chính chủ gửi bán tòa nhà phố Nguyễn Xiển 165m2 8 tầng có hầm căn góc đẹp nhất kinh doanh đỉnh,90 tỷ,165 m²,N/A,N/A,"Thanh Xuân, Hà Nội","Dự án KĐT Hạ Đình, Đường Nguyễn Xiển, Phường Hạ Đình, Thanh Xuân, Hà Nội",41649304
"Siêu hiếm chỉ ""95tr/m2""! Bán gấp CHDV 3 tầng 170m2 - Ngang 5m - 21 phòng dòng tiền ""80tr/tháng""","16,3 tỷ",170 m²,21,21,"Bình Thạnh, Hồ Chí Minh","Đường Nguyễn Xí, Phường 26, Bình Thạnh, Hồ Chí Minh",42070995
Cần bán nhanh toà building mặt phố Lạc Long Quân - Tây Hồ - thang máy 80m2 chỉ 40 tỷ,40 tỷ,80 m²,N/A,N/A,"Tây Hồ, Hà Nội","Đường Lạc Long Quân, Phường Xuân La, Tây Hồ, Hà Nội",42346005
Chính chủ bán đất biển DT 1057m có 200m2 đất ở - Lạc Long Quân - Tiến Thành - Phan Thiết,Giá thỏa thuận,1.057 m²,N/A,N/A,"Phan Thiết, Bình Thuận","Đường Lạc Long Quân, Xã Tiến Thành, Phan Thiết, Bình Thuận",42579657
Cần bán nhanh building mặt phố - văn phòng kinh doanh - hầm - PCCC hoàn công trên sổ 200m2 x 8T,120 tỷ,200 m²,N/A,N/A,"Cầu Giấy, Hà Nội","Đường Hoàng Quốc Việt, Phường Dịch Vọng Hậu, Cầu Giấy, Hà Nội",42532676
"Bán 15.548m2 Đất trang trại, Xã Thanh Vân, Tam Dương, Vĩnh Phúc, giá chỉ với 19 tỷ",19 tỷ,15.548 m²,N/A,N/A,"Tam Dương, Vĩnh Phúc","Đường 309B, Xã Thanh Vân, Tam Dương, Vĩnh Phúc",42225594
"Bán nhà thổ cư - Hà Đông, Hà Nội 67m2 sổ đỏ giá 8.5 tỷ lh 0878 800 ***","8,5 tỷ","67,7 m²",4,3,"Hà Đông, Hà Nội","Đường Hoàng Văn Thụ, Phường Dương Nội, Hà Đông, Hà Nội",42473556
"Đất TĐC Ngọc Thụy mặt đường 22m, kinh doanh vô đối 70m2, 21.5 tỷ 0976 285 ***","21,5 tỷ",70 m²,N/A,N/A,"Long Biên, Hà Nội","Đường Ngọc Thụy, Phường Ngọc Thụy, Long Biên, Hà Nội",42579709
Chính chủ cần bán gấp villa nghỉ dưỡng Venus Flamingo Đại Lải không qua trung gian 0922 211 ***,"9,5 tỷ",180 m²,4,4,"Phúc Yên, Vĩnh Phúc","Dự án Flamingo Resort, Xã Ngọc Thanh, Phúc Yên, Vĩnh Phúc",40724112
"Bán Nhà đẹp 1 trệt 2 lầu, ngay đường Nguyễn Ái Quốc, Tân Hiệp - vị trí kinh doanh - Giảm sâu","5,3 tỷ",68 m²,3,3,"Biên Hòa, Đồng Nai","Đường Nguyễn Ái Quốc, Phường Tân Hiệp, Biên Hòa, Đồng Nai",41251122
"Bán Nhà 4 Tầng Bạch Đằng Ngã Tư Hàng Xanh, Hẻm Xe Tải Tránh Gần Mặt Tiền.","15,4 tỷ",96 m²,N/A,N/A,"Bình Thạnh, Hồ Chí Minh","Đường Bạch Đằng, Phường 24, Bình Thạnh, Hồ Chí Minh",42579721
Không ở tôi bán căn hộ chung cư Berriver No2 3PN+2WC 113m2 giá 8 tỷ bao thuế phí có thương lượng.,8 tỷ,113 m²,3,2,"Long Biên, Hà Nội","Berriver Jardin Long Biên, Nguyễn Văn Cừ, Bồ Đề, Long Biên, Hà Nội",42409800
"Hàng thơm bán nhanh 157m2 đất đẹp 6.5x23m, HXH 7m thông Thạnh Xuân Q12 nhỉnh 5tỷ. LH: 0939 216 ***",Giá thỏa thuận,157 m²,N/A,N/A,"Quận 12, Hồ Chí Minh","Đường Thạnh Xuân 48, Phường Thạnh Xuân, Quận 12, Hồ Chí Minh",42548375
Chính chủ gửi bán tòa nhà phố Nguyễn Xiển 165m2 8 tầng có hầm căn góc đẹp nhất kinh doanh đỉnh,90 tỷ,165 m²,N/A,N/A,"Thanh Xuân, Hà Nội","Dự án KĐT Hạ Đình, Đường Nguyễn Xiển, Phường Hạ Đình, Thanh Xuân, Hà Nội",41649304
"Siêu hiếm chỉ ""95tr/m2""! Bán gấp CHDV 3 tầng 170m2 - Ngang 5m - 21 phòng dòng tiền ""80tr/tháng""","16,3 tỷ",170 m²,21,21,"Bình Thạnh, Hồ Chí Minh","Đường Nguyễn Xí, Phường 26, Bình Thạnh, Hồ Chí Minh",42070995
Cần bán nhanh toà building mặt phố Lạc Long Quân - Tây Hồ - thang máy 80m2 chỉ 40 tỷ,40 tỷ,80 m²,N/A,N/A,"Tây Hồ, Hà Nội","Đường Lạc Long Quân, Phường Xuân La, Tây Hồ, Hà Nội",42346005
Chính chủ bán đất biển DT 1057m có 200m2 đất ở - Lạc Long Quân - Tiến Thành - Phan Thiết,Giá thỏa thuận,1.057 m²,N/A,N/A,"Phan Thiết, Bình Thuận","Đường Lạc Long Quân, Xã Tiến Thành, Phan Thiết, Bình Thuận",42579657
Cần bán nhanh building mặt phố - văn phòng kinh doanh - hầm - PCCC hoàn công trên sổ 200m2 x 8T,120 tỷ,200 m²,N/A,N/A,"Cầu Giấy, Hà Nội","Đường Hoàng Quốc Việt, Phường Dịch Vọng Hậu, Cầu Giấy, Hà Nội",42532676
"Bán 15.548m2 Đất trang trại, Xã Thanh Vân, Tam Dương, Vĩnh Phúc, giá chỉ với 19 tỷ",19 tỷ,15.548 m²,N/A,N/A,"Tam Dương, Vĩnh Phúc","Đường 309B, Xã Thanh Vân, Tam Dương, Vĩnh Phúc",42225594
"Bán nhà thổ cư - Hà Đông, Hà Nội 67m2 sổ đỏ giá 8.5 tỷ lh 0878 800 ***","8,5 tỷ","67,7 m²",4,3,"Hà Đông, Hà Nội","Đường Hoàng Văn Thụ, Phường Dương Nội, Hà Đông, Hà Nội",42473556
"Đất TĐC Ngọc Thụy mặt đường 22m, kinh doanh vô đối 70m2, 21.5 tỷ 0976 285 ***","21,5 tỷ",70 m²,N/A,N/A,"Long Biên, Hà Nội","Đường Ngọc Thụy, Phường Ngọc Thụy, Long Biên, Hà Nội",42579709
Chính chủ cần bán gấp villa nghỉ dưỡng Venus Flamingo Đại Lải không qua trung gian 0922 211 ***,"9,5 tỷ",180 m²,4,4,"Phúc Yên, Vĩnh Phúc","Dự án Flamingo Resort, Xã Ngọc Thanh, Phúc Yên, Vĩnh Phúc",40724112
"Bán Nhà đẹp 1 trệt 2 lầu, ngay đường Nguyễn Ái Quốc, Tân Hiệp - vị trí kinh doanh - Giảm sâu","5,3 tỷ",68 m²,3,3,"Biên Hòa, Đồng Nai","Đường Nguyễn Ái Quốc, Phường Tân Hiệp, Biên Hòa, Đồng Nai",41251122
"Bán Nhà 4 Tầng Bạch Đằng Ngã Tư Hàng Xanh, Hẻm Xe Tải Tránh Gần Mặt Tiền.","15,4 tỷ",96 m²,N/A,N/A,"Bình Thạnh, Hồ Chí Minh","Đường Bạch Đằng, Phường 24, Bình Thạnh, Hồ Chí Minh",42579721
"Bán NR 3PN, 3WC tại Nguyễn Súy, Tân Quý, Tân Phú, 52m2",Giá thỏa thuận,52 m²,3,3,"Tân Phú, Hồ Chí Minh","Đường Nguyễn Súy, Phường Tân Quý, Tân Phú, Hồ Chí Minh",42343534
"Căn hộ 2PN The Beverly Solari Vinhomes Grand Park giá 2,9 tỷ thanh toán dài hạn 2 đến 3 năm","2,9 tỷ",59 m²,2,2,"Quận 9, Hồ Chí Minh","Dự án The Beverly Solari - Vinhomes Grand Park, Phường Long Bình, Quận 9, Hồ Chí Minh",39589511
"Nhà mới đường 28A phường Bình Trị Đông B - khu Tên Lửa cạnh siêu thị Coopmart đường 19 - 4,5m x 20m","12,5 tỷ",90 m²,5,5,"Bình Tân, Hồ Chí Minh","Đường 28A, Phường Bình Trị Đông B, Bình Tân, Hồ Chí Minh",42123115
"Căn hộ The Beverly Solari giá 1,862 tỷ thanh toán dài hạn 2 đến 3 năm ưu đãi lãi suất lên đến 2 năm","1,86 tỷ",30 m²,1,1,"Quận 9, Hồ Chí Minh","Dự án The Beverly Solari - Vinhomes Grand Park, Phường Long Thạnh Mỹ, Quận 9, Hồ Chí Minh",39589494
"Bán Nhà 5 Tầng THANG MÁY, Ô TÔ TRÁNH - 37m, khu giãn dân Mỗ Lao, Hà Đông, Chính Chủ - Chỉ hơn 9 Tỷ",9 tỷ,37 m²,3,4,"Hà Đông, Hà Nội","Mỗ Lao, Đường Vũ Trọng Khánh, Phường Mỗ Lao, Hà Đông, Hà Nội",42579845
"Bán căn hộ Vinhomes Grand Park 2 phòng ngủ, 2 toilet giá chỉ 2 tỷ 650 sẵn sổ hồng công chứng ngay","2,65 tỷ",67 m²,2,2,"Quận 9, Hồ Chí Minh","Dự án The Rainbow - Vinhomes Grand Park, Đường Nguyễn Xiển, Phường Long Thạnh Mỹ, Quận 9, Hồ Chí Minh",41236403
"BÁN NHÀ MỚI 7 tầng HOÀNG CẦU 15,5tỷ * DT 50m2* MT 4,1m* Nở Hậu - thang máy - Full nội thất",15 tỷ,50 m²,3,3,"Đống Đa, Hà Nội","Phường Ô Chợ Dừa, Đống Đa, Hà Nội",42579843
Nhà 1 trệt 1 lầu 64m . Kdc Lê phong tân bình dĩ an,"3,2 tỷ",64 m²,3,2,"Dĩ An, Bình Dương","Đường Lê Hồng Phong, Phường Tân Bình, Dĩ An, Bình Dương",42579774
"Bán lô gốc đẹp nhất, mặt tiền Hương Lộ 2, phường An Hòa, Biên Hòa. Hạ giá sâu so với xung quanh.",8 tỷ,300 m²,N/A,N/A,"Biên Hòa, Đồng Nai","Đường Hương lộ 2, Phường An Hòa, Biên Hòa, Đồng Nai",39705844
Cắt lỗ 800 triệu căn hộ góc 2 phòng ngủ cộng 1 phòng plus origami có nội thất giá chỉ 3tỷ2,"3,2 tỷ",70 m²,3,2,"Quận 9, Hồ Chí Minh","Dự án The Origami, Đường Phước Thiện, Phường Long Bình, Quận 9, Hồ Chí Minh",41876060
"Nhà đường 27 khu Tên Lửa - Bình Tân, cạnh nhà có 2 công viên lớn - diện tích: 4mx20m xây 3,5 lầu","9,6 tỷ",80 m²,4,5,"Bình Tân, Hồ Chí Minh","Đường 27, Phường Bình Trị Đông B, Bình Tân, Hồ Chí Minh",42445493
"Bán nhà 65 Mậu Thân , TP Phan Thiết, sát siêu thị Coop Mart 88m2 = 5,8 tỷ . Cách Biển 1km","5,8 tỷ",88 m²,1,1,"Phan Thiết, Bình Thuận","65 Đường Mậu Thân, Phường Bình Hưng, Phan Thiết, Bình Thuận",42577164
Bán nhà mặt phố tại đường Tô Ngọc Vân - Tây Hồ,110 tỷ,165 m²,N/A,N/A,"Tây Hồ, Hà Nội","Đường Tô Ngọc Vân, Phường Quảng An, Tây Hồ, Hà Nội",42579840
Nhà bán 1 lầu ngay chợ 640tr bao sang tên,640 triệu,20 m²,2,1,"Quận 12, Hồ Chí Minh","Đường Tô Ngọc Vân, Phường Thạnh Xuân, Quận 12, Hồ Chí Minh",37129477
"Cắt lỗ căn 1PN + 1 phân khu The Beverly Solari giá chỉ 2,350tỷ hỗ trợ vay ngân hàng 60% - 70%","2,35 tỷ","43,09 m²",1,1,"Quận 9, Hồ Chí Minh","Dự án The Beverly Solari - Vinhomes Grand Park, Phường Long Bình, Quận 9, Hồ Chí Minh",41777629
"Chính chủ cần bán đất thổ cư 926m2 (25x40) đường DT793, SHR","3,25 tỷ",926 m²,N/A,N/A,"Tây Ninh, Tây Ninh","Đường ĐT 793, Xã Tân Bình, Tây Ninh, Tây Ninh",42579773
"Bán nhanh lô đất mặt phố Văn Quán Dt: 45m2 nhà 2 mặt tiền vỉa hè kinh doanh cực hiếm giá 11,x tỷ",Giá thỏa thuận,45 m²,N/A,N/A,"Hà Đông, Hà Nội","Đường Văn Quán, Phường Văn Quán, Hà Đông, Hà Nội",42506564
"Giảm sốc 4.5 tỷ nhà mặt tiền Huỳnh Tấn Phát, Nhà Bè, nhà cấp 4 DT: 300m2 = 12 x 24m giá: 18.5 tỷ TL","18,5 tỷ",300 m²,2,N/A,"Nhà Bè, Hồ Chí Minh","Đường Huỳnh Tấn Phát, Xã Phú Xuân, Nhà Bè, Hồ Chí Minh",42366683
Bán gấp giá rẻ đất tại Bình Chánh 875m2 CLN giá 1.3ti,"1,3 tỷ",875 m²,N/A,N/A,"Bình Chánh, Hồ Chí Minh","Xã Tân Nhựt, Bình Chánh, Hồ Chí Minh",42579839
"BÁN CĂN GÓC ĐƠN LẬP 365M HỒ ĐIỀU HÒA, DỰ ÁN LIDECO BẮC 32, HOÀI ĐỨC, HÀ NỘI",55 tỷ,365 m²,N/A,N/A,"Hoài Đức, Hà Nội","Lideco, Đường Quốc lộ 32, Thị trấn Trạm Trôi, Hoài Đức, Hà Nội",42579838
"HOT! BÁN CĂN SIÊU PHẨM GIÁ CỰC TỐT CHỈ 3TỶ250 (TL)/51.7m2 - NGAY NGUYỄN CÔNG HOAN, P7, PHÚ NHUẬN","3,25 tỷ",52 m²,4,3,"Phú Nhuận, Hồ Chí Minh","Nguyễn Công Hoan, Phường 7, Phú Nhuận",42579865
"Giảm 300 triệu bán gấp nhà 2 mặt tiền đường Sương Nguyệt Ánh, 4x17, hoàn thiện mới 100% có nội thât","1,89 tỷ",100 m²,2,2,"Rạch Giá, Kiên Giang","Đường Sương Nguyệt Ánh, Phường Vĩnh Lạc, Rạch Giá, Kiên Giang",42043497
"BT liền kề Thủy Nguyên Ecopark, tiện ích bạt ngàn, trường quốc tế hồ công viên 100m2, giá 22 tỷ",22 tỷ,100 m²,N/A,N/A,"Văn Giang, Hưng Yên","Dự án Aqua Bay Sky Residences, Xã Xuân Quan, Văn Giang, Hưng Yên",42569094
"Chính chủ bán nhà phố Trung Kính, Cầu Giấy","8,2 tỷ",45 m²,9,9,"Cầu Giấy, Hà Nội","Ngõ 43, Phố Trung Kính, Phường Trung Hòa, Cầu Giấy, Hà Nội",39408228
"HÀNG HIẾM. SIÊU PHẨM MẶT ĐƯỜNG TỈNH LỘ 420 TẠI HOÀ LẠC, 100M2 MẶT TIỀN 5M, FULL THỔ. GIÁ CỰC RẺ",Giá thỏa thuận,100 m²,N/A,N/A,"Thạch Thất, Hà Nội","Đường 420, Xã Bình Yên, Thạch Thất, Hà Nội",42571653
Hạ Giá Cần Bán Gấp Nhà Mặt Tiền Đường Lũy Bán Bích Q.TP DT 18x30m trệt 3 lầu HĐT 220tr giá 60 tỷ,60 tỷ,540 m²,20,20,"Tân Phú, Hồ Chí Minh","Đường Lũy Bán Bích, Phường Tân Thành, Tân Phú, Hồ Chí Minh",42577913
"Bán nhà tiện CHDV 12x23m (240m2) hẻm 8m Xô Viết Nghệ Tĩnh, GPXD hầm trệt 5L sân thượng, giá 20.9 tỷ","20,9 tỷ",240 m²,3,4,"Bình Thạnh, Hồ Chí Minh","Đường Xô Viết Nghệ Tĩnh, Phường 25, Bình Thạnh, Hồ Chí Minh",37205845
"Bán căn hộ 2PN 2WC chung cư Swanlake The Onsen Ecopark. 72m2 view hồ sân golf tòa R2 giá 5,1 tỷ","5,1 tỷ",72 m²,2,2,"Văn Giang, Hưng Yên","Dự án Swan Lake Onsen, Xã Xuân Quan, Văn Giang, Hưng Yên",42547605
"Bán nhà 7tầng,phố Trạm,60m,thang máy,gara 2 ô tô,kinh doanh đa dạng,nội thất sang sịn,16xty","16,8 tỷ",60 m²,4,7,"Long Biên, Hà Nội","Đường Phố Trạm, Phường Long Biên, Long Biên, Hà Nội",42433088
"Bán nhà Trần Thái Tông, Nhà mới - Full nội thất, 5T - Hiện Đại, Giá: 6 tỷ",6 tỷ,30 m²,3,4,"Cầu Giấy, Hà Nội","Đường Trần Thái Tông, Phường Dịch Vọng Hậu, Cầu Giấy, Hà Nội",42579783
"Bán nhà rẻ nhất KV Yên Nghĩa, chỉ 3.25 tỷ sở hữu căn 4 tầng, 32m2 ngõ thông ô tô đỗ cửa. 0966 929 ***","3,25 tỷ",32 m²,4,4,"Hà Đông, Hà Nội","Phường Yên Nghĩa, Hà Đông, Hà Nội",42558967
"Tôi bán gấp: Căn 4T, DT: 109M2, MT:7M.Đ/C: KĐT Đặng Xá, Gia Lâm, HN. Cho thuê dòng tiền ổn định .",14 tỷ,109 m²,5,5,"Gia Lâm, Hà Nội","Dự án Lan Viên Villa, Đường Nguyễn Đức Thuận, Xã Đặng Xá, Gia Lâm, Hà Nội",36785196
"Lô đất 52,5m2 sạch đẹp rẻ nhất hẻm Bưng Ông Thoàn, Phú Hữu, TP Thủ Đức, giá 3,4tỷ LH 0974 244 ***","3,4 tỷ","52,5 m²",N/A,N/A,"Quận 9, Hồ Chí Minh","Đường Bưng Ông Thoàn, Phường Phú Hữu, Quận 9, Hồ Chí Minh",40690159
"Căn hộ dịch vụ DT khủng đường Phan Anh, DT 8x21m, 1 lầu chỉ 60 triệu/m2","9,5 tỷ",168 m²,N/A,N/A,"Tân Phú, Hồ Chí Minh","Đường Phan Anh, Phường Hiệp Tân, Tân Phú, Hồ Chí Minh",42420894
"Giá 2xx triệu đất ODT tại trung tâm thị trấn Kim Tân, full thổ cư",250 triệu,"108,6 m²",N/A,N/A,"Thạch Thành, Thanh Hóa","Thị trấn Kim Tân, Thạch Thành, Thanh Hóa",42351241
"Chính chủ cần chuyển đổi căn rộng hơn nên bán gấp căn 2PN1VS giá 3,62 tỷ full nội thất mơi cao cấp","3,62 tỷ","55,2 m²",2,1,"Nam Từ Liêm, Hà Nội","Dự án Imperia Smart City, Đường Đại lộ Thăng Long, Phường Tây Mỗ, Nam Từ Liêm, Hà Nội",42340958
"Bán đất thổ cư Hà Nội, đường rộng, sổ đỏ riêng biệt. Gần trường ĐH FPT Giá 1.979 tỷ. LH 0986 853 ***","1,98 tỷ",77 m²,N/A,N/A,"Thạch Thất, Hà Nội","Đường 420, Xã Bình Yên, Thạch Thất, Hà Nội",35962608
"Hiếm! Chỉ 8,8 tỷ sở hữu ngay căn 4PN + 3VS, DT: 129,4m2 BC: ĐN, rẻ nhất dự án Vinhomes West Point","8,8 tỷ","129,4 m²",4,3,"Nam Từ Liêm, Hà Nội","Dự án Vinhomes West Point, Đường Phạm Hùng, Phường Mễ Trì, Nam Từ Liêm, Hà Nội",42565922
"Chỉ với 7,95 tỷ có ngay nhà dòng tiền 35tr/tháng ở Trịnh Văn Bô, Nam Từ Liêm; DT 54m2 x 4 tầng","7,95 tỷ",54 m²,9,9,"Nam Từ Liêm, Hà Nội","Đường Trịnh Văn Bô, Phường Phương Canh, Nam Từ Liêm, Hà Nội",42536938
"Bán đất 220m2 Ngọc Thanh - Vĩnh Phúc, sổ đỏ chính chủ, cơ hội đầu tư sinh lời cao",990 triệu,220 m²,N/A,N/A,"Phúc Yên, Vĩnh Phúc","Xã Ngọc Thanh, Phúc Yên, Vĩnh Phúc",42280316
"Giá Siêu Rẻ Bán Lô Góc 2 Mặt Tiền Đường Ấp Bắc Giao Vạn Tường, Diện Tích 235m2, Khu Phố Chợ Hòa Hải","7,2 tỷ",235 m²,N/A,N/A,"Ngũ Hành Sơn, Đà Nẵng","Đường Ấp Bắc, Phường Hòa Hải, Ngũ Hành Sơn, Đà Nẵng",42233899
"Chính chủ bán căn studio tòa G3 Vinhomes Green Bay Mễ Trì - Giá 1,75 tỷ view siêu đẹp - 0974 121 ***","1,75 tỷ","28,2 m²",1,1,"Nam Từ Liêm, Hà Nội","Dự án Vinhomes Green Bay Mễ Trì, Đường Đại lộ Thăng Long, Phường Mễ Trì, Nam Từ Liêm, Hà Nội",42198926
"MTKD Thoại Ngọc Hầu, tòa nhà 10 tầng, 100 phòng CHDV, dòng tiền khủng thu nét về tay",75 tỷ,228 m²,100,N/A,"Tân Phú, Hồ Chí Minh","Đường Thoại Ngọc Hầu, Phường Phú Thạnh, Tân Phú, Hồ Chí Minh",40682502
Quỹ căn Hoàng Thành Pearl giá từ 6 tỷ sở hữu 2-3PN DT 80m2-108m2-114m2 full đồ LH 0983 051 ***,6 tỷ,80 m²,2,2,"Nam Từ Liêm, Hà Nội","Hoàng Thành Pearl, Nguyễn Văn Giáp, Cầu Diễn, Nam Từ Liêm, Hà Nội",42500957
"CHÍNH CHỦ CẦN BÁN GẤP 2 MẢNH ĐẤT 100M2 .MẶT TIỀN 10M SỔ VUÔNG ĐẸP GIÁ CỰC TỐT,Ô TÔ TRÁNH.","23,5 tỷ",100 m²,N/A,N/A,"Hoàng Mai, Hà Nội","Phường Giáp Bát, Hoàng Mai, Hà Nội",42579793
"Siêu phẩm lô đất 316m2, ba mặt tiền, đường rộng 7m sát ĐHQG tại Hoà Lạc cam kết rẻ nhất thị trường",Giá thỏa thuận,316 m²,N/A,N/A,"Quốc Oai, Hà Nội","Xã Phú Mãn, Quốc Oai, Hà Nội",42579873
The Pride quỹ căn 2PN DT 70 - 73 - 75m2 giá cực tốt full NT sổ đỏ liên hệ Đăng 0983 051 ***,"3,6 tỷ",73 m²,2,2,"Hà Đông, Hà Nội","Dự án The Pride, Đường Tố Hữu, Phường La Khê, Hà Đông, Hà Nội",42564762
Đất sổ riêng thổ cư phường Trung Dũng cách đường Nguyễn ái quốc 200m 60m2 1.9tỷ,"1,9 tỷ",60 m²,N/A,N/A,"Biên Hòa, Đồng Nai","Đường Nguyễn Ái Quốc, Phường Trung Dũng, Biên Hòa, Đồng Nai",42300907
"Rẻ nhất Văn Phú! Lô góc 130m nhỉnh 36 Tỷ, 2 mặt phố, trục chính Lacasta, KD đỉnh, Mở cửa đếm tiền",Giá thỏa thuận,130 m²,4,4,"Hà Đông, Hà Nội","Khu đô thị mới Văn Phú, Lê Trọng Tấn, Phú La, Hà Đông, Hà Nội",41370571
"Chính chủ bán 2 lô đất dịch vụ thuộc xã An Thượng Hoài Đức, Hà Nội. Diện tích 61m2 và 115m2","8,6 tỷ",50 m²,N/A,N/A,"Hoài Đức, Hà Nội","Xã An Thượng, Hoài Đức, Hà Nội",38293676
"Siêu hiếm !!!! Nhà NGUYỄN SƠN , LONG BIÊN - KINH DOANH - VĂN PHÒNG. LÔ GÓC - ÔTÔ TRÁNH. GIÁ 19X TỶ","19,45 tỷ",74 m²,4,4,"Long Biên, Hà Nội","Đường Nguyễn Sơn, Phường Gia Thụy, Long Biên, Hà Nội",42357070
"Siêu phẩm phố Hoa Bằng, 2 thoáng, gara, ô tô tránh, kinh doanh, 67m2 x 6 tầng, MT 4.2m, giá 16,8 tỷ","16,8 tỷ",67 m²,N/A,N/A,"Cầu Giấy, Hà Nội","Đường Hoa Bằng, Phường Yên Hòa, Cầu Giấy, Hà Nội",42478796
"Đất MT đường ô tô thông QL13, thổ cư, sổ hồng, 78m2=4x19,5 ngay khu căn hộ cao cấp The Emerald","3,25 tỷ",78 m²,N/A,N/A,"Thuận An, Bình Dương","Đường Vĩnh Phú 16, Phường Vĩnh Phú, Thuận An, Bình Dương",42532912
TỨ LIÊN -TÂY HỒ SIÊU PHẨM -DT 35M CHỈ 9TỶ -NGÕ NÔNG THÔNG THẲNG TẮP. - NHÀ ĐẸP - THANG MÁY XỊN SÒ.,9 tỷ,35 m²,N/A,N/A,"Tây Hồ, Hà Nội","Tứ Liên, Tây Hồ, Hà Nội",42579871
Đình Phong Phú - 2 Mặt Tiền - Đường 8M - Chốt nhanh kẻo mất,"4,2 tỷ",72 m²,N/A,N/A,"Thủ Đức, Hồ Chí Minh","Phường Tăng Nhơn Phú B, Thủ Đức, Hồ Chí Minh",42562685
"Đất thổ cư, sổ hồng riêng, đường nhựa 6m thông, 167m2=11,2x15 góc 2 MT cách SG 4km - giá 3,3 tỷ","3,3 tỷ",167 m²,N/A,N/A,"Thuận An, Bình Dương","Đường Vĩnh Phú 38, Phường Vĩnh Phú, Thuận An, Bình Dương",42576104
Bán liền kề đường Thảo Nguyên Ecopark Hưng Yên. 107.5m2 giá 20 tỷ vị trí sầm uất nhất phân khu,20 tỷ,"107,5 m²",4,N/A,"Văn Giang, Hưng Yên","Dự án Aqua Bay Sky Residences, Xã Xuân Quan, Văn Giang, Hưng Yên",42067939
"Bán gấp biệt thự Xuân Phương Tasco, DT 152m2, đường đôi gần hồ, giá nhỉnh 28 tỷ",28 tỷ,152 m²,N/A,N/A,"Nam Từ Liêm, Hà Nội","Dự án Xuân Phương Tasco, Phường Xuân Phương, Nam Từ Liêm, Hà Nội.",40507358
Siêu phẩm đầu tư cạnh khu công nghiệp Lương Sơn dành cho người thông thái,"6,21 tỷ",1.381 m²,N/A,N/A,"Lương Sơn, Hòa Bình","Xã Hòa Sơn, Lương Sơn, Hòa Bình",42503106
Càn bán căn 1 ngủ toà B westbay tầng cao view thoáng giá 2.180 tỷ bao phí Lh 0961 694 ***,"2,18 tỷ",45 m²,1,1,"Văn Giang, Hưng Yên","Westbay Sky Residences - Ecopark , Xã Phụng Công, Văn Giang, Hưng Yên",42579869
Căn Hộ Cao Cấp Masteri Grand View Quận 2 Mặt Tiền Liên Phường 3PN 2WC Góc 2 Mặt Tiền View Đẹp,"11,18 tỷ","113,5 m²",3,2,"Quận 2, Hồ Chí Minh","Masteri Grand View, Liên Phường, An Phú, Quận 2, Hồ Chí Minh",42577773
"Bán nhà khu giãn dân Mỗ Lao, Hà Đông, diện tích 45m2, 4 tầng, hơn 7 tỷ, cách ô tô tránh 20m",Giá thỏa thuận,45 m²,3,3,"Hà Đông, Hà Nội","Đường Vũ Trọng Khánh, Phường Mỗ Lao, Hà Đông, Hà Nội",42562181
"Bán nhà 3 tầng mặt tiền kinh doanh đường 2/4, P vĩnh Phước. Thuận tiện vừa kinh doanh buôn bán","7,8 tỷ","58,5 m²",3,3,"Nha Trang, Khánh Hòa","Đường 2/4, Phường Vĩnh Phước, Nha Trang, Khánh Hòa",42475086
"Bán nhà 4 tầng vị trí kim cương Đường Thanh Bình, Mỗ Lao - Hà Đông","12,5 tỷ",32 m²,3,4,"Hà Đông, Hà Nội","Đường Thanh Bình, Phường Mỗ Lao, Hà Đông, Hà Nội",42509478
"KĐG Ngô Thì Nhậm, Hà Đông 46m 5 tầng thang máy, Ô tô vào nhà Giá hơn 11 tỷ","11,29 tỷ",46 m²,6,4,"Hà Đông, Hà Nội","Đường Ngô Thì Nhậm, Phường Hà Cầu, Hà Đông, Hà Nội",42235690
"Bán Đất 41.433m2, có 1200m2 thổ cư, hẽm ô tô đường Tỉnh Lộ 765B, Sông Ray, Cẩm Mỹ, Đồng Nai","14,5 tỷ",41.433 m²,N/A,N/A,"Cẩm Mỹ, Đồng Nai","Đường Tỉnh lộ 765B, Xã Sông Ray, Cẩm Mỹ, Đồng Nai",42577479
"Chính chủ cần bán nhà phố Ngô Thì Nhậm, Hà Đông, DT 45m2, 4 tầng, ô tô, nhỉnh 8 tỷ",8 tỷ,45 m²,4,3,"Hà Đông, Hà Nội","Đường Ngô Thì Nhậm, Phường Hà Cầu, Hà Đông, Hà Nội",41385231
"Bán nhà MT Trần Quang Khải (4,6mx34m, 130m2), C4 giá 41 tỷ TL",41 tỷ,130 m²,1,1,"Quận 1, Hồ Chí Minh","Đường Trần Quang Khải, Phường Tân Định, Quận 1, Hồ Chí Minh",41759241
"Mặt phố chính Văn Phú, 79m2x5T nhỉnh 21 Tỷ, Hàng xóm La Casta, View CV, KD 24/7, Xe tải tránh",Giá thỏa thuận,79 m²,5,5,"Hà Đông, Hà Nội","Dự án KĐT Văn Phú, Phường Phú La, Hà Đông, Hà Nội",40876825
+ Bán nhà 6.2m2-3 tầng-CMT8 P13Q10--1.25 tỷ,"1,25 tỷ",6 m²,2,1,"Quận 10, Hồ Chí Minh","Đường Cách Mạng Tháng Tám, Phường 13, Quận 10, Hồ Chí Minh",42540600
"Chính chủ gửi bán nhà khu lk Ngô Thì Nhậm, Hà Đông 51m2 ô tô vào nhà, 2 mặt thoáng chỉ hơn 9 tỷ","9,95 tỷ",51 m²,3,2,"Hà Đông, Hà Nội","Đường Ngô Thì Nhậm, Phường Hà Cầu, Hà Đông, Hà Nội",42336438
Em sẵn mấy lô kiot cần bán và cho thuê HH Linh Đàm giá trị ròng tiền cao Hoàng Liệt,16 tỷ,86 m²,1,1,"Hoàng Mai, Hà Nội","HH1 Linh Đàm, Linh Đường, Hoàng Liệt, Hoàng Mai, Hà Nội",42576707
"Bán nhà gần phố Lê Trọng Tấn, Hà Đông, 50m2, 4 tầng, ô tô đỗ cổng, ngõ thông, giá hơn 6 tỷ","6,29 tỷ",50 m²,4,3,"Hà Đông, Hà Nội","Đường Lê Trọng Tấn, Phường La Khê, Hà Đông, Hà Nội",41555681
"Bán ngộp nhà phố 6x20m tặng nội thất 1,3 tỷ Novaworld Phan Thiết. Giá 4, xtỷ, chìa khóa trao tay",Giá thỏa thuận,120 m²,2,3,"Phan Thiết, Bình Thuận","Dự án NovaWorld Phan Thiết, Đường Lạc Long Quân, Xã Tiến Thành, Phan Thiết, Bình Thuận",38030445
Tin chuẩn T2/2025 - duplex tầng Sky Garden - DT 217m2 - full - Sẵn giá 16 tỷ - HĐT 50tr/tháng,16 tỷ,217 m²,4,3,"Quận 2, Hồ Chí Minh","Dự án Vista Verde, Đường Phan Văn Đáng, Phường Thạnh Mỹ Lợi, Quận 2, Hồ Chí Minh",42140600
"Tin chuẩn 100% - 3 phòng ngủ DT lớn 171m2 - Giá 15,5 tỷ - View trực diện hồ bơi - Tầng cao","15,5 tỷ",171 m²,3,4,"Quận 2, Hồ Chí Minh","Dự án The Estella, Đường Xa Lộ Hà Nội, Phường An Phú, Quận 2, Hồ Chí Minh",41933276
Cần bán căn 1 ngủ toà B westbay giá 2.18 tỷ bao phí full đồ Lh 0961 694 ***,"2,18 tỷ",45 m²,1,1,"Văn Giang, Hưng Yên","Westbay Sky Residences - Ecopark , Xã Phụng Công, Huyện Văn Giang, Hưng Yên",42579883
"Cần Bán gấp căn BT Sun Feria Hạ Long DT 406m2 giá chỉ 90 tr/m2 bao rẻ NHẤT TT ,Cách mặt biển 150m",38 tỷ,406 m²,7,8,"Hạ Long, Quảng Ninh","Dự án Sun Grand City Feria Hạ Long, Thành phố Hạ Long, Quảng Ninh",40368758
"Bán nhà mặt phố Hàng Bài đối diện Tràng Tiền Plaza, sổ đỏ 95m2, riêng biệt 1 sổ, 1 chủ",75 tỷ,95 m²,N/A,N/A,"Hoàn Kiếm, Hà Nội","Phố Hàng Bài, Phường Hàng Bài, Hoàn Kiếm, Hà Nội",41329211
"Chính chủ bán nhà mặt đường to phố Thượng Thanh, Long Biên","7,8 tỷ",52 m²,N/A,N/A,"Long Biên, Hà Nội","Đường Thượng Thanh, Phường Thượng Thanh, Long Biên, Hà Nội",42335357
Mở bán đợt 1 chỉ 2 tỷ 4 sở hữu ngay căn 3N cao cấp Kepler Tower - bàn giao full nội thất nhập khẩu,"8,03 tỷ",103 m²,3,2,"Hà Đông, Hà Nội","Tháp đôi Kepler Land, Đường Vũ Trọng Khánh, Phường Mỗ Lao, Hà Đông, Hà Nội",42501313
Bán 48.9m2 đất 55 Gia Thượng chỉ trong 20 ngày với giá cực sốc,"9,89 tỷ","48,9 m²",N/A,N/A,"Long Biên, Hà Nội","Đường Gia Thượng, Phường Ngọc Thụy, Long Biên, Hà Nội",42515468
"Chính chủ bán nhà 1 trệt 2 lầu, mặt tiền đường Liên Phường ( 14.5 tỷ )","14,5 tỷ","76,3 m²",N/A,N/A,"Quận 9, Hồ Chí Minh","Đường Liên Phường, Phường Phước Long B, Quận 9, Hồ Chí Minh",41861977
Bán MP. Hàng Trống Quận Hoàn Kiếm DT 50m2 x 8T MT 4m (thang máy),42 tỷ,50 m²,N/A,N/A,"Hoàn Kiếm, Hà Nội","Phố Hàng Trống, Phường Hàng Trống, Hoàn Kiếm, Hà Nội",36772037
"Mặt tiền Phan Văn Hớn, P. Tân Thới Nhất chỉ 11.5 tỉ","11,5 tỷ",72 m²,4,5,"Quận 12, Hồ Chí Minh","Đường Phan Văn Hớn, Phường Tân Thới Nhất, Quận 12, Hồ Chí Minh",42212386
"Thanh lý gấp nhà Phan Văn Hân, p.17, Bình Thạnh. Giá 3,56 tỷ, DT 60m2, LH Như 0766 372 ***, đường 5m","3,56 tỷ",60 m²,4,4,"Bình Thạnh, Hồ Chí Minh","Đường Phan Văn Hân, Phường 17, Bình Thạnh, Hồ Chí Minh",42579902
"Bán nhà chung cư mini Phùng Khoang 68m2, 7T 16 phòng, full nội thất, lô góc HĐ 80tr/tháng giá 13 tỷ",13 tỷ,68 m²,16,16,"Nam Từ Liêm, Hà Nội","Đường Phùng Khoang, Phường Trung Văn, Nam Từ Liêm, Hà Nội",42295868
"Bán nhà riêng tại An Hoà, Biên Hoà, Đồng Nai. Số nhà 580/15/3/14C Nguyễn Văn Tỏ; Sổ hồng chính chủ.","2,25 tỷ",70 m²,3,4,"Biên Hòa, Đồng Nai","Phường An Hòa, Biên Hòa, Đồng Nai",42575914
Căn nhà ngay mặt tiền Tân Thới Nhất 05 chỉ 3.500 tỷ,"3,5 tỷ",64 m²,3,3,"Quận 12, Hồ Chí Minh","Đường Tân Thới Nhất 5, Phường Tân Thới Nhất, Quận 12, Hồ Chí Minh",42253355
"Khách cần bán gấp lô đất có sổ, xây tự do đường Lương Sĩ Cần khu VCN Phước Long 1","9,19 tỷ","204,2 m²",N/A,N/A,"Nha Trang, Khánh Hòa","Phước Long, Nha Trang, Khánh Hòa",42579821
"Bán biệt thự tại Lộc Ninh Singashine, 8,45 tỷ, 67,5m2, 5PN, 4WC","8,45 tỷ","67,5 m²",5,4,"Chương Mỹ, Hà Nội","Lộc Ninh Singashine, Đường Quốc lộ 6, Thị trấn Chúc Sơn, Chương Mỹ, Hà Nội",42394929
"Bán nhà Hồ Đắc Di, chỉ vài bước chân ra ô tô tránh dừng đỗ quay đầu, kinh doanh sầm uất, ở ngay","9,8 tỷ",52 m²,6,N/A,"Đống Đa, Hà Nội","Đường Hồ Đắc Di, Phường Nam Đồng, Đống Đa, Hà Nội",41376538
"Mặt tiền kinh doanh ngay TÂN THỚI NHẤT 17, kinh doanh đa ngành, đúc 4 lầu 4x19m, 10,5 tỷ","10,5 tỷ",75 m²,4,5,"Quận 12, Hồ Chí Minh","Đường Dương Thị Giang, Phường Tân Thới Nhất, Quận 12, Hồ Chí Minh",42496814
"Bán tòa CHDV Nguyễn Văn Lượng, 35 phòng 10x20m 1T4L, doanh thu 140tr/thg, gần Lotte GV, giá 22.5 tỷ","22,5 tỷ",200 m²,35,35,"Gò Vấp, Hồ Chí Minh","Đường Nguyễn Văn Lượng, Phường 17, Gò Vấp, Hồ Chí Minh",39410911
"VIP TX43 - nhà sổ hồng- 2mt trước sau- 5,45x7,5=41m2 - 5 phòng - đường thông 7m-3,68 tỷ","3,68 tỷ",41 m²,5,5,"Quận 12, Hồ Chí Minh","Đường Thạnh Xuân 43, Phường Thạnh Xuân, Quận 12, Hồ Chí Minh",42446792
"Hàng cực hiếm giá tốt lô góc tái định cư Diên Toàn 162.5m2 ngang 8,76m Diên Khánh, Khánh Hoà","2,6 tỷ","162,5 m²",N/A,N/A,"Diên Khánh, Khánh Hòa","Đường Số 2, Xã Diên Toàn, Diên Khánh, Khánh Hòa",42545317
Chính chủ cần bán căn hộ Vinhomes Ocean Park Đa Tốn Gia Lâm 43m2 1PN + Thoáng mát,"2,3 tỷ",43 m²,2,1,"Gia Lâm, Hà Nội","Dự án The Sapphire 2 - Vinhomes Ocean Park, Xã Đa Tốn, Gia Lâm, Hà Nội",42087191
"Bán nhà gần cầu Sắt cách Gò Vấp 1km, 56m2 - 2,4 tỷ. Vườn Lài, An Phú Đông, Quận 12. LH 0765 369 ***",Giá thỏa thuận,56 m²,4,4,"Quận 12, Hồ Chí Minh","Đường Vườn Lài, Phường An Phú Đông, Quận 12, Hồ Chí Minh",41889769
"45m2 THÔNG Ô TÔ VIP TẠI THIẾT BÌNH, VÂN HÀ MUA XONG CHỈ CÓ LỜI, KHÔNG CÓ LỖ!","2,6 tỷ",45 m²,N/A,N/A,"Đông Anh, Hà Nội","Vân Hà, Đông Anh, Hà Nội",42577415
"Bán BT đẹp xuất sắc tại Sun Casa Central, 4,9 tỷ, 168m2, Tân Uyên, Bình Dương","4,9 tỷ",168 m²,N/A,N/A,"Tân Uyên, Bình Dương","Dự án Sun Casa Central, Xã Vĩnh Tân, Tân Uyên, Bình Dương",42485206
"Nhà siêu rẻ Tân Xuân Hóc Môn ngay thị trấn 5x17 hẻm ô tô, sổ hồng riêng giá 2,78tỷ thương lượng","2,78 tỷ",72 m²,2,1,"Hóc Môn, Hồ Chí Minh","Đường 2, Xã Tân Xuân, Hóc Môn, Hồ Chí Minh",42520316
"Bán 949m2 đường Xuân Thuỷ, Mũi Né đối diện Marina Mũi Né và bến du thuyền","10,8 tỷ",949 m²,N/A,N/A,"Phan Thiết, Bình Thuận","Đường Xuân Thủy, Phường Mũi Né, Phan Thiết, Bình Thuận",34932999
"Nhà phố Verosa Park full nội thất. DT 6x20m, sổ hồng sẵn, xây 1 trệt 2 lầu nội thất cao cấp, 18tỷ",18 tỷ,120 m²,4,3,"Quận 9, Hồ Chí Minh","Dự án Verosa Park, Đường Liên Phường, Phường Phú Hữu, Quận 9, Hồ Chí Minh",40907880
Bán biệt thự vip khu Q - View sân golf Ciputra Hà Nội - DT 428m2 hướng Đông Bắc. LH: 0922 969 ***,Giá thỏa thuận,428 m²,5,4,"Tây Hồ, Hà Nội","Dự án Ciputra Hà Nội, Đường Lạc Long Quân, Phường Phú Thượng, Tây Hồ, Hà Nội",35517996
"Siêu phẩm nhà đẹp 50m2 đường Đặng Thuỳ Trâm, Bình Thạnh. Giá chỉ 2tỷ590. Sát bên ĐH Văn Lang","2,59 tỷ",50 m²,4,4,"Bình Thạnh, Hồ Chí Minh","Đường Đặng Thùy Trâm, Phường 13, Bình Thạnh, Hồ Chí Minh",42579914
Đầu tư F0 lô đất thị trấn Ba Hàng Đồi ngay đường tỉnh 12B,350 triệu,82 m²,N/A,N/A,"Lạc Thủy, Hòa Bình","Đường 479B, Thị trấn Ba Hàng Đồi, Lạc Thủy, Hòa Bình",42473314
"Bán 1.8ha đất mặt tiền Nguyễn Cơ Thạch, Mũi Né giáp Sungroup giá tốt 5tr/m2",90 tỷ,18.000 m²,N/A,N/A,"Phan Thiết, Bình Thuận","Đường Nguyễn Cơ Thạch, Phường Mũi Né, Phan Thiết, Bình Thuận",41938171
"CC bán 62,3 M mt 4,84 thôn đìa nam Hồng ngay sát hồ điều hòa sân chơi, vị trí đẹp miễn mãn",Giá thỏa thuận,"62,3 m²",N/A,N/A,"Đông Anh, Hà Nội","Xã Nam Hồng, Đông Anh, Hà Nội",42529785
"1 lô duy nhất 560 triệu 75m2, sổ hồng riêng - chính chủ 0906 443 ***",560 triệu,75 m²,N/A,N/A,"Bàu Bàng, Bình Dương","Dự án Phúc An Garden, Đường Thiếu Niên 3, Xã Trừ Văn Thố, Bàu Bàng, Bình Dương",39559607
"Bán nhà 86m sổ, xây 6 tầng, Full diện tích, có 12 phòng cho thuê, giá đầu tư, nhanh mới còn","16,5 tỷ",86 m²,12,12,"Thanh Xuân, Hà Nội","Phố Hạ Đình, Phường Hạ Đình, Thanh Xuân, Hà Nội",42572283
"Siêu phẩm nhà ngộp đ.Minh Phụng, p.9, Quận 11. Giá 3,23 tỷ, DT 56m2, LH Như 0766 372 ***, hẻm rộng","3,23 tỷ",56 m²,4,4,"Quận 11, Hồ Chí Minh","Đường Minh Phụng, Phường 9, Quận 11, Hồ Chí Minh",42413555
"Bán 539m2 view biển mặt tiền Nguyễn Cơ Thạch, Mũi Né",10 tỷ,539 m²,N/A,N/A,"Phan Thiết, Bình Thuận","Đường Nguyễn Cơ Thạch, Phường Mũi Né, Phan Thiết, Bình Thuận",41489360
"Nhà ngộp chính chủ bán Đ. Trương Quốc Dung, P10, Phú Nhuận 35m2 hẻm ba giác, sổ riêng",Giá thỏa thuận,35 m²,2,2,"Phú Nhuận, Hồ Chí Minh","Đường Trương Quốc Dung, Phường 10, Phú Nhuận, Hồ Chí Minh",42514697
Quỹ căn hộ khoáng nóng bao nội thất chưa tới 1 tỷ. view Sông Đà. làm việc trực tiếp chủ nhà,950 triệu,"32,4 m²",1,1,"Thanh Thủy, Phú Thọ","Dự án Wyndham Thanh Thủy, Xã Bảo Yên, Thanh Thủy, Phú Thọ",39517755
Bán gấp căn shophouse đường 17m diện tích 148m2 MT: 8m x 5 tầng đẹp LH: 0922 969 ***,Giá thỏa thuận,148 m²,N/A,N/A,"Bắc Từ Liêm, Hà Nội","Dự án Sunshine Capital Tây Thăng Long, Đường Tây Thăng Long, Phường Tây Tựu, Bắc Từ Liêm, Hà Nội",37132204
Biệt thự đơn lập DT 460m2 full nội thất cao cấp đẹp nhất dự án Hồ cá koi DT sàn 450m2 giá 53.5 tỷ,"53,5 tỷ",460 m²,4,4,"Quận 9, Hồ Chí Minh","Dự án Riviera Cove, Đường D3, Phường Phước Long B, Quận 9, Hồ Chí Minh",41200421
"Đừng bỏ lỡ biệt thự An Lạc có hầm siêu lớn 122m2. DT đất 193m2, xây sẵn 4 tầng phong cách Châu Âu",Giá thỏa thuận,193 m²,4,5,"Hoài Đức, Hà Nội","An Lạc Green Symphony, Vân Canh, Hoài Đức, Hà Nội",42532121
"Chính chủ: Bán nhà 4 tầng - xã Tứ Hiệp - Thanh Trì MT 4.15m - DT 41,5m2 - giá 5. 5 tỷ","5,5 tỷ","41,5 m²",4,3,"Thanh Trì, Hà Nội","Xã Tứ Hiệp, Thanh Trì, Hà Nội",42555798
"Bán lô góc đất dịch vụ Di Trạch, vị trí đắc địa bậc nhất, ngay KĐT Hinode Royal Park, Hoài Đức","14,2 tỷ","93,4 m²",N/A,N/A,"Hoài Đức, Hà Nội","Xã Di Trạch, Hoài Đức, Hà Nội",42197551
"Cần bán gấp nhà riêng 50m2, Nam Kỳ Khởi Nghĩa, Phường 7, Quận 3, HCM - Giá 2tỷ050 (không TL)","2,05 tỷ",50 m²,3,2,"Quận 3, Hồ Chí Minh","Đường Nam Kỳ Khởi Nghĩa, Phường Võ Thị Sáu, Quận 3, Hồ Chí Minh",42271572
CHÍNH THỨC NHẬN BOOKING NOBLE PALACE TÂY THĂNG LONG ƯU ĐÃI NGAY 300TR ĐĂNG KÝ ĐẶT MUA LH:0922 969 ***,Giá thỏa thuận,75 m²,N/A,N/A,"Đan Phượng, Hà Nội","Noble Palace Tây Thăng Long, Tây Thăng Long, Tân Lập, Đan Phượng, Hà Nội",42091088
"NHÀ ĐẸP KHU LIỀN KỀ FAFIM - VIP NHẤT THANH XUÂN, NGÃ TƯ SỞ, THANG MÁY, 92M2 x 5T, MT 5.5M, 37.5 TỶ","37,5 tỷ",92 m²,N/A,N/A,"Thanh Xuân, Hà Nội","Đường Nguyễn Trãi, Phường Thanh Xuân Trung, Thanh Xuân, Hà Nội",42468356
"Bán gấp căn góc 2 ngủ 76m2, sẵn sổ hồng lâu dài, mua bán chính chủ giá thương lượng LH 0968 602 ***",Giá thỏa thuận,76 m²,2,2,"Hai Bà Trưng, Hà Nội","Chung cư 536A Minh Khai, số 536A, Đường Minh Khai, Phường Vĩnh Tuy, Hai Bà Trưng, Hà Nội",42579844
"Bán đất lô góc mặt đường Cây Thông Ngoài 109.3m2, sát trung tâm, gần tượng đài sân bay cũ","1,75 tỷ","109,3 m²",N/A,N/A,"Phú Quốc, Kiên Giang","Đường Cây Thông Ngoài, Xã Cửa Dương, Phú Quốc, Kiên Giang",40799860
"Bán căn hộ biển 5 tầng thang máy đường Thạch Lam, Q.Sơn Trà, dòng tiền 50tr/th.",12 tỷ,81 m²,7,7,"Sơn Trà, Đà Nẵng","Phố Thạch Lam, Phường Phước Mỹ, Sơn Trà, Đà Nẵng",42575949
"Bán nhà riêng DT 46,8m2 tại Lê Trực, P7, Bình Thạnh, HCM, sổ hồng chính chủ công chứng giá 2 tỷ 150","2,15 tỷ","46,8 m²",3,4,"Bình Thạnh, Hồ Chí Minh","Đường Lê Trực, Phường 7, Bình Thạnh, Hồ Chí Minh",41941450
"Cần bán nhà Nguyễn Khang oto cách 10m. 35m2, 5 tầng giá 7.5 tỷ TL","7,5 tỷ",35 m²,4,4,"Cầu Giấy, Hà Nội","Đường Nguyễn Khang, Phường Dịch Vọng, Cầu Giấy, Hà Nội",42566211
Biệt thự khu phân lô tuyến 2 Ngô Gia Tự - Lô góc 242m2 - 3 tầng,"19,9 tỷ",242 m²,3,4,"Hải An, Hải Phòng","732, Đường Ngô Gia Tự, Phường Thành Tô, Hải An, Hải Phòng",37457969
"Bán biệt thự đơn lập góc 638m2 Siêu VIP mặt tiền rộng 47m giá tốt nhất, Ciputra Tây Hồ 0922 969 ***",Giá thỏa thuận,638 m²,6,N/A,"Tây Hồ, Hà Nội","Khu đô thị Nam Thăng Long - Ciputra, Phú Thượng, Tây Hồ, Hà Nội",42573654
Duy nhất căn biệt thự đơn lập 216m2 Le Jardin ParkCity vị trí cực đẹp giá 60 tỷ. LH 0931 686 ***,60 tỷ,216 m²,6,5,"Hà Đông, Hà Nội","Dự án ParkCity Hà Nội, Đường Lê Trọng Tấn, Phường La Khê, Hà Đông, Hà Nội",42579842
"Bán nhà 2 mặt tiền đường Ngô Đến, Vĩnh Phước. DT: 97m2, ngang hơn 6m. Đường bê tông 10m, 2.850 tỷ","2,85 tỷ",97 m²,N/A,N/A,"Nha Trang, Khánh Hòa","Đường Ngô Đến, Phường Vĩnh Phước, Nha Trang, Khánh Hòa",42485547
"Bán nhà đẹp Chế Lan Viên, cách bãi tắm biển Mỹ Khê 200m","12,7 tỷ",100 m²,3,4,"Ngũ Hành Sơn, Đà Nẵng","Đường Chế Lan Viên, Phường Mỹ An, Ngũ Hành Sơn, Đà Nẵng",41994522
"Bán đất phân lô 50m2 cạnh Aeon mall Hà Đông. Gần trường học, phù hợp kinh doanh, làm văn phòng.",12 tỷ,50 m²,N/A,N/A,"Hà Đông, Hà Nội","Dương Nội, Hà Đông, Hà Nội",42579841
"Bán lô đất mặt tiền Vương Thừa Vũ thông biển sát dự án tháp đôi, DT 90m2 ngang 5m","13,2 tỷ",90 m²,N/A,N/A,"Sơn Trà, Đà Nẵng","Đường Vương Thừa Vũ, Phường Phước Mỹ, Sơn Trà, Đà Nẵng",36405326
"TRẦN THÁI TÔNG CẦU GIẤY , TRUNG CƯ MINI Ô TÔ ĐỖ CỬA 60M/6T , MT 4,6M SỔ VUÔNG NHỈNH 12 TỶ.( CÓ TL)",12 tỷ,60 m²,16,16,"Cầu Giấy, Hà Nội","Phường Dịch Vọng Hậu, Cầu Giấy, Hà Nội",42570458
"SIÊU PHẨM TỨ LIÊN HỒ TÂY - TÂY HỒ -NHÀ ĐẸP CHÍNH CHỦ BÁN NHANH TRONG TUẦN 38M CHỈ 8,7TỶ.","8,7 tỷ",38 m²,N/A,N/A,"Tây Hồ, Hà Nội","Tứ Liên, Tây Hồ, Hà Nội",42579933
Bán căn biệt thự VIP khu K mặt đường Nguyễn Văn Huyên kéo dài dt 450m2 căn góc LH: 0922 969 ***,Giá thỏa thuận,450 m²,N/A,N/A,"Tây Hồ, Hà Nội","Dự án Ciputra Hà Nội, Đường Nguyễn Văn Huyên, Phường Phú Thượng, Tây Hồ, Hà Nội",39193414
Bán cặp đất mặt tiền Võ Nguyên Giáp đối diện resort Furama,62 tỷ,280 m²,N/A,N/A,"Ngũ Hành Sơn, Đà Nẵng","Đường Võ Nguyên Giáp, Phường Khuê Mỹ, Ngũ Hành Sơn, Đà Nẵng",42542886
"Bán đất phân lô KĐT Tây Nam Linh Đàm, mặt tiền, lô góc kinh doanh DT: 90m, MT: 5m chào giá: 20 tỷ",20 tỷ,90 m²,N/A,N/A,"Hoàng Mai, Hà Nội","Đường Bùi Quốc Khái, Phường Hoàng Liệt, Hoàng Mai, Hà Nội",42572683
"Chủ cần tiền bán gấp lô đất ngang 6m x 22 ngay chợ Chánh Mỹ, Thủ Dầu Một, Bình Dương","2,65 tỷ","133,2 m²",N/A,N/A,"Thủ Dầu Một, Bình Dương","Phường Chánh Mỹ, Thủ Dầu Một, Bình Dương",41561592
"Bán NHÀ-ĐẤT đường Nguyễn Tất Thành, Vĩnh Yên, giá chỉ từ 8tỷ đến 35,5tỷ, đường 42m lõi Thành Phố","16,5 tỷ",190 m²,N/A,N/A,"Vĩnh Yên, Vĩnh Phúc","Đường Nguyễn Tất Thành, Phường Khai Quang, Vĩnh Yên, Vĩnh Phúc",41602098
"Bán nhà phố Ngọc Khánh Ba Đình, Lô góc, ngõ thông, kinh doanh đỉnh, DT45m2, giá ưu đãi","8,1 tỷ",45 m²,3,3,"Ba Đình, Hà Nội","Phố Ngọc Khánh, Phường Ngọc Khánh, Ba Đình, Hà Nội",42462045
"Bán nhà Melosa Garden Khang Điền DT 6x18m giá 9.4 tỷ, 0902 442 ***","9,4 tỷ",108 m²,4,4,"Quận 9, Hồ Chí Minh","Melosa Garden, 222, Đường Võ Chí Công, Phường Phú Hữu, Quận 9, Hồ Chí Minh",17960263
"Chính chủ đi nước ngoài định cư cần bán lại căn nhà mặt tiền Đỗ Trạc, An Khê",3 tỷ,128 m²,3,2,"An Khê, Gia Lai","Đường Đỗ Trạc, Phường Tây Sơn, An Khê, Gia Lai",42564424
"Bán tòa CHDV Thái Hà, lô góc 2 thoáng, DT 60tr/th, ba gác, 20m ra ô tô, thang máy, 60m","11,5 tỷ",60 m²,13,13,"Đống Đa, Hà Nội","Phố Thái Hà, Phường Trung Liệt, Đống Đa, Hà Nội",42579961
Bán đất Thiên Hiền Nam TL 60m2 MT 4.5m phân lô vỉa hè 2m đường rộng 2 xe tải tránh nhau chào 19.3tỷ,"19,3 tỷ",60 m²,N/A,N/A,"Nam Từ Liêm, Hà Nội","Đường Thiên Hiền, Phường Mỹ Đình 2, Nam Từ Liêm, Hà Nội",42471903
"Đất gần biển cực đẹp - đường Dương Hiến Quyền (rộng 7m) - 106m2 ngang 6,59m - giá chỉ 7,6 tỷ","7,6 tỷ",106 m²,2,1,"Nha Trang, Khánh Hòa","Đường Dương Hiến Quyền, Phường Vĩnh Hòa, Nha Trang, Khánh Hòa",42332684
"Cần tiền cho con đi du học bán gấp nhà ở mặt tiền đường Ngô Chí Quốc, Bình Chiểu, Thủ Đức, 2tỷ550","2,55 tỷ",56 m²,N/A,N/A,"Thủ Đức, Hồ Chí Minh","Đường Ngô Chí Quốc, Phường Bình Chiểu, Thủ Đức, Hồ Chí Minh",42579960
"Bán nhà Melosa Garden Khang Điền, TP. Thủ Đức, DT 5x23m=115m2 giá 9.9 tỷ","9,9 tỷ",115 m²,4,5,"Quận 9, Hồ Chí Minh","Melosa Garden, Vành Đai Trong, Phú Hữu, Quận 9, Hồ Chí Minh",41743189
Bán Duplex The View Riviera Point Quận 7. tháp t8,"10,5 tỷ",137 m²,3,2,"Quận 7, Hồ Chí Minh","The View Riviera Point, Huỳnh Tấn Phát, Tân Phú, Quận 7, Hồ Chí Minh",41498665
"Bán gấp lô đất KDC Bình Chiểu, Thủ Đức, sổ riêng, DT 100m2. Giá: 2.7 tỷ. LH: 0342 421 ***","2,7 tỷ",100 m²,N/A,N/A,"Thủ Đức, Hồ Chí Minh","Đường Ngô Chí Quốc, Phường Bình Chiểu, Thủ Đức, Hồ Chí Minh",42496563
"Cần bán gấp nhà Bạch Mã, p.15, Quận 10. Giá 3,15 tỷ, DT 52m2, LH Như 0766 372 ***, hẻm xe hơi 4m","3,15 tỷ",52 m²,2,3,"Quận 10, Hồ Chí Minh","Đường Bạch Mã, Phường 15, Quận 10, Hồ Chí Minh",42579959
"Bán Đất Dịch vụ Khu B Yên Nghĩa, Hà Đông.DT 50m. Giá 9.65 tỷ","9,65 tỷ",50 m²,N/A,N/A,"Hà Đông, Hà Nội","Yên Nghĩa, Hà Đông, Hà Nội",42243355
"Chính Chủ Bán Nền E4, DT: 5 x 15m, Thắng Lợi Central Hill, Sổ Riêng, Giá 1tỷ450 Có Phí Giới Thiệu.","1,45 tỷ",75 m²,N/A,N/A,"Bến Lức, Long An","Dự án KDC Thắng Lợi Central Hill, Đường ĐT 835C, Xã Phước Lợi, Bến Lức, Long An",38279662
"Cắt lỗ 190 triệu căn hộ Akari City MT Võ Văn Kiệt, 75m2 (có sổ) giá: 3tỷ199 Vay được 70%.0906 651 ***","3,2 tỷ",75 m²,2,2,"Bình Tân, Hồ Chí Minh","Dự án Akari City Nam Long, Đường Võ Văn Kiệt, Phường An Lạc, Bình Tân, Hồ Chí Minh",39275544
Bán nhà khu đấu giá 6.9 Vân Canh lô góc kinh doanh tuyệt vời. 50m2 giá 10 tỷ,10 tỷ,50 m²,4,3,"Hoài Đức, Hà Nội","Xã Vân Canh, Hoài Đức, Hà Nội",42246740
"CẦN BÁN ĐƯỜNG VÕ NGUYÊN GIÁP, CÁCH BIỂN MỸ KHÊ 300M, VỀ TRUNG TÂM , THÍCH HỢP XÂY KHÁCH SẠN ,CĂN HỘ","16,9 tỷ",155 m²,N/A,N/A,"Ngũ Hành Sơn, Đà Nẵng","Đường Võ Nguyên Giáp, Phường Khuê Mỹ, Ngũ Hành Sơn, Đà Nẵng",42572957
"Bán biệt thự Vườn Đào Lạc Long Quân Tây Hồ 300 m2 x 4 T X MT 20 m x giá 210 tỷ. Lô góc, vị trí đỉnh",210 tỷ,300 m²,5,4,"Tây Hồ, Hà Nội","Đường Lạc Long Quân, Phường Xuân La, Tây Hồ, Hà Nội",38441326
"Cần ra đi đất 10x26m - Diện tích 264m2 thổ cư, Mỹ Hạnh Nam, Đức Hoà, Long An. LH 0798 758 ***",3 tỷ,264 m²,N/A,N/A,"Đức Hòa, Long An","Xã Mỹ Hạnh Nam, Đức Hòa, Long An",36828920
CẦN BÁN NHÀ TẠI HOÀNG NHƯ TIẾP-BỒ ĐỀ-LONG BIÊN 50m2x7tầng thang máy.,"11,5 tỷ",50 m²,4,4,"Long Biên, Hà Nội","Phường Bồ Đề, Quận Long Biên, Hà Nội",42579864
"Bán căn nhà phố sân vườn ngang 7m tại Verosa Park. Nhà full nội thất đẹp, giá 17,5 tỷ thương lượng","17,5 tỷ",105 m²,5,5,"Quận 9, Hồ Chí Minh","Dự án Verosa Park, Đường Liên Phường, Phường Phú Hữu, Quận 9, Hồ Chí Minh",42415739
Chính chủ bán 600m2 đất 50 năm tại Vân Côn. LH 0987 834 ***,Giá thỏa thuận,600 m²,N/A,N/A,"Hoài Đức, Hà Nội","Đường Đại lộ Thăng Long, Xã Song Phương, Hoài Đức, Hà Nội",39924389
"Bán đất tại Xã Tóc Tiên, Phú Mỹ, Bà Rịa Vũng Tàu, 5 tỷ, 765 m2",5 tỷ,765 m²,N/A,N/A,"Phú Mỹ, Bà Rịa Vũng Tàu","Xã Tóc Tiên, Phú Mỹ, Bà Rịa Vũng Tàu",42579863
"Cần bán căn Napoleon căn góc đẹp, tầng cao","2,33 tỷ","71,8 m²",3,2,"Nha Trang, Khánh Hòa","Napoleon Castle I, Đường Nguyễn Đình Chiểu, Phường Vĩnh Phước, Nha Trang, Khánh Hòa",42579268
Bán nhà phố Melosa Garden - căn 80m2 giá 8 tỷ - căn 108m2 giá 10 tỷ. LH 0909 121 *** xem nhà,8 tỷ,85 m²,4,5,"Quận 9, Hồ Chí Minh","Dự án Melosa Garden, Đường Võ Chí Công, Phường Phú Hữu, Quận 9, Hồ Chí Minh",37673558
"Lô góc Ngô Quyền- Hà Đông, 60m2, 7 tầng, giá 13 tỷ, Lô góc, Thang máy, Ô tô, Kinh doanh.",13 tỷ,60 m²,6,8,"Hà Đông, Hà Nội","Đường Ngô Quyền, Phường La Khê, Hà Đông, Hà Nội",41828747
"Chính chủ bán đất dịch vụ Lại Yên, 62m2, cạnh đường 40, trục kết nối vành đai 3.5-vành đai 4","7,19 tỷ",62 m²,N/A,N/A,"Hoài Đức, Hà Nội","Đường Vành Đai 3.5, Xã Lại Yên, Hoài Đức, Hà Nội",42544308
Bán lô đất Kiến Á - Liên Phường gần Global City - DT 5x27m SHCC,"9,55 tỷ",135 m²,N/A,N/A,"Quận 9, Hồ Chí Minh","Dự án KDC Kiến Á, Đường Liên Phường, Phường Phước Long B, Quận 9, Hồ Chí Minh",41934664
"Bán gấp chung cư Masteri Thảo Điền Quận 2 tầng 15, 71m2 sổ hồng riêng Tài Trần","1,8 tỷ",71 m²,2,2,"Quận 2, Hồ Chí Minh","Dự án Masteri Thảo Điền, Đường Xa Lộ Hà Nội, Phường Thảo Điền, Quận 2, Hồ Chí Minh",41477825
Nhà ngộp 2Tỷ080Triệu ở Phạm Ngũ Lão Q1 bán gấp 40m2 để nội thất căn bản,"2,08 tỷ",40 m²,2,2,"Quận 1, Hồ Chí Minh","Đường Phạm Ngũ Lão, Phường Phạm Ngũ Lão, Quận 1, Hồ Chí Minh",42341366
"Bán đất 39m2 đất thổ cư, hai mặt ngõ gần chợ sáng Đại Mỗ, giá 4.7 tỷ, LH 0865 137 ***","4,7 tỷ",39 m²,N/A,N/A,"Nam Từ Liêm, Hà Nội","Đường 70, Phường Đại Mỗ, Nam Từ Liêm, Hà Nội",42251956
"Đất chính chủ cực rẻ, 115m Khu Thuận Đạo, Cần Đước, sổ hồng riêng, giá chốt bán 1 tỷ 030","1,03 tỷ",115 m²,N/A,N/A,"Cần Đước, Long An","Dự án Thuận Đạo Residence, Đường Phan Văn Mãng, Xã Long Định, Cần Đước, Long An",38570418
"Chính chủ bán nhà nát căn góc hẻm 456/ Hậu Giang, P11, Q6, Giá 2tỷ150/ 40m2, SHR, LH: 0907 631 ***","2,15 tỷ",40 m²,N/A,N/A,"Quận 6, Hồ Chí Minh","456/13A, Đường Hậu Giang, Phường 11, Quận 6, Hồ Chí Minh",41428795
HƯƠNG LỘ 2 HẺM 6M - 4 X 12 NHÀ 2 TẦNG,"3,85 tỷ",48 m²,2,2,"Bình Tân, Hồ Chí Minh","Đường Hương lộ 2, Phường Bình Trị Đông A, Bình Tân, Hồ Chí Minh",42361396
"Bán lô đất 3 mặt tiền, 4x15m, đường 12m, An Phú Đông, gần ĐH Nguyễn Tất Thành, giá 4.6 tỷ TL","4,6 tỷ","60,9 m²",N/A,N/A,"Quận 12, Hồ Chí Minh","Đường Vườn Lài, Phường An Phú Đông, Quận 12, Hồ Chí Minh",41579441
"Bán đất Mỹ Đình 755m2 x MT 22m x giá nhỉnh 100 tỷ. Xây KS, nhà hàng, toà building",120 tỷ,755 m²,N/A,N/A,"Nam Từ Liêm, Hà Nội","Đường Mỹ Đình, Phường Mỹ Đình 1, Nam Từ Liêm, Hà Nội.",41030815
KHU TÊN LỬA NHÀ 3 TẦNG ĐÚC HẺM THÔNG 5M KINH DOANH ĐƯỢC CHỈ 5.7 ĐỒNG. - 4 X 13 MỘT trệt 2 lầu nh,"5,7 tỷ",52 m²,4,3,"Bình Tân, Hồ Chí Minh","Đường 29, Phường Bình Trị Đông B, Bình Tân, Hồ Chí Minh",42528526
"Nhà rẻ nhất khu vực - hẻm Trần Quang Khải, Tân Định, Q1. 3 tầng, 4PN, 3WC, 54m2 chỉ với 7,5 tỷ","7,5 tỷ",54 m²,4,3,"Quận 1, Hồ Chí Minh","Đường Trần Quang Khải, Phường Tân Định, Quận 1, Hồ Chí Minh",42467558
"Bán biệt thự vip nhất TP Hồ Chí Minh - The Venica Khang Điền, giá 58,5 tỷ căn Biệt thự song lập","58,5 tỷ",262 m²,4,5,"Quận 9, Hồ Chí Minh","Dự án The Venica, Đường Đỗ Xuân Hợp, Phường Phú Hữu, Quận 9, Hồ Chí Minh",40814283
"0901 755 ***! CC Bán gấp CC Hateco Hoàng Mai P2009: 76,7m2 và 1518 - 52m2, full NT giá 54 tr/m2 (GDG)","2,81 tỷ",52 m²,2,1,"Hoàng Mai, Hà Nội","Dự án Hateco Hoàng Mai, Đường Trần Thủ Độ, Phường Yên Sở, Hoàng Mai, Hà Nội",38788666
"NHÀ 4 TẦNG CÓ THANG MÁY, THIẾT KẾ HIỆN ĐẠI ĐƯỜNG SỐ 8 KĐT HÀ QUANG II CHỈ 10.4 TỶ","10,4 tỷ",100 m²,3,4,"Nha Trang, Khánh Hòa","Khu đô thị Lê Hồng Phong II, Lê Hồng Phong, Phước Hải, Nha Trang, Khánh Hòa",42576288
"Bán gấp nhà 20/ Kỳ Đồng, P9 Quận 3, DT 42m2, 3 phòng ngủ, sổ hồng riêng, hẻm vào 4m, giá 2 tỷ 900","2,9 tỷ",42 m²,3,3,"Quận 3, Hồ Chí Minh","20/, Phố Kỳ Đồng, Phường 9, Quận 3, Hồ Chí Minh",41864429
"Bán gấp Liền kề Hải Âu 02 - 90m chỉ 19.2 tỷ. Giá rẻ nhất dự án VHOP1, vị trí kinh doanh sầm uất","19,2 tỷ",90 m²,N/A,N/A,"Gia Lâm, Hà Nội","Dự án Vinhomes Ocean Park Gia Lâm, Xã Dương Xá, Gia Lâm, Hà Nội",42569326
Bán nhà phân lô quân đội Ngọc Thụy 40m2 ngõ thông ô tô vòng quanh 6.2 tỉ,"6,2 tỷ",40 m²,1,1,"Long Biên, Hà Nội","Phường Ngọc Thụy, Long Biên, Hà Nội",42507788
"Bán đất tại KDC Hiệp Bình, TP. Thủ Đức, đã ra sổ hồng riêng, DT 78m2, full thổ cư, Giá 1 tỷ 850","1,85 tỷ",78 m²,N/A,N/A,"Thủ Đức, Hồ Chí Minh","Đường Hiệp Bình, Phường Hiệp Bình Phước, Thủ Đức, Hồ Chí Minh",41467646
"Tôi bán gấp đất đường Số 7, BHH, Bình Tân, khu đồng bộ gần Aeon Tân Phú, DT 54m2, SHR, XDTD",Giá thỏa thuận,54 m²,N/A,N/A,"Bình Tân, Hồ Chí Minh","Đường Số 7, Phường Bình Hưng Hòa, Bình Tân, Hồ Chí Minh",41443355
"Nguyễn Kiệm, P3, Gò Vấp - 48m2 giá 4,47 tỷ/ kế siêu thị Coopmart, có hợp đồng thuê 16tr/ tháng","4,47 tỷ",48 m²,3,4,"Gò Vấp, Hồ Chí Minh","Hẻm 671, Đường Nguyễn Kiệm, Phường 3, Gò Vấp, Hồ Chí Minh",42280766
Hiếm MT Thạnh Mỹ Lợi - Ngang 5.5m - Dòng tiền 38tr/ tháng - Đảo Kim Cương 3 phút - Quận 1 chỉ 10P,"9,9 tỷ",138 m²,4,N/A,"Quận 2, Hồ Chí Minh","Đường Thạnh Mỹ Lợi, Phường Thạnh Mỹ Lợi, Quận 2, Hồ Chí Minh",42531380
"Siêu hot: Bán lô biệt thự đường Nguyễn Gia Thiều đối diện ĐH Phan Châu Trinh giá chỉ 3,8 tỷ","4,2 tỷ","171,5 m²",N/A,N/A,"Điện Bàn, Quảng Nam","Khu đô thị số 4, Nguyễn Gia Thiều, Điện Ngọc, Điện Bàn, Quảng Nam",42141689
Nhà 3 tầng mới ở ngay Tân Sơn Nhì - Hẻm xe hơi - 4.4m x 14m,"6,3 tỷ",60 m²,4,4,"Tân Phú, Hồ Chí Minh","Phường Tân Sơn Nhì, Tân Phú, Hồ Chí Minh",40003806
GIỎ HÀNG ĐỘC QUYỀN AKARI CITY MUA CHÍNH CHỦ GIÁ: 47TR /97M2 THIẾT KẾ 3PM SỔ CÓ SẴN. 0906 651 ***,"4,56 tỷ",97 m²,3,2,"Bình Tân, Hồ Chí Minh","Dự án Akari City Nam Long, Đường Võ Văn Kiệt, Phường An Lạc, Bình Tân, Hồ Chí Minh",40304101
"Ngân hàng thanh lý sang gấp nhà nát An Bình, P6, Q5,Giá 2tỷ9/88m2, SHR, khu an ninh, LH: 0907 631 ***","2,9 tỷ",88 m²,N/A,N/A,"Quận 5, Hồ Chí Minh","Đường An Bình, Phường 6, Quận 5, Hồ Chí Minh",42514925
"Mua Nhà Đẹp, Không Cần Lo Lắng Về Chi Phí Cải Tạo tại Rạch Bùng Binh, P9, Q3|Giá 3,5 tỷ|DT 51,6m2","3,5 tỷ","51,6 m²",5,5,"Quận 3, Hồ Chí Minh","Đường Rạch Bùng Binh, Phường 9, Quận 3, Hồ Chí Minh",42580004
"Duy nhất shop mặt Đại Lộ Ngọc Trai 52m, tiếp giáp với 66 tòa chung cư. Giá chỉ 18.5 tỷ tại Vin OCP1","18,5 tỷ",70 m²,N/A,N/A,"Gia Lâm, Hà Nội","Dự án Vinhomes Ocean Park Gia Lâm, Xã Dương Xá, Gia Lâm, Hà Nội",41662246
"Bán căn hộ 1PN Legacy Prime ở Thuận Giao, Thuận An, Bình Dương, nội thất cao cấp, hỗ trợ vay 80%","1,18 tỷ",42 m²,1,1,"Thuận An, Bình Dương","Dự án Legacy Central, Đường Thuận Giao 25, Phường Thuận Giao, Thuận An, Bình Dương.",39610429
"Bán nhà mặt phố Trạm. Thang máy, vỉa hè rộng. Vừa ở vừa kinh doanh vô đối.","25,5 tỷ",58 m²,N/A,N/A,"Long Biên, Hà Nội","Đường Phố Trạm, Phường Long Biên, Long Biên, Hà Nội",42580002
"Nhà 4T phân lô ngõ 168 Hào Nam cách ga tàu điện 300m ngõ ô tô tránh KD tốt, DT 52m2, MT 4,3m",Giá thỏa thuận,52 m²,5,5,"Đống Đa, Hà Nội","Ngõ 168, Phố Hào Nam, Phường Ô Chợ Dừa, Đống Đa, Hà Nội",42076972
"Cần bán gấp lô ngang 7m dài 24,5m hướng Nam cực đẹp. Trục đường thông","2,85 tỷ","171,5 m²",N/A,N/A,"Điện Bàn, Quảng Nam","Dự án Khu đô thị số 4, Phường Điện Ngọc, Điện Bàn, Quảng Nam",42531396
"Bán căn tầng trệt, 2PN vừa ở vừa kinhd doanh, số 15, C.cư Thanh đa, mặt tiền Bình Quới, Bình Thạnh","1,9 tỷ",33 m²,2,1,"Bình Thạnh, Hồ Chí Minh","Nhà số 15, Lô B Cc Thanh Đa, Đường Bình Quới, Phường 27, Bình Thạnh, Hồ Chí Minh",42398693
"Tôi có lô đất phù hợp làm quán ăn & coffee ngay chợ An Viễn, sát nhà phố đang xây. SHR thổ cư 100%","1,3 tỷ","86,8 m²",N/A,N/A,"Trảng Bom, Đồng Nai","Đường Trần Vĩnh Lộc, Xã An Viễn, Trảng Bom, Đồng Nai",41722926
Chính chủ bán căn 3PN - Full NT - Giá tốt tại tòa Eco Dream! LH: 0961 846 ***,6 tỷ,95 m²,3,2,"Thanh Trì, Hà Nội","Dự án Eco Dream, Xã Tân Triều, Thanh Trì, Hà Nội",42420687
"Chốt nhanh đất lô KDC Hưng Phú 1, Liên Phường, P. Phú Hữu, Q9, diện tích 111m2, giá 8.2 tỷ","8,5 tỷ",111 m²,N/A,N/A,"Quận 9, Hồ Chí Minh","Dự án Hưng Phú 1, Đường Liên Phường, Phường Phú Hữu, Quận 9, Hồ Chí Minh",34826686
"Bán nhà Sơn kỳ, hẻm oto, 1 trệt 2 lầu, công nhận 90m2, chỉ 6.9 tỷ",7 tỷ,90 m²,4,5,"Tân Phú, Hồ Chí Minh","Đường Đỗ Nhuận, Phường Sơn Kỳ, Tân Phú, Hồ Chí Minh",40875807
Chính chủ bán căn 3PN - DT 138m2 - Full NT - Giá tốt - Toà Bohemia Residence! LH: 0961 846 ***,9 tỷ,138 m²,3,2,"Thanh Xuân, Hà Nội","Dự án Bohemia Residence, Đường Nguyễn Huy Tưởng, Phường Thanh Xuân Trung, Thanh Xuân, Hà Nội",39482171
Bán gấp nhà 62m2 Trần Quang Diệu quận 3. Chỉ 100tr/m2. Giá 6.7 tỷ (thương lượng),"6,7 tỷ",62 m²,2,2,"Quận 3, Hồ Chí Minh","Đường Trần Quang Diệu, Phường 14, Quận 3, Hồ Chí Minh",42286536
"Biệt Thự Siêu Rẻ đất nền siêu đẹp KDC Hoàng Anh Minh Tuấn MT Đỗ Xuân Hợp, P. Phước Long B, Quận 9","12,69 tỷ",90 m²,N/A,N/A,"Quận 9, Hồ Chí Minh","Dự án Hoàng Anh Minh Tuấn, Đường Đỗ Xuân Hợp, Phường Phước Long B, Quận 9, Hồ Chí Minh",42478196
"Cần bán nhà phố Vạn Phúc, Quận Ba Đình. DT Sổ 90m2 x 4T, MT 6,3m. Vị trí đẹp, đường ô tô tránh nhau",35 tỷ,90 m²,N/A,N/A,"Ba Đình, Hà Nội","Phố Vạn Phúc, Phường Liễu Giai, Ba Đình, Hà Nội",41774395
Lê Trọng Tấn - 5.1 tỷ - 3 tầng- 4.5m x 14m,"5,1 tỷ","64,2 m²",3,3,"Tân Phú, Hồ Chí Minh","Đường Lê Trọng Tấn, Phường Sơn Kỳ, Tân Phú, Hồ Chí Minh",39189123
Chính chủ bán căn 3PN DT 85m2 - Full NT - Giá tốt tại toà Riverside Garden 349 Vũ Tông Phan,"5,5 tỷ",85 m²,3,2,"Thanh Xuân, Hà Nội","Riverside Garden, Vũ Tông Phan, Khương Đình, Thanh Xuân, Hà Nội",42272727
"Bán gấp nhà phố góc ngang 7m Senturia Nam Sài Gòn, nhận nhà ngay, sổ hồng trao tay, vị trí hiếm có","8,45 tỷ","77,9 m²",N/A,N/A,"Bình Chánh, Hồ Chí Minh","Dự án Senturia Nam Sài Gòn, Đường Nguyễn Văn Linh, Xã Bình Hưng, Bình Chánh, Hồ Chí Minh",42332051
Bán căn hộ 2PN giá sốc có 1-0-2 tại chung cư Ricca - Phường Phú Hữu - Quận 9,"2,7 tỷ","67,7 m²",2,2,"Quận 9, Hồ Chí Minh","Dự án Căn hộ Ricca Quận 9, Đường Gò Cát, Phường Phú Hữu, Quận 9, Hồ Chí Minh",42555147
"Bán nhà Dịch Vọng Hậu, Cầu Giấy 250 m2 x MT 29 m x giá 140 tỷ. Lô góc",140 tỷ,250 m²,6,6,"Cầu Giấy, Hà Nội","Phố Dịch Vọng Hậu, Phường Dịch Vọng Hậu, Cầu Giấy, Hà Nội",39774349
Phân lô quân đội - khu vip - oto tránh - thang máy - nhà đẹp như khách sạn. DT 47m2 x 7 tầng,"12,8 tỷ","46,38 m²",5,6,"Long Biên, Hà Nội","Đường Vũ Xuân Thiều, Phường Sài Đồng, Long Biên, Hà Nội",42541807
Bán nhà hẻm xe hơi Lê Trọng Tấn - 5 tầng- ngang 5.7m - nhỉnh 6 tỷ,"6,6 tỷ",70 m²,5,5,"Tân Phú, Hồ Chí Minh","Đường Lê Trọng Tấn, Phường Sơn Kỳ, Tân Phú, Hồ Chí Minh",42144722
"Đất Nguyễn Khiêm Ích - Trâu Quỳ, trung tâm,phân lô, vỉa hè,mặt phố kinh doanh 3 ô tô tránh, đầu tư.","63,9 tỷ",495 m²,N/A,N/A,"Gia Lâm, Hà Nội","Phố Nguyễn Khiêm Ích, Thị trấn Trâu Quỳ, Gia Lâm, Hà Nội",42163473
Bán nhanh căn hộ 2PN Thảo Điền Lumiere Riverside toà West view thành phố giá 8.6 tỷ. LH 0902 896 ***,"8,6 tỷ",70 m²,2,2,"Quận 2, Hồ Chí Minh","Dự án Lumiere Riverside, Đường Võ Nguyên Giáp, Phường An Phú, Quận 2, Hồ Chí Minh",40924397
Bán nhà 1/ hẻm xe hơi Tây Thạnh - 3 tầng mới - 5.8 tỷ,"5,8 tỷ",63 m²,4,3,"Tân Phú, Hồ Chí Minh","Đường Tây Thạnh, Phường Tây Thạnh, Tân Phú, Hồ Chí Minh",38158958
"Cần bán nhà ngõ 106 Phố Hoàng Quốc Việt, Cầu Giấy. DT 65m2 x 8T, MT 5m. Thang máy - KD sầm uất","24,8 tỷ",65 m²,N/A,N/A,"Cầu Giấy, Hà Nội","Ngõ 106, Đường Hoàng Quốc Việt, Phường Nghĩa Đô, Cầu Giấy, Hà Nội",38430977
"Bán nhà 58m2 Trần Đăng Ninh, Cầu Giấy, ngõ nông hai thoáng, ôtô, nội thất đẹp ở ngay, chỉ 9,05 tỷ","9,05 tỷ",58 m²,N/A,N/A,"Cầu Giấy, Hà Nội","Đường Trần Đăng Ninh, Phường Nghĩa Đô, Cầu Giấy, Hà Nội",42031182
Gần chợ Tân Hương - 3 tầng mới - DT 67m2 (6.7 x 10m) - Chỉ 6 tỷ nhỉnh,"6,5 tỷ",67 m²,3,4,"Tân Phú, Hồ Chí Minh","Đường Tân Hương, Phường Tân Quý, Tân Phú, Hồ Chí Minh",39542989
"Bán gấp! Kim Mã, dân xây, ngõ 3 gác, thông tứ tung, tặng full nội thất, mới ở ngay, 35m2*5T",Giá thỏa thuận,35 m²,3,3,"Ba Đình, Hà Nội","Phường Kim Mã, Ba Đình, Hà Nội",41806028
Bán lô góc TĐC VCN Phước Long 2 Vị trí đắc địa: Góc đường A3 (16m) & B9 (12m),Giá thỏa thuận,"68,5 m²",3,3,"Nha Trang, Khánh Hòa","Khu đô thị VCN Phước Long 2, Đường A3, Phường Phước Long, Nha Trang, Khánh Hòa",42577021
"Bán đất hẻm Bưng Ông Thoàn 52,5m2 (4,2x12,5m) P. Phú Hữu, Thủ Đức giá 3,4tỷ giá rẻ LH 0974 244 ***","3,4 tỷ","52,5 m²",N/A,N/A,"Quận 9, Hồ Chí Minh","Đường Bưng Ông Thoàn, Phường Phú Hữu, Quận 9, Hồ Chí Minh",42356925
"Bán gấp nền BT 300m2 MT 12m, đường 16m view vườn hoa. Địa chỉ KĐT Khai Sơn Thuận Thành. 50tr/m2",15 tỷ,300 m²,N/A,N/A,"Thuận Thành, Bắc Ninh","Xã Xuân Lâm, Thuận Thành, Bắc Ninh",40859850
"Bán lô đất 4,5mx18,5m, tặng căn nhà trệt, lầu, hẻm gần 4m thông, giá 5,65 tỷ TL","5,65 tỷ",82 m²,2,2,"Gò Vấp, Hồ Chí Minh","Đường Phan Huy Ích, Phường 12, Gò Vấp, Hồ Chí Minh",42509680
"Bán nhà phố Lạc Trung ô tô tránh, xây dựng 92m2, 5 tầng vị trí đẹp, siêu hiếm","29,5 tỷ",92 m²,5,4,"Hai Bà Trưng, Hà Nội","Phố Lạc Trung, Phường Vĩnh Tuy, Hai Bà Trưng, Hà Nội",42528062
DIC Victory City - tâm điểm giao thương - đầu mối kết nối - chuẩn sống xanh. Đầu tư chắc thắng,1 tỷ,95 m²,N/A,N/A,"Vị Thanh, Hậu Giang","Dự án DIC Victory City, Phường 4, Vị Thanh, Hậu Giang",42541615
"Chính chủ gửi bán 114m2 đất tại Phương Đông Green Valley Lương Sơn, Hoà Bình",Giá thỏa thuận,114 m²,N/A,N/A,"Lương Sơn, Hòa Bình","Dự án Phương Đông Green Valley, Xã Tân Vinh, Lương Sơn, Hòa Bình",42473151
"Bán gấp liền kề Vân Canh Hud, DT 110m2, 4 tầng, giá rẻ chỉ 16 tỷ",16 tỷ,110 m²,N/A,N/A,"Hoài Đức, Hà Nội","Khu đô thị Vân Canh, Xã Vân Canh, Hoài Đức, Hà Nội",42579758
Sổ Đỏ - Gần Phố Trạm - Ô Tô Đỗ - 36M2 - Sát Phân Lô TDC - Gần Đường 4 Ô Tô Tránh - Giá Rẻ 5 Tỷ Xíu,"5,65 tỷ",36 m²,N/A,N/A,"Long Biên, Hà Nội","Đường Phố Trạm, Phường Long Biên, Long Biên, Hà Nội",42579757
"Bán shophouse Vincom Biên Hòa, phường Tân Mai, 1 trệt 2 lầu sổ hồng hoàn công 124m2 giá tốt 14,7 tỷ","14,7 tỷ",124 m²,5,3,"Biên Hòa, Đồng Nai","Vincom Biên Hòa, Đường Phạm Văn Thuận, Phường Tân Mai, Biên Hòa, Đồng Nai",41745172
"Bán Tập Thể Tôn Đức Thắng - Văn Hương, nhà đẹp thoáng sang, ở luôn full đồ, 45m2 giá chì 1.85 tỷ","1,85 tỷ",45 m²,1,1,"Đống Đa, Hà Nội","Phố Tôn Đức Thắng, Phường Hàng Bột, Đống Đa, Hà Nội",42579823
"Chỉ 4,5 TỶ: NHÀ MẶT TIỀN gần sát BIỂN THANH KHÊ - ĐÀ NẴNG: 5m x 15m - 3 tầng 3 PN 3 WC","4,5 tỷ",75 m²,3,3,"Thanh Khê, Đà Nẵng","Đường Đặng Đình Vân, Phường Thanh Khê Đông, Thanh Khê, Đà Nẵng",39395424
"Bán nhà 1 trệt 2 lầu hẻm ô tô Lương Định Của 85,2m2 3tỷ500","3,5 tỷ","85,2 m²",3,2,"Nha Trang, Khánh Hòa","Phố Lương Định Của, Phường Ngọc Hiệp, Nha Trang, Khánh Hòa",42444731
Chuyển nhượng nhanh nhà xây thô 75/100m2 x 7 tầng thang máy kề Việt Hưng. Giá tốt,Giá thỏa thuận,75 m²,N/A,N/A,"Long Biên, Hà Nội","Phố Kẻ Tạnh, Phường Giang Biên, Long Biên, Hà Nội",42215363
Tổng quan dự án Gem Park Hải Phòng biểu tượng sống mới tại thành phố cảng,"2,73 tỷ",70 m²,3,2,"Hồng Bàng, Hải Phòng","Gem Park Hải Phòng, số 2A, Đường Hồng Bàng, Phường Sở Dầu, Hồng Bàng, Hải Phòng",42530388
3PN Skylinked- villa (xe hơi len tận nhà) khu Diamond Alnata - 190m2 giá 9ty5 - Celadon City,"9,5 tỷ",190 m²,3,N/A,"Tân Phú, Hồ Chí Minh","Dự án Celadon City, Đường N1, Phường Sơn Kỳ, Tân Phú, Hồ Chí Minh",42428101
Bán 4000m2 đường container gần đường tránh cao tốc Đà Nẵng - Huế,"6,85 tỷ",4.000 m²,N/A,N/A,"Hòa Vang, Đà Nẵng","Đường Vành Đai, Xã Hòa Nhơn, Hòa Vang, Đà Nẵng",39653422
Bán shophouse Celadon City liền kề 08 - 09 vuông vức mặt tiền 16m sổ hồng lâu dài giá 22 tỷ 229,"22,23 tỷ","241,4 m²",N/A,N/A,"Tân Phú, Hồ Chí Minh","Celadon City, Đường N1, Phường Sơn Kỳ, Tân Phú, Hồ Chí Minh",41055197
"Chỉ 7,29 tỷ: Đất biệt thự ở mặt tiền đường rộng 10m - gần sông Hàn và cầu Thuận Phước: 10x15m","7,29 tỷ",150 m²,N/A,N/A,"Sơn Trà, Đà Nẵng","Đường Lê Đức Thọ, Phường Nại Hiên Đông , Sơn Trà, Đà Nẵng",42073797
Bán chung cư 173 Xuân Thủy tòa Long Giang căn góc 100m 3PN full đồ giá tốt sẵn vào ở ngay,"6,8 tỷ",100 m²,3,2,"Cầu Giấy, Hà Nội","Tổ hợp 173 Xuân Thủy, Xuân Thủy, Dịch Vọng Hậu, Cầu Giấy, Hà Nội",42506464
"Thanh lý tài sản Việt Nam nhà đ. Nguyễn Trọng Tuyển, Phú Nhuận 54m2 siêu giá 2 tỷ 570 triệu","2,57 tỷ",54 m²,4,3,"Phú Nhuận, Hồ Chí Minh","Đường Nguyễn Trọng Tuyển, Phường 10, Phú Nhuận, Hồ Chí Minh",42579829
"Bán lô đất mặt tiền Nguyễn Đức An, DT 80m2 ngang 5m","6,8 tỷ",80 m²,N/A,N/A,"Sơn Trà, Đà Nẵng","Đường Nguyễn Đức An, Phường Phước Mỹ, Sơn Trà, Đà Nẵng",38969710
Bán gấp nhà mặt phố Văn Quán Dt: 72m2 x 10 tầng Mt: 5 mét vỉa hè kinh doanh thang máy giá 29 tỷ,29 tỷ,72 m²,N/A,N/A,"Hà Đông, Hà Nội","Đường Văn Quán, Phường Văn Quán, Hà Đông, Hà Nội",42514942
"CHÍNH CHỦ BÁN ĐẤT 102M FULL THỔ CƯ XÃ ĐÔNG YÊN, GẦN TL 421B GIÁ TỐT ĐẦU TƯ!","1,6 tỷ",102 m²,N/A,N/A,"Quốc Oai, Hà Nội","Xã Đông Yên, Quốc Oai, Hà Nội",42269635
Chủ rất cần bán Nhà Phú Xá Tây Hồ 40m2 6 tầng hơn 8 tỷ cách 10m ra đường lớn Ngõ thông dân xây đẹp,"8,9 tỷ",40 m²,6,5,"Tây Hồ, Hà Nội","Đường Phú Thượng, Phường Phú Thượng, Tây Hồ, Hà Nội",42472994
"Bán chung cư 173 Xuân Thủy, Cầu Giấy căn góc tầng cao 103,5m2 3PN view thoáng đẹp","7,04 tỷ","103,5 m²",3,2,"Cầu Giấy, Hà Nội","Tổ hợp 173 Xuân Thủy, Xuân Thủy, Dịch Vọng Hậu, Cầu Giấy, Hà Nội",42514674
BÁN NHÀ XUÂN ĐỈNH TÂY HỒ NGÕ OTO THÔNG THOÁNG NHÀ MỚI ĐẸP FULL NỘI THẤT VỊ TRÍ ĐỈNH CỦA CHÓP,"10,6 tỷ",45 m²,4,4,"Tây Hồ, Hà Nội","Đường Xuân Đỉnh, Phường Xuân La, Tây Hồ, Hà Nội",42579828
"Cần bán 5 lô đất DV Tây Tựu đường Tây Thăng Long. DT 60m2, 80m2",Giá thỏa thuận,80 m²,N/A,N/A,"Bắc Từ Liêm, Hà Nội","Đường Tây Thăng Long, Phường Tây Tựu, Bắc Từ Liêm, Hà Nội",42314436
"Khách sạn 4* hàng hiếm trong khu phố An Thượng gần sát biển Mỹ Khê: 300m2, 15mx20m 18 tầng 78 phòng",175 tỷ,300 m²,78,78,"Ngũ Hành Sơn, Đà Nẵng","Đường Võ Nguyên Giáp, Phường Mỹ An, Ngũ Hành Sơn, Đà Nẵng",41974481
"Bán lô đất đường 5.5m Nguyễn Xuân Khoát, đối lưng với Phạm Văn Đồng gần biển","9,5 tỷ",100 m²,N/A,N/A,"Sơn Trà, Đà Nẵng","Đường Nguyễn Xuân Khoát, Phường An Hải Bắc, Sơn Trà, Đà Nẵng",32491943
Bán gấp lô đất còn sót lại mặt phố Văn Quán Dt: 65m2 Mt: 4m vỉa hè kinh doanh không lỗi giá đầu tư,Giá thỏa thuận,65 m²,N/A,N/A,"Hà Đông, Hà Nội","Văn Quán, Hà Đông, Hà Nội",42512465
"Đất phân lô, mặt công viên Ngọc Thụy, đường rộng hơn phố, hiếm có 75m2, 2x tỷ",20 tỷ,75 m²,N/A,N/A,"Long Biên, Hà Nội","Đường Ngọc Thụy, Phường Ngọc Thụy, Long Biên, Hà Nội",42474103
Bán căn hộ tập thể ban tổ chức Trung Ương 195 Đội Cấn căn góc 110m2 3 thoáng nhà đẹp 4PN full đồ,"5,55 tỷ",110 m²,4,2,"Ba Đình, Hà Nội","195, Đường Đội Cấn, Phường Đội Cấn, Ba Đình, Hà Nội",42434048
"Phân lô Chùa Láng - ô tô tránh - vừa ở và kinh doanh, thang máy. DT 45m2, 6 tầng, giá 15 tỷ",15 tỷ,45 m²,4,6,"Đống Đa, Hà Nội","Phố Chùa Láng, Phường Láng Thượng, Đống Đa, Hà Nội",42550705
"Cần tiền bán nhanh căn hộ Happy Valley, cam kết giá rẻ nhất thị trường.LH: 0917 300 *** Em Hằng","7,7 tỷ",100 m²,3,2,"Quận 7, Hồ Chí Minh","Happy Valley, Nguyễn Văn Linh, Tân Phong, Quận 7, Hồ Chí Minh",42564104
Bán lô đất MT Phạm Vấn DT 100m2. Ngang 5m. Đường 7m5,"7,3 tỷ",100 m²,N/A,N/A,"Sơn Trà, Đà Nẵng","Đường Phạm Vấn, Phường Phước Mỹ, Sơn Trà, Đà Nẵng",32221447
"Cần tiền bán nhanh căn hộ Green Valley, PMH, Q7 nhà đẹp, vào ở ngay. LH: 0917 300 ***","6,6 tỷ",88 m²,2,2,"Quận 7, Hồ Chí Minh","Dự án Green Valley, Đường Tôn Dật Tiên, Phường Tân Phú, Quận 7, Hồ Chí Minh",42547047
Hàng hiếm mua ngay khách sạn 2 mặt tiền đường Phan Liêm - 130m2 ngang khủng 8m - 11 tầng 23 phòng,42 tỷ,130 m²,23,23,"Ngũ Hành Sơn, Đà Nẵng","Đường Phan Liêm, Phường Mỹ An, Ngũ Hành Sơn, Đà Nẵng",40488450
Nhà tại phố Lệ Mật - Việt Hưng - 44m2 x 6 tầng thang máy - lô góc 2 mặt ngõ - ô tô vào nhà,"8,8 tỷ",44 m²,4,4,"Long Biên, Hà Nội","Phố Lệ Mật, Phường Việt Hưng, Long Biên, Hà Nội",42413718
Cắt lỗ 800 triệu căn hộ góc 2 phòng ngủ cộng 1 phòng plus origami có nội thất giá chỉ 3tỷ2,"3,2 tỷ",70 m²,3,2,"Quận 9, Hồ Chí Minh","Dự án The Origami, Đường Phước Thiện, Phường Long Bình, Quận 9, Hồ Chí Minh",41876060
"Nhà đường 27 khu Tên Lửa - Bình Tân, cạnh nhà có 2 công viên lớn - diện tích: 4mx20m xây 3,5 lầu","9,6 tỷ",80 m²,4,5,"Bình Tân, Hồ Chí Minh","Đường 27, Phường Bình Trị Đông B, Bình Tân, Hồ Chí Minh",42445493
"Bán nhà 65 Mậu Thân , TP Phan Thiết, sát siêu thị Coop Mart 88m2 = 5,8 tỷ . Cách Biển 1km","5,8 tỷ",88 m²,1,1,"Phan Thiết, Bình Thuận","65 Đường Mậu Thân, Phường Bình Hưng, Phan Thiết, Bình Thuận",42577164
Bán nhà mặt phố tại đường Tô Ngọc Vân - Tây Hồ,110 tỷ,165 m²,N/A,N/A,"Tây Hồ, Hà Nội","Đường Tô Ngọc Vân, Phường Quảng An, Tây Hồ, Hà Nội",42579840
Nhà bán 1 lầu ngay chợ 640tr bao sang tên,640 triệu,20 m²,2,1,"Quận 12, Hồ Chí Minh","Đường Tô Ngọc Vân, Phường Thạnh Xuân, Quận 12, Hồ Chí Minh",37129477
"Cắt lỗ căn 1PN + 1 phân khu The Beverly Solari giá chỉ 2,350tỷ hỗ trợ vay ngân hàng 60% - 70%","2,35 tỷ","43,09 m²",1,1,"Quận 9, Hồ Chí Minh","Dự án The Beverly Solari - Vinhomes Grand Park, Phường Long Bình, Quận 9, Hồ Chí Minh",41777629
"Chính chủ cần bán đất thổ cư 926m2 (25x40) đường DT793, SHR","3,25 tỷ",926 m²,N/A,N/A,"Tây Ninh, Tây Ninh","Đường ĐT 793, Xã Tân Bình, Tây Ninh, Tây Ninh",42579773
"Bán nhanh lô đất mặt phố Văn Quán Dt: 45m2 nhà 2 mặt tiền vỉa hè kinh doanh cực hiếm giá 11,x tỷ",Giá thỏa thuận,45 m²,N/A,N/A,"Hà Đông, Hà Nội","Đường Văn Quán, Phường Văn Quán, Hà Đông, Hà Nội",42506564
"Giảm sốc 4.5 tỷ nhà mặt tiền Huỳnh Tấn Phát, Nhà Bè, nhà cấp 4 DT: 300m2 = 12 x 24m giá: 18.5 tỷ TL","18,5 tỷ",300 m²,2,N/A,"Nhà Bè, Hồ Chí Minh","Đường Huỳnh Tấn Phát, Xã Phú Xuân, Nhà Bè, Hồ Chí Minh",42366683
Bán gấp giá rẻ đất tại Bình Chánh 875m2 CLN giá 1.3ti,"1,3 tỷ",875 m²,N/A,N/A,"Bình Chánh, Hồ Chí Minh","Xã Tân Nhựt, Bình Chánh, Hồ Chí Minh",42579839
"BÁN CĂN GÓC ĐƠN LẬP 365M HỒ ĐIỀU HÒA, DỰ ÁN LIDECO BẮC 32, HOÀI ĐỨC, HÀ NỘI",55 tỷ,365 m²,N/A,N/A,"Hoài Đức, Hà Nội","Lideco, Đường Quốc lộ 32, Thị trấn Trạm Trôi, Hoài Đức, Hà Nội",42579838
"Căn nhà đường 30 khu Tên Lửa, vị trí trung tâm gần Coopmart, cạnh 2 công viên lớn","10,5 tỷ",98 m²,4,5,"Bình Tân, Hồ Chí Minh","Đường 30, Phường Bình Trị Đông B, Bình Tân, Hồ Chí Minh",42123239
"Suất nội bộ CĐT căn 3PN The Origami giá chỉ 4,2 tỷ view cầu vòng cực đẹp thanh toán trong 3 tháng","4,2 tỷ","81,5 m²",3,2,"Quận 9, Hồ Chí Minh","Dự án The Origami, Đường Phước Thiện, Phường Long Bình, Quận 9, Hồ Chí Minh",42239303
"Bán gấp nhà Tám Danh, Quận 8, 48m2, giá 4.5 tỷ, sổ đẹp, mặt tiền 3m","4,5 tỷ",48 m²,2,2,"Quận 8, Hồ Chí Minh","Đường Tám Danh, Phường 4, Quận 8, Hồ Chí Minh",41334214
Đất mặt tiền TX21 bán lỗ trả nợ ngân hàng,8 tỷ,200 m²,N/A,N/A,"Quận 12, Hồ Chí Minh","Đường Thạnh Xuân 21, Phường Thạnh Xuân, Quận 12, Hồ Chí Minh",38110628
Độc quyền nhà phố Mega Village 5x17m view hồ bơi. Nội thất đang cho thuê. Gọi ngay 0982 667 ***,"8,69 tỷ",85 m²,4,3,"Quận 9, Hồ Chí Minh","Dự án Mega Village, Đường Vành Đai 2, Phường Phú Hữu, Quận 9, Hồ Chí Minh",33516066
"Bán giá rẻ lô đất ven sông DT 2694 m2 gần Hương Lộ 2, An Hòa, Biên Hòa","9,5 tỷ",2.694 m²,N/A,N/A,"Biên Hòa, Đồng Nai","Đường Hương lộ 2, Phường An Hòa, Biên Hòa, Đồng Nai",41687547
"Chú Tám cần bán ngay nhà Nguyễn Xí BT chỉ 2,8Tỷ/60m2 SHR, 4PN, HĐT: 18tr/Tháng LH E ngay","2,8 tỷ",60 m²,4,3,"Bình Thạnh, Hồ Chí Minh","Đường Nguyễn Xí, Phường 26, Bình Thạnh, Hồ Chí Minh",41902969
"Biệt Thự Đang làm nhà trẻ , phù hợp ở hoặc cải tạo văn phòng , p. Hiệp Bình Chánh, Thủ Đức","25,5 tỷ",173 m²,5,5,"Thủ Đức, Hồ Chí Minh","Đường Số 25, Phường Hiệp Bình Chánh, Thủ Đức, Hồ Chí Minh",42578439
"Bán Đất Nguyễn Đóa Đường 7m5 Săn Sổ Hồng 3,59 tỷ, 100m2","3,59 tỷ",100 m²,N/A,N/A,"Cẩm Lệ, Đà Nẵng","Đường Nguyễn Đóa, Phường Hòa Xuân, Cẩm Lệ, Đà Nẵng",42579837
"Tin thật: BÁN GẤP LÔ ĐẤT 100M2 KHU PHÂN LÔ YÊN SỞ, XÂY Ở HAY LÀM VĂN PHÒNG SIÊU ĐẸP, GIÁ K ĐÂU RẺ =",18 tỷ,100 m²,N/A,N/A,"Hoàng Mai, Hà Nội","Yên Sở, Hoàng Mai, Hà Nội",42579867
Chính chủ bán liền kề 120m2 Nadyne full nội thất giá nhỉnh 30 tỷ. LH: 0931 686 ***,31 tỷ,120 m²,5,4,"Hà Đông, Hà Nội","Dự án ParkCity Hà Nội, Đường Lê Trọng Tấn, Phường La Khê, Hà Đông, Hà Nội",35520883
"Cực hiếm! Bán khuôn đất góc 2MT gần sông, đối diện công viên, Q2, DT: 8x20m, chỉ 185 triệu/m2","28,6 tỷ",155 m²,N/A,N/A,"Quận 2, Hồ Chí Minh","Phường Thạnh Mỹ Lợi, Quận 2, Hồ Chí Minh",42458315
"DUY NHẤT LÔ ĐẤT 62M2 VIEW SÔNG, CỰC HIẾM, CỰC THOÁNG TẠI CỔ ĐÔNG. GIÁ HƠN 1.5 TỶ. CẮT LỖ CỰC SÂU","1,54 tỷ","61,8 m²",N/A,N/A,"Sơn Tây, Hà Nội","Cổ Đông, Sơn Tây, Hà Nội",42571535
"Quá Hiếm! Bán gấp Mặt phố 19/5 Văn Quán, 45m2 x 5T KD cực đỉnh, chỉ 14,6 tỷ, 2 Thoáng, Gần Hồ","14,2 tỷ",47 m²,6,6,"Hà Đông, Hà Nội","Đường 19/5, Phường Văn Quán, Hà Đông, Hà Nội",40314703
"Bán nhà liền kề Ecopark, Thuỷ Nguyên, Hưng Yên. 87m2, thang máy full nội thất nhập khẩu, 18 tỷ.",18 tỷ,87 m²,N/A,N/A,"Văn Giang, Hưng Yên","Dự án Aqua Bay Sky Residences, Xã Xuân Quan, Văn Giang, Hưng Yên",42028728
Bán nhà Xuân La thang máy 38m x 6 tầng - nội thất nhập khẩu - sân để xe thoáng rộng,"8,55 tỷ",38 m²,4,4,"Tây Hồ, Hà Nội","Phường Xuân La, Tây Hồ, Hà Nội",42528686
"Quỹ căn liền kề, biệt thự phân khu VIP - chiết khấu lên tới 16%",Giá thỏa thuận,60 m²,N/A,N/A,"Phủ Lý, Hà Nam","Dự án Sun Urban City, Phường Lam Hạ, Phủ Lý, Hà Nam",42357227
"HOT! BÁN CĂN SIÊU PHẨM GIÁ CỰC TỐT CHỈ 3TỶ250 (TL)/51.7m2 - NGAY NGUYỄN CÔNG HOAN, P7, PHÚ NHUẬN","3,25 tỷ",52 m²,4,3,"Phú Nhuận, Hồ Chí Minh","Nguyễn Công Hoan, Phường 7, Phú Nhuận",42579865
"Giảm 300 triệu bán gấp nhà 2 mặt tiền đường Sương Nguyệt Ánh, 4x17, hoàn thiện mới 100% có nội thât","1,89 tỷ",100 m²,2,2,"Rạch Giá, Kiên Giang","Đường Sương Nguyệt Ánh, Phường Vĩnh Lạc, Rạch Giá, Kiên Giang",42043497
"BT liền kề Thủy Nguyên Ecopark, tiện ích bạt ngàn, trường quốc tế hồ công viên 100m2, giá 22 tỷ",22 tỷ,100 m²,N/A,N/A,"Văn Giang, Hưng Yên","Dự án Aqua Bay Sky Residences, Xã Xuân Quan, Văn Giang, Hưng Yên",42569094
"Chính chủ bán nhà phố Trung Kính, Cầu Giấy","8,2 tỷ",45 m²,9,9,"Cầu Giấy, Hà Nội","Ngõ 43, Phố Trung Kính, Phường Trung Hòa, Cầu Giấy, Hà Nội",39408228
"HÀNG HIẾM. SIÊU PHẨM MẶT ĐƯỜNG TỈNH LỘ 420 TẠI HOÀ LẠC, 100M2 MẶT TIỀN 5M, FULL THỔ. GIÁ CỰC RẺ",Giá thỏa thuận,100 m²,N/A,N/A,"Thạch Thất, Hà Nội","Đường 420, Xã Bình Yên, Thạch Thất, Hà Nội",42571653
Hạ Giá Cần Bán Gấp Nhà Mặt Tiền Đường Lũy Bán Bích Q.TP DT 18x30m trệt 3 lầu HĐT 220tr giá 60 tỷ,60 tỷ,540 m²,20,20,"Tân Phú, Hồ Chí Minh","Đường Lũy Bán Bích, Phường Tân Thành, Tân Phú, Hồ Chí Minh",42577913
"Bán nhà tiện CHDV 12x23m (240m2) hẻm 8m Xô Viết Nghệ Tĩnh, GPXD hầm trệt 5L sân thượng, giá 20.9 tỷ","20,9 tỷ",240 m²,3,4,"Bình Thạnh, Hồ Chí Minh","Đường Xô Viết Nghệ Tĩnh, Phường 25, Bình Thạnh, Hồ Chí Minh",37205845
"Bán căn hộ 2PN 2WC chung cư Swanlake The Onsen Ecopark. 72m2 view hồ sân golf tòa R2 giá 5,1 tỷ","5,1 tỷ",72 m²,2,2,"Văn Giang, Hưng Yên","Dự án Swan Lake Onsen, Xã Xuân Quan, Văn Giang, Hưng Yên",42547605
"Bán nhà 7tầng,phố Trạm,60m,thang máy,gara 2 ô tô,kinh doanh đa dạng,nội thất sang sịn,16xty","16,8 tỷ",60 m²,4,7,"Long Biên, Hà Nội","Đường Phố Trạm, Phường Long Biên, Long Biên, Hà Nội",42433088
"Bán nhà Trần Thái Tông, Nhà mới - Full nội thất, 5T - Hiện Đại, Giá: 6 tỷ",6 tỷ,30 m²,3,4,"Cầu Giấy, Hà Nội","Đường Trần Thái Tông, Phường Dịch Vọng Hậu, Cầu Giấy, Hà Nội",42579783
"Bán nhà rẻ nhất KV Yên Nghĩa, chỉ 3.25 tỷ sở hữu căn 4 tầng, 32m2 ngõ thông ô tô đỗ cửa. 0966 929 ***","3,25 tỷ",32 m²,4,4,"Hà Đông, Hà Nội","Phường Yên Nghĩa, Hà Đông, Hà Nội",42558967
"Tôi bán gấp: Căn 4T, DT: 109M2, MT:7M.Đ/C: KĐT Đặng Xá, Gia Lâm, HN. Cho thuê dòng tiền ổn định .",14 tỷ,109 m²,5,5,"Gia Lâm, Hà Nội","Dự án Lan Viên Villa, Đường Nguyễn Đức Thuận, Xã Đặng Xá, Gia Lâm, Hà Nội",36785196
"BÁN NHÀ 42M 4 TẦNG LÔ GÓC 5 NGỦ 5,x tỷ PHÚC LỢI LONG BIÊN","5,5 tỷ",42 m²,5,4,"Long Biên, Hà Nội","Đường Phúc Lợi, Phường Phúc Lợi, Long Biên, Hà Nội",42579885
Chuyên BĐS mua bán chung cư FPT Plaza 3 - Hỗ trợ tìm căn theo nhu cầu khách giá đầu tư,"1,95 tỷ",56 m²,2,2,"Ngũ Hành Sơn, Đà Nẵng","Dự án FPT Plaza 3, Đường Hoàng Minh Thắng, Phường Hòa Hải, Ngũ Hành Sơn, Đà Nẵng",42492234
"DA Century, cần bán lỗ ngh cặp đường lớn 22m thông DA vị trí cực đẹp, giá rẻ nhất DA. Ib e tư vấn ạ","1,65 tỷ",100 m²,N/A,N/A,"Long Thành, Đồng Nai","Dự án Century City, Đường ĐT 769, Xã Bình Sơn, Long Thành, Đồng Nai",42564237
"Gần phố Vũ Trọng Khánh, Mỗ Lao, Hà Đông CC gửi bán nhà diện tích 51m 4 tầng mặt ngõ, ô tô, hơn 7 tỷ",Giá thỏa thuận,51 m²,4,3,"Hà Đông, Hà Nội","Đường Vũ Trọng Khánh, Phường Mỗ Lao, Hà Đông, Hà Nội",42562902
"Liền kề 54m2 khu Vịnh Thiên Đường VHOP3, giá 8,6 tỷ - CK lên tới 20%, vay 70% miễn gốc lãi 30 tháng","8,6 tỷ",54 m²,N/A,N/A,"Văn Giang, Hưng Yên","The Crown - Vinhomes Ocean Park 3, Nghĩa Trụ, Văn Giang, Hưng Yên",42577250
"BÁN NHÀ LÊ VĂN HIẾN. 50M2, 2 TẦNG, LÔ GÓC, KINH DOANH. GIÁ 8.5 TỶ","8,5 tỷ",50 m²,4,4,"Bắc Từ Liêm, Hà Nội","Đường Lê Văn Hiến, Phường Đức Thắng, Bắc Từ Liêm, Hà Nội",42578620
"Chính chủ gửi bán nhà phố Tô Hiệu, Hà Đông DT 42m2, 4 tầng, ô tô đỗ cửa, chỉ nhỉnh 8 tỷ",Giá thỏa thuận,42 m²,4,3,"Hà Đông, Hà Nội","Đường Tô Hiệu, Phường Hà Cầu, Hà Đông, Hà Nội",42462462
Bán gấp căn hộ cao cấp Masteri Grand View 4PN View Kênh Đào Nhạc Nước Giá Đợt 1 Giỏ hàng hoa hậu,"18,63 tỷ","138,4 m²",N/A,N/A,"Quận 2, Hồ Chí Minh","Masteri Grand View, Liên Phường, An Phú, Quận 2, Hồ Chí Minh",42577609
"DA Century City, KH mua đất sang tên sổ đỏ cầm chắc trong tay. ĐT 0931 100 *** e tư vấn kỹ ạ","1,45 tỷ",100 m²,N/A,N/A,"Long Thành, Đồng Nai","Dự án Century City, Đường ĐT 769, Xã Bình Sơn, Long Thành, Đồng Nai",42564294
Cần bán gấp nhà phố Trịnh Đình Cửu 39m 4 tang 4.5mt 5.9 tỷ Hoàng Mai.,"5,9 tỷ",39 m²,4,4,"Hoàng Mai, Hà Nội","Phường Định Công, Hoàng Mai, Hà Nội",42579798
Căn Hộ Cao Cấp Masteri Grand View Quận 2 Mặt Tiền Liên Phường 3PN 2WC Góc 2 Mặt Tiền View Đẹp,"11,18 tỷ","113,5 m²",3,2,"Quận 2, Hồ Chí Minh","Masteri Grand View, Liên Phường, An Phú, Quận 2, Hồ Chí Minh",42577773
"Bán nhà khu giãn dân Mỗ Lao, Hà Đông, diện tích 45m2, 4 tầng, hơn 7 tỷ, cách ô tô tránh 20m",Giá thỏa thuận,45 m²,3,3,"Hà Đông, Hà Nội","Đường Vũ Trọng Khánh, Phường Mỗ Lao, Hà Đông, Hà Nội",42562181
"Bán nhà 3 tầng mặt tiền kinh doanh đường 2/4, P vĩnh Phước. Thuận tiện vừa kinh doanh buôn bán","7,8 tỷ","58,5 m²",3,3,"Nha Trang, Khánh Hòa","Đường 2/4, Phường Vĩnh Phước, Nha Trang, Khánh Hòa",42475086
"Bán nhà 4 tầng vị trí kim cương Đường Thanh Bình, Mỗ Lao - Hà Đông","12,5 tỷ",32 m²,3,4,"Hà Đông, Hà Nội","Đường Thanh Bình, Phường Mỗ Lao, Hà Đông, Hà Nội",42509478
"KĐG Ngô Thì Nhậm, Hà Đông 46m 5 tầng thang máy, Ô tô vào nhà Giá hơn 11 tỷ","11,29 tỷ",46 m²,6,4,"Hà Đông, Hà Nội","Đường Ngô Thì Nhậm, Phường Hà Cầu, Hà Đông, Hà Nội",42235690
"Bán Đất 41.433m2, có 1200m2 thổ cư, hẽm ô tô đường Tỉnh Lộ 765B, Sông Ray, Cẩm Mỹ, Đồng Nai","14,5 tỷ",41.433 m²,N/A,N/A,"Cẩm Mỹ, Đồng Nai","Đường Tỉnh lộ 765B, Xã Sông Ray, Cẩm Mỹ, Đồng Nai",42577479
"Chính chủ cần bán nhà phố Ngô Thì Nhậm, Hà Đông, DT 45m2, 4 tầng, ô tô, nhỉnh 8 tỷ",8 tỷ,45 m²,4,3,"Hà Đông, Hà Nội","Đường Ngô Thì Nhậm, Phường Hà Cầu, Hà Đông, Hà Nội",41385231
"Bán nhà MT Trần Quang Khải (4,6mx34m, 130m2), C4 giá 41 tỷ TL",41 tỷ,130 m²,1,1,"Quận 1, Hồ Chí Minh","Đường Trần Quang Khải, Phường Tân Định, Quận 1, Hồ Chí Minh",41759241
"Mặt phố chính Văn Phú, 79m2x5T nhỉnh 21 Tỷ, Hàng xóm La Casta, View CV, KD 24/7, Xe tải tránh",Giá thỏa thuận,79 m²,5,5,"Hà Đông, Hà Nội","Dự án KĐT Văn Phú, Phường Phú La, Hà Đông, Hà Nội",40876825
+ Bán nhà 6.2m2-3 tầng-CMT8 P13Q10--1.25 tỷ,"1,25 tỷ",6 m²,2,1,"Quận 10, Hồ Chí Minh","Đường Cách Mạng Tháng Tám, Phường 13, Quận 10, Hồ Chí Minh",42540600
Biệt thự Ecolaskes thô hai mặt tiền giảm sâu diện tích: 250m2 - ngang: 10m - sâu 25m,"4,4 tỷ",250 m²,4,4,"Bến Cát, Bình Dương","Dự án Ecolakes Mỹ Phước, Đường NE2, Phường Thới Hòa, Bến Cát, Bình Dương",42375569
"Bán shophouse Waterpoint giá tốt đối diện cụm căn hộ, trường học","5,3 tỷ",102 m²,6,4,"Bến Lức, Long An","Dự án Waterpoint, Đường Tỉnh lộ 824, Xã An Thạnh, Bến Lức, Long An",41673016
"ĐẸP LUNG LINH Căn đầu hồi chỉ 2,8 tỷ tại Kim Văn Kim Lũ- 53,5m2- 2N2VS- sổ đỏ- full nội thất","2,8 tỷ","53,5 m²",2,2,"Hoàng Mai, Hà Nội","Kim Văn Kim Lũ, Đường Nghiêm Xuân Yêm, Phường Đại Kim, Hoàng Mai, Hà Nội",42579173
Duy nhất căn hộ Đạt Gia 2PN 61m full nội thất luôn đồ điện bán giá tốt 1.7 tỷ - cho thuê được 8tr,"1,7 tỷ",61 m²,2,2,"Thủ Đức, Hồ Chí Minh","Dự án Đạt Gia Residence, Đường Cây Keo, Phường Tam Phú, Thủ Đức, Hồ Chí Minh",41409031
"Chính chủ, Bán gấp CH cao cấp Antonia, Phú Mỹ Hưng 2PN nhà mới 100%","7,3 tỷ",80 m²,2,2,"Quận 7, Hồ Chí Minh","Dự án The Antonia, Đường Nguyễn Lương Bằng, Phường Tân Phú, Quận 7, Hồ Chí Minh",42378345
"Bán nhà mặt phố tại đường Vườn Lài, Tân Thành, Tân Phú, 7.9x19m 132,3m2 đúc 3 tấm chỉ 26.5 tỷ TL","26,5 tỷ","132,3 m²",4,3,"Tân Phú, Hồ Chí Minh","Đường Vườn Lài, Phường Tân Thành, Tân Phú, Hồ Chí Minh",42333044
"Bán căn biệt thự Valy Of Dream, Ecolakes Mỹ Phước, full nội thất, giá 5 tỷ 2, giá giảm sâu","5,2 tỷ",300 m²,4,4,"Bến Cát, Bình Dương","Ecolakes Mỹ Phước, NE2, Thới Hòa, Bến Cát, Bình Dương",42356387
"Chỉ từ 500tr sở hữu ngay đất sổ đỏ Phùng Xá, Mỹ Đức. NH cho vay 70% LS 0% 6tháng, ân hạn gốc 2 năm",Giá thỏa thuận,"80,6 m²",N/A,N/A,"Mỹ Đức, Hà Nội","Đường Quốc lộ 21B, Xã Phùng Xá, Mỹ Đức, Hà Nội",41719414
"Bán lúa non, chung cư xã hội Định Hòa, lầu 4 sổ hồng 300 triệu (100% tiền) Sài Gòn mua được",300 triệu,38 m²,2,1,"Thủ Dầu Một, Bình Dương","Dự án Becamex Định Hòa, Phường Định Hòa, Thủ Dầu Một, Bình Dương",42276737
"Bán Nhà riêng tại Lê Thúc Hoạch, 5,7 tỷ, 44m2, 2PN, 2WC giá Còn Thương Lượng","5,7 tỷ",44 m²,2,2,"Tân Phú, Hồ Chí Minh","Đường Lê Thúc Hoạch, Phường Phú Thọ Hòa, Tân Phú, Hồ Chí Minh",42497179
"Giảm 10 Tỷ từ 68 tỷ còn 59,8 tỷ Bán xưởng APD 27 đường xe Contener","59,8 tỷ",1.700 m²,N/A,N/A,"Quận 12, Hồ Chí Minh","Đường An Phú Đông 27, Phường An Phú Đông, Quận 12, Hồ Chí Minh",42317200
Chủ gửi bán căn hộ Đạt Gia 1pn 1wc 47m giá 1.4 tỷ - Ngân hàng duyệt vay 820tr,"1,4 tỷ",47 m²,1,1,"Thủ Đức, Hồ Chí Minh","Dự án Đạt Gia Residence, Đường Cây Keo, Phường Tam Phú, Thủ Đức, Hồ Chí Minh",40835887
"Bán đất TĐC Ngọc Thụy, Long Biên, mặt đường chính, vỉa hè, ô tô tránh, 70m2, nhỉnh 21 tỷ","21,5 tỷ",70 m²,N/A,N/A,"Long Biên, Hà Nội","Đường Ngọc Thụy, Phường Ngọc Thụy, Long Biên, Hà Nội",42579112
"Cực đẹp bán nhà đường nhựa 12m kinh doanh hẻm VIP Gò Dầu 4x17m, trệt 2 lầu, giá chỉ 11.5 tỷ","11,5 tỷ",68 m²,4,N/A,"Tân Phú, Hồ Chí Minh","Đường Gò Dầu, Phường Tân Quý, Tân Phú, Hồ Chí Minh",42416823
"Bán đất đấu giá Hà Lỗ, 6m mặt tiền, 90m2 chính chủ giá siêu hời","8,19 tỷ",90 m²,N/A,N/A,"Đông Anh, Hà Nội","Liên Hà, Đông Anh, Hà Nội",42577355
"Chuyển nơi ở cần bán nhà NGUYỄN VĂN NGHI, PHƯỜNG 7, GÒ VẤP, Giá 3 tỷ 450, Diện tích 55m2","3,45 tỷ",55 m²,4,5,"Gò Vấp, Hồ Chí Minh","Đường Nguyễn Văn Nghi, Phường 7, Gò Vấp, Hồ Chí Minh",42579892
Mặt tiền Thống Nhất- Đại Lô Đông Tây gần 600m2 đối diện cụm chung cư đang cho thuê hđ 50tr/tháng,"46,8 tỷ",588 m²,3,5,"Dĩ An, Bình Dương","Đường Thống Nhất, Phường Bình An, Dĩ An, Bình Dương",42579429
"Bán biệt thự đơn lập Vườn Tùng Ecopark Hưng Yên. 362m view công viên, Đông Nam giá 60 tỷ bao phí",60 tỷ,362 m²,N/A,N/A,"Văn Giang, Hưng Yên","Dự án Ecopark, Đường Trúc, Xã Xuân Quan, Văn Giang, Hưng Yên",42459729
"Nhà 3 tầng sổ sẵn, dưới 3 tỷ tại Sun Casa Central","2,9 tỷ",100 m²,N/A,N/A,"Tân Uyên, Bình Dương","Sun Casa Central, Xã Vĩnh Tân, Tân Uyên, Bình Dương",42579891
"Nhà bán HXH 10m, có vỉa hè đường D2 - Nguyễn Gia Trí. DT: 12mx 25m, CN: 297m2. Giá: 54 tỷ TL",54 tỷ,297 m²,5,5,"Bình Thạnh, Hồ Chí Minh","Đường Nguyễn Gia Trí, Phường 25, Bình Thạnh, Hồ Chí Minh",40432247
"Cần bán lô đất LK1 - 14 tại khu đấu giá Văn Khê, Mê Linh, Hà Nội, diện tích 92,5m2, mặt tiền 5m",Giá thỏa thuận,"92,5 m²",N/A,N/A,"Mê Linh, Hà Nội","Xã Văn Khê, Mê Linh, Hà Nội",41955554
"Bán 1.8ha thổ cư mặt tiền biển Huỳnh Thúc Kháng, Hàm Tiến khu phố Tây giá tốt nhất thị trường",180 tỷ,18.000 m²,N/A,N/A,"Phan Thiết, Bình Thuận","Đường Huỳnh Thúc Kháng, Phường Hàm Tiến, Phan Thiết, Bình Thuận",41922554
"Bán nhà 1/ đường TKTQ, hẻm kinh doanh 12m thông, 4 tầng, 4.3m x 15m","7,3 tỷ",65 m²,4,5,"Bình Tân, Hồ Chí Minh","Đường Tân Kỳ Tân Quý, Phường Bình Hưng Hòa, Bình Tân, Hồ Chí Minh",42576693
Biệt thự đơn lập góc view sông DT đất 200m2 full nội thất. Sổ hồng riêng giá 21 tỷ ạ,21 tỷ,200 m²,3,3,"Quận 9, Hồ Chí Minh","Dự án Kikyo Residence, Đường Song Hành, Phường Phước Long B, Quận 9, Hồ Chí Minh",40730948
Nhà 855 Hương Lộ 2 Bình Tân 4.5x15m 4 tầng full nội thất,5 tỷ,"67,5 m²",4,5,"Bình Tân, Hồ Chí Minh","Đường Hương lộ 2, Phường Bình Trị Đông A, Bình Tân, Hồ Chí Minh",41926597
"Chú Long định cư bán nhà hẻm 5,5m. Giá 3,25 tỷ. Duy Tân, Phường 15, Phú Nhuận. 0765 369 ***. SHR",Giá thỏa thuận,"60,2 m²",4,4,"Phú Nhuận, Hồ Chí Minh","Đường Duy Tân, Phường 15, Phú Nhuận, Hồ Chí Minh",41889722
Nhà 4 tầng dân xây phân lô Lê Hồng Phong gần UBND quận Hải An - 65m2 - Tây Tứ Trạch,"7,1 tỷ",65 m²,4,4,"Hải An, Hải Phòng","Đường Trần Hoàn, Phường Đằng Hải, Hải An, Hải Phòng",42193818
"Đất Thanh Lâm, Mê Linh, Hà Nội; DT 81,6m2; MT 3,90m=hậu; đường to thông thoáng đất kinh doanh đẹp","3,5 tỷ","81,6 m²",N/A,N/A,"Mê Linh, Hà Nội","Phú Hữu, Xã Thanh Lâm, Mê Linh, Hà Nội",42482209
Bán biệt thự góc 2 mặt tiền Verosa park - Q9. DT 196m2. DT sàn 330m2. Sổ hồng sẵn. Giá 23 tỷ,23 tỷ,196 m²,5,5,"Quận 9, Hồ Chí Minh","Dự án Verosa Park, Đường Liên Phường, Phường Phú Hữu, Quận 9, Hồ Chí Minh",39624630
"Bán căn 80m2 liền kề Belhomes - Trục đường thông. Đón sóng cầu Nguyễn Trãi. Giá: 4,8 tỷ","4,8 tỷ",80 m²,4,3,"Thủy Nguyên, Hải Phòng","Dự án Belhomes Hải Phòng, Xã An Lư, Thủy Nguyên, Hải Phòng",37634574
"Bán nhà riêng tại đường Võ Chí Công dt: 380m2, giá: 120 tỷ. Tây Hồ",120 tỷ,380 m²,N/A,N/A,"Tây Hồ, Hà Nội","Đường Võ Chí Công, Phường Xuân La, Tây Hồ, Hà Nội",42579908
"Đất Tiền Phong, Mê Linh, Hà Nội đẹp như viên gạch. Diện tích 72,5m2 mặt tiền 4,30m, đường rộng 4m",4 tỷ,"72,5 m²",N/A,N/A,"Mê Linh, Hà Nội","Xã Tiền Phong, Mê Linh, Hà Nội",42557736
"Chính chủ bán căn Shophouse 5 tầng Phúc Đồng, Long Biên giá đầu tư LH: 0922 969 ***",Giá thỏa thuận,"142,4 m²",N/A,N/A,"Long Biên, Hà Nội","Dự án The Diamond Point, Đường Nguyễn Lam, Phường Phúc Đồng, Long Biên, Hà Nội",41322962
Bán Gấp Toà Building Lô Góc Mặt Phố Nguyễn Thanh Bình - Vạn Phúc - 120M - 8 Tầng - Mặt Tiền 12M !,"44,5 tỷ",120 m²,6,7,"Hà Đông, Hà Nội","Phố Vạn Phúc, Phường Vạn Phúc, Hà Đông, Hà Nội",42517747
"Chung cư mini Hoàng Đạo Thành - Thanh Xuân 80m2, 8T, thang máy, 26pn khép kín, ngõ thông 21,5 tỷ","21,5 tỷ",80 m²,26,26,"Thanh Xuân, Hà Nội","Đường Hoàng Đạo Thành, Phường Hạ Đình, Thanh Xuân, Hà Nội",42534517
"Bán liền kề 75m2 đô thị Centa City - Cửa ngõ Vinhomes Vũ Yên. Giá: 3,9 tỷ. Bao thuế phí","3,9 tỷ",75 m²,4,5,"Thủy Nguyên, Hải Phòng","Dự án Centa City Hải Phòng, Đường 359C, Xã Dương Quan, Thủy Nguyên, Hải Phòng",36547489
"View sông 2 mặt tiền 164m2 khu dân Vĩnh Phú, đường nhựa 6m - làm việc chính chủ","3,6 tỷ",90 m²,N/A,N/A,"Thuận An, Bình Dương","Đường Quốc Lộ 13, Phường Vĩnh Phú, Thuận An, Bình Dương",42537293
"Thông tin ko thể nào thật hơn - Căn hộ sân vườn 15,7 tỷ - tầng trệt - DT 171m2 +20m2 sân vườn","15,7 tỷ",190 m²,3,4,"Quận 2, Hồ Chí Minh","Dự án The Estella, Đường Xa Lộ Hà Nội, Phường An Phú, Quận 2, Hồ Chí Minh",36966572
"MTKD CHDV BÀU CÁT 7, 12M x 20M, DOANH THU KHỦNG, THU NÉT VỀ TAY.",70 tỷ,240 m²,40,40,"Tân Bình, Hồ Chí Minh","Đường Bàu Cát 7, Phường 14, Tân Bình, Hồ Chí Minh",42322365
Lô đất ngay trung tâm thị trấn Vĩnh Cửu 35 tỷ/6600m2,35 tỷ,6.600 m²,N/A,N/A,"Vĩnh Cửu, Đồng Nai","Đường 767, Thị trấn Vĩnh An, Vĩnh Cửu, Đồng Nai",42233017
"Hot nhiều nền 120m2 sổ hồng riêng. Đường Trần Đại Nghĩa, Tân Nhựt, Bình Chánh. Giá 1tỷ050",Giá thỏa thuận,120 m²,N/A,N/A,"Bình Chánh, Hồ Chí Minh","Đường Trần Đại Nghĩa, Xã Tân Nhựt, Bình Chánh, Hồ Chí Minh",41364973
"BÁN NHÀ NGUYỄN KHANG Ô TÔ 45M MT 5,1M XÂY 5 TẦNG FULL NỘI THẤT NHỈNH 6 TỶ.",6 tỷ,45 m²,4,4,"Cầu Giấy, Hà Nội","Phường Dịch Vọng, Cầu Giấy, Hà Nội",42575177
"Bán nhanh các lô: T, S, M diện tích 5x20m( 100m2) đường 12m tại KDC Sở Văn Hoá giá bán 63tr/m2","6,3 tỷ",100 m²,N/A,N/A,"Quận 9, Hồ Chí Minh","Khu dân cư Sở Văn Hóa Thông Tin, Đường Bưng Ông Thoàn, Phường Phú Hữu, Quận 9, Hồ Chí Minh",42579388
"Bán đất Tô Ngọc Vân Tây Hồ 103 m2 x MT 7.5 m x giá nhỉnh 40 tỷ. Xây toà cực đỉnh, vỉa hè, gần hồ",47 tỷ,103 m²,1,1,"Tây Hồ, Hà Nội","Đường Tô Ngọc Vân, Phường Quảng An, Tây Hồ, Hà Nội",41732142
Bán gấp lô nền 80m2/SHR. Ngay KDC Tân Phú Trung đường 12m. Giá chỉ 750chịu,Giá thỏa thuận,80 m²,N/A,N/A,"Củ Chi, Hồ Chí Minh","Xã Tân Phú Trung, Củ Chi, Hồ Chí Minh",42514875
Cần bán gấp shophouse 163m2 * 5 tầng trục đại lộ Tây Thăng Long rộng 60 giá đầu tư LH: 0922 969 ***,Giá thỏa thuận,148 m²,N/A,N/A,"Bắc Từ Liêm, Hà Nội","Dự án Sunshine Capital Tây Thăng Long, Đường Tây Thăng Long, Phường Tây Tựu, Bắc Từ Liêm, Hà Nội",33147100
"Bán cặp đất mặt tiền Đỗ Bí, khu phố Tây An Thượng, cách biển 100m","25,5 tỷ",162 m²,N/A,N/A,"Ngũ Hành Sơn, Đà Nẵng","Đường Đỗ Bí, Phường Mỹ An, Ngũ Hành Sơn, Đà Nẵng",42565243
"Chính chủ cần bán nhanh căn hộ Hưng Phát 1, 2PN đã có sổ","2,7 tỷ",70 m²,2,2,"Nhà Bè, Hồ Chí Minh","Dự án Hưng Phát, Đường Lê Văn Lương, Xã Phước Kiển, Nhà Bè, Hồ Chí Minh",41983689
"Bán nhà biệt thự đẹp nhiều tiện ích tại Sunshine Capital Tây Thăng Long, giá thỏa thuận, 315m2",Giá thỏa thuận,315 m²,N/A,N/A,"Bắc Từ Liêm, Hà Nội","Dự án Sunshine Capital Tây Thăng Long, Đường Tây Thăng Long, Phường Tây Tựu, Bắc Từ Liêm, Hà Nội",41665072
"BÁN ĐẤT LONG THỌ, NHƠN TRẠCH - ~13Ha - GIÁ ĐẦU TƯ!",650 tỷ,130.000 m²,N/A,N/A,"Nhơn Trạch, Đồng Nai","Long Thọ, Nhơn Trạch, Đồng Nai",42571828
"Ngộp vốn bán gấp căn Nguyễn Văn Bá, Phước Long,Quận 9 giá 3tỷ400tr sổ riêng LH 0766 372 *** xem nhà","3,4 tỷ",56 m²,3,3,"Thủ Đức, Hồ Chí Minh","Đường Nguyễn Văn Bá, Phường Phước Long A, Thủ Đức, Hồ Chí Minh",42579931
"Bán nhà mặt tiền ngang 6m5 đường Phạm Cự Lượng, phố kinh doanh","12,5 tỷ",103 m²,2,2,"Sơn Trà, Đà Nẵng","Đường Phạm Cự Lượng, Phường An Hải Nam, Sơn Trà, Đà Nẵng",42551829
"Chính chủ kẹt tiền cần bán 2PN - 78m2 Kingdom 101, giá 5.7 tỷ, đã có sổ hồng, LH 0933 752 ***","5,7 tỷ",78 m²,2,2,"Quận 10, Hồ Chí Minh","Dự án Kingdom 101, Đường Tô Hiến Thành, Phường 14, Quận 10, Hồ Chí Minh",42434587
"Cần bán lô đất khách sạn Bãi Trường 6500m2, xây 19 tầng, hotline: 0982 219 ***",Giá thỏa thuận,6.500 m²,N/A,N/A,"Phú Quốc, Kiên Giang","Dự án Sonasea Villas & Resort, Đường Bãi Trường, Xã Dương Tơ, Phú Quốc, Kiên Giang",19070610
Cần bán shophouse 96m2 * 5 tầng có hầm tại dự án Golden River vừa ở và kinh doanh LH: 0922 969 ***,Giá thỏa thuận,96 m²,N/A,N/A,"Tây Hồ, Hà Nội","Khu đô thị Nam Thăng Long - Ciputra, Lạc Long Quân, Phú Thượng, Tây Hồ, Hà Nội",41954405
Bán nhà riêng Đường Nguyễn Văn Cừ diện tích 42m2,"10,2 tỷ",42 m²,3,4,"Long Biên, Hà Nội","Đường Nguyễn Văn Cừ, Phường Bồ Đề, Long Biên, Hà Nội",42421826
"BÁN LÔ ĐẤT HAI MẶT TIỀN GẦN BIỀN MỸ KHÊ, THÍCH HỢP XÂY KHÁCH SẠN","70,7 tỷ","465,2 m²",N/A,N/A,"Sơn Trà, Đà Nẵng","Đường Lê Văn Quý, Phường An Hải Bắc, Sơn Trà, Đà Nẵng",42438147
Chính chủ định cư nước ngoài bán gấp căn nhà cực tốt|Đ.Thích Quảng Đức P5 Q.Phú Nhuận|SHR|DT 42m2,"1,95 tỷ",42 m²,3,3,"Phú Nhuận, Hồ Chí Minh","Đường Thích Quảng Đức, Phường 5, Phú Nhuận, Hồ Chí Minh",42579928
"Bán Nhà riêng 3PN, 3WC,lô góc dân xây, 40m2, giá 3,64 tỷ tại Tả Thanh Oai, Thanh Trì, Hà Nội","3,64 tỷ",40 m²,3,3,"Thanh Trì, Hà Nội","Đường Tả Thanh Oai, Xã Tả Thanh Oai, Thanh Trì, Hà Nội",42579836
NHÀ ĐẸP BỒ ĐỀ GIÁ TỐT LONG BIÊN HÀ NỘI 40m2,"7,6 tỷ",40 m²,5,4,"Long Biên, Hà Nội","Đường Bồ Đề, Phường Bồ Đề, Long Biên, Hà Nội",42579927
"Bán Đất Dịch vụ Khu B Yên Nghĩa, Hà Đông.DT 50m. Giá 9.65 tỷ","9,65 tỷ",50 m²,N/A,N/A,"Hà Đông, Hà Nội","Yên Nghĩa, Hà Đông, Hà Nội",42243355
"Chính Chủ Bán Nền E4, DT: 5 x 15m, Thắng Lợi Central Hill, Sổ Riêng, Giá 1tỷ450 Có Phí Giới Thiệu.","1,45 tỷ",75 m²,N/A,N/A,"Bến Lức, Long An","Dự án KDC Thắng Lợi Central Hill, Đường ĐT 835C, Xã Phước Lợi, Bến Lức, Long An",38279662
"Cắt lỗ 190 triệu căn hộ Akari City MT Võ Văn Kiệt, 75m2 (có sổ) giá: 3tỷ199 Vay được 70%.0906 651 ***","3,2 tỷ",75 m²,2,2,"Bình Tân, Hồ Chí Minh","Dự án Akari City Nam Long, Đường Võ Văn Kiệt, Phường An Lạc, Bình Tân, Hồ Chí Minh",39275544
Bán nhà khu đấu giá 6.9 Vân Canh lô góc kinh doanh tuyệt vời. 50m2 giá 10 tỷ,10 tỷ,50 m²,4,3,"Hoài Đức, Hà Nội","Xã Vân Canh, Hoài Đức, Hà Nội",42246740
"CẦN BÁN ĐƯỜNG VÕ NGUYÊN GIÁP, CÁCH BIỂN MỸ KHÊ 300M, VỀ TRUNG TÂM , THÍCH HỢP XÂY KHÁCH SẠN ,CĂN HỘ","16,9 tỷ",155 m²,N/A,N/A,"Ngũ Hành Sơn, Đà Nẵng","Đường Võ Nguyên Giáp, Phường Khuê Mỹ, Ngũ Hành Sơn, Đà Nẵng",42572957
"Bán biệt thự Vườn Đào Lạc Long Quân Tây Hồ 300 m2 x 4 T X MT 20 m x giá 210 tỷ. Lô góc, vị trí đỉnh",210 tỷ,300 m²,5,4,"Tây Hồ, Hà Nội","Đường Lạc Long Quân, Phường Xuân La, Tây Hồ, Hà Nội",38441326
"Cần ra đi đất 10x26m - Diện tích 264m2 thổ cư, Mỹ Hạnh Nam, Đức Hoà, Long An. LH 0798 758 ***",3 tỷ,264 m²,N/A,N/A,"Đức Hòa, Long An","Xã Mỹ Hạnh Nam, Đức Hòa, Long An",36828920
CẦN BÁN NHÀ TẠI HOÀNG NHƯ TIẾP-BỒ ĐỀ-LONG BIÊN 50m2x7tầng thang máy.,"11,5 tỷ",50 m²,4,4,"Long Biên, Hà Nội","Phường Bồ Đề, Quận Long Biên, Hà Nội",42579864
"Chính chủ gửi bán nhanh biệt thự đảo Ecopark The Island 500m2 hướng Hồ Đông Nam, giá tốt",Giá thỏa thuận,500 m²,5,5,"Văn Giang, Hưng Yên","Dự án Ecopark Grand, Xã Xuân Quan, Văn Giang, Hưng Yên",42067916
BÁN NHÀ KIM GIANG - 6 TẦNG MỚI THANG MÁY - 20M RA Ô TÔ - 36M2 - NHỈNH 8 TỶ,"8,15 tỷ",36 m²,3,4,"Hoàng Mai, Hà Nội","Đường Kim Giang, Phường Đại Kim, Hoàng Mai, Hà Nội",42579861
92.7m2 đất TĐC Đằng Hải 2 tuyến 2 Trần Hoàn - Ngang 4.5m - Đường 11m,"6,03 tỷ","92,7 m²",N/A,N/A,"Hải An, Hải Phòng","Đường Trần Hoàn, Phường Đằng Hải, Hải An, Hải Phòng",42115704
Xoay vốn bán nhà đường Lạc Long Quận P8 Tân Bình 50m2 Giá 3ty350 lh 0932 861 *** Vân,"3,35 tỷ",50 m²,3,2,"Tân Bình, Hồ Chí Minh","Đường Lạc Long Quân, Phường 8, Tân Bình, Hồ Chí Minh",42579956
"7,x tỷ bán căn Nhà Vườn 3 tầng + Đất: 10x17,5=175m2 - Cửa Lò Beach Villa - Đối diện VIN WONDER",Giá thỏa thuận,175 m²,N/A,N/A,"Cửa Lò, Nghệ An","Dự án Cửa Lò Beach Villa, Đường Bình Minh, Phường Nghi Hương, Cửa Lò, Nghệ An",41290762
"1541m2 Đất mặt tiền Phan Văn Đáng, cách SG chỉ 1 con sông, ngay sát đường Liên Cảng sắp khởi công",Giá thỏa thuận,1.541 m²,N/A,N/A,"Nhơn Trạch, Đồng Nai","Đường Phan Văn Đáng, Xã Phú Hữu, Nhơn Trạch, Đồng Nai",42039305
BÁN TOÀ CHDV - 7 TẦNG THANG MÁY - 18 CĂN HỘ FULL NỘI THẤT - DÒNG TIỀN 1.2 TỶ/ NĂM - GIÁ ĐẦU TƯ,"17,3 tỷ",60 m²,18,18,"Nam Từ Liêm, Hà Nội","Mễ Trì Thượng, Phường Mễ Trì, Nam Từ Liêm, Hà Nội",42267347
"Bán nhà mặt tiền kinh doanh phường Đông Hoà thành phố Dĩ An, giáp Làng Đại Học Thủ Đức, giá 10.5 tỷ","10,5 tỷ",173 m²,N/A,N/A,"Dĩ An, Bình Dương","Phường Đông Hòa, Dĩ An, Bình Dương",42485446
"Nhà 2 tầng đường Sử Hy Nhan-Vĩnh Hoà-Nha Trang - cách biển chỉ 300m - giá 4,8 tỷ - 75m2 ngang 5,2m","4,8 tỷ",75 m²,2,1,"Nha Trang, Khánh Hòa","Đường Sử Hy Nhan, Phường Vĩnh Hòa, Nha Trang, Khánh Hòa",41122706
"Bán đất Đinh Bộ Lĩnh, Phước Hội, La Gi, Bình Thuận, 2 tỷ, 65.7m2, giá cực chất",2 tỷ,"65,7 m²",N/A,N/A,"La Gi, Bình Thuận","Đường Đinh Bộ Lĩnh, Phường Phước Hội, La Gi, Bình Thuận",42369786
"Siêu rẻ!! Bán lô góc 2 mặt tiền 100m2 đại đô thị TP Thanh Hóa giá chỉ 1,7x tỷ","1,78 tỷ",100 m²,N/A,N/A,"Đông Sơn, Thanh Hóa","Đường Quốc lộ 47, Thị trấn Rừng Thông, Đông Sơn, Thanh Hóa",42572923
"Bán shophouse 122,5m2 Đại Lộ Ngọc Trai Vinhomes Ocean Park 2, giá 23 tỷ | LH: 0909 769 ***",23 tỷ,"122,5 m²",N/A,N/A,"Văn Giang, Hưng Yên","The Empire - Vinhomes Ocean Park 2, Long Hưng, Văn Giang, Hưng Yên",42575517
Cần bán nhanh đất nền Hưng Phú giá 7 tỷ,7 tỷ,90 m²,N/A,N/A,"Quận 9, Hồ Chí Minh","Dự án Hưng Phú 1, Đường Liên Phường, Phường Phước Long B, Quận 9, Hồ Chí Minh",38426834
"Đất Cổ Loa Đông Anh - gần Vinhomes - ngõ thông oto ngủ đất 50m2, giá chỉ 3,x tỷ","3,98 tỷ",50 m²,N/A,N/A,"Đông Anh, Hà Nội","Đường Cổ Loa, Xã Cổ Loa, Đông Anh, Hà Nội",42550756
Bán lô góc 2 mặt tiền xã Diên Thạnh Diên Khánh,"2,2 tỷ","137,3 m²",N/A,N/A,"Diên Khánh, Khánh Hòa","Đường Nguyễn Trãi, Xã Diên Thạnh, Diên Khánh, Khánh Hòa",42546534
"2 phòng ngủ Đảo Kim Cương view trực diện sông, hướng Đông nam, tầng cao, giá cực chất 9.5 tỷ - 96m2","9,5 tỷ",96 m²,2,2,"Quận 2, Hồ Chí Minh","Dự án Diamond Island, Phường Bình Trưng Tây, Quận 2, Hồ Chí Minh",42408246
"Căn hộ tại ParkHill, KĐT Times City","6,5 tỷ",76 m²,2,2,"Hai Bà Trưng, Hà Nội","Dự án Times City - Park Hill, Đường Minh Khai, Phường Vĩnh Tuy, Hai Bà Trưng, Hà Nội",42563548
"Bán nhà HXH Lý Thường Kiệt phường 14,Q.10 DT:4x16m 3 tầng giá chỉ 16 tỷ TL",16 tỷ,64 m²,N/A,N/A,"Quận 10, Hồ Chí Minh","Đường Lý Thường Kiệt, Phường 14, Quận 10, Hồ Chí Minh",42572858
"Bán nhà đường Tam Trinh, p Mai Động, Hoàng Mai, diện tích 30m2 5 tầng","5,35 tỷ",30 m²,3,4,"Hoàng Mai, Hà Nội","Đường Tam Trinh, Phường Mai Động, Hoàng Mai, Hà Nội",40687389
"Đất The Diamond cực rẻ, TT Đức Hòa, DT 90m2, sổ hồng riêng, chủ bán lỗ lô A3 -21",Giá thỏa thuận,90 m²,N/A,N/A,"Đức Hòa, Long An","Dự án Quốc Linh Diamond City, Đường ĐT 824, Xã Hựu Thạnh, Đức Hòa, Long An",38047579
Ngộp NH 5.5 tỷ cần bán gấp đất TC 100% 254m2 12.5x25 quy hoạch 3 mặt tiền đường 16m giá 9.7 tỷ SH,"9,7 tỷ",254 m²,N/A,N/A,"Nhà Bè, Hồ Chí Minh","Đường Lê Văn Lương, Xã Nhơn Đức, Nhà Bè, Hồ Chí Minh",41501665
"Bán nhà Minh Khai - 52,5m2 x 5 tầng, thang máy, ngõ thông, ngay sát times city lh 0989 212 ***",10 tỷ,"52,5 m²",5,6,"Hai Bà Trưng, Hà Nội","Đường Minh Khai, Phường Minh Khai, Hai Bà Trưng, Hà Nội",42501744
"Bán đất thổ cư Vân Phúc, Phúc Thọ đường oto tránh 80m2 giá 2x tr/m2",2 tỷ,80 m²,N/A,N/A,"Phúc Thọ, Hà Nội","Đường Quốc lộ 32, Xã Vân Phúc, Phúc Thọ, Hà Nội",42446022
Chính chủ bán 54m2 đất Tái Định Cư Quyết Tiến 3. Đường 9m vỉa hè 2 mét,Giá thỏa thuận,54 m²,N/A,N/A,"Hoài Đức, Hà Nội","Đại lộ Thăng Long, Vân Côn, Hoài Đức, Hà Nội",41262175
"Bán gấp đất nền 60m2 tại Hồ Sĩ Dương, Vĩnh Hòa, Nha Trang giá cực chất 2,9 tỷ","2,9 tỷ",60 m²,N/A,N/A,"Nha Trang, Khánh Hòa","Đường Hồ Sĩ Dương, Phường Vĩnh Hòa, Nha Trang, Khánh Hòa",41869473
"Bán Nhà Mặt Phố Phùng Hưng, 52 tỷ, 1369m2, 5PN, 5WC, Hà Đông, HN. Siêu đầu tư. 0981 715 ***",52 tỷ,1.369 m²,5,5,"Hà Đông, Hà Nội","89 Phùng Hưng, Phố Phùng Hưng, Phường Phúc La, Hà Đông, Hà Nội",42270374
"Bán nhà An Trai - Vân Canh 7 T thang máy gara ô tô ngõ thông - K/D 40m2 - 7,8 tỷ","7,8 tỷ",40 m²,4,3,"Hoài Đức, Hà Nội","Đường An Trai, Xã Vân Canh, Hoài Đức, Hà Nội",42437147
"Cần bán gấp nhà 4 tầng, 64,5m2 lô góc phố Tây Trà - Hoàng Mai - Hà Nội","10,85 tỷ",65 m²,6,7,"Hoàng Mai, Hà Nội","Đường Tây Trà, Phường Trần Phú, Hoàng Mai, Hà Nội",41816742
Bán căn hộ 143m2 tòa M2 mã căn 11,23 tỷ,143 m²,4,3,"Ba Đình, Hà Nội","Dự án Vinhomes Metropolis - Liễu Giai, Phố Liễu Giai, Phường Ngọc Khánh, Ba Đình, Hà Nội",36160431
"1.7 tỷ, 5x11m, đường bê tông 6m, ra Lê Thị Trung 300m, SHR, Giá còn thương lượng","1,7 tỷ",55 m²,N/A,N/A,"Thuận An, Bình Dương","Đường Bình Chuẩn 63, Phường Bình Chuẩn, Thuận An, Bình Dương",42579872
"Chính chủ bán lô góc dự án Cát Tường Park House 111m2 giá 2 tỷ, thanh toán chậm đến t6/27",2 tỷ,111 m²,N/A,N/A,"Chơn Thành, Bình Phước","Dự án Cát Tường Phú Thành (Cát Tường Park House), Đường Nguyễn Văn Linh, Phường Hưng Long, Chơn Thành, Bình Phước",40800300
"Chính chủ căn nhà phố N2 - 19, 1 trệt 3 The Meadow Bình Chánh, 105m2, sổ hồng riêng, giá 6 tỷ 6","6,6 tỷ",105 m²,3,3,"Bình Chánh, Hồ Chí Minh","The Meadow Bình Chánh, Trần Văn Giàu, Vĩnh Lộc B, Bình Chánh, Hồ Chí Minh",41809671
Bán khách sạn xây thô 20 tầng mặt tiền Phạm Văn Đồng View trực diện biển 130tỷ,130 tỷ,231 m²,76,76,"Nha Trang, Khánh Hòa","Đường Phạm Văn Đồng, Phường Vĩnh Hòa, Nha Trang, Khánh Hòa",42579955
"Chung cư Bình Minh Garden 72m2 2 phòng ngủ/2WC tầng cao thoáng mát giá 4,7 tỷ","4,7 tỷ",72 m²,2,2,"Long Biên, Hà Nội","Dự án Bình Minh Garden, Đường Đức Giang, Phường Đức Giang, Long Biên, Hà Nội",42476253
"Vị trí siêu đẹp - MT Trường Sơn, Tân Bình - 13x25m - HĐ thuê 200 triệu - giá 75 tỷ",75 tỷ,325 m²,N/A,N/A,"Tân Bình, Hồ Chí Minh","Đường Trường Sơn, Phường 2, Tân Bình, Hồ Chí Minh",40502650
Bán nhà Lạc Long Quân nối Hoàng Quốc Việt - Thuỵ Khuê thang máy - 112m2 - 7T 5.5m MT - nhỉnh 36tỷ,"36,5 tỷ",112 m²,7,7,"Cầu Giấy, Hà Nội","Đường Lạc Long Quân, Phường Nghĩa Đô, Cầu Giấy, Hà Nội",40708947
"Chỉ còn 1 căn! Phân lô Hoàng Cầu, 2 ô tô tránh đỗ trước nhà, vỉa hè 2m, kinh doanh. 64m2. 7 tầng.","21,3 tỷ",63 m²,6,6,"Đống Đa, Hà Nội","Phố Hoàng Cầu, Phường Ô Chợ Dừa, Đống Đa, Hà Nội",42580129
"Nhà view Hồ Tây đẳng cấp, thang máy xịn sò, mới đẹp ở ngay, 10 tỷ",10 tỷ,47 m²,3,4,"Tây Hồ, Hà Nội","Đường Trích Sài, Phường Bưởi, Tây Hồ, Hà Nội",42543950
"Bán biệt thự tại Phú Diễn, Bắc Từ Liêm, Hà Nội, giá cực chất 16,2 tỷ, 47 m2","16,2 tỷ",47 m²,N/A,N/A,"Bắc Từ Liêm, Hà Nội","Phường Phú Diễn, Bắc Từ Liêm, Hà Nội",42577112
"Bán đất tại đường An Đào E, thị trấn Trâu Quỳ, Gia Lâm, Hà Nội, DT: 62m2, MT: 5.8m, giá: 6.2tỷ","6,2 tỷ",62 m²,N/A,N/A,"Gia Lâm, Hà Nội","Đường An Đào E, Thị trấn Trâu Quỳ, Gia Lâm, Hà Nội",42105643
"Bán căn hộ 2PN, 1WC tại The Sapphire - Vinhomes Smart City, 3,2 tỷ, 54,8m2, Nam Từ Liêm, Hà Nội","3,2 tỷ","54,8 m²",2,1,"Nam Từ Liêm, Hà Nội","Dự án The Sapphire - Vinhomes Smart City, Phường Tây Mỗ, Nam Từ Liêm, Hà Nội.",41983750
"BÁN CĂN 2 PN, S= 65 có đồ. Gía 3.x tỷ. Dự án Chung cư Xuân Mai complex Dương Nội",Giá thỏa thuận,65 m²,2,1,"Hà Đông, Hà Nội","Dự án Xuân Mai Complex, Đường Tố Hữu, Phường Yên Nghĩa, Hà Đông, Hà Nội",38632005
Chính chủ - bán nhà mặt tiền Thủ Khoa Huân 122m2 trung tâm Sơn Trà - giá hot,Giá thỏa thuận,122 m²,N/A,N/A,"Sơn Trà, Đà Nẵng","Đường Thủ Khoa Huân, Phường Phước Mỹ, Sơn Trà, Đà Nẵng",42515662
"Bán biệt thự đẹp Đường số 53, An Phú, Quận 2, diện tích 8.2 x 19m, giá 30 tỷ",30 tỷ,"173,5 m²",N/A,N/A,"Quận 2, Hồ Chí Minh","Đường Số 53, Phường An Phú, Quận 2, Hồ Chí Minh",42563217
"Siêu phẩm nhà đẹp Bùi Xương Trạch 35M nhỉnh 6tỷ. Xe ba gác chạy hết tốc độ, tiện ích bạt ngàn...","6,7 tỷ",35 m²,3,N/A,"Thanh Xuân, Hà Nội","Đường Bùi Xương Trạch, Phường Khương Đình, Thanh Xuân, Hà Nội",42580031
"Bán nhà Tây Hồ - Yên Hoa nối Yên Phụ - Nghi Tàm - Tòa nhà mới xây 10T, 85m2, MT 6.2m - 59.x tỷ",Giá thỏa thuận,85 m²,10,9,"Tây Hồ, Hà Nội","Phố Yên Hoa, Phường Yên Phụ, Tây Hồ, Hà Nội",41137761
Đất Hoà Lạc giá rẻ nhất bắt đáy ở còn lô nào rẻ hơn,"1,7 tỷ",89 m²,N/A,N/A,"Thạch Thất, Hà Nội","Xã Bình Yên, Thạch Thất, Hà Nội",42516838
SIÊU PHẨM ĐẸP KHU PHÂN LÔ ĐÔNG BỘ Khu VIPĐƯỜNG 12M ĐỐI DIỆN TRƯỜNG HỌC Đường Phạm Văn Chiêu Gò Vấp,"9,9 tỷ",60 m²,4,5,"Gò Vấp, Hồ Chí Minh","Đường Phạm Văn Chiêu, Phường 14, Gò Vấp, Hồ Chí Minh",42580127
"Hai mặt tiền kinh doanh đường 10m5 Tiểu La, Đà Nẵng. 140m2 ngang 6m 2 tầng. Chính chủ bán","14,9 tỷ",140 m²,4,3,"Hải Châu, Đà Nẵng","Đường Tiểu La, Phường Hòa Thuận Tây, Hải Châu, Đà Nẵng",41784885
BÁN ĐẤT BIỂN PHAN THIẾT VỊ TRÍ ĐẸP THÍCH HỢP ĐẦU TƯ NGHỈ DƯỠNG,Giá thỏa thuận,3.500 m²,N/A,N/A,"Phan Thiết, Bình Thuận","Đường Nguyễn Cơ Thạch, Phường Mũi Né, Phan Thiết, Bình Thuận",42580112
"Bán nhà kiệt ô tô Nguyễn Công Trứ - diện tích khủng 186m2 mặt tiền 12m - Giá: 7,x TL",Giá thỏa thuận,186 m²,N/A,N/A,"Sơn Trà, Đà Nẵng","Đường Nguyễn Công Trứ, Phường Phước Mỹ, Sơn Trà, Đà Nẵng",42517175
"Chính chủ bán đất MT đường Nguyễn Huy Tưởng, Liên Chiểu, Đà Nẵng. Gần bến xe sầm uất KD 120m2, 5 tỷ",5 tỷ,120 m²,N/A,N/A,"Liên Chiểu, Đà Nẵng","Đường Nguyễn Huy Tưởng, Phường Hòa Minh, Liên Chiểu, Đà Nẵng",42540394
"Cần bán căn góc T06, góc Đông Bắc view nhạc thoáng","8,5 tỷ",110 m²,3,2,"Hai Bà Trưng, Hà Nội","Dự án Times City, Đường Minh Khai, Phường Vĩnh Tuy, Hai Bà Trưng, Hà Nội",38993110
"Nhà mặt phố Nguyễn Quý Đức, Thanh Xuân. Diện tích 90m2, mặt tiền 5m2, lô góc 3 mặt thoáng, KD đỉnh","25,5 tỷ",90 m²,4,4,"Thanh Xuân, Hà Nội","Đường Nguyễn Quý Đức, Phường Thanh Xuân Bắc, Thanh Xuân, Hà Nội",41537611
"9 căn Sunwah Pearl, thân chủ nhà, giá cạnh tranh, giảm sâu khách cọc nhanh thanh toán sớm ko vay","11,3 tỷ",87 m²,2,N/A,"Bình Thạnh, Hồ Chí Minh","Sunwah Pearl, Đường Nguyễn Hữu Cảnh, Phường 22, Bình Thạnh, Hồ Chí Minh",42384047
"Bán nhà Khu đô thị Văn Quán, Hà Đông","20,8 tỷ",84 m²,5,N/A,"Hà Đông, Hà Nội","Dự án KĐT Văn Quán, Phường Văn Quán, Hà Đông, Hà Nội",42554084
Bán 3 căn 160m2 trục 09 tháp B Keangnam tầng cao hàng chuẩn 0974 681 ***,Giá thỏa thuận,160 m²,4,2,"Nam Từ Liêm, Hà Nội","Dự án Keangnam, Đường Phạm Hùng, Phường Mễ Trì, Nam Từ Liêm, Hà Nội",42491111
"Bán nhà mặt phố Trần Quốc Thảo, 17 tỷ, 43.12m2, 3PN, 3WC, Q3, HCM",17 tỷ,"43,12 m²",3,3,"Quận 3, Hồ Chí Minh","Đường Trần Quốc Thảo, Phường 9, Quận 3, Hồ Chí Minh",42267303
"QUỸ CĂN NGOẠI GIAO ĐẶC BIỆT VIEW HỒ GIÁ TỐT NHẤT: 2PN - 83m2 , 3PN - 106m2 - Giá rẻ nhất thị trường",Giá thỏa thuận,87 m²,N/A,N/A,"Ba Đình, Hà Nội","The Nelson Private Residences, Láng Hạ, Thành Công, Ba Đình, Hà Nội",42364793
Quận 9: Bán biệt thự Liên Phường ngang 15m 5PN 5WC full nội thất thiết kế cao cấp,33 tỷ,270 m²,5,5,"Quận 9, Hồ Chí Minh","Đường Liên Phường, Phường Phước Long B, Quận 9, Hồ Chí Minh",42450974
"Bán lô đất mặt tiền đường TT Đức Hoà, phù hợp đầu tư kinh doanh",810 triệu,90 m²,N/A,N/A,"Đức Hòa, Long An","Đường Đại lộ Long An, Thị trấn Đức Hòa, Đức Hòa, Long An",42004227
"Bán nhà HXH đường Thành Thái Quận 10, ngang lớn 8m có 12 phòng HĐT ổn định 650tr/năm, 15.5 tỷ TL","15,5 tỷ",98 m²,12,12,"Quận 10, Hồ Chí Minh","Đường Thành Thái, Phường 14, Quận 10, Hồ Chí Minh",42392591
"D'Edge Thảo Điền: Căn 3PN, lầu cao, 147 m2. Đang có HĐ thuê 70 trd net/tháng. Giá bán 17 tỷ",17 tỷ,147 m²,3,3,"Quận 2, Hồ Chí Minh","Dự án D'Edge Thảo Điền, Đường Nguyễn Văn Hưởng, Phường Thảo Điền, Quận 2, Hồ Chí Minh",41636708
"Giá 1.85 tỷ sở hữu ngay lô đất 100m2 Full thổ cư, nở hậu phong thuỷ cực tốt tại Minh Phú Sóc Sơn","1,85 tỷ",100 m²,N/A,N/A,"Sóc Sơn, Hà Nội","Đường 35, Xã Minh Phú, Sóc Sơn, Hà Nội",42476767
"Khi BĐS đang ở giai đoạn chuyển giao, đâu sẽ là giải pháp khả thi với quyết định ĐT của bạn?!","4,6 tỷ",60 m²,N/A,N/A,"Thường Tín, Hà Nội","Xã Duyên Thái, Thường Tín, Hà Nội",41737592
Chính chủ cần bán căn 69m2 2ng 2vs full nội thất tại trung tâm quận Nam Từ Liêm giá chỉ 3.1x Tỷ,"3,15 tỷ",69 m²,2,2,"Nam Từ Liêm, Hà Nội","Dự án Athena Complex, Đường 70, Phường Phương Canh, Nam Từ Liêm, Hà Nội",42506827
"Sở hữu nhà dòng tiền khủng, TT Cầu Giấy, 45m2*6T*11p KK, TM, ngõ thoáng gần ô tô GPXD & PCCC đầy đủ",Giá thỏa thuận,45 m²,11,11,"Cầu Giấy, Hà Nội","Phường Dịch Vọng, Cầu Giấy, Hà Nội",40806912
"Bán gấp lô đất nghỉ dưỡng lô góc đất ngoài quy hoạch mà đẹp phải nói, giá siêu tốt",Giá thỏa thuận,1.685 m²,N/A,N/A,"Quốc Oai, Hà Nội","Xã Đông Xuân, Quốc Oai, Hà Nội",41966091
"Nắm 100% giỏ hàng các sản phẩm đang bán tại KDC Nam Long, P Phước Long B, giá bán từ 80tr/m2","9,5 tỷ",90 m²,N/A,N/A,"Quận 9, Hồ Chí Minh","KDC Nam Long, Đường Đỗ Xuân Hợp, Phường Phước Long B, Quận 9, Hồ Chí Minh",42579400
"Chung cư dự án mới Green Home Phương Đông 80m2 3PN/2WC full nội thất đẹp giá 4,950 tỷ","4,95 tỷ",80 m²,3,2,"Long Biên, Hà Nội","Dự án Phương Đông Green Home, Đường Phan Văn Đáng, Phường Đức Giang, Long Biên, Hà Nội",42137662
"Bán nhà riêng tại Nguyễn Thiện Thuật, 5,2 tỷ, 30m2, nhà 3 tầng. Giá rẻ nhất khu vực","5,2 tỷ",30 m²,2,2,"Quận 3, Hồ Chí Minh","Đường Nguyễn Thiện Thuật, Phường 2, Quận 3, Hồ Chí Minh",42550958
"Bán đất hàng hiếm Mặt tiền đường Nguyễn Văn Cừ, Xã Phước An, Nhơn Trạch, Đồng Nai. 9,88 tỷ/491 m2","9,88 tỷ",491 m²,N/A,N/A,"Nhơn Trạch, Đồng Nai","Đường Nguyễn Văn Cừ, Xã Phước An, Nhơn Trạch, Đồng Nai",42555615
"Bán BT đẹp, nhiều tiện ích tại Lideco, Quốc lộ 32, Trạm Trôi, Hoài Đức, 26,5 tỷ, 220m2","26,5 tỷ",220 m²,N/A,N/A,"Hoài Đức, Hà Nội","Lideco, Đường Quốc lộ 32, Thị trấn Trạm Trôi, Hoài Đức, Hà Nội",42559036
"Tôi bán 2 lô 6x18m 1/ ĐT769 Lộc An, Long Thành, 0931 641 ***",Giá thỏa thuận,108 m²,N/A,N/A,"Long Thành, Đồng Nai","Đường ĐT 769, Xã Lộc An, Long Thành, Đồng Nai",42515275
"Bán nhà Tam Trinh 75m2, ngõ ô tô, gần phố, nhà 4 tầng chắc chắn, tiện ích đầy đủ, SĐCC, 8.5 tỷ","8,5 tỷ",75 m²,4,4,"Hoàng Mai, Hà Nội","Đường Tam Trinh, Phường Yên Sở, Hoàng Mai, Hà Nội",42326406
"Bán nhà mặt phố phường Quang Trung, Hà Đông, mặt phố kinh doanh 140m2 x 5,5 mặt tiền",50 tỷ,140 m²,N/A,N/A,"Hà Đông, Hà Nội","Đường Quang Trung, Phường Quang Trung, Hà Đông, Hà Nội",38944908
"Nhà khu Cityland Park Hills khu Lotte Mart, giá rẻ nhất khu vực đang cho thuê 40 triệu/tháng","16,8 tỷ",100 m²,8,6,"Gò Vấp, Hồ Chí Minh","Dự án CityLand Park Hills, Đường Phan Văn Trị, Phường 10, Gò Vấp, Hồ Chí Minh",39010317
"B.Á.N TÒA NHÀ VP VŨ TÔNG PHAN X 80M2 - VIEW HỒ TRƯỚC SAU, LÔ GÓC, 3 MẶT THOÁNG - THANG MÁY - 5 Ô TÔ","21,8 tỷ",80 m²,N/A,N/A,"Thanh Xuân, Hà Nội","Phố Vũ Tông Phan, Phường Khương Đình, Thanh Xuân, Hà Nội",42580064
"Bán đất biệt thự Nguyễn Đình Thi, Hoà Xuân, Cẩm Lệ, Đà Nẵng",Giá thỏa thuận,300 m²,N/A,N/A,"Cẩm Lệ, Đà Nẵng","Đường Nguyễn Đình Thi, Phường Hòa Xuân, Cẩm Lệ, Đà Nẵng",41954180
"Chỉ 36,8 tỷ sở hữu 1 siêu dòng tiền 2 tỷ/năm tại Cầu Giấy 100m2- 8 tầng- 20 phòng- lô góc- ôtô đỗ","36,8 tỷ",100 m²,20,20,"Cầu Giấy, Hà Nội","Đường Cầu Giấy, Phường Quan Hoa, Cầu Giấy, Hà Nội",42550701
"Chính chủ tôi cần sang gấp 1 lô đất đường Liên Phường, Quận 9, TPHCM. SHR",Giá thỏa thuận,"81,3 m²",N/A,N/A,"Quận 9, Hồ Chí Minh","Đường Liên Phường, Phường Phú Hữu, Quận 9, Hồ Chí Minh",41586292
NHÀ NHẬT - GIÁ VIỆT | BIỆT THỰ SONG LẬP MY1-18 DỰ ÁN MIYABI,"18,3 tỷ",189 m²,N/A,N/A,"Thủy Nguyên, Hải Phòng","Vinhomes Royal Island, Phường Thủy Hà, Thủy Nguyên, Hải Phòng",42580063
"Bán căn 2PN, 2WC, 63m2 tại CBD Premium Home, Gia 2,48 tỷ, Thạnh Mỹ Lợi, Q2, HCM","2,48 tỷ",63 m²,2,2,"Quận 2, Hồ Chí Minh","The CBD Premium Home, Đường Đồng Văn Cống, Phường Thạnh Mỹ Lợi, Quận 2, Hồ Chí Minh",42215884
Nhà cấp 4 vị trí đẹp ngay trung tâm phường Linh Chiểu - đường nhựa 5m - Dt 72m2( ngang 5) hiếm,"5,7 tỷ",72 m²,2,1,"Thủ Đức, Hồ Chí Minh","Đường Số 19, Phường Linh Chiểu, Thủ Đức, Hồ Chí Minh",42580159
"(Chính chủ) tôi cần bán nhà mặt hồ Linh Quang, Q Đống Đa, Dt 70 m2 x 7 T, MT 5,5 m, giá 21,5 tỷ","21,5 tỷ",70 m²,N/A,N/A,"Đống Đa, Hà Nội","Đường Hồ Văn Chương, Phường Văn Chương, Đống Đa, Hà Nội",42484717
"Bán gấp biệt thự tại Lideco, Quốc lộ 32, Hoài Đức, 26,5 tỷ, 144m2","26,5 tỷ",144 m²,N/A,N/A,"Hoài Đức, Hà Nội","Lideco, Đường Quốc lộ 32, Thị trấn Trạm Trôi, Hoài Đức, Hà Nội",42438103
"Bán nhà 2 mặt tiền Lê Duẩn thông thoáng, vị trí sầm uất, Thanh Khê, Đà Nẵng","29,5 tỷ",101 m²,3,2,"Thanh Khê, Đà Nẵng","Đường Lê Duẩn, Phường Thạc Gián, Thanh Khê, Đà Nẵng",42510427
"Bán nhà Khuyến Lương, lô góc KD, ô tô đỗ cửa, ngõ thông, TK đẹp, 3 tầng, 43.5m2, MT 6.5m, 4.35 tỷ","4,35 tỷ","43,5 m²",2,2,"Hoàng Mai, Hà Nội","Đường Khuyến Lương, Phường Trần Phú, Hoàng Mai, Hà Nội.",39723168
"Siêu dòng tiền Đống Đa 18,3tỷ, 7 tâng, dòng tiền siêu tốt, ngõ thông thoáng, full phòng cho thuê","18,3 tỷ",80 m²,13,13,"Đống Đa, Hà Nội","Phố Vũ Ngọc Phan, Phường Láng Hạ, Đống Đa, Hà Nội",42537191
"Giá rẻ! CCMN Yên Hòa xây mới, 55m2 x 6T x 14p KK, lô góc, TM xịn, có PCCC, DT đỉnh 900tr/năm","12,5 tỷ",55 m²,14,14,"Cầu Giấy, Hà Nội","Đường Hạ Yên Quyết, Phường Yên Hòa, Cầu Giấy, Hà Nội",38039642
"Chung cư mini - gần chợ Định Công, Hoàng Mai, diện tích 52m2, 5T giá nhỉnh 7 tỷ","7,17 tỷ",52 m²,7,N/A,"Hoàng Mai, Hà Nội","Đường Định Công, Phường Định Công, Hoàng Mai, Hà Nội",42566272
"Bán nhà 5 tầng diện tích 94.4m2 mặt tiền 6m Khu N1 Nguyễn Hoàng Tôn, Tây Hồ, Hà Nội","39,7 tỷ","94,4 m²",4,5,"Tây Hồ, Hà Nội","đường Nguyễn Hoàng Tôn, Phường Xuân La, Tây Hồ, Hà Nội",42463043
"BÁN NHÀ PHỐ HƯNG THỊNH, VỈA HÈ Ô TÔ TRÁNH, THANG MÁY NHẬP KHẨU, 5 TẦNG ĐẸP MÊ LY, 52M2, 11.6 TỶ","11,6 tỷ",52 m²,6,6,"Hoàng Mai, Hà Nội","Đường Hưng Thịnh, Phường Yên Sở, Hoàng Mai, Hà Nội",40268898
Cần tiền bán gấp nhà ở xã hội chung cư HH linh đàm giá tốt lh 0967 070 ***,"2,62 tỷ",72 m²,2,2,"Hoàng Mai, Hà Nội","HH1 Linh Đàm, Đường Linh Đường, Phường Hoàng Liệt, Hoàng Mai, Hà Nội",42580087
"Bán đất đẹp Liên Mạc, Quận Bắc Từ Liêm ô tô vào tận nơi, 50m2 hơn 4 tỷ",5 tỷ,50 m²,N/A,N/A,"Bắc Từ Liêm, Hà Nội","đường Liên Mạc, Phường Liên Mạc, Bắc Từ Liêm, Hà Nội",42355010
"Nhà 5 tầng view Hồ Tây bán, gara, 5 ngủ cách Hồ 30m",33 tỷ,54 m²,5,6,"Tây Hồ, Hà Nội","Phố Quảng Khánh, Phường Quảng An, Tây Hồ, Hà Nội",42351803
"Chính chủ em bán căn hộ chung cư Iris Garden, Trần Hữu Dực, Cầu Diễn, 61.7m2. Lh 0357 536 ***",Giá thỏa thuận,"61,7 m²",2,2,"Nam Từ Liêm, Hà Nội","Dự án Iris Garden, Đường Trần Hữu Dực, Phường Cầu Diễn, Nam Từ Liêm, Hà Nội.",41884641
"Giá đầu tư, nhà Yên Sở, ngay sát X2B, Gamuda, thoáng trước sau, view hồ lộng gió, 45m2, 5,35 tỷ","5,35 tỷ",45 m²,3,3,"Hoàng Mai, Hà Nội","Đường Yên Sở, Phường Yên Sở, Hoàng Mai, Hà Nội",40342133
Song lập Villa Park thô đơn giá tốt nhất 110tr/m2,"18,7 tỷ",170 m²,N/A,N/A,"Quận 9, Hồ Chí Minh","Dự án Villa Park, Đường Bưng Ông Thoàn, Phường Phú Hữu, Quận 9, Hồ Chí Minh",42478917
"Nhà 40m2 x 4 tầng Đại Mỗ, gần UBND phường Đại Mỗ, ngõ nông, ô tô gần, giá 6.5 tỷ, LH 0988 175 ***","6,5 tỷ",39 m²,4,3,"Nam Từ Liêm, Hà Nội","Phường Đại Mỗ, Nam Từ Liêm, Hà Nội",42580174
"Chính chủ: Bán gấp lô đất 76,9m2 cách TL420 khoảng 200m 5' di chuyển đến ĐH FPT, CNC. Giá 2.19 tỷ","2,19 tỷ","76,9 m²",N/A,N/A,"Thạch Thất, Hà Nội","Đường 420, Xã Bình Yên, Thạch Thất, Hà Nội",42447491
Chính chủ bán lô đất sát đường Lý Thường Kiệt Dĩ An dân cư ở kín - xây dựng tự do đi Vincom 2p,"2,85 tỷ",88 m²,N/A,N/A,"Dĩ An, Bình Dương","Phố Lý Thường Kiệt, Phường Dĩ An, Dĩ An, Bình Dương",41783982
Bán đất khu công nghệ cao Hoà Lạc giá rẻ đất đẹp tiền năng tăng giá cao đây ạ,Giá thỏa thuận,103 m²,N/A,N/A,"Thạch Thất, Hà Nội","Phố 8/3, Xã Hạ Bằng, Thạch Thất, Hà Nội",42225727
"Em Toàn cần bán căn hộ chung cư 3PN tại Florence Mỹ Đình giá tốt, vị trí đẹp. LH 0357 536 ***",Giá thỏa thuận,124 m²,3,3,"Nam Từ Liêm, Hà Nội","Dự án Florence Mỹ Đình, Đường Trần Hữu Dực, Phường Cầu Diễn, Nam Từ Liêm, Hà Nội.",41327826
"(Chính chủ) cần bán nhà MP, Hàng Cót, Q Hoàn Kiếm, HN, DT 220m x 6T, MT 16m, giá 155 tỷ",155 tỷ,220 m²,N/A,N/A,"Hoàn Kiếm, Hà Nội","Phố Hàng Cót, Phường Hàng Mã, Hoàn Kiếm, Hà Nội",41194334
"Bán nhà đẹp 44m2 x 3 tầng, 4pn, Phạm Văn Chí, Quận 6, giá 6,5 tỷ","6,5 tỷ",44 m²,4,3,"Quận 6, Hồ Chí Minh","Đường Phạm Văn Chí, Phường 8, Quận 6, Hồ Chí Minh",42556293
"Chính chủ: Bán nhanh lô đất rẻ hơn thị trường 300tr trục chính Khoang Mái-Đồng Trúc.Giá 47,5tr/m2","2,85 tỷ",60 m²,N/A,N/A,"Thạch Thất, Hà Nội","Đường Đại lộ Thăng Long, Xã Đồng Trúc, Thạch Thất, Hà Nội",42407825
"Bán Nhà Riêng 6PN, 6WC, 51m2 tại Khương Trung, 10,5 tỷ","10,5 tỷ",51 m²,6,6,"Thanh Xuân, Hà Nội","Phường Khương Trung, Thanh Xuân, Hà Nội",42580171
Nhỉnh 120 triệu/m2 mở bán lô đất gần ĐH Hutech (4.2x21m) CTXD hầm 5 tầng tiện xây CHDV P26,"12,2 tỷ",97 m²,1,1,"Bình Thạnh, Hồ Chí Minh","Đường Nguyễn Xí, Phường 26, Bình Thạnh, Hồ Chí Minh",42430986
Gia đình em cần bán căn nhà 75m2 khu trung tâm Hà Đông,"15,5 tỷ",75 m²,5,5,"Hà Đông, Hà Nội","Đường Chu Văn An, Phường Quang Trung, Hà Đông, Hà Nội",42477726
"Giá từ 2,8 tỷ - 225m2 đến 28 tỷ - 7659 m2. Bán vài lô đất mặt tiền đường Tỉnh Lộ 3, Phước Đồng",Giá thỏa thuận,1.787 m²,N/A,N/A,"Nha Trang, Khánh Hòa","Đường Tỉnh lộ 3, Xã Phước Đồng, Nha Trang, Khánh Hòa",42475213
"Nhà Hồ Tây ngõ xe hơi tránh nhau bán. Căn nhà 4 tầng khu Quảng An, gần Hồ Tây vị trí đắc địa",14 tỷ,40 m²,3,4,"Tây Hồ, Hà Nội","Đường Đặng Thai Mai, Phường Quảng An, Tây Hồ, Hà Nội",42193072
"Gia đình tôi cần bán gấp lô đất 100m2 mặt QL17 - Huyện Gia Bình, Bắc Ninh - Vị trí đón sóng sân bay","5,2 tỷ",100 m²,N/A,N/A,"Gia Bình, Bắc Ninh","Đường Quốc Lộ 17, Xã Bình Dương, Gia Bình, Bắc Ninh",42527562
"Bán gấp đất Tô Ngọc Vân, Quảng An, Tây Hồ, Hà Nội. Diện tích 192m, 2 thoáng, ô tô vào, giá 71.9 tỷ","71,9 tỷ",192 m²,N/A,N/A,"Tây Hồ, Hà Nội","Đường Tô Ngọc Vân, Phường Quảng An, Tây Hồ, Hà Nội",42416372
Cần tiền bán gấp mặt biển Hoà Bình Hàm Tiến,28 tỷ,800 m²,N/A,N/A,"Phan Thiết, Bình Thuận","Đường Hòa Bình, Phường Hàm Tiến, Phan Thiết, Bình Thuận",41131137
"Bán nhà phố Kim Mã, Ba Đình, dt 49m2, 6 tầng, ngõ to cách vài nhà ra mặt phố. Giá 15.8 tỷ","15,8 tỷ",49 m²,N/A,N/A,"Ba Đình, Hà Nội","Phố Kim Mã, Phường Kim Mã, Ba Đình, Hà Nội",40402570
"Chính chủ bán nhà Lạc Long Quân 72m2, ô tô tránh, gara, lô góc 10.9 tỷ","10,9 tỷ",72 m²,4,5,"Cầu Giấy, Hà Nội","Đường Lạc Long Quân, Phường Nghĩa Đô, Cầu Giấy, Hà Nội",41785015
"Bán nhà riêng Trích Sài Tây Hồ, 45m2 5 tầng 10m ra Hồ Tây, giá 16.5 tỷ","16,5 tỷ",45 m²,N/A,N/A,"Tây Hồ, Hà Nội","Đường Trích Sài, Phường Bưởi, Tây Hồ, Hà Nội",39570864
"Đất nền trung tâm TP Bắc Giang không yêu cầu xây dựng ,sổ đỏ sẵn sang tên ngay","3,6 tỷ",90 m²,N/A,N/A,"Bắc Giang, Bắc Giang","Dự án BV Bavella Green Park, Đường Nguyễn Chí Thanh, Xã Dĩnh Trì, Bắc Giang, Bắc Giang",42255413
"Nhà 81,6m2-7,5 tỷ, hẻm ô tô, phù hợp xây mới CHDV, tặng GPXD, thiết kế 18 phòng, dòng tiền 65tr/th","7,5 tỷ","81,6 m²",N/A,N/A,"Gò Vấp, Hồ Chí Minh","25/33/73 Đường Bùi Quang Là, Phường 12, Gò Vấp, Hồ Chí Minh",42449061
"Bán nhà ngõ 399 Âu Cơ - quận Tây Hồ - 1 nhà ra phố, lô góc, KD, 105m2*5 tầng, MT 8m, giá 16 tỷ",16 tỷ,105 m²,N/A,N/A,"Tây Hồ, Hà Nội","Ngõ 399, Đường Âu Cơ, Phường Xuân La, Tây Hồ, Hà Nội",42180889
"Bán tòa nhà 6 tầng DT 803 m2 Đằng Lâm, Hải An",120 tỷ,803 m²,6,6,"Hải An, Hải Phòng","Đường Ngô Gia Tự, Phường Đằng Lâm, Hải An, Hải Phòng",41721431
BÁN NHÀ VIP LÝ NAM ĐẾ 75M2 - 39 TỶ - OTO ĐỖ CỬA - 3 MẶT THOÁNG - FULL NỘI THẤT SIÊU SANG.,39 tỷ,75 m²,N/A,N/A,"Hoàn Kiếm, Hà Nội","Đường Lý Nam Đế, Phường Cửa Đông, Hoàn Kiếm, Hà Nội",42580196
"Tôi kẹt vốn KD sang gấp nhà HXH 5,5m CMT8, P13, Q10,Giá 3tỷ1/ 53,9m2, SHR, BTCT, LH: 0907 631 ***","3,1 tỷ","53,9 m²",4,3,"Quận 10, Hồ Chí Minh","Đường Cách Mạng Tháng Tám, Phường 13, Quận 10, Hồ Chí Minh",41505466
"Nhà Giảng Võ, Ba Đình 109/120m2, 10 tầng thang máy, MT 5m, giá 85 tỷ",85 tỷ,109 m²,18,19,"Ba Đình, Hà Nội","Phố Giảng Võ, Phường Kim Mã, Ba Đình, Hà Nội",41196195
"Rẻ nhất trung tâm xã Minh Thắng, thị xã Chơn Thành BP - cách Quốc Lộ 14 tầm 200 mét 0906 625 ***",399 triệu,180 m²,N/A,N/A,"Chơn Thành, Bình Phước","Đường Số 1, Xã Minh Thắng, Chơn Thành, Bình Phước",40834546
Chào bán lô bê tông kiệt chính rất đẹp gần chợ Điện nam bắc,"1,55 tỷ",160 m²,N/A,N/A,"Điện Bàn, Quảng Nam","Điện Nam Bắc, Điện Bàn, Quảng Nam",42580103
"Bán nhà riêng phố Võng Thị 45m2, 10m ra ô ô, tặng toàn bộ nội thất giá 10.1 tỷ","10,1 tỷ",45 m²,4,4,"Tây Hồ, Hà Nội","đường Võng Thị, Phường Bưởi, Tây Hồ, Hà Nội",42071543
"Bán nhanh - Căn Hiếm còn lại: Bcons Green View 51m2, 2PN 2WC, chỉ 1 tỷ 660 sổ đỏ sẵn, sẵn NTCB","1,66 tỷ",51 m²,2,2,"Dĩ An, Bình Dương","Bcons Green View, Quốc lộ 1K, Đông Hòa, Dĩ An, Bình Dương",42580195
"Bán nhà mỗ lao hà đông, lô góc kinh doanh , xây tòa văn phòng 80m giá 19x","19,3 tỷ",80 m²,N/A,N/A,"Hà Đông, Hà Nội","Khu đô thị Mỗ Lao, Mỗ Lao, Hà Đông, Hà Nội",42162989
"Mặt tiền Nguyễn Sơn, ngang 4x14 nhỉnh 8 tỷ, Quận Tân Phú",Giá thỏa thuận,56 m²,1,1,"Tân Phú, Hồ Chí Minh","Đường Nguyễn Sơn, Phường Phú Thọ Hòa, Tân Phú, Hồ Chí Minh",42472179
"CHCC Việt Hưng 89m2 3PN, 2WC có thang máy, tầng trung thoáng mát giá 3,950 tỷ","3,95 tỷ",89 m²,3,2,"Long Biên, Hà Nội","Dự án Việt Hưng, Phường Giang Biên, Long Biên, Hà Nội",42315810
Chuyên CH Masteri Thảo Điền - cam kết báo giá thật - bao giá thấp nhất thị trường - hỗ trợ vay 80%,Giá thỏa thuận,74 m²,2,2,"Quận 2, Hồ Chí Minh","Dự án Masteri Thảo Điền, Đường Xa Lộ Hà Nội, Phường Thảo Điền, Quận 2, Hồ Chí Minh",38623445
"Cần bán mảnh đất 423m2 gần chợ Đông Tảo mặt tiền 24m giá đầu tư, LH 0961 694 ***","8,2 tỷ",423 m²,N/A,N/A,"Khoái Châu, Hưng Yên","Xã Đông Tảo, Khoái Châu, Hưng Yên",42531575
"Nền góc sổ cá nhân ngay chung cư D1, DT: 308.2m2 (12x20m) đường 10m, khu đông đúc, sầm uất","12,95 tỷ","308,2 m²",N/A,N/A,"Quận 8, Hồ Chí Minh","Đường Phạm Thế Hiển, Phường 7, Quận 8, Hồ Chí Minh",40728984
"Bán nhanh nửa sàn căn hộ Sài Gòn Pearl Sapphire 1 căn lớn thông tường 4 căn, DT 480m2",33 tỷ,480 m²,N/A,N/A,"Bình Thạnh, Hồ Chí Minh","Saigon Pearl, 92, Đường Nguyễn Hữu Cảnh, Phường 22, Bình Thạnh, Hồ Chí Minh",39600782
"Bán nhà nát tại Bùi Thị Xuân, giá 4,5 tỷ/42m2, giá ưu đãi, sổ riêng, XDTD, thổ cư 100%, bớt lộc",Giá thỏa thuận,63 m²,1,1,"Tân Bình, Hồ Chí Minh","Đường Bùi Thị Xuân, Phường 1, Tân Bình, Hồ Chí Minh",42468943
"Bán nhà Bằng A Bằng Liệt, Hoàng Liệt, Hoàng Mai, HN 35m2 x 4 tầng nhà LH 0983 860 ***","4,25 tỷ",35 m²,4,3,"Hoàng Mai, Hà Nội","Đường Bằng Liệt, Phường Hoàng Liệt, Hoàng Mai, Hà Nội",40770404
Cần bán căn nhà phố vịnh đảo Sky Oasis 104m2 giá 25.5 tỷ Lh 0961 694 ***,"25,5 tỷ",104 m²,4,4,"Văn Giang, Hưng Yên","Dự án Ecopark, Đường Trúc, Xã Xuân Quan, Văn Giang, Hưng Yên",42555972
"Bán đất MT đường Bầu Năng 12 Liên Chiểu, Đà Nẵng. 100m2. 4tỷ2x cách biển 1.5km, view công viên đẹp","4,25 tỷ",100 m²,N/A,N/A,"Liên Chiểu, Đà Nẵng","Đường Bầu Năng 12, Phường Hòa Minh, Liên Chiểu, Đà Nẵng",42495786
"Cần bán căn 2 phòng ngủ Sky Forest 74m2 giá 3.8 tỷ, LH 0961 694 ***","3,8 tỷ",74 m²,2,2,"Văn Giang, Hưng Yên","Dự án Sky Forest Residences , Xã Xuân Quan, Văn Giang, Hưng Yên",42568504
Cần tiền bán nhanh 316 m2 lô góc Yên Bình mặt tiền hậu hơn 10m giá rẻ,Giá thỏa thuận,316 m²,N/A,N/A,"Thạch Thất, Hà Nội","Xã Yên Bình, Thạch Thất, Hà Nội",42430476
"Bán nhà P.6, Quận 3 MT đường Võ Thị Sáu giáp NKKN, hầm 3 tầng giá 250 tỷ, 19x30m",250 tỷ,570 m²,N/A,N/A,"Quận 3, Hồ Chí Minh","Đường Võ Thị Sáu, Phường 6, Quận 3, Hồ Chí Minh",39600825
Chính chủ cần bán 3 ngủ 2 vs tòa HH Linh Đàm,"2,4 tỷ",82 m²,3,N/A,"Hoàng Mai, Hà Nội","Dự án HH2 Linh Đàm, Phường Hoàng Liệt, Hoàng Mai, Hà Nội",41609453
"Bán nhà 7 tầng 40m2 - phố Quan Hoa, Cầu Giấy - giá 14.7 tỷ (ôtô vào nhà, 15m ra mặt phố)","14,7 tỷ",40 m²,3,6,"Cầu Giấy, Hà Nội","Đường Quan Hoa, Phường Quan Hoa, Cầu Giấy, Hà Nội",42544257
"Cần bán căn 2 phòng ngủ Onsen ban công Đông Nam giá 4.68 tỷ, LH 0961 694 ***","4,68 tỷ",65 m²,2,2,"Văn Giang, Hưng Yên","Dự án Swan Lake Onsen, Xã Xuân Quan, Văn Giang, Hưng Yên",42569166
Cần bán căn biệt thự đảo Ecopark 300m2 giá 6x tỷ bao phí LH 0961 694 ***,65 tỷ,300 m²,4,4,"Văn Giang, Hưng Yên","Dự án Ecopark Grand, Xã Xuân Quan, Văn Giang, Hưng Yên",42470621
Cần bán căn 3 ngủ khu Skyforest 91m2 view biệt thự đảo giá 5.8 tỷ bao phí LH 0961 694 ***,"5,8 tỷ",91 m²,3,2,"Văn Giang, Hưng Yên","Dự án Sky Forest Residences , Xã Xuân Quan, Văn Giang, Hưng Yên",42463476
Bán nhà lớn mặt tiền Nguyễn Hữu Cảnh đối diện Landmark 81 - Bình Thạnh. DT 20 x 40m nở hậu 36m,440 tỷ,1.050 m²,N/A,N/A,"Bình Thạnh, Hồ Chí Minh","Đường Nguyễn Hữu Cảnh, Phường 22, Bình Thạnh, Hồ Chí Minh",39600864
"Căn hộ 91m2 tại Vung Tau Centre Point, thanh toán 4,3 tỷ, 3PN, 2WC chính sách tốt","4,3 tỷ",91 m²,3,2,"Vũng Tàu, Bà Rịa Vũng Tàu","Vung Tau Centre Point, Đường Nguyễn Hữu Cảnh, Phường Nguyễn An Ninh, Vũng Tàu, Bà Rịa Vũng Tàu",42507737
Bán biệt thự 135m2 tại VSIP Từ Sơn Bắc Ninh,"8,7 tỷ",135 m²,N/A,N/A,"Từ Sơn, Bắc Ninh","Dự án Centa City, Đường Hữu Nghị, Phường Phù Chẩn, Từ Sơn, Bắc Ninh.",42539241
"Hiếm! Nhà cực đẹp 35m2x6T thang máy. Đầy đủ nội thất, cách phố 50m phố Thụy Khuê, Hoàng Hoa Thám","7,38 tỷ",35 m²,4,5,"Tây Hồ, Hà Nội","Đường Thụy Khuê, Phường Thụy Khuê, Tây Hồ, Hà Nội",42497106
"Chính chủ tôi bán căn hộ Vườn Xuân - 71 Nguyễn Chí Thanh - 76,1m2 có 2 phòng ngủ full đồ","5,3 tỷ","76,1 m²",2,1,"Đống Đa, Hà Nội","Dự án Vườn Xuân - 71 Nguyễn Chí Thanh, Đường Nguyễn Chí Thanh, Phường Láng Hạ, Đống Đa, Hà Nội",42234465
"Bán nhanh chung cư Việt Hưng 75m 2PN/1WC ban công Đông Nam giá 3,15 tỷ","3,15 tỷ",75 m²,2,1,"Long Biên, Hà Nội","Dự án Việt Hưng, Phường Đức Giang, Long Biên, Hà Nội",38422895
"Bán gấp nhà phố full nội thất tại KĐT Lakeview City DT 5X20m 1 trệt 3 lầu giá 19,3 tỷ LH 0902 872 ***","19,3 tỷ",100 m²,4,5,"Quận 2, Hồ Chí Minh","Lakeview City, Đường Song Hành, Phường An Phú, Quận 2, Hồ Chí Minh",42482030
"Bán nhà phân lô La Khê, Hà Đông, view triệu đô, 2 MT ô tô, 45m2 đường hoa Phong Linh, vị trí đẹp","7,2 tỷ",45 m²,N/A,N/A,"Hà Đông, Hà Nội","Đường Tố Hữu, Phường La Khê, Hà Đông, Hà Nội",42580138
"Chính chủ bán hơn 2000m2 đất xã Trung An, Huyện Củ Chi, sổ đỏ riêng","5,5 tỷ",2.250 m²,N/A,N/A,"Củ Chi, Hồ Chí Minh","Xã Trung An, Củ Chi, Hồ Chí Minh",39750499
Siêu phẩm căn góc 62 m2 view hồ tại chung cư Hateco Xuân Phương giá chỉ 3.75 tỷ sổ đỏ trao tay,"3,75 tỷ",62 m²,3,2,"Nam Từ Liêm, Hà Nội","Dự án Hateco Apollo, Đường 70, Phường Phương Canh, Nam Từ Liêm, Hà Nội",42309494
"Vị trí siêu đẹp - 2MT Lê Quang Định, Bình Thạnh - 12x35m - 2 tầng - HĐT 200 triệu - giá 85 tỷ",85 tỷ,420 m²,N/A,N/A,"Bình Thạnh, Hồ Chí Minh","Đường Lê Quang Định, Phường 11, Bình Thạnh, Hồ Chí Minh",42560615
"Bán lô đất MT Chính Hữu sát Loseby DT 130m2, ngang 5m","9,6 tỷ",130 m²,N/A,N/A,"Sơn Trà, Đà Nẵng","Đường Chính Hữu, Phường An Hải Bắc, Sơn Trà, Đà Nẵng",42231008
Bán nhanh studio suất đầu tư siêu hời khai thác ngay,"1,62 tỷ",30 m²,1,1,"Quận 9, Hồ Chí Minh","Dự án The Beverly Solari - Vinhomes Grand Park, Phường Long Bình, Quận 9, Hồ Chí Minh",42181861
"Bán nhà HXH Sư Vạn Hạnh, P12, Q10 DT: 3.x14m 3tầng mới giá chỉ 12 tỷ bớt lộc",12 tỷ,42 m²,N/A,N/A,"Quận 10, Hồ Chí Minh","Đường Sư Vạn Hạnh, Phường 10, Quận 10, Hồ Chí Minh",42573103
"Bán gấp căn nhà phố Nguyễn Sơn - Bồ Đề, 83m2, đường rộng 2 ôtô tránh kinh doanh đa ngành nghề","20,5 tỷ",83 m²,N/A,N/A,"Long Biên, Hà Nội","158, Đường Nguyễn Sơn, Phường Bồ Đề, Long Biên, Hà Nội",38064589
"BÁN GẤP CĂN HỘ RIVERSIDE RESIDENCE, NHÀ ĐẸP, VIEW SÔNG.","13,5 tỷ",130 m²,4,3,"Quận 7, Hồ Chí Minh","Riverside Residence, Nguyễn Lương Bằng, Tân Phú, Quận 7, Hồ Chí Minh",42476040
Bán gấp đất mặt phố Chính Trung Trâu Quỳ/DT:110m2 /MT:7m/ đường 16m/ giá :160tr/m2/ kinh doanh đep,"17,6 tỷ",110 m²,N/A,N/A,"Gia Lâm, Hà Nội","Đường Chính Trung, Thị trấn Trâu Quỳ, Gia Lâm, Hà Nội",41570003
"Hiếm! Nhà cực đẹp 35m2x6T thang máy. Đầy đủ nội thất, cách mặt phố 50m phố Văn Cao, Hoàng Hoa Thám.","7,48 tỷ",35 m²,4,5,"Ba Đình, Hà Nội","Đường Văn Cao, Phường Liễu Giai, Ba Đình, Hà Nội",42496704
"Quỹ hot Shophouse Đại Lộ Hừng Đông 75-90-98-167 mặt tiền 5m, trục đường 25m thông QL5A và QL5B",11 tỷ,75 m²,6,6,"Văn Giang, Hưng Yên","Dự án The Crown - Vinhomes Ocean Park 3, Xã Nghĩa Trụ, Văn Giang, Hưng Yên",42091663
"Bán nhà Nguyễn Thị Định, Mazda CX5 vào nhà, gần hồ, 47m2, 6 tầng, giá 18.3 tỷ","18,3 tỷ",52 m²,N/A,N/A,"Cầu Giấy, Hà Nội","Đường Nguyễn Thị Định, Phường Trung Hòa, Cầu Giấy, Hà Nội",42562066
"Bán mặt phố Hàng Điếu, quận HK. DT 55m2 x 4T MT 4,8m, gần chợ Hàng Da, hồ Hoàn Kiếm","40,5 tỷ",55 m²,N/A,N/A,"Hoàn Kiếm, Hà Nội","Phố Hàng Điếu, Phường Hàng Bông, Hoàn Kiếm, Hà Nội",42117843
"Toà nhà VP, Cầu Giấy, quá hiếm, 270m2*8 tầng thang máy, MT siêu rộng trên 10m, đủ GPXD, hoàn công",135 tỷ,270 m²,N/A,N/A,"Cầu Giấy, Hà Nội","Phố Nghĩa Đô, Phường Nghĩa Đô, Cầu Giấy, Hà Nội",42478001
"Chỉ 3,1x tỷ lô đất thổ cư 44m2 tặng kèm 14m2 lưu không tại xã An Thượng",Giá thỏa thuận,44 m²,N/A,N/A,"Hoài Đức, Hà Nội","Xã An Thượng, Hoài Đức, Hà Nội",42560537
"Căn góc 2PN + 1 ban công Đông Nam siêu đẹp, chỉ có 1 căn duy nhất","3,25 tỷ",75 m²,2,2,"Ngũ Hành Sơn, Đà Nẵng","Dự án FPT Plaza 3, Đường Hoàng Minh Thắng, Phường Hòa Hải, Ngũ Hành Sơn, Đà Nẵng",42467705
"Bán nhà đẹp (5,5 x 10) 2 tầng - quận 1 - giá 7,8 tỷ","7,8 tỷ",55 m²,2,3,"Quận 1, Hồ Chí Minh","Đường Trần Hưng Đạo, Phường Cầu Kho, Quận 1, Hồ Chí Minh",42564200
"Cực hiếm căn góc chung cư Việt Hưng 87m2 3PN/2WC ban công Đông Nam giá 3,99 tỷ","3,99 tỷ",87 m²,3,2,"Long Biên, Hà Nội","Dự án Việt Hưng, Phường Đức Giang, Long Biên, Hà Nội",39105046
"Bán Gấp CC The CBD Premium Home, 3 PN, 2 WC 2,5 tỷ, 80m2, view đẹp tại Đồng Văn Cống, Quận 2","2,5 tỷ",80 m²,3,2,"Quận 2, Hồ Chí Minh","The CBD Premium Home, Đường Đồng Văn Cống, Phường Thạnh Mỹ Lợi, Quận 2, Hồ Chí Minh",42466582
"Bán CHCC mini Thanh Xuân, bagac đỗ, 2 thoáng, 45m*6T*10Ph KK full đồ, thang máy, SDCC",10 tỷ,45 m²,10,10,"Thanh Xuân, Hà Nội","Đường Nguyễn Trãi, Phường Khương Đình, Thanh Xuân, Hà Nội",40694199
"Căn nhà tuyệt đẹp hiện đại, ngõ xe hơi vào thoải mái, thanh bình và cực kỳ tiện lợi",49 tỷ,143 m²,4,6,"Tây Hồ, Hà Nội","Đường Đặng Thai Mai, Phường Quảng An, Tây Hồ, Hà Nội",42310173
"Bán nhà riêng tại Cách Mạng Tháng Tám, 9 tỷ, ô tô đến cửa (60m2) 3 tầng",9 tỷ,60 m²,3,3,"Quận 3, Hồ Chí Minh","Đường Cách Mạng Tháng Tám, Phường 11, Quận 3, Hồ Chí Minh",42563365
"Bán gấp đất nghỉ dưỡng 3000m2, view cao, đất nở hậu, thích hợp nghỉ dưỡng, đầu tư sinh lời",Giá thỏa thuận,3.000 m²,N/A,N/A,"Thạch Thất, Hà Nội","Xã Tiến Xuân, Thạch Thất, Hà Nội",42074249
"Nhà 1 lầu mặt tiền đường Nguyễn Du, P7, Quận - GV","11,65 tỷ",67 m²,3,2,"Gò Vấp, Hồ Chí Minh","Đường Nguyễn Du, Phường 7, Gò Vấp, Hồ Chí Minh",40174535
"Quá đẹp! TT đường Cầu Giấy, xây mới 91m2*6T*20p KK, full đồ, ngõ nông, đủ GPXD & PCCC, SĐCC đẹp",Giá thỏa thuận,91 m²,20,20,"Cầu Giấy, Hà Nội","Đường Cầu Giấy, Phường Quan Hoa, Cầu Giấy, Hà Nội",41412019
"Cực hiếm căn hộ chung cư sát Việt Hưng 52m2 2PN, 1WC thoáng mát giá 2,55 tỷ","2,55 tỷ",52 m²,2,1,"Long Biên, Hà Nội","Dự án Việt Hưng, Phường Giang Biên, Long Biên, Hà Nội",42291428
"Bán liền kề, biệt thự Vinhomes Đan Phượng, diện tích 88m2, 96m2, Đa tiện ích, chiết khấu cao",22 tỷ,88 m²,N/A,N/A,"Đan Phượng, Hà Nội","Dự án Vinhomes Wonder Park, Xã Tân Hội, Đan Phượng, Hà Nội",41808695
SỞ HỮU 14.500M² BIỆT THỰ VƯỜN NGHỈ DƯỠNG CẠNH ĐƯỜNG VÀNH ĐAI 5 & KHU NGHỈ DƯỠNG LỚN NHẤT LƯƠNG SƠN!,Giá thỏa thuận,9.000 m²,N/A,N/A,"Lương Sơn, Hòa Bình","Xã Liên Sơn, Lương Sơn, Hòa Bình",42511301
Conic Boulevard căn 2PN - 85m2 thanh toán 15% nhận nhà ở ngay - hỗ trợ 0% lãi vay trong 18 tháng,"2,95 tỷ",85 m²,2,2,"Bình Chánh, Hồ Chí Minh","Dự án Conic Boulevard, Đường Huỳnh Bá Chánh, Xã Tân Kiên, Bình Chánh, Hồ Chí Minh",41378245
"Tòa CHDV Cầu Giấy, mới 55m2*6T*15p KK, TM, full đồ, logoc, ngõ thoáng, 50m ôtô tránh, PCCC & GPXD",Giá thỏa thuận,55 m²,15,15,"Cầu Giấy, Hà Nội","Đường Hạ Yên Quyết, Phường Yên Hòa, Cầu Giấy, Hà Nội",38643927
Cách thị trấn Châu Thành chỉ 5p bán gấp lô đất 820m2(14x58)ngay DT781 cạnh trường THCS sổ hồng,790 triệu,820 m²,N/A,N/A,"Châu Thành, Tây Ninh","Xã Thành Long, Châu Thành, Tây Ninh",42311191
"Bán căn góc 2 mặt tiền quận 1 hẻm xe tải 5 mét . Chiều ngang 10 mét, nhà 3 tầng. Giá chỉ 9,8 tỷ","9,8 tỷ",50 m²,3,3,"Quận 1, Hồ Chí Minh","Đường Trần Hưng Đạo, Phường Cầu Kho, Quận 1, Hồ Chí Minh",42551146
"Dương Văn Bé - Hai Bà Trưng. Siêu phẩm gần phố ngõ rộng,hàng xóm TimeCyti.Ở sướng, xây CCMN cực đẹp","12,6 tỷ",120 m²,N/A,N/A,"Hai Bà Trưng, Hà Nội","Đường Dương Văn Bé, Phường Vĩnh Tuy, Hai Bà Trưng, Hà Nội",42573150
Chính chủ bán nhanh lô đất ở Hương Mạc - Từ Sơn diện tích 56m2,"1,1 tỷ",56 m²,N/A,N/A,"Từ Sơn, Bắc Ninh","Phường Hương Mạc, Từ Sơn, Bắc Ninh",42505602
MẶT PHỐ ĐƯỜNG LÁNG - VỈA HÈ KINH DOANH - MỘT MẶT PHỐ - MỘT MẶT NGÕ OTO - THANG MÁY,27 tỷ,45 m²,4,5,"Đống Đa, Hà Nội","Phường Láng Thượng, Đống Đa, Hà Nội",42580049
Chỉ 4950 triệu nhận ngay căn 3ng full nội thất tại trung tâm Mỹ Đình sổ đỏ trao tay LH: 0973 351 ***,"4,95 tỷ",85 m²,3,2,"Nam Từ Liêm, Hà Nội","Mỹ Đình I, Đường Trần Hữu Dực, Phường Cầu Diễn, Nam Từ Liêm, Hà Nội",42506892
"Bán nhà mặt phố An Dương Vương, 13,9 tỷ, 50m2, giá tốt, Tây Hồ, Hà Nội","13,9 tỷ",50 m²,N/A,N/A,"Tây Hồ, Hà Nội","Đường An Dương Vương, Phường Phú Thượng, Tây Hồ, Hà Nội",41995988
Mặt tiền Cityland Trần Thị Nghỉ (5x20m) - 1 trệt - 4 lầu,23 tỷ,100 m²,6,5,"Gò Vấp, Hồ Chí Minh","Dự án Cityland Center Hills, Đường Nguyễn Oanh, Phường 7, Gò Vấp, Hồ Chí Minh",42032863
Nhà mới dân xây thiết kế 4pn thoáng mát trung tâm P Thạch Bàn,"7,2 tỷ",50 m²,4,4,"Long Biên, Hà Nội","Đường Thạch Bàn, Phường Thạch Bàn, Long Biên, Hà Nội",42580164
"(Chính chủ). Tôi cần bán tòa vp, phố Hoàng Ngân, Q Cầu Giấy, DT 420m2 x 10 T, MT 17 m, giá 250 tỷ",250 tỷ,420 m²,N/A,N/A,"Cầu Giấy, Hà Nội","Đường Hoàng Ngân, Phường Trung Hòa, Cầu Giấy, Hà Nội",41761949
"Biệt thự khu vực Láng Hạ, Hà Nội 124m2, 5 tầng, MT 12,4m, giá 75 tỷ",75 tỷ,124 m²,3,3,"Ba Đình, Hà Nội","Phố Láng Hạ, Phường Thành Công, Ba Đình, Hà Nội",41047846
"Bán nhà nhỏ nhỏ xinh xinh ở Trần Bình Trọng, Bình Thạnh/ SHR",Giá thỏa thuận,"18,55 m²",2,2,"Bình Thạnh, Hồ Chí Minh","Đường Trần Bình Trọng, Phường 5, Bình Thạnh, Hồ Chí Minh",42546749
"Bán nhà Khuyến Lương 31m2, 5 tầng, oto đỗ cửa, ở + kinh doanh nhỏ, View công viên, 4.85 tỷ","4,85 tỷ",31 m²,3,3,"Hoàng Mai, Hà Nội","Đường Khuyến Lương, Phường Trần Phú, Hoàng Mai, Hà Nội",40758266
Bán nhà phố Ngụy Như Kon Tum 75.2m2* 6 tầng thang máy. Hoàn thiện đẹp vị trí kinh doanh chỉ 28 tỷ,28 tỷ,"75,2 m²",5,5,"Thanh Xuân, Hà Nội","Phố Ngụy Như Kon Tum, Phường Nhân Chính, Thanh Xuân, Hà Nội",42542916
"Bán cả căn nhà 6 tầng, thang máy, hầm để xe view tuyệt đẹp, 2 mặt phố và đi lại thuận tiện",135 tỷ,420 m²,6,7,"Tây Hồ, Hà Nội","Đường Âu Cơ, Phường Nhật Tân, Tây Hồ, Hà Nội",40279209
Nhà phố khu Cityland Park Hills Lotte Mart (5x20m) đang cho thuê 42tr/tháng,"16,3 tỷ",100 m²,8,5,"Gò Vấp, Hồ Chí Minh","Dự án CityLand Park Hills, Đường Phan Văn Trị, Phường 10, Gò Vấp, Hồ Chí Minh",38794727
Căn hộ 1PN + quỹ căn ngoại giao + view biển + pháo hoa,"2,9 tỷ",46 m²,1,N/A,"Ngũ Hành Sơn, Đà Nẵng","Dự án Newtown Diamond Đà Nẵng , Đường Trường Sa, Phường Hòa Hải, Ngũ Hành Sơn, Đà Nẵng",42554758
"Bán đất tại Đông Dư, Bát Tràng, Gia Lâm, Hà Nội, 3,9 tỷ, 86m2, giá cực chất hot","3,9 tỷ",86 m²,N/A,N/A,"Gia Lâm, Hà Nội","Đường Đông Dư, Xã Bát Tràng, Gia Lâm, Hà Nội",42531494
"Nhà TK đẹp như trong tranh, ngõ Tam Trinh, 4 tầng, cách mặt phố 80m, 45m2, 5 tỷ",5 tỷ,45 m²,3,3,"Hoàng Mai, Hà Nội","Đường Tam Trinh, Phường Yên Sở, Hoàng Mai, Hà Nội",39578676
"Cần trả nợ ngân hàng bán gấp căn nhà đường Xô Viết Nghệ Tĩnh, quận Bình Thạnh. Giá 4tỷ850. SHR","4,85 tỷ",28 m²,2,2,"Bình Thạnh, Hồ Chí Minh","Đường Xô Viết Nghệ Tĩnh, Phường 21, Bình Thạnh, Hồ Chí Minh",41551395
"Chính chủ bán căn hộ chung cư The Zenpark 2,73 tỷ, 49 m2","2,73 tỷ",49 m²,1,1,"Gia Lâm, Hà Nội","Dự án The Zenpark, Đường Đông Dư, Thị trấn Trâu Quỳ, Gia Lâm, Hà Nội",42507716
"CHDV Mỹ Đình xây mới 50m2x7T 12P KK, TM, 2 thoáng, oto đỗ cửa, GPXD & PCCC đầy đủ. dòng tiền khủng",12 tỷ,50 m²,12,12,"Nam Từ Liêm, Hà Nội","đường Mỹ Đình, Phường Mỹ Đình 1, Nam Từ Liêm, Hà Nội",39355200
"Nhà 2 lầu HXH, đường Hồng Lạc, P.11, quận - TB","8,9 tỷ",61 m²,5,5,"Tân Bình, Hồ Chí Minh","Đường Hồng Hạc, Phường 11, Tân Bình, Hồ Chí Minh",41196178
Chính chủ cần bán gấp lô đất Hiệp Bình Chánh. 90m2/SHR LH: 0931 641 ***,Giá thỏa thuận,90 m²,N/A,N/A,"Thủ Đức, Hồ Chí Minh","Phường Hiệp Bình Chánh, Thủ Đức, Hồ Chí Minh",42503988
"HÀNG HIẾM PHỐ TRẦN DUY HƯNG 27,3TỶ _11TẦNG _MT/7M _DÒNG TIỀN 150TR/THÁNG_20M RA MẶT PHỐ _VÍP","27,3 tỷ",90 m²,20,20,"Cầu Giấy, Hà Nội","Đường Trần Duy Hưng, Phường Trung Hòa, Cầu Giấy, Hà Nội",42572510
"Bán nhà K347 Cách Mạng Tháng 8, Hoà Thọ Đông, Cẩm Lệ, Đà Nẵng. Cách đường chính 50m","2,5 tỷ",55 m²,2,2,"Cẩm Lệ, Đà Nẵng","K347 Cách Mạng Tháng Tám, Phường Hòa Thọ Đông, Cẩm Lệ, Đà Nẵng",42562567
"Bán nhà mặt hồ Quảng An, Tây Hồ 300m2 đường ô tô view thoáng vĩnh viễn, giá 50 tỷ",50 tỷ,300 m²,5,5,"Tây Hồ, Hà Nội","Đường Âu Cơ, Phường Quảng An, Tây Hồ, Hà Nội",42363402
"Bán nhà xưởng, Quận 12, Hồ Chí Minh. Long An mặt tiền Phường Hiệp Thành",12 tỷ,232 m²,N/A,5,"Quận 12, Hồ Chí Minh","Đường Hiệp Thành 26, Phường Hiệp Thành, Quận 12, Hồ Chí Minh",42435812
"Chính chủ bán căn hộ tại Riverside Garden giá tốt chỉ 5 tỷ, 70m2, 2pn, 2PT",5 tỷ,70 m²,2,2,"Thanh Xuân, Hà Nội","Dự án Riverside Garden, Phố Vũ Tông Phan, Phường Khương Đình, Thanh Xuân, Hà Nội",41365918
"Chung cư Việt Hưng 84m2 3PN/2WC nhà đẹp về ở ngay giá 3,9 tỷ","3,9 tỷ",84 m²,4,2,"Long Biên, Hà Nội","Dự án Việt Hưng, Phường Giang Biên, Long Biên, Hà Nội",42337265
"(Chính chủ) cần bán toà KS phố Hàng Buồm, Q Hoàn Kiếm, Hn, DT 330 m2 x 7,5T, MT 10m, giá 252 tỷ",252 tỷ,350 m²,48,N/A,"Hoàn Kiếm, Hà Nội","Phố Hàng Buồm, Phường Hàng Buồm, Hoàn Kiếm, Hà Nội",41481966
"Vị trí vàng ngay trung tâm 1 trục Hoàng Hoa Thám P. 5 Bình Thạnh, 4.2x20m, 4 tầng đúc - nhỉnh 12tỷ","12,8 tỷ",80 m²,7,7,"Bình Thạnh, Hồ Chí Minh","Đường Hoàng Hoa Thám, Phường 5, Bình Thạnh, Hồ Chí Minh",41672638
"Bán Đất Nền Dự Án tại Phú Xuân Cảng Sài Gòn, 55 triệu / m2, 117.5 m2, view đẹp","6,46 tỷ","117,5 m²",N/A,N/A,"Nhà Bè, Hồ Chí Minh","Phú Xuân Cảng Sài Gòn, Đường Huỳnh Tấn Phát, Xã Phú Xuân, Nhà Bè, Hồ Chí Minh",42580093
"Chính chủ: Bán mảnh đất DT 222m2, MT gần 10m tạI Hòa Thạch - Quốc Oai. Giá 16,5 tr/m2","3,66 tỷ",222 m²,N/A,N/A,"Quốc Oai, Hà Nội","Xã Hòa Thạch, Quốc Oai, Hà Nội",42561866
Cần bán gấp 2 căn officetel Asiana Capella,Giá thỏa thuận,33 m²,N/A,N/A,"Quận 6, Hồ Chí Minh","Dự án Asiana Capella, Đường Trần Văn Kiểu, Phường 10, Quận 6, Hồ Chí Minh",38493520
"Cần bán lô đất đường Bưng Ông Thoàn quận 9 gần Villa Park. DT 50m ngang 4m giá chỉ 3,95 tỷ.","3,95 tỷ","50,2 m²",N/A,N/A,"Quận 9, Hồ Chí Minh","Đường Bưng Ông Thoàn, Phường Phú Hữu, Quận 9, Hồ Chí Minh",42580091
"Bán nhà Tam Trinh, ô tô đỗ cổng, 30m ra phố, thiết kế đẹp, 5 ngủ, 36/65m2, 5.98 tỷ","5,98 tỷ",65 m²,5,4,"Hoàng Mai, Hà Nội","Đường Tam Trinh, Phường Yên Sở, Hoàng Mai, Hà Nội",41997944
Bán lô đất 200m2 ngang 10m thổ cư 100% đường Cao Bá Quát phường Dĩ An,7 tỷ,200 m²,N/A,N/A,"Dĩ An, Bình Dương","Đường Cao Bá Quát, Phường Dĩ An, Dĩ An, Bình Dương",42580088
"VẠN PHÚC, HÀ ĐÔNG Ô TÔ NGỦ TRONG NHÀ 45M 10.3 TỶ SỔ NỞ HẬU 2 THOÁNG TRƯỚC SAU","10,3 tỷ",45 m²,N/A,N/A,"Hà Đông, Hà Nội","Phường Vạn Phúc, Hà Đông, Hà Nội",42512212
"Phân Lô phố Lạc Trung, nhà dân 6 tầng, mặt tiền 6m cực đẹp phù hợp mọi loại hình",24 tỷ,80 m²,7,6,"Hai Bà Trưng, Hà Nội","Phố Lạc Trung, Phường Vĩnh Tuy, Hai Bà Trưng, Hà Nội",42510991
"Bán đất Vạn Phước, 1,25 tỷ, 189,6 m2, giá tốt","1,25 tỷ","189,6 m²",N/A,N/A,"Vạn Ninh, Khánh Hòa","Xã Vạn Phước, Vạn Ninh, Khánh Hòa",42563353
"Chính chủ: Bán gấp lô đất 329m2 gần trục chính Phú Mãn Quốc Oai Hà Nội. Giá 8,9tr/m2, có gia lộc","2,93 tỷ",329 m²,N/A,N/A,"Quốc Oai, Hà Nội","Xã Phú Mãn, Quốc Oai, Hà Nội",42539092
"Bán Nhà mới 100%, 58.6m2, 3PN, 4WC, 1T2L, đường 9m, KDC Đ. Long Thuận, gần Vinhomes Quận 9","4,3 tỷ","58,6 m²",3,3,"Quận 9, Hồ Chí Minh","Đường Long Thuận, Phường Long Phước, Quận 9, Hồ Chí Minh",42160098
"Chính chủ bán đất đấu giá X1 Đông Hội, Mai Lâm, Đông Anh, gần Vinhomes Cổ Loa. Kinh doanh sầm uât",12 tỷ,80 m²,N/A,N/A,"Đông Anh, Hà Nội","Thôn Đông Hội, Xã Mai Lâm, Đông Anh, Hà Nội",42500331
"Đất đường betong 6m Cẩm Châu, song song MT Cửa Đại","2,2 tỷ",90 m²,N/A,N/A,"Hội An, Quảng Nam","Đường Nguyễn Trãi, Phường Cẩm Châu, Hội An, Quảng Nam",42438654
"Siêu hiếm CHCC Việt Hưng 150m 4 phòng ngủ ban công Đông Nam giá 6,45 ỷ","6,5 tỷ",150 m²,4,2,"Long Biên, Hà Nội","Khu đô thị Việt Hưng, Giang Biên, Long Biên, Hà Nội",42155792
"ĐỘC QUYỀN! QUỸ NGOẠI GIAO CĐT MELODY LINH ĐÀM CHỈ 54TR/M2,CHIẾT KHẤU 8%,TẶNG 1 CÂY VÀNG,VIEW HỒ ĐẸP","3,6 tỷ",68 m²,2,2,"Hoàng Mai, Hà Nội","Dự án Hà Nội Melody Residences, Đường Bằng Liệt, Phường Hoàng Liệt, Hoàng Mai, Hà Nội",
"BÁN ĐẤT NỀN 180M2 TẠI NGUYỄN VĂN KÝ, LONG PHƯỚC, LONG THÀNH, ĐỒNG NAI, GIÁ ƯU ĐÃI 2,8 TỶ","2,8 tỷ",180 m²,N/A,N/A,"Long Thành, Đồng Nai","Đường Nguyễn Văn Ký, Xã Long Phước, Long Thành, Đồng Nai",
BÁN CẶP CĂN SIÊU VIP ĐẠI LỘ SAN HÔ VINHOMES OCEAN PARK 2,61 tỷ,300 m²,N/A,N/A,"Văn Giang, Hưng Yên","Dự án The Empire - Vinhomes Ocean Park 2, Xã Long Hưng, Văn Giang, Hưng Yên",
"MỞ BÁN QUỸ CĂN VỊ TRÍ ĐẸP VÀ GIÁ RẺ NHẤT, KHÁCH HÀNG LIÊN HỆ SỚM ĐỂ CHỌN CĂN ƯNG Ý","19,5 tỷ",75 m²,N/A,N/A,"Đông Anh, Hà Nội","Dự án Vinhomes Cổ Loa, Đường Cổ Loa, Xã Đông Hội, Đông Anh, Hà Nội",
ĐƠN GIÁ TỪ 148TR/M2 ĐẾN 160TR/M2. GỌI 0942 906 *** ĐỂ ĐƯỢC TƯ VẤN CHỌN ĐƯỢC CĂN ĐẸP VÀ GIÁ RẺ Ạ,Giá thỏa thuận,96 m²,N/A,N/A,"Đan Phượng, Hà Nội","Dự án Vinhomes Wonder City, Xã Tân Hội, Đan Phượng, Hà Nội",
"QUỸ CĂN NGOẠI GIAO VỊ TRÍ ĐẸP, GIÁ RẺ NHẤT DỰ ÁN, KÝ HĐ TRỰC TIẾP CĐT. LH: 0937 996 ***",19 tỷ,80 m²,N/A,N/A,"Đông Anh, Hà Nội","Vinhomes Cổ Loa, Đường Cổ Loa, Xã Đông Hội, Huyện Đông Anh, Hà Nội",
"TIN GIÁ THẬT. EM HIỆP CHUYÊN BÁN CĂN HỘ LUMIERE RIVERSIDE, QUẬN 2. ĐÃ CÓ SỔ HỒNG","8,9 tỷ","74,2 m²",2,2,"Quận 2, Hồ Chí Minh","Dự án Lumiere Riverside, Đường Võ Nguyên Giáp, Phường An Phú, Quận 2, Hồ Chí Minh",
"NHẬN NHÀ Ở HOẶC CHO THUÊ NGAY, CHIẾT KHẤU LÊN ĐẾN 12% GTCH. GIÁ TRỰC TIẾP TỪ CHỦ ĐẦU TƯ PHÚ ĐÔNG","2,72 tỷ","68,2 m²",2,2,"Dĩ An, Bình Dương","Dự án Phú Đông Sky Garden, Đường An Bình, Phường An Bình, Dĩ An, Bình Dương",
BÁN LÔ BIỆT THỰ 120M2 VIEW TRỰC DIỆN BỂ BƠI VÀ VƯỜN HOA KHU KHÉP KÍN BÌNH MINH AN NINH 24/24,Giá thỏa thuận,120 m²,N/A,N/A,"Đan Phượng, Hà Nội","Vinhomes Wonder City, Tân Hội, Đan Phượng, Hà Nội",
"CỰC SỐC! CĂN 2 PHÒNG NGỦ GIÁ RẺ ORIGAMI CHỈ 2,5 TỶ VIEW HỒ BƠI,NHÀ MỚI TINH,MUA TRỰC TIẾP CĐT","2,5 tỷ",59 m²,2,N/A,"Quận 9, Hồ Chí Minh","Dự án The Origami, Đường Phước Thiện, Phường Long Bình, Quận 9, Hồ Chí Minh",
"ĐỘC QUYỀN 10 CĂN TẦNG TRUNG VIEW HỒ, STUDIO - 1PN - 2PN-3PN, CHIẾT KHẤU NGAY 18,5% KÝ TRỰC TIẾP CĐT",Giá thỏa thuận,60 m²,2,2,"Đông Anh, Hà Nội","Dự án Imperia Cổ Loa, Xã Đông Hội, Đông Anh, Hà Nội",
"1PN-2PN-3PN VINHOMES Q9 CẮT LỖ 500-1.2 TỶ, CAM KẾT GIÁ RẺ HƠN 100 - 200TR LH 0931 896 *** XEM NHÀ","2,65 tỷ",60 m²,2,2,"Quận 9, Hồ Chí Minh","Dự án Vinhomes Grand Park, Phường Long Thạnh Mỹ, Quận 9, Hồ Chí Minh",
"(TIN THẬT) CỰC HIẾM, BÁN NHÀ QUẬN TÂN BÌNH, MT 6M, PHÂN LÔ VỈA HÈ, Ô TÔ TRÁNH, KHÔNG LỖI, XÂY CCMN","12,5 tỷ",121 m²,3,3,"Tân Bình, Hồ Chí Minh","Đường Phạm Văn Bạch, Phường 14, Tân Bình, Hồ Chí Minh",
"CHỦ CẦN BÁN LÔ GEM SKY WORLD VIEW CÔNG VIÊN, K LỖI PHONG THỦY, SỔ RIÊNG CÁ NHÂN THỔ CƯ 100%","2,15 tỷ",100 m²,N/A,N/A,"Long Thành, Đồng Nai","Xã Long Đức, Long Thành, Đồng Nai",
"BÁN CĂN 2N2VS 65M2, FULL ĐỒ, HƯỚNG ĐÔNG BẮC MÁT MẺ, GIÁ CHỈ 3.06 TỶ","3,06 tỷ",65 m²,2,2,"Gia Lâm, Hà Nội","Dự án Vinhomes Ocean Park Gia Lâm, Xã Dương Xá, Gia Lâm, Hà Nội",
"HOT! TỔNG HỢP RỔ HÀNG CHUYỂN NHƯỢNG SWANBAY MỚI NHẤT T3/2025, NHIỀU CĂN GIÁ TỐT NHẤT, VỊ TRÍ ĐẸP",18 tỷ,320 m²,3,3,"Nhơn Trạch, Đồng Nai","Dự án Swan Bay, Xã Đại Phước, Nhơn Trạch, Đồng Nai",
"BÁN ĐẤT NỀN KHU ĐÔ THỊ DIC VICTORY CITY, TRUNG TÂM TP VỊ THANH, HẬU GIANG, GIÁ CHỈ TỪ 10,5 TRIỆU/M2","997,5 triệu",95 m²,N/A,N/A,"Vị Thanh, Hậu Giang","Dự án DIC Victory City, Đường Đại lộ Võ Nguyên Giáp, Phường 4, Vị Thanh, Hậu Giang",
"BÁN CĂN HỘ CHUNG CƯ TẠI VINHOMES OCEAN PARK GIA LÂM, 2,48 TỶ, 48M2, HÀNG HIẾM GIÁ SIÊU HỜI","2,48 tỷ",48 m²,1,1,"Gia Lâm, Hà Nội","Dự án Vinhomes Ocean Park Gia Lâm, Xã Dương Xá, Gia Lâm, Hà Nội",
"MỞ BÁN PHÂN KHU DIAMOND, TT20% CÒN LẠI GÓP 3 NĂM 0% LS, LH EM ĐỂ CÓ ƯU ĐÃI TỐT NHẤT - 0935 686 ***","4,4 tỷ",85 m²,2,2,"Tân Phú, Hồ Chí Minh","Dự án Celadon City, Đường N1, Phường Sơn Kỳ, Tân Phú, Hồ Chí Minh",
"CHÍNH CHỦ BÁN LÔ SÁT FPT DT 143M2 GIÁ 3,9 TỶ LHCC 0905 696 ***","3,9 tỷ",143 m²,N/A,N/A,"Điện Bàn, Quảng Nam","KĐT số 3 Điện Nam Điện Ngọc, Phường Điện Ngọc, Điện Bàn, Quảng Nam",
