Tên dự án,Giá,Diện tích,Phòng ngủ,Phòng vệ sinh,Vị trí,Địa chỉ chi tiết
"Biệt thự, liền kề Vinhomes Đan Phượng trực tiếp CDT chỉ 156tr/m2 đất, HT vay 70% miễn gốc lãi 24T",Giá thỏa thuận,99 m²,Không có thông tin,Không có thông tin,"Đan Phượng, Hà Nội","Dự án Vinhomes Wonder Park, Xã Tân Hội, Đan Phượng, Hà Nội"
Bán đất mặt tiền diện tích 1040m2 Quốc Lộ N2 thuận tiện kinh doanh gần KCN Việt Phát Hoàn Cầu,Giá thỏa thuận,1.040 m²,Không có thông tin,Không có thông tin,"Bến Lức, Long An","Xã Thạnh Lợi, Bến Lức, Long An"
"Bán đất mặt tiền 52m Quốc lộ N2 Tân Thạnh Long An, DT 11.812m2",Giá thỏa thuận,11.812 m²,Không có thông tin,Không có thông tin,"Tân Thạnh, Long An","Xã Nhơn Ninh, Tân Thạnh, Long An"
"Quỹ căn Vinhomes Skylake Phạm Hùng, Mỹ Đình, Nam Từ Liêm 3PN giá tốt nhất T3/2025",8 tỷ,90 m²,3,2,"Nam Từ Liêm, Hà Nội","Dự án Vinhomes Skylake, Đường Phạm Hùng, Phường Mỹ Đình 1, Nam Từ Liêm, Hà Nội."
Giá đợt 1 Vinhomes Đan Phượng chỉ 156tr/m2 = 14 tỷ/căn LK mặt tiền 8m giá dành cho 400KH đầu tiên,Giá thỏa thuận,88 m²,Không có thông tin,Không có thông tin,"Đan Phượng, Hà Nội","Vinhomes Wonder Park, Tân Hội, Đan Phượng, Hà Nội"
Bán căn hộ chung cư 130m2 vew hồ điều hoà,7 tỷ,130 m²,3,2,"Nam Từ Liêm, Hà Nội","Dự án Tây Hà Tower, Đường Tố Hữu, Phường Trung Văn, Nam Từ Liêm, Hà Nội"
"Cần bán liền kề Thanh Hà DT 100m2, giá chỉ 9,5 tỷ đồng","9,5 tỷ",100 m²,Không có thông tin,Không có thông tin,"Hà Đông, Hà Nội","Dự án Thanh Hà Mường Thanh, Phường Kiến Hưng, Hà Đông, Hà Nội"
"Chính chủ cần bán nhà đường XVNT, P.26, Q.Bình Thạnh, đường ôtô né nhau, xe tải quay đầu thoải mái","10,9 tỷ",65 m²,3,3,"Bình Thạnh, Hồ Chí Minh","Đường Xô Viết Nghệ Tĩnh, Phường 26, Bình Thạnh, Hồ Chí Minh"
"Chính chủ bán đất có vị trí đắc địa tại xã Thạnh Lợi, Bến Lức, tỉnh Long An",Giá thỏa thuận,"9.346,6 m²",Không có thông tin,Không có thông tin,"Bến Lức, Long An","Xã Thạnh Lợi, Bến Lức, Long An"
"Chính chủ bán căn hộ 90m², phòng 14.6 tòa nhà Vimeco 1, Trung Hòa, Cầu Giấy","6,85 tỷ",90 m²,3,2,"Cầu Giấy, Hà Nội","Dự án Vimeco Phạm Hùng, Đường Phạm Hùng, Phường Trung Hòa, Cầu Giấy, Hà Nội"
Quỹ căn cần bán gấp 03/2025 tại Royal City. Cam kết có slot oto. Full tiện ích 5sao. LH 0375 122 ***,"10,2 tỷ",130 m²,3,2,"Thanh Xuân, Hà Nội","Royal City, Nguyễn Trãi, Thượng Đình, Thanh Xuân, Hà Nội"
"Cần bán đất mặt tiền Quốc Lộ N2 - Tân Thạnh, Long An. Diện tích: 17.970m2",Giá thỏa thuận,17.970 m²,Không có thông tin,Không có thông tin,"Tân Thạnh, Long An","Xã Nhơn Ninh, Tân Thạnh, Long An"
"Cần bán căn hộ 2PN2WC Ruby Vinhomes Ocean Park Gia Lâm diện tích 68m giá bán 4,350tỷ LH 0923 468 ***","4,35 tỷ",68 m²,2,2,"Gia Lâm, Hà Nội","Dự án The Zenpark, Đường Đông Dư, Thị trấn Trâu Quỳ, Gia Lâm, Hà Nội"
"Chính chủ cắt lỗ bán nhanh căn hộ 2PN Sunshine Sky City Tòa S3 DT 77,5m2, tầng cao view đẹp có TL","5,5 tỷ","77,5 m²",2,2,"Quận 7, Hồ Chí Minh","Dự án Sunshine Sky City , Đường Phú Thuận, Phường Tân Phú, Quận 7, Hồ Chí Minh"
"Chính chủ bán nhà riêng 6 tầng x 51m2, thang máy, lô góc, full nội thất, Nguyễn Văn Cừ, ngõ 3m","9,55 tỷ",51 m²,3,5,"Long Biên, Hà Nội","Đường Nguyễn Văn Cừ, Phường Gia Thụy, Long Biên, Hà Nội"
"The Filmore giỏ hàng 23 căn từ CDT, chiết khấu 16%, nhận nhà ở ngay, Mr Cường chuyên dự án ngày đầu","5,06 tỷ","51,3 m²",1,Không có thông tin,"Hải Châu, Đà Nẵng","Dự án The Filmore Da Nang, Đường Bạch Đằng, Phường Bình Thuận, Hải Châu, Đà Nẵng"
"HimLam ra hàng mới nhất, quỹ các căn shophouse đường Lý Tử Tấn. Đường 33m + vỉa hè 5m. Giá từ 17 tỷ","18,5 tỷ","88,3 m²",6,7,"Thường Tín, Hà Nội","Him Lam Thường Tín, Đường Trần Phú, Thị trấn Thường Tín, Thường Tín, Hà Nội"
"Bán căn hộ Iris Garden 30 Trần Hữu Dực, DT 60,7 đến 135m2 2 và 3 ngủ 4,5 tỷ đến 8,3 tỷ xem nhà 24/7",Giá thỏa thuận,"60,7 m²",2,2,"Nam Từ Liêm, Hà Nội","Iris Garden, 30, Đường Trần Hữu Dực, Phường Cầu Diễn, Nam Từ Liêm, Hà Nội"
Bán biệt thự lô góc 2 mặt tiền KĐT HUD Mê Linh,21 tỷ,293 m²,Không có thông tin,Không có thông tin,"Mê Linh, Hà Nội","Dự án HUD Me Linh Central, Xã Thanh Lâm, Mê Linh, Hà Nội"
"Bán biệt thự vườn, mặt tiền đường Lê Đức Thọ - Trung tâm TP. Phú Mỹ - Bà Rịa - Vũng Tàu","16,1 tỷ",2.100 m²,Không có thông tin,Không có thông tin,"Phú Mỹ, Bà Rịa Vũng Tàu","Đường Lê Đức Thọ, Phường Phú Mỹ, Phú Mỹ, Bà Rịa Vũng Tàu"
Bán song lập Ngọc Trai 150m2 giá tốt nhất khu khép kín tại Vinhomes Ocean Park Gia Lâm,34 tỷ,150 m²,Không có thông tin,Không có thông tin,"Gia Lâm, Hà Nội","Dự án Vinhomes Ocean Park Gia Lâm, Xã Dương Xá, Gia Lâm, Hà Nội"
"Bán nhà mặt tiền Cao Thắng, P5, Quận 3, DT: 14x25m công nhận 220m2 - 3 tầng, giá bán chỉ 85 tỷ",85 tỷ,220 m²,Không có thông tin,Không có thông tin,"Quận 3, Hồ Chí Minh","Đường Cao Thắng, Phường 5, Quận 3, Hồ Chí Minh"
Căn hộ biển Quy Nhơn - Sở hữu lâu dài (thuê lại sau khi khách hàng nhận bàn giao căn hộ),Giá thỏa thuận,46 m²,1,1,"Quy Nhơn, Bình Định","Simona Heights , 145A, Đường Trần Hưng Đạo, Phường Thị Nại, Quy Nhơn, Bình Định"
Bán căn góc 2 mặt tiền mặt đường vành đai 4 KĐT HUD Mê Linh,"23,89 tỷ","183,8 m²",Không có thông tin,Không có thông tin,"Mê Linh, Hà Nội","HUD Me Linh Central, Thanh Lâm, Mê Linh, Hà Nội"
"Bán nhà 2 mặt tiền phố Phạm Huy Thông, 9,9 tỷ, 70m2, 2PN, 2WC, Gò Vấp, HCM","9,9 tỷ",70 m²,2,2,"Gò Vấp, Hồ Chí Minh","Đường Phạm Huy Thông, Phường 7, Gò Vấp, Hồ Chí Minh"
Bán gấp căn hộ chính chủ TimesCity - Park Hill giá rẻ nhất thị trường t3/2025. LH 0968 108 ***,"7,3 tỷ",95 m²,2,2,"Hai Bà Trưng, Hà Nội","Times City, Minh Khai, Vĩnh Tuy, Hai Bà Trưng, Hà Nội"
Đất mặt tiền đường trục chính trung tâm thành phố Phú Mỹ - BR - VT,"6,5 tỷ",1.000 m²,Không có thông tin,Không có thông tin,"Phú Mỹ, Bà Rịa Vũng Tàu","Đường Mỹ Xuân - Ngãi Giao, Phường Hắc Dịch, Phú Mỹ, Bà Rịa Vũng Tàu"
"Bán biệt thự 320m2 tại phường Long Toàn, TP - Bà Rịa","12,1 tỷ",320 m²,4,4,"Bà Rịa, Bà Rịa Vũng Tàu","Phường Long Toàn, Bà Rịa, Bà Rịa Vũng Tàu"
CHÍNH CHỦ ĐỘC QUYỀN BÁN lô góc HOA HẬU 2 mặt tiền 2ty249tr view cánh đồng mát mẻ SỔ ĐỎ sẵn sang tên,"2,25 tỷ",314 m²,Không có thông tin,Không có thông tin,"Phúc Yên, Vĩnh Phúc","Xã Ngọc Thanh, Phúc Yên, Vĩnh Phúc"
"Bán đất vip 285 Đại lộ Bình Dương, phường Chánh Nghĩa, Thủ Dầu Một","113,51 tỷ","463,3 m²",Không có thông tin,Không có thông tin,"Thủ Dầu Một, Bình Dương","Số 285, Đường Đại Lộ Bình Dương, Phường Chánh Nghĩa, Thủ Dầu Một, Bình Dương"
"Nội bộ CĐT bán 2PN 71,82m2 The Rivana giá 102% chỉ 2tỷ490 (SHR) - mặt tiền QL13 & view sông Sài Gòn","2,49 tỷ","71,82 m²",2,2,"Thuận An, Bình Dương","Dự án The Rivana, Đường Quốc Lộ 13, Phường Vĩnh Phú, Thuận An, Bình Dương"
"Akari City 2PN1WC 2.650 tỷ, 2PN2WC 3.2 tỷ, 80m2/3,6 tỷ, 3.25 tỷ/62m2. đã có sổ hồng. trực tiếp CĐT","3,2 tỷ",75 m²,2,2,"Bình Tân, Hồ Chí Minh","Dự án Akari City Nam Long, Đường Võ Văn Kiệt, Phường An Lạc, Bình Tân, Hồ Chí Minh"
"Bán nhà mặt phố Trần Điền phía gần đường 2.5. Diện tích sàn 176m2, 4 tầng",Giá thỏa thuận,176 m²,Không có thông tin,Không có thông tin,"Hoàng Mai, Hà Nội","Dự án KĐT Định Công, Phố Trần Điền, Phường Định Công, Hoàng Mai, Hà Nội"
"Nhà đẹp, giá tốt. Thương lượng chính chủ. Hỗ trợ vay ngân hàng. Không tiếp môi giới","8,7 tỷ","79,4 m²",4,5,"Đà Lạt, Lâm Đồng","Phố Phù Đổng Thiên Vương, Phường 8, Đà Lạt, Lâm Đồng"
"Chính chủ bán đất Hòa Thạch, Quốc Oai đầy đủ pháp lý, vị trí cực đẹp, dt 232m2, chỉ 16.5 triệu/m2","3,83 tỷ",232 m²,Không có thông tin,Không có thông tin,"Quốc Oai, Hà Nội","Xã Hòa Thạch, Quốc Oai, Hà Nội"
"Đất tái định cư Ngọc Thuỵ, DT 58,8m2, mặt tiền 4,35m, đường trước đất 14m, 2 thoáng, 14 tỷ",14 tỷ,"58,8 m²",Không có thông tin,Không có thông tin,"Long Biên, Hà Nội","Phường Ngọc Thụy, Long Biên, Hà Nội"
Cần bán căn hộ 8x Plus 67m2 2PN 2WC giá 2.5 tỷ đã có sổ hồng,"2,5 tỷ",67 m²,2,2,"Quận 12, Hồ Chí Minh","Dự án 8X Plus Trường Chinh, Đường Trường Chinh, Phường Tân Thới Nhất, Quận 12, Hồ Chí Minh"
"Bán nhà chính chủ ngõ 554 Nguyễn Văn Cừ, 10.6 tỷ, 40.3m2, ôtô đỗ cửa 3,5 tầng, phong thủy tốt","10,6 tỷ","40,3 m²",Không có thông tin,Không có thông tin,"Long Biên, Hà Nội","Đường Nguyễn Văn Cừ, Phường Gia Thụy, Long Biên, Hà Nội"
"Bán căn 2PN góc giá siêu tốt giai đoạn đầu, thanh toán giãn đến năm 2028","8,7 tỷ",74 m²,2,2,"Quận 2, Hồ Chí Minh","Dự án Eaton Park, Đường Mai Chí Thọ, Phường An Phú, Quận 2, Hồ Chí Minh"
Chính chủ bán nhà số 47 Phố Chợ Đôn - Lê Chân - Hải Phòng,Giá thỏa thuận,60 m²,4,3,"Lê Chân, Hải Phòng","Phường Nghĩa Xá, Lê Chân, Hải Phòng"
Bán 90 nền đất sổ sẵn - pháp lý chuẩn cho XD - Gần BV Xuyên Á - Đất Tân Phú Trung Củ Chi 80m2 120m2,"1,8 tỷ",105 m²,Không có thông tin,Không có thông tin,"Củ Chi, Hồ Chí Minh","Dự án KDC Tân Phú Trung, Đường Cây Da, Xã Tân Phú Trung, Củ Chi, Hồ Chí Minh"
"Căn hộ 2PN 2VS giá chỉ từ 2,3tỷ. Dự Án Vic Grand Square Việt Trì. Vốn ban đầu ~700tr(30%GTCH)","2,2 tỷ",68 m²,2,2,"Việt Trì, Phú Thọ","Dự án Vic Grand Square, Đường Hùng Vương, Phường Gia Cẩm, Việt Trì, Phú Thọ"
"Bán lô đất 1972m2 chính chủ tại bãi biển Duy Hải, LH 0868 943 *** Duy Liêm","19,23 tỷ",1.972 m²,Không có thông tin,Không có thông tin,"Duy Xuyên, Quảng Nam","Xã Duy Hải, Duy Xuyên, Quảng Nam"
Shophouse STC Long Thành - Giỏ hàng vị trí đẹp nhất. Giá gốc với nhiều CSBH hấp dẫn. LH 0966 284 ***,Giá thỏa thuận,100 m²,Không có thông tin,Không có thông tin,"Long Thành, Đồng Nai","Dự án STC Long Thành, Xã Bình Sơn, Long Thành, Đồng Nai"
STC Long Thành mặt tiền ĐT769 vị trí đắc địa khu vực sân bay. Giỏ hàng mới nhất SHR LH 0902 445 ***,"2,5 tỷ",100 m²,Không có thông tin,Không có thông tin,"Long Thành, Đồng Nai","Dự án STC Long Thành, Đường ĐT 769, Xã Bình Sơn, Long Thành, Đồng Nai"
"Chuyển nhượng đất chính chủ khu nghỉ dưỡng nhà vườn thôn Long Phú, xã Hòa Thạch, Quốc Oai, HN",Giá thỏa thuận,366 m²,Không có thông tin,Không có thông tin,"Quốc Oai, Hà Nội","Xã Hòa Thạch, Quốc Oai, Hà Nội"
"Cần bán đất gấp 10 tỷ, diện tích 11,702 m2 Hà Lâm, Lâm Đồng, hoa hồng 2%",10 tỷ,11.702 m²,Không có thông tin,Không có thông tin,"Đạ Huoai, Lâm Đồng","Xã Hà Lâm, Đạ Huoai, Lâm Đồng"
"Bán đất mặt đường chính Tôn Đức Thắng rộng 30m cắt phố đi bộ BigC, MT 7m, DT 126m2, sổ đỏ chính chủ","10,33 tỷ",126 m²,Không có thông tin,Không có thông tin,"Bắc Giang, Bắc Giang","Phố Tôn Đức Thắng, Xã Dĩnh Kế, Bắc Giang, Bắc Giang"
"Bán gấp đất Liên Phường, Q9, 65m2, đối diện trường học, SHR, 0936 875 *** cô Ba","1,49 tỷ",65 m²,Không có thông tin,Không có thông tin,"Quận 9, Hồ Chí Minh","Đường Liên Phường, Phường Phước Long B, Quận 9, Hồ Chí Minh"
"Chỉ 250 triệu sở hữu căn hộ TT Thành Phố Phú Mỹ, tỉ suất lợi nhuận cho thuê hơn TP HCM, Bình Dương",Giá thỏa thuận,65 m²,2,2,"Phú Mỹ, Bà Rịa Vũng Tàu","Dự án Citymark Residence, Đường Quốc Lộ 51, Phường Phú Mỹ, Phú Mỹ, Bà Rịa Vũng Tàu"
"Văn phòng Kiến Hưng Luxury bán quỹ căn chuyển nhượng đẹp nhất dự án giá từ 15,5 tỷ","15,5 tỷ",70 m²,Không có thông tin,Không có thông tin,"Hà Đông, Hà Nội","Dự án Kiến Hưng Luxury, Phường Kiến Hưng, Hà Đông, Hà Nội"
"Chính chủ cần bán căn hộ 73m2 toà C tầng 6 CC Eco City Việt Hưng, full nội thất cách Hồ Gươm 6,5km",4 tỷ,73 m²,2,2,"Long Biên, Hà Nội","Dự án Eco City Việt Hưng, Phường Giang Biên, Long Biên, Hà Nội"
Bán Căn Hộ Masteri Cao Cấp Sang Trọng Nhất Thành Phố Thủ Đức,"4,5 tỷ",74 m²,2,Không có thông tin,"Thủ Đức, Hồ Chí Minh","Phường Long Bình, Thủ Đức, Hồ Chí Minh"
Em Toàn chuyên chuyển nhượng căn hộ tại CC Florence - 28 Trần Hữu Dực. Cập nhật quỹ căn,"6,75 tỷ","91,5 m²",3,2,"Nam Từ Liêm, Hà Nội","Florence Mỹ Đình, 28, Đường Trần Hữu Dực, Phường Cầu Diễn, Nam Từ Liêm, Hà Nội"
"Bán shophouse Jamila Khang Điền tại đường Song Hành, Quận 9, TP. HCM, 115 m2 giá tốt","7,2 tỷ",115 m²,1,2,"Quận 9, Hồ Chí Minh","Dự án Jamila Khang Điền, Đường Song Hành, Phường Phú Hữu, Quận 9, Hồ Chí Minh"
"Căn rẻ nhất thị trường. View đẹp, giá tốt giai đoạn đầu. Chiết khấu 23.8%, tặng thêm 500tr","5,9 tỷ",120 m²,3,4,"Cam Ranh, Khánh Hòa","Sông Town, Đường Nguyễn Tất Thành, Phường Cam Nghĩa, Thành phố Cam Ranh, Khánh Hòa"
"Chính chủ bán mảnh đất tại Quận 12, TP. Hồ Chí Minh. Diện tích 128,7m2, nhà cấp 4 đã hoàn công","4,6 tỷ","128,7 m²",Không có thông tin,Không có thông tin,"Quận 12, Hồ Chí Minh","Phường Thạnh Xuân, Quận 12, Hồ Chí Minh"
"Chính chủ định cư nước ngoài cần bán gấp nhà số 15 Phường Bình An ,Thành phố Thủ Đức , pháp lý sạch",35 tỷ,168 m²,4,5,"Quận 2, Hồ Chí Minh","Đường Số 40, Phường Bình An, Quận 2, Hồ Chí Minh"
"Hoàng Huy New City-Shophouse mặt đường Đỗ Mười,Sẻ Khe,góc,view hồ, CSBH,ưu đãi,giá căn LH0528 758 ***",Giá thỏa thuận,90 m²,Không có thông tin,Không có thông tin,"Thủy Nguyên, Hải Phòng","Dự án Hoàng Huy New City, Đường Đỗ Mười, Phường Dương Quan, Thủy Nguyên, Hải Phòng"
"Độc quyền chính chủ cần bán căn 2 phòng ngủ tầng cao view ngắm pháo hoa, quận 1, giá chỉ 15,9 tỷ","15,9 tỷ",76 m²,2,2,"Quận 2, Hồ Chí Minh","Dự án The Opera Residence, Đường Đại Lộ Vòng Cung, Phường Thủ Thiêm, Quận 2, Hồ Chí Minh."
Bán mảnh đất siêu phẩm lô góc 120m2 sát trục chính thị trấn Chúc Sơn Chương Mỹ mặt tiền kinh doanh,"4,56 tỷ",120 m²,Không có thông tin,Không có thông tin,"Chương Mỹ, Hà Nội","Xã Ngọc Hòa, Chương Mỹ, Hà Nội"
"Giỏ hàng độc quyền căn hoa hậu Hy Lạp Sông Town, giá giai đoạn đầu, tặng 500tr","9,5 tỷ","122,4 m²",3,4,"Cam Ranh, Khánh Hòa","Dự án Sông Town, Đường Nguyễn Tất Thành, Phường Cam Nghĩa, Cam Ranh, Khánh Hòa"
Căn góc Hy Lạp với tầm nhìn sân golf siêu đẹp. Giá ưu đãi giai đoạn đầu.Chiết khấu hơn 2 tỷ + 500tr,9 tỷ,"158,86 m²",3,4,"Cam Ranh, Khánh Hòa","Dự án Sông Town, Đường Nguyễn Tất Thành, Phường Cam Nghĩa, Cam Ranh, Khánh Hòa"
DCapital Riverside Bến Cát Bình Dương,"2,9 tỷ",150 m²,Không có thông tin,Không có thông tin,"Bến Cát, Bình Dương","Dự án Ngũ Tượng Khải Hoàn, Đường Đại Lộ Bình Dương, Phường Thới Hòa, Bến Cát, Bình Dương"
"CC bán nhanh nhà Vườn 18,600m² đầy tiềm năng tăng giá dòng tiền 30 triệu/tháng, giá cực hấp dẫn","9,98 tỷ",18.600 m²,Không có thông tin,Không có thông tin,"Bình Long, Bình Phước","Xã Thanh Lương, Bình Long, Bình Phước"
"Siêu phẩm căn hộ giới hạn 2 ngủ 45,6m2 giá 790tr tầng đẹp, view Đông Nam view hồ, view trường học",790 triệu,"45,6 m²",2,1,"Yên Phong, Bắc Ninh","Dự án GrandHome Yên Phong, Đường Tỉnh lộ 295, Xã Đông Tiến, Yên Phong, Bắc Ninh"
Quỹ căn hộ giá rẻ không chênh hỗ trợ vay vốn ngân hàng 80% sổ đỏ sang tên rẻ hơn CDT 500 triệu,"3,3 tỷ",68 m²,2,2,"Đông Anh, Hà Nội","Dự án Eurowindow River Park, Đường 5, Xã Đông Hội, Đông Anh, Hà Nội"
"Bán nhà mặt tiền Phạm Văn Thuận 14x36, diện tích sàn 1400m tại Biên Hoà, Đồng Nai",63 tỷ,490 m²,3,3,"Biên Hòa, Đồng Nai","Đường Phạm Văn Thuận, Phường Tân Mai, Biên Hòa, Đồng Nai"
"Chỉ 1.5 tỷ sở hữu căn 1 ngủ tòa S3 Symphony ven sông Hàn ngắm pháo hoa , bán đảo Sơn Trà .",4 tỷ,58 m²,1,1,"Sơn Trà, Đà Nẵng","Dự án Sun Symphony Residence, Đường Trần Hưng Đạo, Phường Nại Hiên Đông , Sơn Trà, Đà Nẵng"
"Chính chủ cần bán gấp nhà riêng phố Kim Mã, Ba Đình, Hà Nội 5 tầng full nội thất giá rẻ","8,8 tỷ",43 m²,5,3,"Ba Đình, Hà Nội","Phố Kim Mã, Phường Kim Mã, Ba Đình, Hà Nội"
"Gia đình cần bán gấp nhà phố Lavila KDC ven sông, sổ hồng đầy đủ, giá (10.39 tỷ) LH: 0909 888 ***","10,39 tỷ",106 m²,4,4,"Nhà Bè, Hồ Chí Minh","Dự án Lavila Kiến Á - Nhà Bè, Đường Nguyễn Hữu Thọ, Xã Phước Kiển, Nhà Bè, Hồ Chí Minh"
Gia đình cần bán gấp biệt thự Nine South KDC Ven Sông 15 tỷ (Thương lượng). LH: 0909 888 ***,15 tỷ,140 m²,4,5,"Nhà Bè, Hồ Chí Minh","Dự án Nine South Estates, Đường Nguyễn Hữu Thọ, Xã Phước Kiển, Nhà Bè, Hồ Chí Minh"
Khách sạn hiện đại nằm ở vị trí đắc địa nhìn ra vịnh,170 tỷ,240 m²,Không có thông tin,Không có thông tin,"Hạ Long, Quảng Ninh","Đường 20, Phường Bạch Đằng, Hạ Long, Quảng Ninh"
"Chính chủ bán đất 500m2 (10x50), 13.6tr/m2, khu trung tâm hành chính Tỉnh BRVT","6,8 tỷ",500 m²,Không có thông tin,Không có thông tin,"Long Đất, Bà Rịa Vũng Tàu","Dự án Moon Lake, Xã Tam An, Long Đất, Bà Rịa Vũng Tàu"
Chính thức ra hàng dự án Economy City Hưng Yên mua trực tiếp chủ đầu tư,Giá thỏa thuận,"76,5 m²",Không có thông tin,Không có thông tin,"Văn Lâm, Hưng Yên","Dự án Economy City, Thị trấn Như Quỳnh, Văn Lâm, Hưng Yên"
"Hàng ngộp, giá tốt tại chung cư C Sky View. 1PN 53m2 từ 1.5 tỷ, 2PN 80m2 1.95 tỷ, 3PN 100m2 2.6 tỷ","1,95 tỷ",80 m²,2,2,"Thủ Dầu Một, Bình Dương","Dự án C-SkyView, Đường D8, Phường Chánh Nghĩa, Thủ Dầu Một, Bình Dương"
"Hot! Mua nhà tặng xe, tặng học bổng, CK 15% + quà tân gia 450tr. LH: 0938 857 ***","3,1 tỷ",55 m²,2,2,"Quận 9, Hồ Chí Minh","Dự án The Beverly - Vinhomes Grand Park, Phường Long Bình, Quận 9, Hồ Chí Minh"
"Bán De La Sol Quận 4, tin thật đảm bảo giá tốt nhất thị trường 7,5 tỷ, 84m2","7,5 tỷ",84 m²,2,2,"Quận 4, Hồ Chí Minh","De La Sol, Tôn Thất Thuyết, 1, Quận 4, Hồ Chí Minh"
Chỉ 3 căn hộ Park Legend mua trực tiếp chủ đầu tư - sân bay TSN - Hoàng Văn Thụ - Q. Tân Bình,"5,8 tỷ",70 m²,2,2,"Tân Bình, Hồ Chí Minh","Dự án Park Legend, Đường Hoàng Văn Thụ, Phường 2, Tân Bình, Hồ Chí Minh"
"Chính chủ bán biệt thự Nine South Estates, đường 17, 140 m2",19 tỷ,140 m²,4,4,"Nhà Bè, Hồ Chí Minh","Dự án Nine South Estates, Đường Nguyễn Hữu Thọ, Xã Phước Kiển, Nhà Bè, Hồ Chí Minh"
"Chính chủ bán biệt thự Nine South Estates, đường 17, 140 m2",19 tỷ,140 m²,4,4,"Nhà Bè, Hồ Chí Minh","Dự án Nine South Estates, Đường Nguyễn Hữu Thọ, Xã Phước Kiển, Nhà Bè, Hồ Chí Minh"
"NHỈNH 6 TỶ NHÀ ĐẸP NGANG KHỦNG 5M, CÁCH MẠNG THÁNG 8, TÂN BÌNH, CHỈ XÁCH VA LI VÔ Ở","6,5 tỷ",35 m²,3,4,"Tân Bình, Hồ Chí Minh","Đường Cách Mạng Tháng Tám, Phường 5, Tân Bình, Hồ Chí Minh"
"Giỏ hàng hơn 100 căn bán tại Hà Đô nhiều căn độc quyền - giá tốt nhất 1PN 6 tỷ 2PN 8,5 tỷ 3PN 11 tỷ","8,5 tỷ",88 m²,2,2,"Quận 10, Hồ Chí Minh","Dự án HaDo Centrosa Garden, Đường 3/2, Phường 12, Quận 10, Hồ Chí Minh"
"Sốc! Duplex 193,2 m2 - View cầu ánh sáng - BC Đông Nam tại tòa S - Tiến độ giãn - Chủ nhà tk gấp","16,5 tỷ","193,2 m²",4,3,"Nam Từ Liêm, Hà Nội","Dự án Lumi Hanoi, Đường Đại lộ Thăng Long, Phường Tây Mỗ, Nam Từ Liêm, Hà Nội"
"Cara River Park - 2PN góc 70m2 - view Sông Hậu, Cầu Cần Thơ - sổ hồng vĩnh viễn","2,85 tỷ",70 m²,2,2,"Cái Răng, Cần Thơ","Dự án Cara River Park, Đường Vũ Đình Liệu, Phường Hưng Thạnh, Cái Răng, Cần Thơ"
Siêu phẩm liền kề đáng đầu tư nhất Vinhomes Global Gate. Gần sát công viên với vô vàn tiện ích,"20,89 tỷ",75 m²,6,8,"Đông Anh, Hà Nội","Dự án Vinhomes Cổ Loa, Đường Cổ Loa, Xã Đông Hội, Đông Anh, Hà Nội"
Cặp liền kề Ánh Dương 170m2 - Mặt tiền 10m ngay cạnh công viên. LH ngay 0797 484 ***,"41,81 tỷ",170 m²,12,18,"Đông Anh, Hà Nội","Dự án Vinhomes Cổ Loa, Đường Cổ Loa, Xã Đông Hội, Đông Anh, Hà Nội"
"Sổ đỏ trao tay, cơ hội đón đầu sân bay Quốc tế Long Thành đất nền chỉ từ 3xtr/m2","3,3 tỷ",100 m²,Không có thông tin,Không có thông tin,"Long Thành, Đồng Nai","Dự án STC Long Thành, Đường ĐT 769, Xã Bình Sơn, Long Thành, Đồng Nai"
"Đất nền siêu hot ngộp tại Quốc lộ 57B, Châu Hưng, Bình Đại, Bến Tre giá 350 triệu, 314m2",350 triệu,314 m²,Không có thông tin,Không có thông tin,"Bình Đại, Bến Tre","Đường Quốc lộ 57B, Xã Châu Hưng, Bình Đại, Bến Tre"
Chính chủ bán biệt thự đẹp trong khu Compound yên tĩnh Thảo Điền 2,115 tỷ,305 m²,5,6,"Quận 2, Hồ Chí Minh","153, Đường Nguyễn Văn Hưởng, Phường Thảo Điền, Quận 2, Hồ Chí Minh"
"2PN View Sông, tốt nhất thị trường, mua trực tiếp CĐT, tặng xe VF3, 2 Học bổng Vinschool,chỉ 4,4 tỷ","4,44 tỷ",78 m²,2,2,"Quận 9, Hồ Chí Minh","Dự án The Beverly - Vinhomes Grand Park, Phường Long Bình, Quận 9, Hồ Chí Minh"
Bán biệt thư 400m2 hướng Đông Nam KĐT CEO Sài Sơn Quốc Oai (0966 828 ***),"37,4 tỷ",400 m²,Không có thông tin,Không có thông tin,"Quốc Oai, Hà Nội","Dự án Sunny Garden City, Xã Sài Sơn, Quốc Oai, Hà Nội"
Park Village biệt thự Châu Âu 323m2 giá 18tỷ thanh toán 2 năm,18 tỷ,323 m²,4,3,"Bến Lức, Long An","Khu đô thị Waterpoint, Tỉnh lộ 824, An Thạnh, Bến Lức, Long An"
"Tổng hợp 69 căn chuyển nhượng giá rẻ tại The Canopy TC1, TC2, TC3 giá từ 1,8 tỷ - 4,2 tỷ","4,53 tỷ",73 m²,3,2,"Nam Từ Liêm, Hà Nội","Dự án The Canopy Residences - Vinhomes Smart City, Phường Tây Mỗ, Nam Từ Liêm, Hà Nội."
Bán Shophouse đang có HĐ thuê 90tr/1 tháng. Sở hữu lâu dài ngay trung tâm Vũng Tàu. LH:0707 520 ***,28 tỷ,400 m²,2,3,"Vũng Tàu, Bà Rịa Vũng Tàu","Vung Tau Centre Point, Nguyễn Hữu Cảnh, Nguyễn An Ninh, Vũng Tàu, Bà Rịa Vũng Tàu"
"Hạ 3,05tỷ HXH Thống Nhất, P10, GV","3,05 tỷ",33 m²,2,2,"Gò Vấp, Hồ Chí Minh","Đường Thống Nhất, Phường 10, Gò Vấp, Hồ Chí Minh"
"[SIÊU PHẨM VIP 4 TẦNG, 5x20m] - MẶT TIỀN KINH DOANH TRUNG TÂM QUẬN 8, KHU VỰC HIẾM NHÀ BÁN, 21 TỶ",21 tỷ,100 m²,Không có thông tin,Không có thông tin,"Quận 8, Hồ Chí Minh","Đường Dương Quang Đông, Phường 5, Quận 8, Hồ Chí Minh"
Lô đất duy nhất - Bán 1ha đất mặt tiền biển Long Hải,70 tỷ,10.000 m²,Không có thông tin,Không có thông tin,"Long Điền, Bà Rịa Vũng Tàu","Thị trấn Long Hải, Long Điền, Bà Rịa Vũng Tàu"
"Chính chủ bán căn hộ Lumière Evergreen, KĐT Vinhome Smartcity - Liên hệ: Hà Trâm - 0902 136 ***","4,5 tỷ",53 m²,2,2,"Nam Từ Liêm, Hà Nội","Phường Tây Mỗ, Nam Từ Liêm, Hà Nội"
"Chính chủ bán 2,682 m2 (300m2 thổ cư) đất mặt tiền đường nhựa Phạm Thị Liền, Thái Mỹ, Củ Chi","26,82 tỷ",2.682 m²,Không có thông tin,Không có thông tin,"Củ Chi, Hồ Chí Minh","Đường Phạm Thị Liền, Xã Thái Mỹ, Củ Chi, Hồ Chí Minh"
"Bán Gấp!! Duy Nhất Căn 1PN, Mã WH07 55m2 tại Giá 6 tỷ Còn Thương Lượng, LH Em Việt",6 tỷ,55 m²,1,Không có thông tin,"Bình Thạnh, Hồ Chí Minh","Dự án Sunwah Pearl, Đường Nguyễn Hữu Cảnh, Phường 22, Bình Thạnh, Hồ Chí Minh"
Chuyên giỏ hàng giá tốt tại lavida Vũng Tàu. Sở hữu ngay chỉ 4 tỷ 9 ( Bao thuế phí sang nhượng),"4,9 tỷ",76 m²,Không có thông tin,Không có thông tin,"Vũng Tàu, Bà Rịa Vũng Tàu","La Vida Residences, 3/2, 12, Vũng Tàu, Bà Rịa Vũng Tàu"
"Bán Đất 2 Mặt Tiền ( QH 3 mặt tiền ) Phú Hữu, Q9 cũ",39 tỷ,3.348 m²,Không có thông tin,Không có thông tin,"Quận 9, Hồ Chí Minh","Đường Gò Cát, Phường Phú Hữu, Quận 9, Hồ Chí Minh"
Bán nền đường 14m khu dân cư Ngân Thuận giá 1.9 tỷ,"1,9 tỷ",125 m²,Không có thông tin,Không có thông tin,"Bình Thủy, Cần Thơ","Dự án Stella Mega City, Phường Bình Thủy, Bình Thủy, Cần Thơ"
"Chính chủ cần bán BT Đồi Legacy Hill. Giá bán cắt lỗ 7 tỷ. DT: 350m2, gần hồ cá koi. LH: 0964 588 ***",7 tỷ,350 m²,Không có thông tin,Không có thông tin,"Lương Sơn, Hòa Bình","Dự án Legacy Hill, Xã Tân Vinh, Lương Sơn, Hòa Bình"
BÁN BIỆT THỰ SONG LẬP MẶT HỒ - KĐT MỚI CẦU BƯƠU - 0849 078 ***,Giá thỏa thuận,120 m²,Không có thông tin,Không có thông tin,"Thanh Trì, Hà Nội","Khu đô thị mới Cầu Bươu, Tân Triều, Thanh Trì, Hà Nội"
"Hạ giá bán nhanh 2PN 2WC Vinhomes Central Park, căn góc view đẹp lung linh","7,05 tỷ",74 m²,2,2,"Bình Thạnh, Hồ Chí Minh","Dự án Vinhomes Central Park, Đường Điện Biên Phủ, Phường 22, Bình Thạnh, Hồ Chí Minh"
"Bán đất 90 m2 KDC Thuận Việt, phường Tăng Nhơn Phú B, TP. Thủ Đức, TP. HCM.","7,65 tỷ",90 m²,Không có thông tin,Không có thông tin,"Thủ Đức, Hồ Chí Minh","Phường Tăng Nhơn Phú B, Thủ Đức, Hồ Chí Minh"
"Bán Gấp căn Nhà siêu hiếm Minh Khai, Quận Hai bà trưng 18/22m2 x 5Tầng mặt tiền 3.6m","3,6 tỷ",18 m²,3,Không có thông tin,"Hai Bà Trưng, Hà Nội","Phường Vĩnh Tuy, Hai Bà Trưng, Hà Nội"
"Tôi là chủ lô đất 3 mặt tiền với diện tích 2,700m2 tại đường Nguyễn An Ninh, phê duyệt xây 25 tầng",243 tỷ,2.700 m²,Không có thông tin,Không có thông tin,"Liên Chiểu, Đà Nẵng","Đường Nguyễn An Ninh, Phường Hòa Khánh Bắc, Liên Chiểu, Đà Nẵng"
"Bán nhà Minh Khai gần phố oto 80m, 35m 5tầng giá 5,98tỷ","5,98 tỷ",35 m²,4,4,"Hai Bà Trưng, Hà Nội","Đường Minh Khai, Phường Minh Khai, Hai Bà Trưng, Hà Nội"
"Hàng hiếm nhà 4 tầng, DT 40m2 Vân Canh cách 100 nhà ra đường 422B cách Mỹ Đình 4.5km","5,35 tỷ",40 m²,4,4,"Hoài Đức, Hà Nội","Đường 422B, Xã Vân Canh, Hoài Đức, Hà Nội"
Bán nhà riêng chính chủ Nguyễn Chính - Hoàng Mai oto tránh kinh doanh nhà đẹp 59m2 x5T,Giá thỏa thuận,59 m²,5,5,"Hoàng Mai, Hà Nội","Đường Nguyễn Chính, Phường Thịnh Liệt, Hoàng Mai, Hà Nội"
"Ngôp nặng, chủ bán lỗ 1tỷ đất 3MT full thổ ngay chung Cư Moolight Đặng Văn Bi. DT 103m2(5.2x20)","7,5 tỷ",103 m²,Không có thông tin,Không có thông tin,"Thủ Đức, Hồ Chí Minh","Đường Đặng Văn Bi, Phường Trường Thọ, Thủ Đức, Hồ Chí Minh"
"Nhà mới Tân Phú đường Bờ Bao Tân Thắng, đối diện TTTM Aeon Mall Tân Phú 4m*14m - 5tầng- hẻm nhựa 6m","7,89 tỷ",56 m²,5,6,"Tân Phú, Hồ Chí Minh","Đường Bờ Bao Tân Thắng, Phường Sơn Kỳ, Tân Phú, Hồ Chí Minh"
"Bán nhà 2 mặt tiền trước sau đường Lũy Bán Bích, 8x25m, cấp 4, giá 38 tỷ",38 tỷ,198 m²,2,2,"Tân Phú, Hồ Chí Minh","Đường Lũy Bán Bích, Phường Tân Thành, Tân Phú, Hồ Chí Minh"
"Cần bán 2 lô đất liền kề mặt tiền đường Đổ Bá, khu phố đi bộ An Thượng",51 tỷ,180 m²,Không có thông tin,Không có thông tin,"Ngũ Hành Sơn, Đà Nẵng","Đường Đỗ Bá, Phường Khuê Mỹ, Ngũ Hành Sơn, Đà Nẵng"
"Bán đất nền King Hill, đối diện Eco Retreat 220ha - Long An, chiết khấu 12%, sổ sẵn, 2Tỷ-2.2Tỷ/Nền.","2,16 tỷ",90 m²,Không có thông tin,Không có thông tin,"Bến Lức, Long An","Dự án King Hill Residences, Xã Thanh Phú, Bến Lức, Long An"
"Bán nhà 4 tầng hiện đại, thoáng mát - đối diện công viên, Phú Xuân, Nhà Bè",20 tỷ,200 m²,6,Không có thông tin,"Nhà Bè, Hồ Chí Minh","Đường Huỳnh Tấn Phát, Xã Phú Xuân, Nhà Bè, Hồ Chí Minh"
"Mở bán 30 lô đất dịch vụ xã Song Phương tháng 3 sổ đỏ pháp lý rõ ràng, LH: 0902 866 ***",Giá thỏa thuận,72 m²,Không có thông tin,Không có thông tin,"Hoài Đức, Hà Nội","Đường Đại lộ Thăng Long, Xã Song Phương, Hoài Đức, Hà Nội"
"Mở bán 30 lô đất dịch vụ xã Song Phương tháng 3 sổ đỏ pháp lý rõ ràng, LH: 0902 866 ***",Giá thỏa thuận,72 m²,Không có thông tin,Không có thông tin,"Hoài Đức, Hà Nội","Đường Đại lộ Thăng Long, Xã Song Phương, Hoài Đức, Hà Nội"
"Bán đất siêu hời tại An Thượng, Hoài Đức, Hà Nội, 125 triệu/m2, 100m2","12,5 tỷ",100 m²,Không có thông tin,Không có thông tin,"Hoài Đức, Hà Nội","An Thượng, Hoài Đức, Hà Nội"
"Bán nhà 5 tầng hẻm nhựa 6m diện tích 5x15m CN 78m2 ngay CMT8, P15, Quận 10","13,6 tỷ",78 m²,4,6,"Quận 10, Hồ Chí Minh","Đường Cách Mạng Tháng Tám, Phường 15, Quận 10, Hồ Chí Minh"
"Cần bán 72m2 đất đẹp Cửu Việt, Trâu Quỳ, Gia Lâm giá 8,4 tỷ ô tô vào nhà vừa để ở + kinh doanh","8,4 tỷ",72 m²,Không có thông tin,Không có thông tin,"Gia Lâm, Hà Nội","Trâu Quỳ, Gia Lâm, Hà Nội"
"Bán khách sạn hướng tây, Visip1 - Bình Dương, thu nhập 110tr/tháng. Dt sàn 1200m2, view đẹp Hot./","22,5 tỷ",200 m²,26,26,"Thuận An, Bình Dương","Đường D32, Phường An Phú, Thuận An, Bình Dương"
Bảng giá căn hộ Diamond Riverside 2025 cần bán (cam kết không kê giá) LH: 0936 496 *** Kim Dung,"2,65 tỷ",74 m²,2,2,"Quận 8, Hồ Chí Minh","Diamond Riverside, 1646A, Đường Võ Văn Kiệt, Phường 16, Quận 8, Hồ Chí Minh"
"Đất mặt tiền TL39, DT 9,6x25m. Chỉ 4.86 tỷ. Đường thông ô tô né nhau","4,86 tỷ",250 m²,Không có thông tin,Không có thông tin,"Quận 12, Hồ Chí Minh","Đường Thạnh Lộc 39, Phường Thạnh Lộc, Quận 12, Hồ Chí Minh"
"Bán nhà mặt phố quận Hoàng Mai, 290m2 8x tỷ, 3 mặt tiền 15m, to đẹp nhất phố, sẵn thuê 300 triệu/th","85,5 tỷ",290 m²,68,50,"Hoàng Mai, Hà Nội","Đường Tân Mai, Phường Tân Mai, Hoàng Mai, Hà Nội"
"Bán căn hộ chính chủ 2PN, 3PN chung cư Hoàng Thành Pearl - giá tốt, hỗ trợ A - Z, LH 0989 324 ***","5,9 tỷ",80 m²,2,2,"Nam Từ Liêm, Hà Nội","Hoàng Thành Pearl, Số 55, Đường Nguyễn Văn Giáp, Phường Cầu Diễn, Nam Từ Liêm, Hà Nội."
Mở bán 20 lô đất còn sót lại Tấn Đức. Giá rẻ nhất thị trường,Giá thỏa thuận,100 m²,Không có thông tin,Không có thông tin,"Phổ Yên, Thái Nguyên","Tấn Đức Central Park, 47, Đồng Tiến, Phổ Yên, Thái Nguyên"
"HIẾM, VỊ TRÍ TRUNG TÂM HOÀNG DIỆU 2 - CHDV 4 TẦNG (5x30) HẺM THÔNG ĐH SƯ PHẠM, DÒNG TIỀN 60 TRIỆU",15 tỷ,150 m²,7,4,"Thủ Đức, Hồ Chí Minh","Đường Hoàng Diệu, Phường Linh Chiểu, Thủ Đức, Hồ Chí Minh"
"Khu vip Elysia sông Hàn, giá 7.7 tỷ: 0905 822 *** có hỗ trợ vay","7,5 tỷ",96 m²,6,6,"Hải Châu, Đà Nẵng","Dự án Elysia Complex City, Đường Nguyễn Thi, Phường Hòa Cường Nam, Hải Châu, Đà Nẵng"
Giỏ hàng căn hộ The Western Capital Quận 6,"2,85 tỷ",68 m²,2,2,"Quận 6, Hồ Chí Minh","The Western Capital, 116, Đường Lý Chiêu Hoàng, Phường 10, Quận 6, Hồ Chí Minh"
"Cần bán gấp nhà phố Láng Hạ, 60m2, mặt tiền 4,4m giá sốc 15,35 tỷ","15,35 tỷ",60 m²,Không có thông tin,Không có thông tin,"Đống Đa, Hà Nội","Phố Láng Hạ, Phường Láng Hạ, Đống Đa, Hà Nội"
Nhà phố 4m x 14m. Xây 1 lửng 3 lầu full nội thất 1/ hẻm 9m thông Trần Thị Hè (HT42),"5,5 tỷ",54 m²,4,5,"Quận 12, Hồ Chí Minh","Đường Trần Thị Hè, Phường Hiệp Thành, Quận 12, Hồ Chí Minh"
"Phải rất nhanh mới kịp, siêu phẩm Hoàng Cầu, Nguyễn Phúc Lai, 1 nhà ra mặt phố dự qh xong ra MP.","20,9 tỷ",75 m²,4,5,"Đống Đa, Hà Nội","Phố Nguyễn Phúc Lai, Phường Trung Liệt, Đống Đa, Hà Nội"
"Hạ sốc 1 tỷ, bán nhanh nhà mặt ngõ Tôn Thất Tùng, kinh doanh, khu vực đông sinh viên, tầm tiền hiếm","3,9 tỷ",20 m²,4,4,"Đống Đa, Hà Nội","Đường Tôn Thất Tùng, Phường Khương Thượng, Đống Đa, Hà Nội"
Bán căn hộ Sky Garden Quận 7 - ngân hàng hỗ trợ cho vay lên đến 70% - nhận nhà ở ngay,"5,05 tỷ",72 m²,2,2,"Quận 7, Hồ Chí Minh","Dự án Sky Garden 3, Đường Phạm Văn Nghị, Phường Tân Phong, Quận 7, Hồ Chí Minh"
"Chuyển nhượng căn hộ Eco Xuân giá tốt nhất 1PN 1 tỷ 28, 2PN 1 tỷ 7, 3PN 1.9tỷ. LH 0901 018 ***","1,7 tỷ",74 m²,2,2,"Thuận An, Bình Dương","Eco Xuân, Đường Quốc Lộ 13, Phường Lái Thiêu, Thành phố Thuận An, Bình Dương"
"Hot Bán nhà đường ô tô, 5,5x13m, P. Bình Trưng Tây, Hỗ trợ ngân hàng",6 tỷ,75 m²,Không có thông tin,Không có thông tin,"Quận 2, Hồ Chí Minh","Đường Nguyễn Duy Trinh, Phường Bình Trưng Tây, Quận 2, Hồ Chí Minh"
"Hàng Vip, Bán toà căn hộ phố tây hẻm ô tô Nguyễn Thiện Thuật, 50m2 co 6 căn hộ giá 10,5 tỷ","10,5 tỷ",50 m²,6,6,"Nha Trang, Khánh Hòa","Phố Nguyễn Thiện Thuật, Phường Lộc Thọ, Nha Trang, Khánh Hòa"
"Tôi chính chủ cần bán trong tháng 2 căn hộ 3PN 2PN view cực thoáng chung cư Mỹ Đình Pearl giá 7,6tỷ","7,6 tỷ",94 m²,3,2,"Nam Từ Liêm, Hà Nội","Mỹ Đình Pearl, Phú Đô, Nam Từ Liêm, Hà Nội"
"Bán Đất TO Giá Rẻ, có sẵn phòng trọ cho thuê ở HBC Thủ Đức",22 tỷ,222 m²,8,8,"Thủ Đức, Hồ Chí Minh","Đường 16, Phường Hiệp Bình Chánh, Thủ Đức, Hồ Chí Minh"
"Siêu phẩm lô góc 71.2m Đại Bằng Nguyên Khê, đường thông 4m, 50m ra bìa làng ô tô tránh",Giá thỏa thuận,"71,2 m²",Không có thông tin,Không có thông tin,"Đông Anh, Hà Nội","Đường Nguyên Khê, Xã Nguyên Khê, Đông Anh, Hà Nội"
"Nhà mặt tiền Chợ, mặt tiền lớn 6,5m thuận tiện kinh doanh, vị trí đắc địa, đầu tư lâu dài.",15 tỷ,"80,8 m²",6,7,"Tân Phú, Hồ Chí Minh","Đường Phú Thọ Hòa, Phường Phú Thọ Hòa, Tân Phú, Hồ Chí Minh"
"Chính chủ gửi bán nhà Tây Mỗ, cực rẻ, dân xây 52m2 xây 4 tầng giá 6 tỷ - 0862 614 ***",6 tỷ,52 m²,4,4,"Nam Từ Liêm, Hà Nội","Phố Cầu Cốc, Phường Tây Mỗ, Nam Từ Liêm, Hà Nội"
"Mặt tiền 13,5m - Bán nhà mặt phố Bạch Mai 310m2, giá đầu tư, vị trí gần ngã tư Phố Huế, hai thoáng",Giá thỏa thuận,310 m²,Không có thông tin,Không có thông tin,"Hai Bà Trưng, Hà Nội","Phố Bạch Mai, Phường Bạch Mai, Hai Bà Trưng, Hà Nội"
Danh sách các căn biệt thự giá cực tốt đầu tư tại dự án KĐT Quang Minh - ML - HN,"16,1 tỷ",350 m²,6,Không có thông tin,"Mê Linh, Hà Nội","Dự án KĐT Quang Minh, Đường Cao tốc Thăng Long Nội Bài, Thị trấn Quang Minh, Mê Linh, Hà Nội"
Chính thức mở bán đợt cuối block B tầng 7 và 8 anh chị nhanh tay liên hệ để đăng ký lấy căn,"1,15 tỷ",39 m²,1,1,"Quận 2, Hồ Chí Minh","Dự án Thủ Thiêm Green House, Đường Võ Chí Công, Phường Thạnh Mỹ Lợi, Quận 2, Hồ Chí Minh"
"Bán nhà biệt thự hàng hiếm tại An Quý Villa - 42,5 tỷ vnd, 198m2 nhà 2 mặt thoáng rẻ hơn CĐT 3 tỷ","42,5 tỷ",198 m²,5,5,"Hà Đông, Hà Nội","Dự án An Quý Villa - KĐT Dương Nội, Phường Dương Nội, Hà Đông, Hà Nội"
"Bán đất tại Biển Làng Chài Mũi Né, giá 4 tỷ, 153m2 thổ cư, đẹp xuất sắc. Sổ sẵn chuyển nhượng ngay",4 tỷ,153 m²,Không có thông tin,Không có thông tin,"Phan Thiết, Bình Thuận","Phường Mũi Né, Phan Thiết, Bình Thuận"
"Bán 10 lô vị trí HOT nhất KĐT FPT Đà Nẵng, sổ đỏ giao ngay, giá tốt đầu tư sinh lời.","4,39 tỷ",102 m²,Không có thông tin,Không có thông tin,"Ngũ Hành Sơn, Đà Nẵng","FPT City Đà Nẵng, Võ Chí Công, Hòa Hải, Ngũ Hành Sơn, Đà Nẵng"
Độc quyền biệt thự song lập phân khu Hoàng Gia - Vũ Yên giá rẻ nhất còn sót lại. HG-278,"14,22 tỷ","188,1 m²",Không có thông tin,Không có thông tin,"Thủy Nguyên, Hải Phòng","Vinhomes Royal Island, Phường Thủy Hà, Thủy Nguyên, Hải Phòng"
Chính chủ cần bán gấp căn 1503 DT 128m2 03 phòng ngủ toà nhà Times Tower giá bán nhanh,Giá thỏa thuận,128 m²,3,2,"Thanh Xuân, Hà Nội","Times Tower Lê Văn Lương, 35, Đường Lê Văn Lương, Phường Nhân Chính, Thanh Xuân, Hà Nội"
"Biệt thự tứ lập Ánh Dương Vinhomes Ocean Park 3, mặt tiền 8m, xây 5 tầng, 15,x tỷ, sinh lời ngay","15,59 tỷ",120 m²,9,5,"Văn Giang, Hưng Yên","Dự án The Crown - Vinhomes Ocean Park 3, Xã Nghĩa Trụ, Văn Giang, Hưng Yên"
"Bán nhà ngõ 260 Cầu Giấy, ngõ kinh doanh sầm uất, ô tô tải qua, 28m2, 5 tầng sổ đẹp, 7,6 tỷ có giảm","7,6 tỷ",28 m²,4,4,"Cầu Giấy, Hà Nội","Đường Cầu Giấy, Phường Quan Hoa, Cầu Giấy, Hà Nội"
"Cực hiếm! Bán gấp! Nhà 6,4x13m, 2 tầng, mặt tiền ô tô né nhau chỉ 5, x tỷ (x mầm non mới nhú)","5,1 tỷ",83 m²,3,2,"Quận 9, Hồ Chí Minh","Phường Trường Thạnh, Quận 9, Hồ Chí Minh"
"Xuân Đỉnh - ngõ thông - ô tô chờ thang máy - 2 thoáng nhà đẹp, móng 7 tầng 70m2x 4 tầng, 13.5 tỷ","13,5 tỷ",70 m²,4,4,"Bắc Từ Liêm, Hà Nội","Đường Xuân Đỉnh, Phường Xuân Đỉnh, Bắc Từ Liêm, Hà Nội"
MẶT TIỀN NGUYỄN TẤT THÀNH - HÔNG CHỢ PHƯỚC HẢI - RA BÃI TẮM 200M - ĐANG CHO THUÊ THU NHẬP 14TR/TH,8 tỷ,160 m²,Không có thông tin,Không có thông tin,"Long Đất, Bà Rịa Vũng Tàu","Đường Huỳnh Tấn Phát, Thị trấn Phước Hải, Đất Đỏ, Bà Rịa Vũng Tàu"
"Siêu hiếm! bán nhà ngõ Đê La Thành nhỏ 18m2, 4 tầng, ngõ thông, gần phố, giá chỉ 2,5 tỷ","2,5 tỷ",18 m²,2,2,"Đống Đa, Hà Nội","Đường Đê La Thành, Phường Khâm Thiên, Đống Đa, Hà Nội"
"Bán nhà Melosa Garden Khang Điền 5x20m 8.49 tỷ, 6x18m 9.4 tỷ 8x18m 12 tỷ 8x20m 12.2tỷ 0902 442 ***","8,49 tỷ",100 m²,4,4,"Quận 9, Hồ Chí Minh","Melosa Garden, số 222, Đường Võ Chí Công, Phường Phú Hữu, Quận 9, Hồ Chí Minh"
Bán Gấp Căn 2pn - Toà Hiyori View siêu đẹp đang cho thuê giá 20tr/tháng,"4,9 tỷ",61 m²,2,2,"Sơn Trà, Đà Nẵng","Hiyori Garden Tower, Đường Võ Văn Kiệt, Phường An Hải Nam, Sơn Trà, Đà Nẵng"
chỉ với 3 tỷ sở hữu căn nhà cấp 4 mặt tiền kinh doanh Vĩnh Thái Nha Trang diện tích 153m2,3 tỷ,153 m²,3,1,"Nha Trang, Khánh Hòa","Xã Vĩnh Thái, Nha Trang, Khánh Hòa"
"Tôi chính chủ cần bán căn 2PN tòa Beverly 1 đẹp nhất phân khu, view trường học, giá tốt.","3,69 tỷ","62,5 m²",2,2,"Gia Lâm, Hà Nội","Xã Đa Tốn, Gia Lâm, Hà Nội"
"Giá rẻ cho những căn hộ tại The Diamond Residence tại 25 Lê Văn Lương: 2PN, 3PN, 4PN",15 tỷ,144 m²,3,3,"Thanh Xuân, Hà Nội","The Diamond Residence, 25, Đường Lê Văn Lương, Phường Nhân Chính, Thanh Xuân, Hà Nội"
"Mipeco - KĐT biển đầu tiên ở Nha Trang giá tốt nhất, tiềm năng đầu tư tốt nhất. Pháp lý sổ đỏ","4,5 tỷ",90 m²,Không có thông tin,Không có thông tin,"Nha Trang, Khánh Hòa","Dự án Mipeco Nha Trang, Đường Số 4, Phường Vĩnh Nguyên, Nha Trang, Khánh Hòa"
"Bán Đất Centana City Điền Phúc Thành 164m2 hàng hiếm tại Long Trường, Q9, HCM","6,23 tỷ",164 m²,Không có thông tin,Không có thông tin,"Quận 9, Hồ Chí Minh","Centana City Điền Phúc Thành, Phường Long Trường, Quận 9, Hồ Chí Minh"
NHÀ MP- 4TẦNG 4x23M KINH DOANH-KHU VIP CƯ XÁ NGÂN HÀNG-P TÂN T TÂY- QUẬN 7-SHR- NHỈNH 15T TL,"15,3 tỷ",91 m²,5,4,"Quận 7, Hồ Chí Minh","Phường Tân Thuận Tây, Quận 7, Hồ Chí Minh"
"Bán nhà lầu DT 104m2, 4 tầng tại Trung Mỹ Tây Quận 12","7,99 tỷ",104 m²,5,4,"Quận 12, Hồ Chí Minh","Đường Trung Mỹ Tây 12, Phường Trung Mỹ Tây, Quận 12, Hồ Chí Minh"
Chỉ 400 triệu sở hữu căn nhà ở The Emerald 68 - Mặt tiền QL 13 với 3 mặt view sông,Giá thỏa thuận,35 m²,1,Không có thông tin,"Thuận An, Bình Dương","Dự án The Emerald 68, Đường Quốc Lộ 13, Phường Vĩnh Phú, Thuận An, Bình Dương"
"Bán nhà đường Lâm Văn Bền (5x18m) 3 tầng, vị trí đắc địa - giá tốt","21,8 tỷ",90 m²,3,3,"Quận 7, Hồ Chí Minh","Đường Lâm Văn Bền, Phường Tân Quy, Quận 7, Hồ Chí Minh"
QUẬN BÌNH TÂN NGAY KHU TÊN LỬA 80M2 MẶT TIỀN CÔNG VIÊN GẤP BÁN,"9,9 tỷ",80 m²,3,3,"Bình Tân, Hồ Chí Minh","Phường Bình Trị Đông B, Bình Tân, Hồ Chí Minh"
Giá thật! Không đăng ảo! Rổ hàng chuyển nhượng nhà phố biệt thự Swan Bay cập nhật mới nhất T02/2025,"16,5 tỷ",300 m²,3,3,"Nhơn Trạch, Đồng Nai","Dự án Swan Bay, Đường Quốc Lộ 51, Xã Đại Phước, Nhơn Trạch, Đồng Nai"
"Cần bán hơn 500m2 đất phường Bảo Vinh, tp Long Khánh","1,59 tỷ",515 m²,Không có thông tin,Không có thông tin,"Long Khánh, Đồng Nai","Đường Duy Tân, Phường Bảo Vinh, Long Khánh, Đồng Nai"
"Bán Gấp căn nhà siêu lộc Hồ Tùng Mậu, 62m2 x 4 tầng ô tô đỗ cửa, vào nhà thoải mái",11 tỷ,62 m²,4,Không có thông tin,"Nam Từ Liêm, Hà Nội","Phường Mỹ Đình 2, Nam Từ Liêm, Hà Nội"
"Chính chủ gửi bán CH 2pn,2wc,dt 67m2, sổ hồng sẳn, nhà mới 100%,ntcb, LH: 0939 495 ***","3,9 tỷ",64 m²,2,2,"Bình Tân, Hồ Chí Minh","The Privia, An Dương Vương, An Lạc, Bình Tân, Hồ Chí Minh"
"Bán đất tại đường 21, Sơn Đông, Sơn Tây, Hà Nội, 2 tỷ, 60m2 chỉ với hot!",2 tỷ,60 m²,Không có thông tin,Không có thông tin,"Sơn Tây, Hà Nội","Đường 21, Xã Sơn Đông, Sơn Tây, Hà Nội"
"Chọn lọc BĐS khu Nam Việt Á bên sông Hàn: Lô ống - lô góc - Lô biệt thự. Chuyên sâu, đúng pháp luật",Giá thỏa thuận,100 m²,Không có thông tin,Không có thông tin,"Ngũ Hành Sơn, Đà Nẵng","Dự án Nam Cầu Tuyên Sơn-Nam Việt Á, Đường Mỹ Đa Tây 5, Phường Khuê Mỹ, Ngũ Hành Sơn, Đà Nẵng"
"Bán nền 154m2, mặt tiền kinh doanh, full thổ xã Hàng Gòn TP Long Khánh","1,72 tỷ",154 m²,Không có thông tin,Không có thông tin,"Long Khánh, Đồng Nai","Ấp Đồi Rìu, Đường Quốc lộ 56, Xã Hàng Gòn, Long Khánh, Đồng Nai"
"Chính chủ bán căn 2PN, 2VS, tầng trung, nhà đẹp. Giá bán 4,75 tỷ . LH 0984 797 ***","4,75 tỷ",70 m²,2,2,"Hà Đông, Hà Nội","The Terra An Hưng, La Khê, Hà Đông, Hà Nội"
"Bán biệt thự liền kề 132m2, khu đô thị Đặng Xá, MT 6m, giá 16,2 tỷ","16,2 tỷ",132 m²,6,5,"Gia Lâm, Hà Nội","Dự án Lan Viên Villa, Đường Nguyễn Đức Thuận, Xã Đặng Xá, Gia Lâm, Hà Nội"
"Bán nhà riêng 5,9 tỷ, 49,5m2 tại Phạm Hữu Lầu, P Phú Mỹ, Q7, TP. HCM","5,9 tỷ","49,5 m²",4,3,"Quận 7, Hồ Chí Minh","Đường Phạm Hữu Lầu, Phường Phú Mỹ, Quận 7, Hồ Chí Minh"
Mặt tiền Đường số 1 p11 đoạn giao nhau Thống Nhất- 4x26m nở hậu 4.5m cn 100m2-10tỷ,10 tỷ,120 m²,5,5,"Gò Vấp, Hồ Chí Minh","Đường Thống Nhất, Phường 11, Gò Vấp, Hồ Chí Minh"
"Chủ bán gấp 92,8m2 thổ cư Khai Thái mặt tiền 5m, đường bê tông, giá đầu tư cho khách thiện chí","1,95 tỷ","92,8 m²",Không có thông tin,Không có thông tin,"Phú Xuyên, Hà Nội","Khai Thái, Phú Xuyên, Hà Nội"
"Chính chủ bán đất LUA góc 2MT đường tránh Phường Mỹ Hòa, TP Long Xuyên, An Giang. DT: 4.551m2",Giá thỏa thuận,4.551 m²,Không có thông tin,Không có thông tin,"Long Xuyên, An Giang","Phường Mỹ Hòa, Long Xuyên, An Giang"
Hàng hiếm ngõ vip phố Thái Hà - phân lô ô tô tránh - 7 tầng thang máy - kinh doanh văn phòng,29 tỷ,56 m²,12,12,"Đống Đa, Hà Nội","Ngõ 121, Phố Thái Hà, Phường Trung Liệt, Đống Đa, Hà Nội"
Nhà mặt phố Trung Liệt Đống Đa 60m 24tỷ 4tầng mt4m oto tránh kinh doanh sầm uất ngay phố thái hà,24 tỷ,60 m²,5,4,"Đống Đa, Hà Nội","Phố Trung Liệt, Phường Trung Liệt, Đống Đa, Hà Nội"
Bán căn hộ 2 phòng ngủ giá tốt chỉ từ 2 tỷ 19,"2,19 tỷ",50 m²,2,1,"Quận 9, Hồ Chí Minh","Dự án Sky 9, Đường Liên Phường, Phường Phú Hữu, Quận 9, Hồ Chí Minh"
Nhà mặt phố Định Công Thượng 53m2 14tỷ 5tầng MT 4.7m kinh doanh vị trí đắc địa tương lai sáng ngời,14 tỷ,53 m²,8,4,"Hoàng Mai, Hà Nội","Đường Định Công Thượng, Phường Định Công, Hoàng Mai, Hà Nội"
Mặt phố Trần Nguyên Đán Định Công Hoàng Mai 28 tỷ 60m2 4tầng MT5m vỉa hè oto kinh doanh sầm uất,28 tỷ,60 m²,6,4,"Hoàng Mai, Hà Nội","Đường Trần Nguyên Đán, Phường Định Công, Hoàng Mai, Hà Nội"
"Bán đất ở thôn Phú Thượng, xã Hòa Sơn, 860 triệu, 110m2, sổ hồng đầy đủ",860 triệu,110 m²,Không có thông tin,Không có thông tin,"Hòa Vang, Đà Nẵng","Xã Hòa Sơn, Hòa Vang, Đà Nẵng"
"Bán gấp đất Golden Hills City, 9,2 tỷ, 297,9m2, Liên Chiểu, Đà Nẵng","9,2 tỷ","297,9 m²",Không có thông tin,Không có thông tin,"Liên Chiểu, Đà Nẵng","Dự án Golden Hills City, Đường 7, Phường Hòa Hiệp Nam, Liên Chiểu, Đà Nẵng"
"Gấp, Mót-cần bán nhà 120m Phú Viên, Bồ Đề ô tô tránh, KD sầm uất, vị trí siêu đẹp,giá Đầu Tư 17.Xty","17,9 tỷ",120 m²,3,Không có thông tin,"Long Biên, Hà Nội","Đường Phú Viên, Phường Bồ Đề, Long Biên, Hà Nội"
17tỷ/căn BT Long Việt Quang Minh Mê Linh 242.5m2 view công viên cạnh góc đường to sổ đỏ sang tên,17 tỷ,"242,5 m²",Không có thông tin,Không có thông tin,"Mê Linh, Hà Nội","Dự án KĐT Quang Minh, Đường Cao tốc Thăng Long Nội Bài, Thị trấn Quang Minh, Mê Linh, Hà Nội."
"Bán biệt thự 4 tầng, 3 thoáng: 17PN, 12WC, Vị trí đắc địa, giá tốt tại Phố Vàng, Thanh Sơn, Phú Thọ","16,8 tỷ",220 m²,17,12,"Thanh Sơn, Phú Thọ","Phố Vàng, Thị trấn Thanh Sơn, Thanh Sơn, Phú Thọ"
MẶT TIỀN 7M -- VIEW THOÁNG VĨNH VIỄN -- NHÀ THÔ LUXURY KIẾN HƯNG -- 1 LÔ DUY NHẤT,"15,5 tỷ",70 m²,6,6,"Hà Đông, Hà Nội","Dự án Kiến Hưng Luxury, Đường Phúc La, Phường Kiến Hưng, Hà Đông, Hà Nội"
"Bán biệt thự D5C Vườn Đào, vị trí đẹp, diện tích 230.9m2, mặt tiền 15m, đất nở hậu, giá 119 tỷ",119 tỷ,"230,9 m²",5,7,"Tây Hồ, Hà Nội","Ngõ 679 Đường Lạc Long Quân, Phường Phú Thượng, Tây Hồ, Hà Nội"
"Bán NR view đẹp tại Trung Kính, 14,2 tỷ, 40m2, 4PN + 4WC, chính chủ","14,2 tỷ",40 m²,4,4,"Cầu Giấy, Hà Nội","Phố Trung Kính, Phường Yên Hòa, Cầu Giấy, Hà Nội"
"Bán hàng ngộp Opal skyline - studio - 1,1 Tỷ, 1PN - 1,55 tỷ, 2PN - 1,68 tỷ, 3PN - 2,39 tỷ - sẵn sổ","1,68 tỷ",63 m²,2,2,"Thuận An, Bình Dương","Opal Skyline, Nguyễn Văn Tiết, Lái Thiêu, Thuận An, Bình Dương"
"Nhà MT 6 x 27m kết cấu 4 tầng Q Bình Tân, cho thuê 45tr giá cực rẻ, chỉ có 11.3tỷ TL","11,3 tỷ",156 m²,22,22,"Bình Tân, Hồ Chí Minh","203 Đường Trần Thanh Mại, Phường Tân Tạo A, Bình Tân, Hồ Chí Minh"
"Bán nhà LK nội khu Gamuda 90m, vị trí đẹp nhất phân khu ST5, đón đường Tam Trinh sắp mở đẹp mê ly",Giá thỏa thuận,90 m²,4,4,"Hoàng Mai, Hà Nội","Dự án Gamuda Gardens, Đường Tam Trinh, Phường Trần Phú, Hoàng Mai, Hà Nội"
"Chính chủ em có 10 căn nhà mới thơm mùi sơn tại An Khánh, Hoài Đức sẵn dọn về ở ngay",Giá thỏa thuận,40 m²,Không có thông tin,Không có thông tin,"Hoài Đức, Hà Nội","Xã An Khánh, Hoài Đức, Hà Nội"
Mặt trục thương mại 21m - BT Solasta Mansion Dương Nội - dành cho giới tinh hoa,39 tỷ,200 m²,Không có thông tin,Không có thông tin,"Hà Đông, Hà Nội","Solasta Mansion, Đường Tố Hữu, Phường Dương Nội, Hà Đông, Hà Nội"
"Quỹ đất dịch vụ An Thượng khu 12.5ha - mặt đường LK8, mặt hồ, mặt công viên của BĐS Huy Đào",Giá thỏa thuận,"55,8 m²",Không có thông tin,Không có thông tin,"Hoài Đức, Hà Nội","Xã An Thượng, Hoài Đức, Hà Nội"
Nhà thật giá thật chỉ 5 tỷ 2 căn ở hẻm 1 xẹt Lê Hồng Phong DT gần 37m2 2PN 2WC SHR full nội thất,"5,2 tỷ","36,4 m²",2,3,"Quận 10, Hồ Chí Minh","Đường Lê Hồng Phong, Phường 2, Quận 10, Hồ Chí Minh"
Nhà đẹp ở liền ngay đội cung quận 11 giá 3 tỷ TL ít DT 30m2 2PN 3WC SHR tặng nội thất cơ bản,3 tỷ,30 m²,2,2,"Quận 11, Hồ Chí Minh","Đường Đội Cung, Phường 11, Quận 11, Hồ Chí Minh"
"Bán shophouse 135m2 tại Gamuda Gardens, 53 tỷ, 4PN, 4WC",53 tỷ,135 m²,4,4,"Hoàng Mai, Hà Nội","Gamuda Gardens, Đường Đỗ Mười, Phường Trần Phú, Hoàng Mai, Hà Nội"
Mặt hồ Chùa Láng - 68m2 xây 6 tầng - vỉa hè kinh doanh - ô tô chạy vòng quanh,"33,8 tỷ",68 m²,6,6,"Đống Đa, Hà Nội","Phố Chùa Láng, Phường Láng Thượng, Đống Đa, Hà Nội"
BÁN NHÀ _ TRẦN ĐIỀN _ Ở KINH DOANH _ VĂN PHÒNG _ PHÒNG KHÁM _TUYỆT ĐỈNH_ GẦN _ BV _ BƯU ĐIỆN,"16,9 tỷ",63 m²,9,9,"Hoàng Mai, Hà Nội","Đường Trần Nguyên Đán, Phường Định Công, Hoàng Mai, Hà Nội"
"Shophouse góc vườn hoa, vị trí đẹp, giá tốt nhất dự án Centa City VSIP Bắc Ninh","6,4 tỷ",90 m²,4,5,"Từ Sơn, Bắc Ninh","Dự án Centa City, Đường Hữu Nghị, Phường Phù Chẩn, Từ Sơn, Bắc Ninh"
80m2 đất DV Thăng Long 9 đường 17m. Nằm đối diện trường Liên Cấp dự án Hinode Royal Park-gần hồ 6ha,"12,6 tỷ",80 m²,Không có thông tin,Không có thông tin,"Hoài Đức, Hà Nội","Xã Kim Chung, Hoài Đức, Hà Nội"
Bán nhà phố chân chung cư City light sẵn kd dòng tiền giáp KCN và chợ Vina giá đầu tư,"8,5 tỷ",80 m²,5,5,"Vĩnh Yên, Vĩnh Phúc","The City Light Vĩnh Yên, Đường Nguyễn Tất Thành, Phường Khai Quang, Vĩnh Yên, Vĩnh Phúc"
"Duplex 4PN Infiniti 177m2 giá 13,4ty, view Phú Mỹ Hưng về đêm lung linh, nhà thô, tầng trung đẹp","13,4 tỷ",177 m²,4,3,"Quận 7, Hồ Chí Minh","The Infiniti Riviera Point, Huỳnh Tấn Phát, Tân Phú, Quận 7, Hồ Chí Minh"
"Lô đất Lô đất sạch đẹp đường Số 7 Hà Quang 2, vị trí gần đường số 2. Xung quanh đang xây dựng nhiều","7,76 tỷ","117,5 m²",Không có thông tin,Không có thông tin,"Nha Trang, Khánh Hòa","Dự án KĐT Lê Hồng Phong II, Đường Số 7, Phường Phước Hải, Nha Trang, Khánh Hòa"
"Bán mảnh đất 305m2, 16,5 tỷ cạnh Đại Lộ Thăng Long, BigC Trần Duy Hưng, Cầu Giấy 10 phút","16,5 tỷ",305 m²,Không có thông tin,Không có thông tin,"Hoài Đức, Hà Nội","Xã Vân Côn, Hoài Đức, Hà Nội"
"Quỹ độc quyền CĐT Vinhomes Ocean Park studio, 1N, 2N, 3N giá tốt, chiết khấu cao","2,35 tỷ",48 m²,1,1,"Gia Lâm, Hà Nội","Dự án Vinhomes Ocean Park Gia Lâm, Xã Dương Xá, Gia Lâm, Hà Nội"
"Cắt lỗ sâu 2 căn The Senique: 64m (2PN) S2.2x20 lô góc cắt lỗ 170tr, 42m (1PN) SP.1x23 lỗ 150tr","3,6 tỷ",42 m²,Không có thông tin,Không có thông tin,"Gia Lâm, Hà Nội","Chung cư The Senique Hanoi , Dương Xá, Gia Lâm, Hà Nội"
"Bán nhà mặt phố 2 mặt tiền Nguyễn Xiển, 69,9 tỷ, 92 m2, 14PN + 15WC + 8tầng, hot! Kinh doanh đỉnh","69,9 tỷ",92 m²,14,15,"Thanh Xuân, Hà Nội","Đường Nguyễn Xiển, Phường Thanh Xuân Trung, Thanh Xuân, Hà Nội"
SIÊU PHẨM APARTMENT ĐẲNG CẤP CHÂU ÂU - LÔ GÓC - SÁT PHỐ - DÒNG TIỀN CAO - 640M - 8T - MT20 - 231TỶ,231 tỷ,640 m²,14,14,"Tây Hồ, Hà Nội","đường Tây Hồ, Phường Quảng An, Tây Hồ, Hà Nội"
"Xẻ khe 141 siêu đẹp dự án Sapphire Gem , Ngay TTHC mới Hải Phòng, giá chỉ 7,x tỷ bao thuế phí","7,8 tỷ",141 m²,Không có thông tin,Không có thông tin,"Thủy Nguyên, Hải Phòng","Dự án Sapphire Gem Hải Phòng, Phường Thủy Đường, Thủy Nguyên, Hải Phòng"
"Xẻ khe 141 siêu đẹp dự án Sapphire Gem , Ngay TTHC mới Hải Phòng, giá chỉ 7,x tỷ bao thuế phí","7,8 tỷ",141 m²,Không có thông tin,Không có thông tin,"Thủy Nguyên, Hải Phòng","Dự án Sapphire Gem Hải Phòng, Phường Thủy Đường, Thủy Nguyên, Hải Phòng"
"Bán nhanh mặt tiền đường số 3 (rộng 30m) khu Cityland, P10, DT: 18x20 hoàn thiện thang máy máy lạnh",Giá thỏa thuận,100 m²,Không có thông tin,Không có thông tin,"Gò Vấp, Hồ Chí Minh","Dự án CityLand Park Hills, Đường Số 3, Phường 10, Gò Vấp, Hồ Chí Minh."
Nhà đẹp Phúc Lợi oto đỗ cửa Full nội thất giá hiếm,"5,2 tỷ",31 m²,3,Không có thông tin,"Long Biên, Hà Nội","Đường Phúc Lợi, Phường Phúc Lợi, Long Biên, Hà Nội"
"Bán căn hộ chung cư tại Nguyễn Oanh, 2,5 tỷ, 62m2, 2PN, 1WC, Gò Vấp, HCM","2,5 tỷ",62 m²,2,1,"Gò Vấp, Hồ Chí Minh","An Lộc, Đường Nguyễn Oanh, Phường 17, Gò Vấp, Hồ Chí Minh"
"Tùng cần bán đấT Ngộp ""Nhà Vườn"" lúc đất sốt 2022 (2ty5 không bán) Nay giá còn lại 1ty650","1,65 tỷ",1.000 m²,Không có thông tin,Không có thông tin,"Long Thành, Đồng Nai","Xã Cẩm Đường, Long Thành, Đồng Nai"
Lô đất mặt đường Lê Văn Lương trung tâm TP Hưng Yên giá hợp lý,"25,58 tỷ",341 m²,Không có thông tin,Không có thông tin,"Hưng Yên, Hưng Yên","Đường Lê Văn Lương, Phường An Tảo, Hưng Yên, Hưng Yên"
Giới thiệu và chào bán căn biệt thự BT 4 Bán Đảo Linh Đàm,320 triệu,273 m²,5,6,"Hoàng Mai, Hà Nội","Đường Nam Sơn, Phường Hoàng Liệt, Hoàng Mai, Hà Nội"
"HIẾM, 2 LÔ XÂY BIỆT THỰ ~200M2, SÁT KHU CÔNG NGHIỆP, THIÊN HƯƠNG, THỦY NGUYÊN, HP, SỔ ĐỎ, ĐƯỜNG 5M","2,25 tỷ",106 m²,Không có thông tin,Không có thông tin,"Thủy Nguyên, Hải Phòng","Thiên Hương, Thủy Nguyên, Hải Phòng"
"CHUYÊN BÁN DÒNG Căn hộ 2 ngủ TỪ 3.4 tỷ vinhomes smart, DANH SÁCH các căn ĐẦY ĐỦ DƯỚI NỘI DUNG","3,4 tỷ",54 m²,2,1,"Nam Từ Liêm, Hà Nội","Vinhomes Smart City , Tây Mỗ, Nam Từ Liêm, Hà Nội"
Chính chủ bán lô đất đối diện vinhomes 197ha Hậu Nghĩa ( bên kia đường ),"8,2 tỷ",530 m²,Không có thông tin,Không có thông tin,"Đức Hòa, Long An","Vinhomes Hậu Nghĩa , Đường 3/2, Thị trấn Hậu Nghĩa, Đức Hòa, Long An"
BÁN NHÀ GẦN VINCOM TP DĨ AN - GIÁ RẺ NHẤT KHU VỰC - CẦN BÁN GẤP,"4,75 tỷ","67,5 m²",3,3,"Dĩ An, Bình Dương","Phường Tân Đông Hiệp, Dĩ An, Bình Dương"
"GIỎ HÀNG T&T CITY MILLENNIA T3/2025, NHIỀU VỊ TRÍ ĐẸP GIÁ TỐT ĐỂ ĐẦU TƯ . LH 0938 193 *** EM PHƯỚC","4,2 tỷ",120 m²,Không có thông tin,Không có thông tin,"Cần Giuộc, Long An","T&T Millennia City Long Hậu, Xã Long Hậu, Cần Giuộc, Long An"
"Bán đất tại Nguyễn Ngọc Vũ, Trung Hòa, Cầu Giấy, Hà Nội, 48 tỷ, 285 m2 hàng hiếm giá tốt",48 tỷ,285 m²,5,5,"Cầu Giấy, Hà Nội","Phố Nguyễn Ngọc Vũ, Phường Trung Hòa, Cầu Giấy, Hà Nội"
NHÀ THẠCH BÀN 6 TẦNG THANG MÁY,"6,45 tỷ",40 m²,3,4,"Long Biên, Hà Nội","Thạch Bàn, Đường Nguyễn Thời Trung, Phường Thạch Bàn, Long Biên, Hà Nội"
"16/3 Kho hàng Phương Đông lk02,lk10,lk11,lk18,lk19,lk23,lk20,lk21,lk45 giá từ 24 triệu/m2","2,1 tỷ","87,5 m²",Không có thông tin,Không có thông tin,"Vân Đồn, Quảng Ninh","Dự án Khu đô thị Phương Đông, Xã Đông Xá, Vân Đồn, Quảng Ninh"
Sapphire Gem - 3 suất ngoại giao Liền Kề Trục 21m gần công viên - Giá không tăng,"5,42 tỷ",110 m²,Không có thông tin,Không có thông tin,"Thủy Nguyên, Hải Phòng","Sapphire Gem Hải Phòng, Thủy Đường, Thủy Nguyên, Hải Phòng"
Siêu phẩm shophouse tại khu đô thị Việt Hàn giá chỉ từ 2. X tỷ sổ đỏ trao tay nhận nhà ngay,Giá thỏa thuận,100 m²,8,4,"Phổ Yên, Thái Nguyên","Dự án KĐT Việt Hàn, Đường Phạm Văn Đồng, Xã Hồng Tiến, Phổ Yên, Thái Nguyên."
Chỉ 1. X tỷ nhận ngay lô 100m2 tại trung tâm Thành Phố Phổ Yên sổ đỏ trao tay LH: 0986 567 ***,Giá thỏa thuận,100 m²,Không có thông tin,Không có thông tin,"Phổ Yên, Thái Nguyên","Khu đô thị Việt Hàn, Phạm Văn Đồng, Hồng Tiến, Phổ Yên, Thái Nguyên"
BÁN CCMINI KĐT GALAXY VẠN PHÚC -- LÔ GÓC 17 PHÒNG DOANH THU ~ 1 TỶ/NĂM THANG MÁY HIỆN ĐẠI,Giá thỏa thuận,80 m²,Không có thông tin,Không có thông tin,"Hà Đông, Hà Nội","Phường Vạn Phúc, Hà Đông, Hà Nội"
"Hiếm, bán shop chân đế dòng tiền 60 tr/ tháng, hợp đồng 5 năm, ký mới cđt",Giá thỏa thuận,60 m²,1,1,"Văn Giang, Hưng Yên","Ecopark, Đường Trúc, Xã Xuân Quan, Văn Giang, Hưng Yên"
"Bán căn hộ Bcons Green Sapphire , giá chỉ từ 1,6 tỷ 1PN, ưu đãi đặc biệt hấp dẫn tháng 3/2025","1,99 tỷ",60 m²,2,2,"Dĩ An, Bình Dương","Bcons City, Thống Nhất, Đông Hòa, Dĩ An, Bình Dương"
"Bán Căn Góc 3PN-2VS giá ưu đãi tại Vinhome Ocean Park, Đa Tốn, Gia Lâm, Hà Nội, 3,78 tỷ, 73,02m2","3,78 tỷ","73,02 m²",3,2,"Gia Lâm, Hà Nội","Bán căn Góc 3N- S2.09 Vinhome Ocean Park, Đa tốn, Gia Lâm, Hà Nội"
Cần bán nhà phố dĩ an sát thành phố thủ đức,"4,65 tỷ","61,2 m²",3,3,"Dĩ An, Bình Dương","Đường Quốc lộ 1K, Phường Bình An, Dĩ An, Bình Dương"
"Bán gấp Căn hộ 75m2 giá 4,85 tỷ, Căn hộ 96m2 giá 5,9 tỷ tại chung cư HUD3, số 60 Nguyễn Đức Cảnh","4,85 tỷ",75 m²,Không có thông tin,2,"Hoàng Mai, Hà Nội","HUD3 Nguyễn Đức Cảnh, 60, Đường Nguyễn Đức Cảnh, Phường Tương Mai, Hoàng Mai, Hà Nội"
"Bán shophouse chân đế phân khu S vin ocean 1, sẵn hợp đồng cho thuê dài hạn","14,5 tỷ",161 m²,Không có thông tin,Không có thông tin,"Gia Lâm, Hà Nội","Vinhomes Ocean Park Gia Lâm, Dương Xá, Gia Lâm, Hà Nội"
"Chỉ từ 3 tỷ có nhà Hà Nội , cạnh khu đô thị Đô Nghĩa! Nội thất đầy đủ về ở luôn!","3,4 tỷ",40 m²,Không có thông tin,Không có thông tin,"Hà Đông, Hà Nội","Phường Yên Nghĩa, Hà Đông, Hà Nội"
Chỉ cần từ 4.5 tỷ sở hữu biệt thự khoáng nóng Tokyu Retreat. Cam kết thuê lại 40 - 70 triệu/tháng.,8 tỷ,180 m²,3,3,"Thanh Thủy, Phú Thọ","Dự án Wyndham Thanh Thủy, Xã Bảo Yên, Thanh Thủy, Phú Thọ"
"Nhà Đẹp Khu Vip Hoàng Hoa Thám, Bình Thạnh - HXH- Cách Mặt Tiền 2 căn","9,75 tỷ",44 m²,5,Không có thông tin,"Bình Thạnh, Hồ Chí Minh","Phường 7, Bình Thạnh, Hồ Chí Minh"
"Bán Đất 260m2 tại Nguyễn Du, Phường Nguyễn Du, Hai Bà Trưng, Hà Nội",260 tỷ,260 m²,Không có thông tin,Không có thông tin,"Hai Bà Trưng, Hà Nội","Đường Nguyễn Du, Phường Nguyễn Du, Hai Bà Trưng, Hà Nội"
Thật 100% thu 250 triệu/tháng 32 phòng CHDV hầm 6 tầng 6x25m. 150m2 Mặt tiền hẻm nhựa 10m Phổ Quang,"28,5 tỷ",160 m²,32,32,"Phú Nhuận, Hồ Chí Minh","Đường Phổ Quang, Phường 9, Phú Nhuận, Hồ Chí Minh"
"Hoang Huy New City thịnh vượng an gia, tinh hoa hội tụ. Siêu phẩm trung tâm hành chính Hải Phòng",Giá thỏa thuận,87 m²,4,Không có thông tin,"Thủy Nguyên, Hải Phòng","Dự án Hoàng Huy New City, Đường Đỗ Mười, Phường Dương Quan, Thủy Nguyên, Hải Phòng"
DƯỚI 80TR/1 M2. 286 M2 . GÒ VẤP KHÔNG CÒN CĂN THỨ 2 ĐỂ SO SÁNH . XUNG QUANH BIỆT THỰ CAO CẤP,"22,5 tỷ",286 m²,Không có thông tin,Không có thông tin,"Gò Vấp, Hồ Chí Minh","Đường Lê Đức Thọ, Phường 15, Gò Vấp, Hồ Chí Minh"
"Thật 100% (ngang 12x22m 230m2) hẻm 6m xe hơi 7 chỗ vào nhà Hoàng Sa, Quận 3",Giá thỏa thuận,230 m²,5,3,"Quận 3, Hồ Chí Minh","Đường Hoàng Sa, Phường 9, Quận 3, Hồ Chí Minh"
"Độc quyền phân phối đất nền LK và BT KĐT Hà Phong, Mê Linh. Sổ đỏ chính chủ, cam kết giá rẻ nhất TT","15,2 tỷ",304 m²,Không có thông tin,Không có thông tin,"Mê Linh, Hà Nội","Dự án Hà Phong, Xã Tiền Phong, Mê Linh, Hà Nội"
Sở hữu căn góc liền kề đắc địa - đầu tư sinh lời tại Vinhomes Golden Avenue,"16,17 tỷ",133 m²,Không có thông tin,Không có thông tin,"Móng Cái, Quảng Ninh","Dự án Vinhomes Golden Avenue Móng Cái, Phường Hải Hòa, Móng Cái, Quảng Ninh"
"Bán nhà Trần Khát Chân- Ô tô vào nhà-kinh doanh sầm uất-80m2-Giá 15,5 tỷ-mặt tiền 5m-trung tâm HBT",155 tỷ,80 m²,4,4,"Hai Bà Trưng, Hà Nội","Đường Trần Khát Chân, Phường Thanh Lương, Hai Bà Trưng, Hà Nội"
"NHÀ MỚI KOONG HOÀNG MAI 34M 4 TẦNG 5.3 TỶ, NGÕ RỘNG THÊNH THANG.","5,3 tỷ",34 m²,3,3,"Hoàng Mai, Hà Nội","Đường Hoàng Mai, Phường Hoàng Văn Thụ, Hoàng Mai, Hà Nội"
"ĐÁT BIỆT THỰ VIEW SÔNG, 245M2=10x24,5 FULL THỔ CƯ,SỔ HỒNG,MT ĐƯỜNG NHỰA 8M GIÁP TPHCM - GIÁ 33TR/M2","8,09 tỷ",245 m²,Không có thông tin,Không có thông tin,"Thuận An, Bình Dương","Đường Vĩnh Phú 10, Phường Vĩnh Phú, Thuận An, Bình Dương"
"Chính chủ bán nhà phố Centana ĐPT, 3 lầu kinh doanh được giá 7.1 tỷ, sổ hồng hoàn công","7,1 tỷ",80 m²,4,4,"Quận 9, Hồ Chí Minh","Dự án Centana City Điền Phúc Thành, Phường Long Trường, Quận 9, Hồ Chí Minh"
"Em gắn bó, sâu sát với Xanh Villas ngay từ đầu. Chuyên nghiệp, không làm phiền và vào việc luôn ạ",Giá thỏa thuận,250 m²,4,4,"Thạch Thất, Hà Nội","Dự án Xanh Villas, Đường Đại lộ Thăng Long, Xã Tiến Xuân, Thạch Thất, Hà Nội"
"Chính chủ bán nhà phố Centana ĐPT, 3 lầu kinh doanh được giá 7.1 tỷ, sổ hồng hoàn công","7,1 tỷ",80 m²,4,4,"Quận 9, Hồ Chí Minh","Dự án Centana City Điền Phúc Thành, Phường Long Trường, Quận 9, Hồ Chí Minh"
"Em gắn bó, sâu sát với Xanh Villas ngay từ đầu. Chuyên nghiệp, không làm phiền và vào việc luôn ạ",Giá thỏa thuận,250 m²,4,4,"Thạch Thất, Hà Nội","Dự án Xanh Villas, Đường Đại lộ Thăng Long, Xã Tiến Xuân, Thạch Thất, Hà Nội"
"Bán đất đường Tây Hòa 9, 1,2 tỷ VND, 103,5 m2, giá tốt hàng độc tại","1,2 tỷ","103,5 m²",Không có thông tin,Không có thông tin,"Trảng Bom, Đồng Nai","Đường Tây Hòa 9, Xã Tây Hòa, Trảng Bom, Đồng Nai"
"Bán shophouse tại Vinhomes Royal Island, 12,655 tỷ, 90m2, giá tốt, uy tín, Hải Phòng","12,66 tỷ",90 m²,Không có thông tin,Không có thông tin,"Thủy Nguyên, Hải Phòng","Vinhomes Royal Island, Phường Thủy Hà, Thủy Nguyên, Hải Phòng"
"Chủ nợ NH cần bán gấp luôn, BT Việt Hưng - vừa ở vừa văn phòng: 250m2, 4 tầng, giá 45tỷ",45 tỷ,250 m²,4,4,"Long Biên, Hà Nội","Dự án Việt Hưng, Phường Đức Giang, Long Biên, Hà Nội"
Chính chủ cần bán căn Lk 116m2 đường 15.5m giá 35 tỷ view chung cư,35 tỷ,116 m²,5,5,"Bắc Từ Liêm, Hà Nội","Phường Xuân Đỉnh, Bắc Từ Liêm, Hà Nội"
"Bán đất mặt tiền đường nhựa Trung Đông 11 xã Thới Tam Thôn huyện Hóc Môn, lộ giới quy hoạch 16m","11,81 tỷ","1.687,3 m²",Không có thông tin,Không có thông tin,"Hóc Môn, Hồ Chí Minh","Đường Trung Đông 11, Xã Thới Tam Thôn, Hóc Môn, Hồ Chí Minh"
"Bán đất nền tại đường Cà Xo, Châu Đức, Bà Rịa Vũng Tàu, giá thỏa thuận, 2897m2 đẹp, tiện ích","2,85 tỷ",2.897 m²,Không có thông tin,Không có thông tin,"Châu Đức, Bà Rịa Vũng Tàu","Đường Cà Xo, Xã Sơn Bình, Châu Đức, Bà Rịa Vũng Tàu"
Bán đất Vĩnh Thanh Nhơn Trạch 2 mặt tiền có đường giao thông nhà nước,"34,83 tỷ",26.794 m²,Không có thông tin,Không có thông tin,"Nhơn Trạch, Đồng Nai","Xã Vĩnh Thanh, Nhơn Trạch, Đồng Nai"
"NOXH tại dự án Solrise Nhơn Phú 2, TP. Quy Nhơn - Giá chỉ từ 88tr ký ngay hđmb nhận nhà liền tay!",Giá thỏa thuận,58 m²,2,2,"Quy Nhơn, Bình Định","Đường Tây Sơn, Phường Nhơn Phú, Quy Nhơn, Bình Định"
"Rổ Hàng Lớn Tại Opal Boulevard Giá Siêu HOT Từ 2.7-3 Tỷ/Căn Có Nội Thất, Chuyên Bán OPAL 0938 893 ***","2,8 tỷ",74 m²,2,2,"Dĩ An, Bình Dương","Opal Boulevard, Kha Vạn Cân, An Bình, Dĩ An, Bình Dương"
"Anh họ mình gửi bán nhà mặt phố Trần Cung, kinh doanh sầm uất, 62m2, 11,9 tỷ","11,9 tỷ",62 m²,Không có thông tin,Không có thông tin,"Cầu Giấy, Hà Nội","Phố Trần Cung, Phường Nghĩa Tân, Cầu Giấy, Hà Nội"
"Bán gấp căn 4 phòng ngủ đẹp rộng view thoáng mát Vinhomes Central Park, LH 0901 511 ***","14,5 tỷ",140 m²,4,3,"Bình Thạnh, Hồ Chí Minh","Dự án Vinhomes Central Park, Đường Điện Biên Phủ, Phường 22, Bình Thạnh, Hồ Chí Minh"
"Bán căn hộ toà L3 Vinhomes Central Park, 13,3 tỷ, 107m2 view đẹp, 3PN, 2WC, Bình Thạnh, HCM","13,3 tỷ",107 m²,3,2,"Bình Thạnh, Hồ Chí Minh","Dự án Vinhomes Central Park, Đường Điện Biên Phủ, Phường 22, Bình Thạnh, Hồ Chí Minh"
Bán Đất Tràng An Chúc Sơn Mặt Trục Chính LH : 0929 656 ***,Giá thỏa thuận,"46,5 m²",Không có thông tin,Không có thông tin,"Chương Mỹ, Hà Nội","Đường Tràng An, Thị trấn Chúc Sơn, Chương Mỹ, Hà Nội"
"CHÍNH CHỦ BÁN ĐẤT YÊN NINH ,HIỀN NINH ,SÓC SƠN ,HÀ NỘI","1,95 tỷ",65 m²,Không có thông tin,Không có thông tin,"Sóc Sơn, Hà Nội","Xã Hiền Ninh, Sóc Sơn, Hà Nội"
"Bán nhà phố Dương Khuê kinh doanh ô tô tránh , vỉa hè đá bóng 45m 7 tầng thang máy, 21 tỷ",21 tỷ,45 m²,6,5,"Cầu Giấy, Hà Nội","Đường Dương Khuê, Phường Mai Dịch, Cầu Giấy, Hà Nội"
"DT 65m2, lô góc, LK TĐC ĐHQG sát trường mầm non rẻ hơn thị trường 2 - 3 giá",Giá thỏa thuận,65 m²,Không có thông tin,Không có thông tin,"Thạch Thất, Hà Nội","Đường 420, Xã Thạch Hòa, Thạch Thất, Hà Nội"
"Nhỉnh 3 tỷ: Chính chủ bán 180m2, MT 8.5m, sát nhà máy in tiền xã Phú Cát","3,78 tỷ",180 m²,Không có thông tin,Không có thông tin,"Quốc Oai, Hà Nội","Đường Vai Réo, Xã Phú Cát, Quốc Oai, Hà Nội"
"Cắt lỗ 60m2 ngay trục chính Cổ Đông Sơn Tây, gần Quốc Lộ 21, trường Lục Quân, Hòa Lạc FPT, CNC","1,65 tỷ",60 m²,Không có thông tin,Không có thông tin,"Sơn Tây, Hà Nội","Đường Quốc lộ 21A(Quốc lộ 21), Xã Cổ Đông, Sơn Tây, Hà Nội"
"Chính chủ bán gấp 61m2 2 mặt thoáng cách QL21 300m, 5p di chuyển ra ĐHQG HN","1,55 tỷ",61 m²,Không có thông tin,Không có thông tin,"Sơn Tây, Hà Nội","Đường Quốc lộ 21A(Quốc lộ 21), Xã Cổ Đông, Sơn Tây, Hà Nội"
Chính chủ bán lô góc 60m2 ngay trục chính thôn xã Bình Yên giá chỉ quanh 2 tỷ,Giá thỏa thuận,60 m²,Không có thông tin,Không có thông tin,"Thạch Thất, Hà Nội","Đường 420, Xã Bình Yên, Thạch Thất, Hà Nội"
Gia chủ làm ăn lộc phát có nhu cầu chuyển đổi căn to nên bán căn Vin TL full nội thất - giá 20. Xỷ,"20,5 tỷ",106 m²,Không có thông tin,Không có thông tin,"Hoài Đức, Hà Nội","Dự án Vinhomes Thăng Long, Xã An Khánh, Hoài Đức, Hà Nội"
Bán khách sạn 4* mặt phố Nguyễn Thái Học quận Ba Đình đẳng cấp siêu VIP 210m 10T Mt 8.7m giá 185 tỷ,184 tỷ,210 m²,40,40,"Ba Đình, Hà Nội","Đường Nguyễn Thái Học, Phường Điện Biên, Ba Đình, Hà Nội"
"Em Tuân VID Mê Linh có 20 lô biệt thự và liền kề tại khu đô thị Hà Phong, tài chính 10 tỷ đến 40 tỷ",Giá thỏa thuận,250 m²,Không có thông tin,Không có thông tin,"Mê Linh, Hà Nội","Dự án Hà Phong, Đường Hà Phong, Xã Tiền Phong, Mê Linh, Hà Nội"
"Bán gấp Căn hộ dịch vụ 5 x 26m, Lê Đức Thọ, 5 tầng, 17 Phòng 65tr/ tháng, hẻm 8m, giá 12.7tỷ","12,7 tỷ",130 m²,17,17,"Gò Vấp, Hồ Chí Minh","Đường Lê Đức Thọ, Phường 15, Gò Vấp, Hồ Chí Minh"
"Em bán Vin Green Villas từ đầu CĐT bán nên có nhiều căn trên thị trường không có, chuyên nghiệp!","67,78 tỷ",474 m²,5,5,"Nam Từ Liêm, Hà Nội","Dự án Vinhomes Green Villas, Phường Đại Mỗ, Nam Từ Liêm, Hà Nội."
Biệt thự đơn lập Vinhomes Green Villas cần bán nhanh diện tích 200m2 giá 220 triệu/m² giá quá tốt!,44 tỷ,200 m²,5,5,"Nam Từ Liêm, Hà Nội","Dự án Vinhomes Green Villas, Phường Đại Mỗ, Nam Từ Liêm, Hà Nội"
"Bán nhà riêng tại Quang Trung, La Khê, Hà Đông, Hà Nội, giá 11,5 tỷ, 92m2","11,5 tỷ",92 m²,Không có thông tin,Không có thông tin,"Hà Đông, Hà Nội","Số 31 ngõ 12, Đường Quang Trung, Phường La Khê, Hà Đông, Hà Nội"
"Quỹ 3 căn cuối cùng CĐT, giá đầu tư 475m2 - 143tr/m2(vườn rộng, nhà rộng) qúa rẻ ạ - Sẵn sổ đỏ ngay",68 tỷ,475 m²,Không có thông tin,Không có thông tin,"Nam Từ Liêm, Hà Nội","Dự án Vinhomes Green Villas, Phường Đại Mỗ, Nam Từ Liêm, Hà Nội"
"Bán biệt thự VIP 190m2 tại Trung Hòa, Cầu Giấy, HN, giá 83 tỷ VND, cực đẹp, nhiều tiện ích",83 tỷ,190 m²,4,6,"Cầu Giấy, Hà Nội","Phường Trung Hòa, Cầu Giấy, Hà Nội"
BÁN NHÀ - PHỐ NGUYỄN LÂN - PHÂN LÔ - Ô TÔ - PHONG CÁCH - LUXURY - 40M X 5 TẦNG,"10,2 tỷ",40 m²,3,4,"Thanh Xuân, Hà Nội","Đường Nguyễn Lân, Phường Phương Liệt, Thanh Xuân, Hà Nội"
"LÔ GÓC SIÊU ĐẸP 103M LIÊN HÀ, VỊ TRÍ TRUNG TÂM LÀNG NGHỀ, CẠNH DỰ ÁN KHU LIÊN HỢP THỂ THAO T&T",Giá thỏa thuận,103 m²,Không có thông tin,Không có thông tin,"Đông Anh, Hà Nội","Đường Liên Hà, Xã Liên Hà, Đông Anh, Hà Nội"
Cam kết giá tốt nhất không thể bỏ lỡ 2PN 2WC 73 tầng cao full nội thất decor chỉ 4 tỷ bao thuế phí,4 tỷ,73 m²,2,2,"Quận 9, Hồ Chí Minh","Dự án Jamila Khang Điền, Đường Song Hành, Phường Phú Hữu, Quận 9, Hồ Chí Minh"
"MT 9m đường Núi Thành, 270m2 sát Tiểu La,xây building/căn hộ đẹp nhất trung tâm HCường Bắc,Hải Châu","29,7 tỷ",270 m²,Không có thông tin,Không có thông tin,"Hải Châu, Đà Nẵng","Đường Núi Thành, Phường Hòa Cường Bắc, Hải Châu, Đà Nẵng"
Bán nhà phố chính chủ khu đồng bộ giá mềm trục đường Trường Chinh tân thới nhất,"7,4 tỷ",72 m²,4,6,"Quận 12, Hồ Chí Minh","Đường Trường Chinh, Phường Tân Thới Nhất, Quận 12, Hồ Chí Minh"
"GẤP GẤP Chủ cần bán gấp nhà 6x10m diện tích 60m2, đường 5 Bình Trưng Tây giá Ngộp 5,2 tỷ","5,2 tỷ",60 m²,2,2,"Quận 2, Hồ Chí Minh","Đường 5, Phường Bình Trưng Tây, Quận 2, Hồ Chí Minh"
Bán Cực Gấp Biệt Thự An Quý Villa Dương Nội. Siêu Rẻ 180m2 - Rẻ Hơn CDT 10 Tỷ. LH 0988 839 ***,"32,5 tỷ",180 m²,Không có thông tin,Không có thông tin,"Hà Đông, Hà Nội","An Quý Villa - KĐT Dương Nội, Dương Nội, Hà Đông, Hà Nội"
"Đất giáp mặt hồ, vị trí đẹp nhất khu vực hồ Suối Rao, DT 120*50m có 600m2 thổ cư, LH chủ 0901 668 ***",18 tỷ,6.102 m²,Không có thông tin,Không có thông tin,"Châu Đức, Bà Rịa Vũng Tàu","Xã Suối Rao, Châu Đức, Bà Rịa Vũng Tàu"
"Bán căn 2PN, 3PN toà CT1, CT2, CT3, CT5, CT6 Văn Khê, La Khê Hà Đông. LH-0982 511 ***","4,3 tỷ",105 m²,3,2,"Hà Đông, Hà Nội","Dự án Văn Khê, Đường Tố Hữu, Phường La Khê, Hà Đông, Hà Nội"
"Chỉ hơn 200tr anh chị đã sở hữu lô đất view hồ thoáng mát, nghỉ dưỡng chill chill siêu đẹp",250 triệu,117 m²,Không có thông tin,Không có thông tin,"Thạch Thành, Thanh Hóa","Xã Thành Mỹ, Thạch Thành, Thanh Hóa"
"BÁN NHÀ LINH ĐÀM - PHÂN LÔ VIP - Ô TÔ TRÁNH - KINH DOANH ĐỈNH - 80M, MẶT TIỀN 6M - CHỈ 23,5 TỶ","23,5 tỷ",80 m²,5,5,"Hoàng Mai, Hà Nội","KĐT Linh Đàm, Phường Đại Kim, Quận Hoàng Mai, Hà Nội"
"Chuyển nhượng tòa S2.11, 2PN + sổ đỏ trao ngay, chỉ dưới 2,7 tỷ","2,7 tỷ","55,6 m²",3,2,"Gia Lâm, Hà Nội","Dự án The Sapphire 2 - Vinhomes Ocean Park, Xã Đa Tốn, Gia Lâm, Hà Nội"
Chỉ hơn 600 triệu sở hữu ngay dàn lô f0 sổ hồng thổ cư mặt tiền đường nhựa tại Hồ Đá Bàng LakeSide,Giá thỏa thuận,220 m²,Không có thông tin,Không có thông tin,"Long Đất, Bà Rịa Vũng Tàu","Xã Long Tân, Long Đất, Bà Rịa Vũng Tàu"
"Bán nhà 6T thang máy, phố Yên Lãng, Đống Đa, Hà Nội, DT 56m2, sổ đẹp 2 thoáng, giá 15,5 tỷ full NT","15,5 tỷ",56 m²,6,5,"Đống Đa, Hà Nội","Đường Yên Lãng, Phường Láng Hạ, Đống Đa, Hà Nội"
"Hẻm Vip 2 xe hơi kỳ Đồng, P9, Quận 3. Có hẻm sau 6m 8 X 20m hầm, 3 lầu 34 tỷ",34 tỷ,163 m²,Không có thông tin,Không có thông tin,"Quận 3, Hồ Chí Minh","Đường Kỳ Đồng, Phường 9, Quận 3, Hồ Chí Minh"
"MT Tôn Thất Tùng, P. Bến Thành, Quận 1. 4.4 x17m 4 lầu HĐT: 80tr giá 32 tỷ TL",32 tỷ,"74,9 m²",Không có thông tin,Không có thông tin,"Quận 1, Hồ Chí Minh","Đường Tôn Thất Tùng, Phường Bến Thành, Quận 1, Hồ Chí Minh"
Em có quỹ căn của tòa 'The Sola Park' giá rẻ chỉ từ 62tr/m của chủ đầu tư MIK tại Vinhome Smart,"3,8 tỷ",62 m²,2,2,"Nam Từ Liêm, Hà Nội","Imperia Sola Park, Tây Mỗ, Nam Từ Liêm, Hà Nội"
Danh sách các căn biệt thự giá cực tốt đầu tư tại dự án vinaconex KĐT Quang Minh - ML - HN,14 tỷ,350 m²,6,Không có thông tin,"Mê Linh, Hà Nội","Dự án KĐT Quang Minh, Đường Cao tốc Thăng Long Nội Bài, Thị trấn Quang Minh, Mê Linh, Hà Nội"
"Cần bán 190m2 đấu giá thôn 14 nằm trong khu phố nhậu Vin 2, hưởng trọn tiện ích xây dựng 7 tầng",Giá thỏa thuận,190 m²,Không có thông tin,Không có thông tin,"Văn Giang, Hưng Yên","Xã Nghĩa Trụ, Văn Giang, Hưng Yên"
Chính chủ bán chung cư nhà 17T DT 152m2 nhà căn góc đã sửa chữa cực đẹp - nội thất cao cấp,Giá thỏa thuận,152 m²,3,2,"Cầu Giấy, Hà Nội","Dự án Trung Hòa Nhân Chính, Phố Hoàng Đạo Thúy, Phường Trung Hòa, Cầu Giấy, Hà Nội"
"Bán shophouse Terra An Hưng 65m2 vị trí KD cực tốt, thuê 45tr) giá 26tỷ5 (thương lượng), 0917 136 ***","26,5 tỷ",65 m²,Không có thông tin,Không có thông tin,"Hà Đông, Hà Nội","Dự án The Terra An Hưng, Đường Tố Hữu, Phường La Khê, Hà Đông, Hà Nội"
"Chính chủ cần bán, Thạc Quả - Dục Tú - Đông Anh Dt 42,8m2","2,85 tỷ","42,8 m²",Không có thông tin,Không có thông tin,"Đông Anh, Hà Nội","Thôn Thạc Quả, Xã Dục Tú, Đông Anh, Hà Nội"
"Duy nhất 8,4m mặt Quốc lộ 6 khu công nghiệp Lương Sơn, Lương Sơn, Hòa Bình, có sổ đỏ","7,8 tỷ",103 m²,Không có thông tin,Không có thông tin,"Lương Sơn, Hòa Bình","Đường Quốc Lộ 6, Thị trấn Lương Sơn, Lương Sơn, Hòa Bình"
"Bán đất Thuỷ Nguyên, trung tâm hành chính diện tích 60m2; 120m2; 300m2 giá từ 20 triệu/1m2 trở lên","5,15 tỷ",120 m²,Không có thông tin,Không có thông tin,"Thủy Nguyên, Hải Phòng","Dự án Khu đô thị Bắc Sông Cấm, Xã Tân Dương, Thủy Nguyên, Hải Phòng"
"Bán dự án Hoàng Huy tại thành phố Thuỷ Nguyên, Hải Phòng, đối diện trung tâm hành chính",Giá thỏa thuận,77 m²,5,5,"Thủy Nguyên, Hải Phòng","Dự án Hoàng Huy New City, Phường Dương Quan, Thủy Nguyên, Hải Phòng"
Bán Đất tặng nhà 150m2 tại trung tâm Minh Tân Kiến Thụy cách huyện lô chỉ 20m,"2,15 tỷ","150,8 m²",Không có thông tin,Không có thông tin,"Kiến Thụy, Hải Phòng","THôn Thống Nhất, Đường 362, Xã Minh Tân, Kiến Thụy, Hải Phòng"
Đất nền KĐT VCN Phước Hải - Lô 330 giá tốt nhất đầu tư và lô góc đẹp nhất,"18,15 tỷ",330 m²,Không có thông tin,Không có thông tin,"Nha Trang, Khánh Hòa","VCN Phước Hải, Đường Thích Quảng Đức, Phường Phước Hải, Nha Trang, Khánh Hòa"
Tòa căn hộ Nguyễn Chí Thanh 110m2 6T thang máy sổ đẹp ngõ ôtô 7 chỗ vào nhà 28.3 tỷ,"28,3 tỷ",110 m²,6,6,"Đống Đa, Hà Nội","Đường Nguyễn Chí Thanh, Phường Láng Thượng, Đống Đa, Hà Nội"
"Chuyên bán căn hộ 1PN-2PN-3PN tại chung cư Everrich Quận 5, có sổ hồng và đầy đủ pháp lý","5,5 tỷ",83 m²,2,2,"Quận 5, Hồ Chí Minh","The Everrich Infinity, 290, Đường An Dương Vương, Phường 4, Quận 5, Hồ Chí Minh"
"Chuyên bán căn hộ 1PN-2PN-3PN tại chung cư Everrich Quận 5, có sổ hồng và đầy đủ pháp lý","5,5 tỷ",83 m²,2,2,"Quận 5, Hồ Chí Minh","The Everrich Infinity, 290, Đường An Dương Vương, Phường 4, Quận 5, Hồ Chí Minh"
"Chính chủ bán gấp căn hộ 3PN, 106m2 full nội thất cao cấp, view trung tâm siêu đẹp, đã có sổ hồng","10,2 tỷ",106 m²,3,2,"Quận 5, Hồ Chí Minh","The Everrich Infinity, 290, Đường An Dương Vương, Phường 4, Quận 5, Hồ Chí Minh"
Hỗ trợ chuyển nhượng căn hộ tại Sunrise Riverside 2PN và 3PN giá tốt,"3,85 tỷ",70 m²,2,2,"Nhà Bè, Hồ Chí Minh","Dự án Sunrise Riverside, Đường Nguyễn Hữu Thọ, Xã Phước Kiển, Nhà Bè, Hồ Chí Minh"
"Chính chủ bán 65m2 đất thổ cư siêu đẹp, ngay sát QL21A mở rộng, gần đại học FPT và khu CNC Hoà Lạc","1,75 tỷ",65 m²,Không có thông tin,Không có thông tin,"Sơn Tây, Hà Nội","Đường Đồng Trạng, Xã Cổ Đông, Sơn Tây, Hà Nội"
Chính chủ cần bán gấp 115m2 đất siêu đẹp gần QL21 mở rộng và CNC và FPT Hoà Lạc. Giá 21 triệu/m2,"2,4 tỷ",115 m²,Không có thông tin,Không có thông tin,"Sơn Tây, Hà Nội","Đường Đồng Trạng, Xã Cổ Đông, Sơn Tây, Hà Nội"
"Bán biệt thự - Liền kề KĐT Vân Canh. DT: 100m2, 110m2, 114m2, 150m2, 200m2, 280m2, 300m2, 370m2",Giá thỏa thuận,100 m²,Không có thông tin,Không có thông tin,"Hoài Đức, Hà Nội","Dự án Khu đô thị Vân Canh, Xã Vân Canh, Hoài Đức, Hà Nội"
"Bán mảnh đất thổ cư 96m2 siêu đẹp tại Hoà Lạc giá chỉ 2x triệu/m2, ngay sát đại học gia và khu CNC","2,5 tỷ",96 m²,Không có thông tin,Không có thông tin,"Thạch Thất, Hà Nội","Đường 21, Xã Thạch Hòa, Thạch Thất, Hà Nội"
"Chính chủ bán nhà lô góc ô tô đỗ cửa xây mới, 33m2 x 5T, giá 4,35 tỷ, tại Kim Chung Hoài Đức Hà Nội","4,35 tỷ",33 m²,4,4,"Hoài Đức, Hà Nội","Đường Di Trạch, Xã Kim Chung, Hoài Đức, Hà Nội"
"Chính chủ bán gấp 60,5m2 đất thổ cư tại Cổ Đông Sơn Tây Hà Nội, giá nhỉnh 1 tỷ. LH: 0977 123 ***","1,65 tỷ","60,5 m²",Không có thông tin,Không có thông tin,"Sơn Tây, Hà Nội","Đường Đồng Trạng, Xã Cổ Đông, Sơn Tây, Hà Nội"
Choáng ngợp quỹ căn đầu tư 1PN và 1PN+ Lumiere Springbay giá siêu tốt chỉ 2tỷ6 lh 0333 673 ***,"2,8 tỷ","43,2 m²",Không có thông tin,Không có thông tin,"Văn Giang, Hưng Yên","Dự án Lumiere SpringBay, Xã Long Hưng, Văn Giang, Hưng Yên"
"Dòng tiền quyết định tự do tài chính , chung cư thương mại căn 2PN 44,18m2, giá chỉ 820tr",820 triệu,"44,18 m²",2,1,"Yên Phong, Bắc Ninh","Đường Ấp Đồn, Xã Yên Trung, Yên Phong, Bắc Ninh"
"Bán căn hộ chung cư Yên Phong bắc kỳ giá tốt 820 triệu, 44.18m2, 2PN, 1WC",820 triệu,"44,18 m²",2,1,"Yên Phong, Bắc Ninh","Yên Phong City, Yên Trung, Yên Phong, Bắc Ninh"
"Chính chủ bán căn 2PN DT 75m2 chung cư Eco Green city, giá 4.8 tỷ bao phí, LH: 0932 392 ***","4,8 tỷ",75 m²,2,2,"Thanh Trì, Hà Nội","Dự án Eco Green City, Đường Nguyễn Xiển, Xã Tân Triều, Thanh Trì, Hà Nội"
Nhà e có 1 suất ngoại giao mua rẻ hơn 100tr khu đất ở Phú Mãn. 100% thổ cư. 5p về ĐHQG CNC Hòa Lạc,"1,88 tỷ",78 m²,Không có thông tin,Không có thông tin,"Quốc Oai, Hà Nội","Phú Mãn, Quốc Oai, Hà Nội"
Bán căn Lavila full nội thất nhà mới đẹp chỉ 12 tỷ,12 tỷ,"105,6 m²",4,4,"Nhà Bè, Hồ Chí Minh","Dự án Lavila Kiến Á - Nhà Bè, Đường Nguyễn Hữu Thọ, Xã Phước Kiển, Nhà Bè, Hồ Chí Minh"
"Nhà trung tâm Quận Thanh Xuân, Hà Nội, phân lô, ô tô tránh. Phù hợp đa loại hình cho nhà đầu tư.",37 tỷ,140 m²,11,11,"Thanh Xuân, Hà Nội","Phường Khương Mai, Thanh Xuân, Hà Nội"
"Cần bán gấp căn biệt thự song lập Ecopark 165m2, 26,5 tỷ thật và gấp ạ - mới hoàn thiện rất đẹp","26,5 tỷ",165 m²,4,4,"Văn Giang, Hưng Yên","Dự án Ecopark, Đường Trúc, Xã Xuân Quan, Văn Giang, Hưng Yên"
"E bán căn song lập Dương Cầm 8 132m2 có hầm. Chủ thiện chí bán giá cực tốt, hướng Đông Nam",Giá thỏa thuận,132 m²,Không có thông tin,Không có thông tin,"Hoài Đức, Hà Nội","Dự án An Lạc Green Symphony, Xã Vân Canh, Hoài Đức, Hà Nội"
"Bán đất Độc quyền - mặt tiền Bình Minh 3, ngay gần phố đi bộ Bạch Đằng, DT 99m2",10 tỷ,99 m²,Không có thông tin,Không có thông tin,"Hải Châu, Đà Nẵng","Phường Bình Thuận, Hải Châu, Đà Nẵng"
"Em chính chủ cần bán nhà hẻm 20, đường 160, phường Tăng Nhơn Phú A, diện tích ngang 5 x 18m","4,8 tỷ",90 m²,2,1,"Quận 9, Hồ Chí Minh","Hẻm 20, Đường 160, Phường Tăng Nhơn Phú A, Quận 9, Hồ Chí Minh"
"Ngộp bank dí buông căn 2PN 2 WC Bcons Plaza căn hộ Làng Đại Học 1,6 tỷ giá bao hết, căn vip hiếm","1,6 tỷ",52 m²,2,2,"Dĩ An, Bình Dương","Dự án Bcons Plaza, Đường Thống Nhất, Phường Đông Hòa, Dĩ An, Bình Dương"
"Mặt ngõ 3 oto tải tránh - phố Thượng Thanh - 240m2 mặt tiền 12m vuông đét, 125tr/m2",30 tỷ,240 m²,Không có thông tin,Không có thông tin,"Long Biên, Hà Nội","Đường Thượng Thanh, Phường Thượng Thanh, Long Biên, Hà Nội"
Bán đất mặt phố Tư Đình - đón cầu Trần Hưng Đạo - tương lai giá tăng mạnh - 115m2 MT 7.5m,"22,5 tỷ",115 m²,Không có thông tin,Không có thông tin,"Long Biên, Hà Nội","Đường Tư Đình, Phường Thạch Bàn, Long Biên, Hà Nội"
Hàng hiếm 5 lô góc 2 mặt tiền phố biển Mỹ Khê ngay Nguyễn Văn Thoại giá đầu tư chỉ từ 150tr/m2,65 tỷ,234 m²,Không có thông tin,Không có thông tin,"Ngũ Hành Sơn, Đà Nẵng","Đường Nguyễn Văn Thoại, Phường Mỹ An, Ngũ Hành Sơn, Đà Nẵng"
"Nhà mặt phố bán tại Lê Lợi, Ngô Quyền, Hải Phòng, 139 triệu, 122m2, hàng hiếm!",139 triệu,122 m²,4,4,"Ngô Quyền, Hải Phòng","Đường Lê Lợi, Phường Lê Lợi, Ngô Quyền, Hải Phòng"
"Cần bán nhà Trịnh Thị Miếng, 4 x 12m, gác lửng đúc PK, 2PN, p/thờ, nhà mới cực đẹp","1,65 tỷ",80 m²,2,2,"Hóc Môn, Hồ Chí Minh","Đường Trịnh Thị Miếng, Xã Thới Tam Thôn, Hóc Môn, Hồ Chí Minh"
"Lô đất đẹp trung tâm Phú Riềng, dân đông kín, nhu cầu thực, giá mềm cơ hội đầu tư tốt","2,2 tỷ","593,7 m²",Không có thông tin,Không có thông tin,"Phú Riềng, Bình Phước","Đường ĐT 741, Xã Phú Riềng, Phú Riềng, Bình Phước"
Booking căn hộ cao cấp Tại The Cosmopolitan - Imperia Signature Cổ Loa. Ưu đãi tốt nhất,Giá thỏa thuận,59 m²,2,Không có thông tin,"Đông Anh, Hà Nội","Dự án Vinhomes Cổ Loa, Đường Cổ Loa, Xã Đông Hội, Đông Anh, Hà Nội"
"Đổ nợ cần bán gấp nhà hẻm lớn Lê Hồng Phong, Q10 sổ sạch không tranh chấp sang tên liền. Giá 4tỷ250","4,25 tỷ",55 m²,4,3,"Quận 10, Hồ Chí Minh","Đường Lê Hồng Phong, Phường 6, Quận 10, Hồ Chí Minh"
Liền kề ngon - bổ - rẻ duy nhất 1 căn áp góc từ chủ đầu tư Vinhomes với 2.8 tỷ nhà 5 tầng,8 tỷ,63 m²,4,3,"Văn Giang, Hưng Yên","Dự án The Empire - Vinhomes Ocean Park 2, Xã Long Hưng, Văn Giang, Hưng Yên"
"BÁN ĐẤT NỀN KHU LOVERA PARK, KHANG ĐIỀN BÌNH CHÁNH. GIÁ CHỈ 5,3 TỶ/100 M2","5,3 tỷ",100 m²,Không có thông tin,Không có thông tin,"Bình Chánh, Hồ Chí Minh","Khang Điền Bình Chánh, Trịnh Quang Nghị, Phong Phú, Bình Chánh, Hồ Chí Minh"
"Căn hộ 2PN 2WC - 76m2 - Bán 5,5 tỷ - Sunrise City Central","5,5 tỷ",76 m²,2,2,"Quận 7, Hồ Chí Minh","Dự án Sunrise City, Đường Nguyễn Hữu Thọ, Phường Tân Hưng, Quận 7, Hồ Chí Minh"
"Bán lô 50,8m Lương Quy cách thị trấn chỉ 1km; thông ô tô, giáp khu liên hợp thể thao Đông Anh","3,35 tỷ","50,8 m²",Không có thông tin,Không có thông tin,"Đông Anh, Hà Nội","Xã Xuân Nộn, Đông Anh, Hà Nội"
Độc nhất vô nhị. Toà CCMN 7 tầng ngay trung tâm cách phố Xã Đàn 50m ngõ oto sát cửa. Chỉ 12.7 tỷ,"12,7 tỷ",50 m²,11,11,"Đống Đa, Hà Nội","Đường Đê La Thành, Phường Phương Liên, Đống Đa, Hà Nội"
"Khu nhà giàu Bình Phú, gần Metro Bình phú , 4 tầng, Đường xe hơi, nhỉnh 11 tỷ","11,99 tỷ",80 m²,5,Không có thông tin,"Quận 6, Hồ Chí Minh","Đường Bình Phú, Phường 11, Quận 6, Hồ Chí Minh"
Bảng hàng chuyển nhượng các căn 2N - 3N giá tốt nhất dự án Le Grand Jardin Sài Đồng,"3,2 tỷ",57 m²,2,1,"Long Biên, Hà Nội","Le Grand Jardin Sài Đồng, Huỳnh Văn Nghệ, Sài Đồng, Long Biên, Hà Nội"
"Bán 2 lô liền kề mặt tiền đường Ấp 7 -An Phước,6000m2 -600m2 tc ,ngang rộng 80m,40 tỷ thương lượng",40 tỷ,6.000 m²,Không có thông tin,Không có thông tin,"Long Thành, Đồng Nai","Phố Thương gia Phùng Hưng, Đường Ấp 7, Xã An Phước, Long Thành, Đồng Nai"
Bán gấp nhà mặt tiền Trần Hưng Đạo - giá ngộp rẻ,"5,9 tỷ",59 m²,Không có thông tin,Không có thông tin,"Dĩ An, Bình Dương","Đường Trần Hưng Đạo, Phường Dĩ An, Dĩ An, Bình Dương"
"Bán lô đất diện tích 183 m2 giá chỉ 20 tr/m2 tại Hạ Bằng, Thạch Thất, sát khu công nghệ cao Hoà Lạc","3,66 tỷ",183 m²,Không có thông tin,Không có thông tin,"Thạch Thất, Hà Nội","Xã Hạ Bằng, Thạch Thất, Hà Nội"
"Bán gấp biệt thự Nine South Nam Sài Gòn DT 140m2 thiết kế 4PN 5WC full nội thất giá chốt 17,3tỷ","17,3 tỷ",140 m²,4,5,"Nhà Bè, Hồ Chí Minh","Dự án Nine South Estates, Đường Nguyễn Hữu Thọ, Xã Phước Kiển, Nhà Bè, Hồ Chí Minh"
"Bán lô đất diện tích 183 m2 giá chỉ 20 tr/m2 tại Hạ Bằng, Thạch Thất, sát khu công nghệ cao Hoà Lạc","3,66 tỷ",183 m²,Không có thông tin,Không có thông tin,"Thạch Thất, Hà Nội","Xã Hạ Bằng, Thạch Thất, Hà Nội"
"Bán gấp biệt thự Nine South Nam Sài Gòn DT 140m2 thiết kế 4PN 5WC full nội thất giá chốt 17,3tỷ","17,3 tỷ",140 m²,4,5,"Nhà Bè, Hồ Chí Minh","Dự án Nine South Estates, Đường Nguyễn Hữu Thọ, Xã Phước Kiển, Nhà Bè, Hồ Chí Minh"
"Vợ chồng chuyển công tác cần bán gấp căn hộ 2PN Privia nhà mới 100%, giá 3.6 tỷ LH: 0938 399 ***","3,6 tỷ","67,74 m²",2,2,"Bình Tân, Hồ Chí Minh","Dự án The Privia, Đường An Dương Vương, Phường An Lạc, Bình Tân, Hồ Chí Minh"
"Tôi Chính chủ bán CĂN HỘ LÔ GÓC 3 THOÁNG TẠI THE K - PARK VĂN PHÚ 83m 3 ngủ 2 Wc, Giá dưới 5.99 tỷ.","5,98 tỷ",93 m²,3,2,"Hà Đông, Hà Nội","The K Park, Lê Trọng Tấn, Phúc La, Hà Đông, Hà Nội"
CẦN BÁN GẤP NHÀ PHÚ DIỄN - THỔ CÔNG CHỌN CHỦ MỚI 1 TỶ/1M PHẢI XEM NHÀ MỚI Ý KIẾN,79 tỷ,100 m²,6,6,"Bắc Từ Liêm, Hà Nội","Đường Phú Diễn, Phường Phú Diễn, Bắc Từ Liêm, Hà Nội"
Tổng hợp đất dịch vụ Lại Yên DT 60 m2 - 150 m2 giá rẻ,Giá thỏa thuận,60 m²,Không có thông tin,Không có thông tin,"Hoài Đức, Hà Nội","Xã Lại Yên, Hoài Đức, Hà Nội"
Tổng hợp những lô đất dịch vụ Song Phương giá tốt nhất tháng 3/2025,Giá thỏa thuận,67 m²,Không có thông tin,Không có thông tin,"Hoài Đức, Hà Nội","Đường Đại lộ Thăng Long, Xã Song Phương, Hoài Đức, Hà Nội"
Cập nhật quỹ căn hộ giá tốt nhất tại Le Grand Jardin Sài Đồng,"5,5 tỷ",85 m²,3,2,"Long Biên, Hà Nội","Le Grand Jardin Sài Đồng, Huỳnh Văn Nghệ, Sài Đồng, Long Biên, Hà Nội"
"Nhà 3 lầu siêu đẹp mặt tiền hẻm thông xe hơi 4m Huỳnh Tấn Phát, P. Phú Thuận, Quận 7","7,4 tỷ",61 m²,4,5,"Quận 7, Hồ Chí Minh","Đường Huỳnh Tấn Phát, Phường Phú Thuận, Quận 7, Hồ Chí Minh"
"Bán nhà riêng tại Ngõ 58 Đường Đào Tấn, Cống Vị, Ba Đình, Hà Nội, giá siêu hời 4 tỷ, 30m2",4 tỷ,30 m²,3,3,"Ba Đình, Hà Nội","Ngõ 58 Đường Đào Tấn, Phường Cống Vị, Ba Đình, Hà Nội"
"Chính chủ căn 65m2 Hoàng Kim Thế Gia, sổ hồng sẵn, nhà mới, TT 950tr ở ngay","2,8 tỷ",65 m²,3,2,"Bình Tân, Hồ Chí Minh","Hoàng Kim Thế Gia (The Golden Dynasty), Trương Phước Phan, Bình Trị Đông, Bình Tân, Hồ Chí Minh"
Cần Bán Lô Đất 500m 1 sẹc đường lương định của ngay nút giao An Phú .,Giá thỏa thuận,500 m²,Không có thông tin,Không có thông tin,"Quận 2, Hồ Chí Minh","Detesco Lương Định Của, Lương Định Của, An Phú, Quận 2, Hồ Chí Minh"
"CẦN BÁN GẤP 110m đất cách trục đường 421B chỉ 30m. Đường trước đất 2 ô tô tránh nhau, buôn bán tốt","2,75 tỷ",110 m²,Không có thông tin,Không có thông tin,"Quốc Oai, Hà Nội","Đông Yên, Quốc Oai, Hà Nội"
Bán nhà gần ngã tư Bảy Hiền - chợ Tân Bình - bệnh viện Thống Nhất,"6,9 tỷ","53,88 m²",2,2,"Tân Bình, Hồ Chí Minh","Đường Lạc Long Quân, Phường 11, Tân Bình, Hồ Chí Minh"
"Gia đình chuyển hướng cần bán gấp căn biệt thự khu Q, DT 170m2 giá 27 tỷ. LH: 0943 656 ***",27 tỷ,170 m²,4,4,"Hà Đông, Hà Nội","Dự án Solasta Mansion, Đường Tố Hữu, Phường Dương Nội, Hà Đông, Hà Nội"
"Bán đất Gia Lâm nhỏ 3 tỷ, hiếm, lô góc, ô tô đỗ cổng, DT 48m2, mặt tiền 4m, giá 2.85 tỷ CTL","2,85 tỷ",48 m²,Không có thông tin,Không có thông tin,"Gia Lâm, Hà Nội","Đường Dương Đức Hiền, Xã Phú Sơn, Gia Lâm, Hà Nội"
"Bán đất đấu giá Gia Lâm, vỉa hè, ô tô tránh, giá nhỉnh 60tr/m2",5 tỷ,81 m²,Không có thông tin,Không có thông tin,"Gia Lâm, Hà Nội","Đường Dương Đức Hiền, Xã Phú Sơn, Gia Lâm, Hà Nội"
"Chính chủ gửi bán đất Lan Anh 2, Xã Hoà Long thành phố Bà Rịa. Giá từ 750-950 triệu. LH: 0939 751 ***",950 triệu,100 m²,Không có thông tin,Không có thông tin,"Bà Rịa, Bà Rịa Vũng Tàu","Dự án Lan Anh Residential, Đường Số 23, Xã Hòa Long, Bà Rịa, Bà Rịa Vũng Tàu"
"BÁN NHÀ PHÂN LÔ VIA HÈ,Ô TÔ TRÁNH,THANH LIỆT- THANH TRÌ, 82 M2, MẶT TIỀN 6,2 M, GIÁ 29,9 TỶ.","29,9 tỷ",82 m²,3,2,"Thanh Trì, Hà Nội","Đường Thanh Liệt, Xã Thanh Liệt, Thanh Trì, Hà Nội"
"SIÊU HIẾM , VIP HAI BÀ TRƯNG - PHÂN LÔ - LẠC TRUNG - OTÔ TRÁNH - TRUNG TÂM QUẬN HAI BÀ","24,8 tỷ",80 m²,7,7,"Hai Bà Trưng, Hà Nội","Phố Lạc Trung, Phường Vĩnh Tuy, Hai Bà Trưng, Hà Nội"
"BÁN NHÀ PHÂN LÔ VIA HÈ,Ô TÔ TRÁNH,THANH LIỆT- THANH TRÌ, 82 M2, MẶT TIỀN 6,2 M, GIÁ 29,9 TỶ.","29,9 tỷ",82 m²,3,2,"Thanh Trì, Hà Nội","Đường Thanh Liệt, Xã Thanh Liệt, Thanh Trì, Hà Nội"
"SIÊU HIẾM , VIP HAI BÀ TRƯNG - PHÂN LÔ - LẠC TRUNG - OTÔ TRÁNH - TRUNG TÂM QUẬN HAI BÀ","24,8 tỷ",80 m²,7,7,"Hai Bà Trưng, Hà Nội","Phố Lạc Trung, Phường Vĩnh Tuy, Hai Bà Trưng, Hà Nội"
"BÁN NHÀ HOÀNG MAI PHỐ THÚY LĨNH, 72M, MẶT TIỀN 5M CHỈ 76 TRIỆU/M,NHỈNH 5 TỶ, SỔ ĐỎ CHÍNH CHỦ",Giá thỏa thuận,72 m²,2,1,"Hoàng Mai, Hà Nội","Đường Thúy Lĩnh, Phường Lĩnh Nam, Hoàng Mai, Hà Nội"
"(Đang giảm giá sâu): Nhà hẻm xe hơi Thống Nhất P16, 4*17m, 6,3 Tỷ","6,3 tỷ","60,6 m²",3,5,"Gò Vấp, Hồ Chí Minh","Đường Thống Nhất, Phường 16, Gò Vấp, Hồ Chí Minh"
Quỹ căn chuyển nhượng chung cư Gemek giá tốt nhất tháng 3/2025,"3,2 tỷ",66 m²,Không có thông tin,Không có thông tin,"Hoài Đức, Hà Nội","Gemek Tower, Lê Trọng Tấn, An Khánh, Hoài Đức, Hà Nội"
Bán Nhà phố có hầm giá rẻ nhất khu Cityland Park Hills Phường 10 Gò Vấp .Giá chỉ 19tỷ5 .,"19,5 tỷ",100 m²,7,4,"Gò Vấp, Hồ Chí Minh","CityLand Park Hills, Phan Văn Trị, 10, Gò Vấp, Hồ Chí Minh"
CƠ HỘI VÀNG: BÁN NHÀ QUẬN ĐỐNG ĐA DT 149m2 - ĐẦU TƯ SINH LỜI - ZÁ 69 TỶ PHỐ MAI ANH TUẤN.,"68,54 tỷ",149 m²,Không có thông tin,Không có thông tin,"Đống Đa, Hà Nội","Phố Mai Anh Tuấn, Phường Ô Chợ Dừa, Đống Đa, Hà Nội"
Bán nhanh biệt thự Mỹ Gia nhà đẹp giá tốt nhất khu vực liên hệ em: Cẩm 0902 944 ***,57 tỷ,220 m²,4,4,"Quận 7, Hồ Chí Minh","Dự án Mỹ Gia 1, Đường 20, Phường Tân Phú, Quận 7, Hồ Chí Minh"
"Hàng hiếm cần bán lô đất đẹp 48m2 / MT 4m, 2 măt tiền trước sau, đường 2 ô tô tránh nhau",Giá thỏa thuận,48 m²,Không có thông tin,Không có thông tin,"Gia Lâm, Hà Nội","Đường An Lạc, Thị trấn Trâu Quỳ, Gia Lâm, Hà Nội"
"Bán nhà đường KD, MT Nguyễn Lương Bằng","12,7 tỷ","84,8 m²",4,4,"Quận 7, Hồ Chí Minh","Đường 15B, Phường Phú Mỹ, Quận 7, Hồ Chí Minh"
"Chính chủ Jamila Khang Điền căn 50 m2 - 3.2 tỷ, 72m2 - 3.85 tỷ, 100m2 - 5.2 tỷ, vay 70% giá trị","3,85 tỷ",72 m²,2,2,"Quận 9, Hồ Chí Minh","Dự án Jamila Khang Điền, Đường Song Hành, Phường Phú Hữu, Quận 9, Hồ Chí Minh"
"Hàng Vip 110,4 mét trục kinh diamh đường 2 xe tải tránh Mặt tiền bằng hậu 5 mét 100% đất ở","3,14 tỷ",110 m²,Không có thông tin,Không có thông tin,"Khoái Châu, Hưng Yên","Xã Tân Dân, Khoái Châu, Hưng Yên"
"Bán đất đẹp xuất sắc tại Đường 32, Đan Phượng, Hà Nội, 3,668 tỷ, 78m2","3,67 tỷ",78 m²,Không có thông tin,Không có thông tin,"Đan Phượng, Hà Nội","Đường 32, Xã Đồng Tháp, Đan Phượng, Hà Nội"
"Bán nhà BTLK hải âu khu đô thị mới cầu bươu-hà nội 60m-mt 5m -4 tầng ô tô vào nhà , kinh doanh tốt.","13,5 tỷ",60 m²,4,5,"Thanh Trì, Hà Nội","KĐTM Cầu Bươu, Đường 70, Xã Tân Triều, Thanh Trì, Hà Nội"
"Chỉ 16,96tỷ! Bán nhà Minh Khai Bắc Từ Liêm, phân lô,ô tô tránh vào nhà 60mx6T thang máy, VP công ty","16,96 tỷ",60 m²,4,5,"Bắc Từ Liêm, Hà Nội","Phường Minh Khai, Bắc Từ Liêm, Hà Nội"
"Bán quỹ căn giá rẻ nhất Hoàng Thành Pearl, Nguyễn Văn Giáp, DT 80m2 (2PN), 114m2(3PN) LH 0906 241 ***","5,7 tỷ",80 m²,2,2,"Nam Từ Liêm, Hà Nội","Dự án Hoàng Thành Pearl, Đường Nguyễn Văn Giáp, Phường Cầu Diễn, Nam Từ Liêm, Hà Nội"
"Ban 137,5 mét tại Hoàng Trạch - Mễ Sở - Văn Giang Full thổ cư , nở hậu , đường ô tô tải 4 met","3,9 tỷ",137 m²,Không có thông tin,Không có thông tin,"Văn Giang, Hưng Yên","Xã Mễ Sở, Văn Giang, Hưng Yên"
Bán gấp & Cho thuê Sky Line 3PN đầy đủ nội thất cao cấp lầu cao view sông nhìn pháo hoa giá tốt,Giá thỏa thuận,108 m²,3,2,"Quận 7, Hồ Chí Minh","An Gia Skyline, Hoàng Quốc Việt, Phú Thuận, Quận 7, Hồ Chí Minh"
Nguyễn Công Trứ - 50m2 - 2.89 tỷ,"2,89 tỷ",50 m²,3,3,"Sơn Trà, Đà Nẵng","Đường Nguyễn Công Trứ, Phường An Hải Đông, Sơn Trà, Đà Nẵng"
"GIẢM NGAY 100Tr-GIÁ MỚI 5.8TỶ CHO CĂN 4 TẦNG OTO THÔNG TẶNG FULL NỘI THẤT GỖ XỊN, ,","5,1 tỷ",50 m²,3,4,"Quận 12, Hồ Chí Minh","Đường 13, Phường Tân Chánh Hiệp, Quận 12, Hồ Chí Minh"
"GIẢM NGAY 100Tr-GIÁ MỚI 5.8TỶ CHO CĂN 4 TẦNG OTO THÔNG TẶNG FULL NỘI THẤT GỖ XỊN, ,","5,1 tỷ",50 m²,3,4,"Quận 12, Hồ Chí Minh","Đường 13, Phường Tân Chánh Hiệp, Quận 12, Hồ Chí Minh"
"Bán CHDV Đường 10 M Thông Quang Trung, Phường 14 , 92 m2, 5 tấm , 9 tỷ 6 . LH 0369720*** Phương","9,6 tỷ",92 m²,Không có thông tin,Không có thông tin,"Gò Vấp, Hồ Chí Minh","Đường Quang Trung, Phường 14, Gò Vấp, Hồ Chí Minh"
"TỔNG HỢP HÀNG THỊ TRẤN PHƯỚC HẢI SIÊU ĐẸP RẺ TỪ 1 TỶ - 2 TỶ; GẦN BIỂN - VIEW NÚI, 200M2 -500M2","1,75 tỷ",500 m²,Không có thông tin,Không có thông tin,"Long Đất, Bà Rịa Vũng Tàu","Đường 44A, Thị trấn Phước Hải, Long Đất, Bà Rịa Vũng Tàu"
Bán Siêu Phẩm Chỉ Có 1 Căn Biệt Thự Đơn Lập Đảo Ngọc Trai Vị Trí Đỉnh Búp Giá Chủ Đầu Tư Ai Là Vip,86 tỷ,"283,68 m²",5,5,"Văn Giang, Hưng Yên","The Empire - Vinhomes Ocean Park 2, Long Hưng, Văn Giang, Hưng Yên"
"Bán Nhà Hẻm Xe Hơi Thông 4 x 15 , 4 Tấm TN 21 tr.T , Phan Huy Ích , Phường 12. LH 0369720*** Phương","5,95 tỷ",60 m²,4,5,"Gò Vấp, Hồ Chí Minh","Đường Phan Huy Ích, Phường 12, Gò Vấp, Hồ Chí Minh"
"Cần gấp 20 nền đất Lan Anh 2, 5, 1 giá tốt nhất lô 100m2 giá 8tr/m2 lô đất biệt thự 184m2 giá 1,4tỷ",800 triệu,100 m²,Không có thông tin,Không có thông tin,"Bà Rịa, Bà Rịa Vũng Tàu","Dự án Lan Anh Residential, Phố 56, Xã Hòa Long, Bà Rịa, Bà Rịa Vũng Tàu"
Hàng hiếm 1 căn nhà duy nhất mặt tiền đường Củ Chi ngang hơn 5m giá siêu rẻ chỉ 74tr/m2,"12,5 tỷ","168,5 m²",Không có thông tin,Không có thông tin,"Nha Trang, Khánh Hòa","Đường Củ Chi, Phường Vĩnh Hải, Nha Trang, Khánh Hòa"
"Bán đất Thiện Nghiệp đường 715, Trần Bình Trọng, Hồ Quang Cảnh, Bàu Me LH 0986 707 ***","6,5 tỷ",1.000 m²,Không có thông tin,Không có thông tin,"Phan Thiết, Bình Thuận","Đường Hồ Quang Cảnh, Xã Thiện Nghiệp, Phan Thiết, Bình Thuận"
"Hot! Bán Biệt Thự tại Xanh Villas, giá 14,5 tỷ, diện tích 250m2 rẻ nhất dự án","14,5 tỷ",250 m²,Không có thông tin,Không có thông tin,"Thạch Thất, Hà Nội","Xanh Villas, Đại lộ Thăng Long, Tiến Xuân, Thạch Thất, Hà Nội"
"Chính chủ cần bán gấp 62m2 trục chính Tình lam, gần cầu đường thông ngõ oto, đầu tư sinh lời",Giá thỏa thuận,62 m²,Không có thông tin,Không có thông tin,"Quốc Oai, Hà Nội","Xã Đại Thành, Quốc Oai, Hà Nội"
CHỈ VỚI 600 TRIỆU SỞ HỮU NGAY CĂN HỘ Ở MẶT BIỂN CÁT BÀ - DỰ ÁN XANH ISLAND - SUN GROUP.,2 tỷ,39 m²,2,2,"Cát Hải, Hải Phòng","Xanh Island Cát Bà, Cát Bà, Cát Hải, Hải Phòng"
"Bán nhà mặt chợ,Thái Thịnh, Đống Đa, 60m đang kinh doanh tốt, 5tầng thang máy, Ô tô cửa, 15tỷ","14,9 tỷ",60 m²,6,4,"Đống Đa, Hà Nội","Phố Thái Thịnh, Phường Thịnh Quang, Đống Đa, Hà Nội"
"Bán nhà mặt phố Vũ Tông Phan, Thanh Xuân, vị trí đắc địa, cơ hội đầu tư siêu lợi nhuận chỉ 52 tỷ",52 tỷ,105 m²,Không có thông tin,Không có thông tin,"Thanh Xuân, Hà Nội","Phố Vũ Tông Phan, Phường Khương Đình, Thanh Xuân, Hà Nội"
"Nhà mới xây, DT đất 211m2 đường bê tông 5m, Đức Hòa Long An giá 2,65 tỷ","2,65 tỷ",211 m²,3,2,"Đức Hòa, Long An","Đường Lục Viên, Xã Mỹ Hạnh Bắc, Đức Hòa, Long An"
"Cần bán nhà mặt tiền đường 10.5m sát sông Hàn, sát cầu Rồng mà giá chỉ 130 triệu/m2","15,2 tỷ",117 m²,4,3,"Sơn Trà, Đà Nẵng","Đường Nguyễn Công Trứ, Phường An Hải Nam, Sơn Trà, Đà Nẵng"
BÁN ĐẤT HOÀ LẠC SÁT GA CUỐI TUYẾN METRO GIÁ RẺ,Giá thỏa thuận,136 m²,Không có thông tin,Không có thông tin,"Quốc Oai, Hà Nội","Thạch Thất Quốc Oai, Đường Liên Xã, Thị trấn Quốc Oai, Quốc Oai, Hà Nội"
"Bán đất dự án Agora City nằm ngay mặt tiền đường ĐT818 giá từ 18tr/m2, có sổ sẵn, cọc 50tr nhận nền","1,9 tỷ",108 m²,Không có thông tin,Không có thông tin,"Thủ Thừa, Long An","Dự án Agora City, Đường 818, Thị trấn Thủ Thừa, Thủ Thừa, Long An"
"Chính chủ Cần Tiền Bán Cắt Lỗ Lô đất tại Cẩm Lĩnh Ba Vì, 435m2, 10m mặt, Lô góc 2 mặt tiền,",Giá thỏa thuận,435 m²,Không có thông tin,Không có thông tin,"Ba Vì, Hà Nội","Xã Cẩm Lĩnh, Ba Vì, Hà Nội"
Chính Chủ Cần Bán Các Lô Đất Biển Sơn Thuỷ . Liên Hệ Vp Nhà Đất Đại Nam,"4,3 tỷ",100 m²,Không có thông tin,Không có thông tin,"Ngũ Hành Sơn, Đà Nẵng","Đường Phạm Khiêm Ích, Phường Hòa Hải, Ngũ Hành Sơn, Đà Nẵng"
"Bán căn hộ 2PN 3PN Chung cư Văn Lang SkyLake, view đẹp nhất TP. Việt Trì","3,47 tỷ","73,35 m²",2,2,"Việt Trì, Phú Thọ","Văn Lang SkyLake, Phố Tiên Dung, Phường Tiên Cát, Việt Trì, Phú Thọ"
"Bán 1 căn góc 142m2 Sapphire Gem ngay TTHC mới, chỉ 7,x tỷ bao trọn thuế phí cho khách thiện chí",Giá thỏa thuận,142 m²,4,5,"Thủy Nguyên, Hải Phòng","Dự án Sapphire Gem Hải Phòng, Phường Thủy Đường, Thủy Nguyên, Hải Phòng"
"BÁN GẤP LÔ ĐẤT NGỌC THUỴ - 107,3m MẶT TIỀN 6m - LÔ GÓC- ĐƯỜNG VỈA HÈ PHÂN LÔ - SỔ ĐỎ CHÍNH CHỦ","20,39 tỷ","107,3 m²",Không có thông tin,Không có thông tin,"Long Biên, Hà Nội","Đường Ngọc Thụy, Phường Ngọc Thụy, Long Biên, Hà Nội"
Bán nhanh siêu phẩm Mai Hiên - Mai Lâm - Đông Anh - HN - oto tải ngủ đất - lô góc - giá đầu tư,"3,95 tỷ","45,1 m²",Không có thông tin,Không có thông tin,"Đông Anh, Hà Nội","Đường Mai Hiên, Xã Mai Lâm, Đông Anh, Hà Nội"
"Bn nhà xây ở hẻm 5m, Lê Văn Sỹ P1 Tân Bình. Giá 2 tỷ550. DT 60m2 sổ hồng riêng. LH 0902 631 *** Quỳnh","2,55 tỷ",60 m²,4,5,"Tân Bình, Hồ Chí Minh","Đường Lê Văn Sỹ, Phường 1, Tân Bình, Hồ Chí Minh"
"Bán đất Hắc Dịch, 1,35 tỷ, 140m2, mặt tiền đẹp xuất sắc","1,35 tỷ",140 m²,Không có thông tin,Không có thông tin,"Phú Mỹ, Bà Rịa Vũng Tàu","Phường Hắc Dịch, Phú Mỹ, Bà Rịa Vũng Tàu"
"Bán đất lô góc 104,5m2 gần trường đại học FPT Hòa Lạc giá chỉ 22 triệu / m2","2,3 tỷ","104,5 m²",Không có thông tin,Không có thông tin,"Thạch Thất, Hà Nội","Xã Lại Thượng, Thạch Thất, Hà Nội"
"Chuyên mua bán căn hộ 2PN, 3PN, 4PN tại Golden Palace, full nội thất mới đẹp, giá bán từ 58tr/m2.","7,5 tỷ",125 m²,3,2,"Nam Từ Liêm, Hà Nội","Dự án Golden Palace, đường Mễ Trì, Phường Mễ Trì, Nam Từ Liêm, Hà Nội."
"HÀNG MỚI LÔ GÓC ĐẤT ODT DUY NHẤT CÒN SÓT LẠI.ĐƯỜNG OTO 2,5 TẤN VÀO TẬN ĐẤT.",Giá thỏa thuận,"69,2 m²",Không có thông tin,Không có thông tin,"Chương Mỹ, Hà Nội","Chúc Sơn, Chương Mỹ, Hà Nội"
Bán nhà 6 tầng mặt phố Văn Cao - Ba đình 71 tỷ,71 tỷ,95 m²,5,5,"Ba Đình, Hà Nội","Đường Văn Cao, Phường Liễu Giai, Ba Đình, Hà Nội"
"Bán nền NP Liền Kề 5x20m giá 19.5 tỷ TL, BT 260m2 giá 58 tỷ TL Thạnh Mỹ Lợi, Q2 LH: 0948 888 ***",19 tỷ,100 m²,Không có thông tin,Không có thông tin,"Quận 2, Hồ Chí Minh","Dự án Saigon Mystery Villas, Đường Bát Nàn, Phường Bình Trưng Tây, Quận 2, Hồ Chí Minh"
Giỏ hàng chuyển nhượng căn hộ Mizuki Park Nam Long mới nhất tháng 03/2025 - Hỗ trợ xem nhà 24/7,"2,95 tỷ",56 m²,2,1,"Bình Chánh, Hồ Chí Minh","Dự án Mizuki Park, Đường Nguyễn Văn Linh, Xã Bình Hưng, Bình Chánh, Hồ Chí Minh"
Giá tốt bán nhà Trịnh Hoài Đức - P. Hiệp Phú. Nhà 3 tầng chủ xây chắc chắn. Ngay ngã tư Thủ Đức,"7,58 tỷ","85,5 m²",5,4,"Thủ Đức, Hồ Chí Minh","Đường Trịnh Hoài Đức, Phường Hiệp Phú, Thủ Đức, Hồ Chí Minh"
Bán đất Thượng Thanh 50m2 mặt tiền 5m không quy hoạch sổ đỏ đầy đủ,"3,5 tỷ",50 m²,Không có thông tin,Không có thông tin,"Long Biên, Hà Nội","Đường Thượng Thanh, Phường Thượng Thanh, Long Biên, Hà Nội"
"Bán nhà riêng đẹp tại Võ Chí Công 8 tỷ, 40m2, 5PN, 4WC. 0382 276 ***",8 tỷ,40 m²,5,4,"Tây Hồ, Hà Nội","Đường Võ Chí Công, Phường Xuân La, Tây Hồ, Hà Nội"
Bán nhà hxh 6m Nguyễn Bỉnh Khiêm - Đa Kao Q1 - 60m2 4pn đang cho spa thuê 30tr/tháng,"16,49 tỷ",60 m²,4,4,"Quận 1, Hồ Chí Minh","Đường Nguyễn Bỉnh Khiêm, Phường Đa Kao, Quận 1, Hồ Chí Minh"
"Bán gấp nhà mặt tiền VIP Phạm Viết Chánh, Quận 1 - 10x15m - 4 tầng - cho thuê 200tr/th - giá 40 tỷ",40 tỷ,150 m²,Không có thông tin,Không có thông tin,"Quận 1, Hồ Chí Minh","Đường Phạm Viết Chánh, Phường Nguyễn Cư Trinh, Quận 1, Hồ Chí Minh"
Đơn giá 59tr/m2 sở hữu ngay căn 3PN rẻ nhất PK cao cấp Masterise có sẵn nội thất cao cấp châu Âu,Giá thỏa thuận,"90,8 m²",3,Không có thông tin,"Gia Lâm, Hà Nội","Masteri Lakeside, Trâu Quỳ, Gia Lâm, Hà Nội"
EM CẦN BÁN LÔ ĐẤT 38M BIÊN GIANG HÀ ĐÔNG HÀ NỘI,"2,75 tỷ",38 m²,Không có thông tin,Không có thông tin,"Hà Đông, Hà Nội","Đường Giang Chính, Phường Biên Giang, Hà Đông, Hà Nội"
Cần bán biệt thự vườn 617m2 ngay GiGamall Phạm Văn Đồng Hiệp Bình Chánh Thủ Đức,48 tỷ,617 m²,4,4,"Thủ Đức, Hồ Chí Minh","Đường 17, Phường Hiệp Bình Chánh, Thủ Đức, Hồ Chí Minh"
Tháng 3/2025 Bán cắt lỗ biệt thự song lập hướng ĐN gần hồ - LH: 0886 064 ***,Giá thỏa thuận,150 m²,4,3,"Gia Lâm, Hà Nội","Dự án Vinhomes Ocean Park Gia Lâm, Xã Dương Xá, Gia Lâm, Hà Nội"
"Bán nhà mặt phố Hàng Bông - Hoàn Kiếm 85m2, mặt tiền 4,8m, 5 tầng giá 65 tỷ",65 tỷ,85 m²,Không có thông tin,Không có thông tin,"Hoàn Kiếm, Hà Nội","Phố Hàng Bông, Phường Hàng Bông, Hoàn Kiếm, Hà Nội"
"Bán nhà mặt phố Lạc Long Quân - View Hồ Tây 185m2, mặt tiền 10m, giá 120 tỷ",120 tỷ,185 m²,Không có thông tin,Không có thông tin,"Tây Hồ, Hà Nội","Đường Lạc Long Quân, Phường Xuân La, Tây Hồ, Hà Nội"
"Bán đất tại Mai Hiên, Đông Anh, Hà Nội, 3,9 tỷ, 45.1m2 giá cực chất","3,9 tỷ","45,1 m²",Không có thông tin,Không có thông tin,"Đông Anh, Hà Nội","Đường Mai Hiên, Xã Mai Lâm, Đông Anh, Hà Nội"
"Bán Nhà mặt phố tại Bình Trị Đông, 8,99 tỷ, 109m2, (5 x 22M )4PN + 5WC + 4T","8,99 tỷ",109 m²,4,5,"Bình Tân, Hồ Chí Minh","Phường Bình Trị Đông, Bình Tân, Hồ Chí Minh"
"Chính chủ cần bán lô mặt đường N1, Hạ Mỗ, Đan Phượng, 0902 289 ***",Giá thỏa thuận,68 m²,Không có thông tin,Không có thông tin,"Đan Phượng, Hà Nội","Đường N1, Xã Hạ Mỗ, Đan Phượng, Hà Nội"
"Bán Centana 3PN 4,6 tỷ-5 tỷ, 2PN Office 2,5 tỷ-2,7 tỷ, 2PN căn hộ 4 tỷ - 4,2 tỷ, 1PN từ 2,3 tỷ",4 tỷ,64 m²,2,2,"Quận 2, Hồ Chí Minh","Dự án Centana Thủ Thiêm, Đường Mai Chí Thọ, Phường An Phú, Quận 2, Hồ Chí Minh"
"Bán nhà ngõ Trung Hành, Đằng Lâm, 41m2 4 tầng, mới tinh, độc lập, dân xây, 2 tỷ 650","2,65 tỷ",41 m²,3,2,"Hải An, Hải Phòng","Đường Trung Hành, Phường Đằng Lâm, Hải An, Hải Phòng"
Cần Bán nhanh nhà 5 tầng Biên Giang ô tô cách 5m khu vực đông đúc.,"3,05 tỷ",30 m²,3,4,"Hà Đông, Hà Nội","Đường Biên Giang, Phường Biên Giang, Hà Đông, Hà Nội"
"Bán căn hộ chính chủ 2PN, 3PN, 4PN chung cư Dolphin Plaza - Giá tốt, hỗ trợ A-Z, LH 0987 514 ***","11,1 tỷ",186 m²,4,3,"Nam Từ Liêm, Hà Nội","Dolphin Plaza, Trần Bình, Mỹ Đình 2, Nam Từ Liêm, Hà Nội"
"BÁN ĐẤT ĐG MẶT ĐƯỜNG TRỊNH VĂN BÔ 60M2, MT 5M, 2 MẶT Ô TÔ TRÁNH, GIÁ ĐẦU TƯ CHỈ 24X TRIỆU/M2",Giá thỏa thuận,60 m²,Không có thông tin,Không có thông tin,"Nam Từ Liêm, Hà Nội","Đường Trịnh Văn Bô, Phường Phương Canh, Nam Từ Liêm, Hà Nội"
Chuyên Bán Căn Hộ Saigon Royal Giá Tốt. Studio 2.6 tỷ | 1PN+1 4.6 tỷ | 2PN 6.4 tỷ | 3PN 12.5 tỷ,"6,1 tỷ",82 m²,2,2,"Quận 4, Hồ Chí Minh","Dự án Saigon Royal Residence, Đường Bến Vân Đồn, Phường 12, Quận 4, Hồ Chí Minh"
PKD tổng hợp quỹ căn 2PN-3PN-Duplex DT đa dạng 127-307m2 ở Mandarin-cam kết giá sát nhất thị trường,"16,34 tỷ",172 m²,3,2,"Cầu Giấy, Hà Nội","Mandarin Garden, Hoàng Minh Giám, Trung Hòa, Cầu Giấy, Hà Nội"
"Chính chủ bán nhà phân lô phố thanh bình,nhà đẹp nội thất đầy đủ, miễn trung gian và môi giới,",14 tỷ,60 m²,5,4,"Hà Đông, Hà Nội","Phố Nguyễn Thanh Bình, Phường Mỗ Lao, Hà Đông, Hà Nội"
"Bán Nhà Biệt Thự 4PN, 4WC, 101m2 tại Phùng Chí Kiên, Cầu Giấy, Hà Nội giá 34 tỷ VND",34 tỷ,101 m²,4,4,"Cầu Giấy, Hà Nội","Phố Phùng Chí Kiên, Phường Nghĩa Đô, Cầu Giấy, Hà Nội"
Độc quyền hàng thưởng: 2PN + 2WC view hồ bơi - giá 3.724 tỷ - tặng gói nội thất 150tr,"3,72 tỷ",69 m²,2,2,"Quận 9, Hồ Chí Minh","Glory Heights - Vinhomes Grand Park, Nguyễn Xiển, Long Bình, Quận 9, Hồ Chí Minh"
Bán Shophouse khu đô thị hạ Đình Rue De Charm 93m2 giá 25 tỷ nhận nhà ngay dòng tiền 70tr/tháng,25 tỷ,93 m²,10,11,"Thanh Trì, Hà Nội","Rue De Charme, 214, Đường Nguyễn Xiển, Xã Tân Triều, Thanh Trì, Hà Nội"
"Bán đất 7x18m (126m2 thổ cư) đường 25, khu bên sông Hiệp Bình Chánh, TP Thủ Đức. Gần TTTM Gigamall",12 tỷ,126 m²,Không có thông tin,Không có thông tin,"Thủ Đức, Hồ Chí Minh","Đường 25, Phường Hiệp Bình Chánh, Thủ Đức, Hồ Chí Minh"
Siêu phẩm Lê Trọng Tấn ô tô đỗ cửa vừa ở vừa kinh doanh dòng tiền tốt - nhỉnh 11 tỷ,"11,2 tỷ",44 m²,5,4,"Thanh Xuân, Hà Nội","Đường Lê Trọng Tấn, Phường Khương Mai, Thanh Xuân, Hà Nội"
Nhà mới đẹp mặt tiền hẻm kinh doanh 1/ Huỳnh Tấn Phát vào 3 tầng 4 pn 3 vệ sinh chỉ 2tỷ850tr,"2,85 tỷ",33 m²,4,3,"Nhà Bè, Hồ Chí Minh","Thị trấn Nhà Bè, Huyện Nhà Bè, Hồ Chí Minh"
"Bán nhà mặt phố Hàng Than, 101m2 giá 68tỷ, mặt tiền 22m, vị trí đẹp nhất phố, kinh doanh bất chấp",68 tỷ,101 m²,4,4,"Ba Đình, Hà Nội","Đường Hàng Than, Phường Nguyễn Trung Trực, Ba Đình, Hà Nội"
"Bán nhà mặt phố Hàng Than, 101m2 giá 68tỷ, mặt tiền 22m, vị trí đẹp nhất phố, kinh doanh bất chấp",68 tỷ,101 m²,4,4,"Ba Đình, Hà Nội","Đường Hàng Than, Phường Nguyễn Trung Trực, Ba Đình, Hà Nội"
Quỹ căn 2 ngủ nhỏ view hồ đẹp nhất đáng đầu tư dự án Masteri The Lakeside chỉ 20% = 800 triệu,Giá thỏa thuận,65 m²,2,2,"Gia Lâm, Hà Nội","Masteri Lakeside, Trâu Quỳ, Gia Lâm, Hà Nội"
MẶT TIỀN KINH DOANH VIP - 5 TẦNG - PHÙ HỢP MỠ SPA - CTY - VP - ĐA NGHÀNH - ĐƯỜNG 12M - KO LỘ GIỚI,"7,8 tỷ",70 m²,Không có thông tin,Không có thông tin,"Bình Tân, Hồ Chí Minh","Phường Bình Trị Đông A, Bình Tân, Hồ Chí Minh"
2căn nhà mới hoàn thiện 4 tầng đường xe hơi thị trấn nhà bè,"6,8 tỷ",50 m²,4,5,"Nhà Bè, Hồ Chí Minh","Sài Gòn Mới, Đường Huỳnh Tấn Phát, Thị trấn Nhà Bè, Nhà Bè, Hồ Chí Minh"
"Hotel 24 phòng sẳn hợp đồng thuê 60tr/tháng, giá 28tỷ500tr","28,5 tỷ",133 m²,24,25,"Quận 7, Hồ Chí Minh","Đường Số 2, Phường Phú Mỹ, Quận 7, Hồ Chí Minh"
"Cần bán 60m2 đất wieu hồ trục chính kinh doanh Đông Dư, Bát Tràng, Gia Lâm",8 tỷ,60 m²,Không có thông tin,Không có thông tin,"Gia Lâm, Hà Nội","Đường Đông Dư Hạ, Xã Bát Tràng, Gia Lâm, Hà Nội"
Nhà mới đẹp 4 tầng full nội thất đường ô tô 8m chỉ 6tỷ6 ngay Trung tâm Thị Trấn sát bên quận 7,"6,6 tỷ","52,5 m²",3,4,"Nhà Bè, Hồ Chí Minh","Thị trấn Nhà Bè, Nhà Bè, Hồ Chí Minh"
Bán Nhanh Căn Biệt thự đảo Ecopark với diện tích 300m2,65 tỷ,300 m²,4,4,"Văn Giang, Hưng Yên","Ecopark Grand - The Island , Xuân Quan, Văn Giang, Hưng Yên"
Đất đẹp Đình Trung Xuân Nội chính chủ gửi bán,"4,9 tỷ","84,5 m²",Không có thông tin,Không có thông tin,"Đông Anh, Hà Nội","Xuân Nộn, Đông Anh, Hà Nội"
Bán lô đất 48m2 tuy nhỏ nhưng gần trung tâm thành phố sổ hồng riêng,930 triệu,48 m²,Không có thông tin,Không có thông tin,"Bình Chánh, Hồ Chí Minh","Đường Tỉnh Lộ 10, Xã Lê Minh Xuân, Bình Chánh, Hồ Chí Minh"
Bán nhà mặt tiền Nguyễn Thị Nhung và Đinh Thị Thi khu đô thị Vạn Phúc City,38 tỷ,140 m²,Không có thông tin,Không có thông tin,"Thủ Đức, Hồ Chí Minh","Dự án KĐT Vạn Phúc City, Đường Quốc Lộ 13, Phường Hiệp Bình Phước, Thủ Đức, Hồ Chí Minh"
"Biệt thự mặt tiền TL29 sân dài miên man - 507m2 đất - sale 2 tỷ còn 12,3 tỷ - kinh doanh gì cũng đc","12,3 tỷ",507 m²,5,6,"Quận 12, Hồ Chí Minh","Đường Thạnh Lộc 29, Phường Thạnh Lộc, Quận 12, Hồ Chí Minh."
"Giảm Sâu nhà Song Phương, bán kính 800m đầy đủ chợ, trường, 400m ra Đại Lộ TL.","3,35 tỷ",42 m²,4,3,"Hoài Đức, Hà Nội","Đường Song Phương, Xã Song Phương, Hoài Đức, Hà Nội"
"Bán nhà Mộ Lao Hà Đông, oto tránh vỉa hè kinh doanh, 7 tầng thang máy mặt tiền 4.5m, 16.x tỷ","16,3 tỷ",45 m²,4,Không có thông tin,"Hà Đông, Hà Nội","Đường Vũ Trọng Khánh, Phường Mỗ Lao, Hà Đông, Hà Nội"
"Bán căn hộ Mizuki Park 72m2 view mát (2PN - 2WC), giá 3,40tỷ/căn đã có sổ bao giấy tờ nhận nhà","3,4 tỷ",72 m²,2,2,"Bình Chánh, Hồ Chí Minh","Dự án Mizuki Park, Đường Nguyễn Văn Linh, Xã Bình Hưng, Bình Chánh, Hồ Chí Minh"
"Bán CC Green Pearl 378 Minh Khai, 12,5 tỷ, 139m2, 3PN, 2WC, full nội thất","12,5 tỷ",139 m²,3,2,"Hai Bà Trưng, Hà Nội","Green Pearl 378 Minh Khai, Minh Khai, Vĩnh Tuy, Hai Bà Trưng, Hà Nội"
"Nhà hẻm Vip Dương Đức Hiền, giá 7 tỷ",7 tỷ,"67,5 m²",2,1,"Tân Phú, Hồ Chí Minh","Đường Dương Đức Hiền, Phường Tây Thạnh, Tân Phú, Hồ Chí Minh"
Cần bán biệt thự rộng 500m2 khu biệt thự núi Anh Nguyễn,"43,5 tỷ",500 m²,4,5,"Nha Trang, Khánh Hòa","Dự án Ocean Front Villas, Đường Trần Phú, Phường Vĩnh Nguyên, Nha Trang, Khánh Hòa"
"Nhà Tân Bình MT lộ giới 30m, thông ra nhà ga T3 sân bay TSN, 162.5m2 ngang 10m, 6 tầng, 50.5tỷ","50,5 tỷ","162,53 m²",4,5,"Tân Bình, Hồ Chí Minh","Đường Phan Thúc Duyện, Phường 4, Tân Bình, Hồ Chí Minh"
"Hiếm bán! Nhà Bình Thạnh, hẻm xe hơi 5m, sát mặt tiền Nơ Trang Long, 5x15, 4 tầng, giá tốt 12.8 tỷ","12,8 tỷ","73,8 m²",4,4,"Bình Thạnh, Hồ Chí Minh","Đường Nơ Trang Long, Phường 11, Bình Thạnh, Hồ Chí Minh"
"Hiếm bán! Nhà Bình Thạnh, hẻm xe hơi 5m, sát mặt tiền Nơ Trang Long, 5x15, 4 tầng, giá tốt 12.8 tỷ","12,8 tỷ","73,8 m²",4,4,"Bình Thạnh, Hồ Chí Minh","Đường Nơ Trang Long, Phường 11, Bình Thạnh, Hồ Chí Minh"
"Cần bán nhanh 2 miếng đất mặt tiền 3000 m2 đường ĐH 38, xã Tam Hiệp, Châu Thành, Tiền Giang",2 tỷ,2.000 m²,Không có thông tin,Không có thông tin,"Châu Thành, Tiền Giang","Đường 38, Xã Tam Hiệp, Châu Thành, Tiền Giang"
"Bán Nhà Mặt Phố 4 Tầng, 5PN, 4WC, 80m2, 9,9 tỷ tại Bình Trị Đông B, Bình Tân, HCM giá siêu hời","9,9 tỷ",80 m²,5,4,"Bình Tân, Hồ Chí Minh","Phường Bình Trị Đông B, Bình Tân, Hồ Chí Minh"
"Bán căn hộ 3PN Eco Green City, nhà mới sửa, 95m2, căn góc ban công Đông Nam",Giá thỏa thuận,95 m²,3,2,"Thanh Trì, Hà Nội","Eco Green City, Đường Nguyễn Xiển, Xã Tân Triều, Thanh Trì, Hà Nội"
Đầu tư hơn 4 tỷ có ngay dòng tiền thu nhập với hợp đồng thuê giá 23tr/ tháng,"4,26 tỷ",60 m²,2,1,"Quận 7, Hồ Chí Minh","Dự án Sky Garden 3, Đường Phạm Văn Nghị, Phường Tân Phong, Quận 7, Hồ Chí Minh"
Nhỉnh 8 tỷ cho nhà Mặt tiền An Bình - Trần Hưng Đạo P7 Q5,"8,8 tỷ",96 m²,Không có thông tin,Không có thông tin,"Quận 5, Hồ Chí Minh","Đường An Bình, Phường 7, Quận 5, Hồ Chí Minh"
"Người quen gửi bán nhà phố Thi Sách, nhà đẹp ở luôn, sát mặt phố, trung tâm quận Hai Bà Trưng","14,2 tỷ",42 m²,4,4,"Hai Bà Trưng, Hà Nội","Phố Thi Sách, Phường Ngô Thì Nhậm, Hai Bà Trưng, Hà Nội"
Cần tìm chủ nhân cho căn đơn lập đẳng cấp và độc bản nhất Nine South,80 tỷ,695 m²,Không có thông tin,Không có thông tin,"Nhà Bè, Hồ Chí Minh","Nine South Estates, Đường Nguyễn Hữu Thọ, Xã Phước Kiển, Nhà Bè, Hồ Chí Minh"
Mặt phố Vạn Bảo 70m2 9T thang máy MT 6.3m 31 tỷ,31 tỷ,70 m²,Không có thông tin,Không có thông tin,"Ba Đình, Hà Nội","Đường Vạn Bảo, Phường Liễu Giai, Ba Đình, Hà Nội"
Định cư nên cần chuyển nhượng căn hộ dịch vụ có hợp đồng thuê cao,57 tỷ,377 m²,Không có thông tin,Không có thông tin,"Quận 7, Hồ Chí Minh","180/5, Đường Bùi Văn Ba, Phường Tân Thuận Đông, Quận 7, Hồ Chí Minh"
"Chính chủ cần bán căn nhà 4 tầng ngay gần chợ Tam Lông, Bình Xuyên, Vĩnh Yên, Vĩnh Phúc",4 tỷ,"89,9 m²",5,Không có thông tin,"Bình Xuyên, Vĩnh Phúc","Đường Minh Quyết thôn Tam Lộng, Xã Hương Sơn, Bình Xuyên, Vĩnh Phúc"
Cắt lỗ 300tr căn hộ 2 phòng ngủ mặt sông Hàn Sun Symphony Residence đối diện Novotel Đà Nẵng,"6,1 tỷ","70,1 m²",2,2,"Sơn Trà, Đà Nẵng","Dự án Sun Symphony Residence, Đường Trần Hưng Đạo, Phường Nại Hiên Đông , Sơn Trà, Đà Nẵng"
GẤP HẠ GIÁ 30 TỶ TÔI CHÍNH CHỦ BÁN BIỆT THỰ VƯỜN ĐÀO D5 LÔ GÓC 3 MẶT TIỀN VIEW TRỰC DIỆN LOTTE,Giá thỏa thuận,270 m²,5,5,"Tây Hồ, Hà Nội","Toà nhà hỗn hợp Vườn Đào, Lạc Long Quân, Phú Thượng, Tây Hồ, Hà Nội"
"Cần bán gấp căn biệt thự, Đinh Công Trứ",13 tỷ,282 m²,4,4,"Sơn Trà, Đà Nẵng","Đường Đinh Công Trứ, Phường Thọ Quang, Sơn Trà, Đà Nẵng"
Full giỏ hàng đang bán tại Victoria Village 1PN -2PN- 3PN mới nhất. Cam kết giá rẻ nhất thị trường,"3,6 tỷ","52,8 m²",1,Không có thông tin,"Quận 2, Hồ Chí Minh","Victoria Village, Đồng Văn Cống, Thạnh Mỹ Lợi, Quận 2, Hồ Chí Minh"
CẦN BÁN GẤP 2 LÔ ĐẤT DỰ ÁN TÁI ĐỊNH CƯ LẬP PHÚC.GIÁ 61TR/M2,61 triệu,140 m²,Không có thông tin,Không có thông tin,"Nhà Bè, Hồ Chí Minh","Đường Lê Văn Lương, Xã Phước Kiển, Nhà Bè, Hồ Chí Minh"
"Bán Nhà riêng tại Visip1 sát ngay chợ, Tp Thuận An, Bình Dương, 3,4 tỷ, 100m2. 0366 236 ***","3,4 tỷ",100 m²,2,Không có thông tin,"Thuận An, Bình Dương","Phường An Phú, Thuận An, Bình Dương"
"Bán đất biệt thự Võ Nghĩa ngay bãi tắm Phạm Văn Đồng, Sơn Trà, Đà Nẵng",36 tỷ,300 m²,Không có thông tin,Không có thông tin,"Sơn Trà, Đà Nẵng","Đường Võ Nghĩa, Phường Phước Mỹ, Sơn Trà, Đà Nẵng"
"Căn hộ 27,8m2 tại Vinhomes Ocean Park Gia Lâm, giá tốt 1,73 tỷ","1,73 tỷ","27,8 m²",1,1,"Gia Lâm, Hà Nội","Dự án Vinhomes Ocean Park Gia Lâm, Xã Dương Xá, Gia Lâm, Hà Nội"
"Bán nhà phân lô ngõ 121 phố Thái Hà, Quận Đống Đa, DT 50.5m2, 7 tầng, MT 5,5m, thang máy nhập khẩu",29 tỷ,"50,5 m²",13,8,"Đống Đa, Hà Nội","Ngõ 121, Phố Thái Hà, Phường Trung Liệt, Đống Đa, Hà Nội"
"Bán nhà phân lô ngõ 121 phố Thái Hà, Quận Đống Đa, DT 50.5m2, 7 tầng, MT 5,5m, thang máy nhập khẩu",29 tỷ,"50,5 m²",13,8,"Đống Đa, Hà Nội","Ngõ 121, Phố Thái Hà, Phường Trung Liệt, Đống Đa, Hà Nội"
"Bán đất 1000m2 tại Xã Xuân Tâm, Xuân Lộc, Đồng Nai. Cách quốc lộ 1km giá 5,2 tỷ, đẹp xuất sắc","5,2 tỷ",1.000 m²,Không có thông tin,Không có thông tin,"Xuân Lộc, Đồng Nai","Xã Xuân Tâm, Xuân Lộc, Đồng Nai"
"100m ra mặt phố Hồ Tùng Mậu - Nhà đẹp ở ngay - 5 tầng dân xây - 6,8 tỷ","6,8 tỷ",30 m²,3,4,"Cầu Giấy, Hà Nội","Đường Hồ Tùng Mậu, Phường Mai Dịch, Cầu Giấy, Hà Nội"
"Cần bán gấp: Nhà phố The Classia Khang Điền - nhà sẵn, sổ sẵn, khu compound an ninh 24/7","17,4 tỷ",95 m²,6,6,"Quận 9, Hồ Chí Minh","Dự án The Classia, Đường Võ Chí Công, Phường Phú Hữu, Quận 9, Hồ Chí Minh"
"Độc Quyền- Tòa nhà 119 Cộng Hòa Thu Nhập 500 Triệu,2MT,Tân Bình.DT 8,3x35-KC Hầm 6 Tầng. Giá 107 Tỷ",107 tỷ,272 m²,Không có thông tin,Không có thông tin,"Tân Bình, Hồ Chí Minh","Đường Cộng Hòa, Phường 12, Tân Bình, Hồ Chí Minh"
BÁN NHÀ PHÂN LÔ 55M2 XÂY 5 TẦNG THANG MÁY,19 tỷ,55 m²,8,5,"Nam Từ Liêm, Hà Nội","Đường Huy Du, Phường Cầu Diễn, Nam Từ Liêm, Hà Nội"
"Tôi Cần Bán Căn nhà 3 tầng Lô Góc, 52,5m mặt tiền 4,8m đường 10m, giá hơn 10ty","10,5 tỷ","52,4 m²",3,3,"Lê Chân, Hải Phòng","Đường Dư Hàng, Phường Dư Hàng, Lê Chân, Hải Phòng"
"Bán nhà Ngọc Thụy, căn góc 2 mặt ngõ thoáng 55m2 x 6 tầng, thang máy, ngõ thông ô tô 7 chỗ vào nhà","12,9 tỷ",55 m²,4,3,"Long Biên, Hà Nội","Đường Ngọc Thụy, Phường Ngọc Thụy, Long Biên, Hà Nội"
cập nhật những căn giá rẻ nhất dự án Jamila DT: 70m2 có 2PN 2WC full NT giá tốt nhất dự án,"4,15 tỷ",70 m²,2,2,"Quận 9, Hồ Chí Minh","Jamila Khang Điền, Song Hành, Phú Hữu, Quận 9, Hồ Chí Minh"
"Bán Biệt Thự Vườn Đào đẹp nhất 256 m2, 5 tầng, Mt 14 m, thang máy, đẳng cấp thượng lưu! Hot 150 tỷ!",150 tỷ,256 m²,6,6,"Tây Hồ, Hà Nội","Vườn Đào, Đường Lạc Long Quân, Phường Phú Thượng, Tây Hồ, Hà Nội"
"Bán nhà chính chủ, đường20m, KDC Tên Lửa, số 51 Đường số 49, P.Tân Tạo, Q.Bình Tân, DT 81m2, 11 tỷ",11 tỷ,81 m²,4,5,"Bình Tân, Hồ Chí Minh","51 Đường Số 49, Phường Tân Tạo, Bình Tân, Hồ Chí Minh"
"Siêu phẩm trục chính dự án Majestic City giá chủ đầu tư cực kỳ tốt, ngân hàng hỗ trợ 2 năm k lãi","6,57 tỷ",90 m²,Không có thông tin,Không có thông tin,"Mỹ Hào, Hưng Yên","Majestic City, Phường Nhân Hòa, Mỹ Hào, Hưng Yên"
"Chính chủ bán nhà tại Nguyễn Văn Cừ, có gara ô tô ngõ thông kinh doanh giá hơn 10 tỷ","10,2 tỷ",40 m²,3,4,"Long Biên, Hà Nội","Đường Nguyễn Văn Cừ, Phường Bồ Đề, Long Biên, Hà Nội"
"Nhà 3 tầng, Mặt tiền bao đẹp Huỳnh Tấn Phát - Trần Trọng Cung 4,2x31m. Chính chủ bán 23,9 tỷ","23,9 tỷ",131 m²,5,3,"Quận 7, Hồ Chí Minh","Đường Huỳnh Tấn Phát, Phường Tân Thuận Đông, Quận 7, Hồ Chí Minh"
"Bán đất đẹp tại Quốc lộ 21A, Hòa Sơn, Lương Sơn, Hòa Bình, 20 triệu VND/m2, 2000 m2",40 tỷ,2.000 m²,Không có thông tin,Không có thông tin,"Lương Sơn, Hòa Bình","Đường Quốc lộ 21A(Quốc lộ 21), Xã Hòa Sơn, Lương Sơn, Hòa Bình"
"Đất nền khu đô thị VCN Phước Long 2, cập nhật giá tốt nhất tháng 3","5,1 tỷ",95 m²,Không có thông tin,Không có thông tin,"Nha Trang, Khánh Hòa","Dự án Khu đô thị VCN Phước Long 2, Đường B11, Phường Phước Long, Nha Trang, Khánh Hòa"
"Tổng hợp 5 căn biệt thự VIP nhất kđt Vĩnh Điềm Trung , sổ Hồng hoàn công , cách biển 3km","14,79 tỷ",290 m²,4,6,"Nha Trang, Khánh Hòa","Đường C8, Xã Vĩnh Hiệp, Nha Trang, Khánh Hòa"
"Lô góc đối diện công viên và khu đất chung cư 2,2ha.","11,9 tỷ",183 m²,Không có thông tin,Không có thông tin,"Nha Trang, Khánh Hòa","Dự án KĐT Lê Hồng Phong I, Đường Lê Hồng Phong, Phường Phước Hải, Nha Trang, Khánh Hòa"
Chính chủ cần bán gấp liền kề Vườn Đào Lạc Long Quân - Tây Hồ 100m2 hơn 30 tỷ,35 tỷ,100 m²,5,Không có thông tin,"Tây Hồ, Hà Nội","Vườn Đào, Đường Lạc Long Quân, Phường Phú Thượng, Tây Hồ, Hà Nội"
BÁN NHÀ 4 TẦNG -NGÕ Ô TÔ TRÁNH - NGUYỄN TRÃI KDOANH ĐỈNH - CHỈ VÀI BƯỚC CHÂN RA PHỐ -GÍA CHỈ 12 TỶ,12 tỷ,37 m²,4,4,"Thanh Xuân, Hà Nội","Đường Nguyễn Trãi, Phường Thượng Đình, Thanh Xuân, Hà Nội"
Chính chủ cần bán gấp liền kề Vườn Đào Lạc Long Quân - Tây Hồ 100m2 hơn 30 tỷ,35 tỷ,100 m²,5,Không có thông tin,"Tây Hồ, Hà Nội","Vườn Đào, Đường Lạc Long Quân, Phường Phú Thượng, Tây Hồ, Hà Nội"
BÁN NHÀ 4 TẦNG -NGÕ Ô TÔ TRÁNH - NGUYỄN TRÃI KDOANH ĐỈNH - CHỈ VÀI BƯỚC CHÂN RA PHỐ -GÍA CHỈ 12 TỶ,12 tỷ,37 m²,4,4,"Thanh Xuân, Hà Nội","Đường Nguyễn Trãi, Phường Thượng Đình, Thanh Xuân, Hà Nội"
Cần bán căn hộ cao cấp view Sông Hàn ngắm pháo hoa tại Thành phố Đà Nẵng với giá thấp nhất.,8 tỷ,"76,8 m²",3,3,"Sơn Trà, Đà Nẵng","Sun Symphony Residence, view Sông Hàn ngắm pháo hoa, đường Trần Hưng Đạo, Nại Hiên Đông , Sơn Trà, Đà Nẵng"
Chính chủ bán căn 1PN+ tòa Masterise giá tốt nhẩt Vinhomes Ocean Park có thể chuyển đổi thành 2 ngủ,"2,75 tỷ",45 m²,1,1,"Gia Lâm, Hà Nội","Masteri Lakeside, Thị trấn Trâu Quỳ, Gia Lâm, Hà Nội"
"Bán nhà Tây Hồ, ngõ thông kinh doanh cực đẹp ô tô vào nhà thoả mái, DT 65m2 TK 7 tầng thang máy",16 tỷ,65 m²,6,Không có thông tin,"Tây Hồ, Hà Nội","Đường Võ Chí Công, Phường Phú Thượng, Tây Hồ, Hà Nội"
THẬT 100% TỐT THU 250 TRIỆU/THÁNG TÒA NHÀ 11x26m. 260m2 HẦM 6 TẦNG KHU XUÂN THỦY THẢO ĐIỀN QUẬN 2.,59 tỷ,260 m²,25,25,"Quận 2, Hồ Chí Minh","Đường Xuân Thủy, Phường Thảo Điền, Quận 2, Hồ Chí Minh"
"Sadora, căn góc, 3PN, 120m2, View nhìn Panorama của Sài Gòn, giá rẻ chỉ 14.5 tỷ",15 tỷ,120 m²,3,2,"Quận 2, Hồ Chí Minh","Dự án Sadora Sala, Đường Mai Chí Thọ, Phường An Lợi Đông, Quận 2, Hồ Chí Minh"
"Chính chủ bán đất thổ cư ngay chợ Nguyễn Xí, cắt Phạm Văn Đồng và Nguyễn Xí","22,2 tỷ","202,3 m²",Không có thông tin,Không có thông tin,"Bình Thạnh, Hồ Chí Minh","311/1, đường Nguyễn Xí, Phường 13, Bình Thạnh, Hồ Chí Minh"
"Chính chủ bán miếng đất bán đấu giá 2 mặt tiền Ql2D, diện tích 92m2, sổ đỏ vuông vắn",1 tỷ,92 m²,Không có thông tin,Không có thông tin,"Yên Bình, Yên Bái","Đường Quốc Lộ 2D, Xã Thịnh Hưng, Yên Bình, Yên Bái"
Bán tòa nhà 6 tầng thang máy thang bộ 12 phòng Q.Hai Bà 12.9 tỷ,"12,9 tỷ",62 m²,12,12,"Hai Bà Trưng, Hà Nội","Đường Minh Khai, Phường Vĩnh Tuy, Hai Bà Trưng, Hà Nội"
"Bán gấp nhà riêng Đội Cấn, Ba Đình, Hà Nội, 6 tầng thang máy, gần ô tô, 8.6 tỷ, 46m2, mặt tiền 4.2m","8,6 tỷ",46 m²,3,5,"Ba Đình, Hà Nội","Đường Đội Cấn, Phường Đội Cấn, Ba Đình, Hà Nội"
"1 lô duy nhất Trục chính dự án (đường nhựa 10m) 200 Bưng Ông Thoàn giá: 4,25 tỷ","4,25 tỷ",64 m²,Không có thông tin,Không có thông tin,"Quận 9, Hồ Chí Minh","Đường Bưng Ông Thoàn, Phường Phú Hữu, Quận 9, Hồ Chí Minh"
"Chủ cần bán, NHÀ ĐẸP, LÔ GÓC, THANG MÁY, Ô TÔ TRÁNH, Trung Kính, Cầu Giấy.","30,5 tỷ",86 m²,Không có thông tin,Không có thông tin,"Cầu Giấy, Hà Nội","Phố Trung Kính, Phường Yên Hòa, Cầu Giấy, Hà Nội"
"Chính chủ bán căn 62m chung cư Vinhomes Green Bay Mễ Trì, Đại lộ Thăng Long, Nam Từ Liêm",Giá thỏa thuận,62 m²,2,1,"Nam Từ Liêm, Hà Nội","Vinhomes Green Bay Mễ Trì, Đại lộ Thăng Long, Mễ Trì, Nam Từ Liêm, Hà Nội"
"7,7 tỷ - nhà mặt tiền - Thạnh Mỹ Lợi quận 2 - 75m2 - 5PN - 3 tầng - đường 8m - hàng hiếm giá tốt","7,7 tỷ",75 m²,5,6,"Quận 2, Hồ Chí Minh","Đường 19, Phường Thạnh Mỹ Lợi, Quận 2, Hồ Chí Minh"
"Đất Nghi Thuận Gần WHA, Cách N5 khoảng 200m",13 triệu,193 m²,Không có thông tin,Không có thông tin,"Nghi Lộc, Nghệ An","Nghi Thuận, Nghi Lộc, Nghệ An"
Chính chủ định cư nước ngoài cần bán căn hộ Diamond Riverside 2T650 bao thuế phí sang tên DT: 73m2,"2,65 tỷ",73 m²,2,2,"Quận 8, Hồ Chí Minh","Dự án Diamond Riverside, Đường Võ Văn Kiệt, Phường 16, Quận 8, Hồ Chí Minh"
Bán gấp biệt thự đơn lập căn góc Phạm Thái Bường Phú Mỹ Hưng view công viên,"112,3 tỷ",285 m²,5,Không có thông tin,"Quận 7, Hồ Chí Minh","Phú Mỹ Hưng, Đường Phạm Thái Bường, Phường Tân Phong, Quận 7, Hồ Chí Minh"
Bán biệt thự đơn lập Mỹ Quang khu cảnh đồi Phú Mỹ Hưng. Nhà mới giá tốt. Khu dân cư cao cấp,148 tỷ,"352,5 m²",4,3,"Quận 7, Hồ Chí Minh","Dự án Mỹ Quang, Đường Lý Long Tường, Phường Tân Phong, Quận 7, Hồ Chí Minh"
Bán căn hộ Hưng Vượng 1 nhà đẹp giá rẻ nhất khu Phú Mỹ Hưng,"3,35 tỷ",77 m²,3,1,"Quận 7, Hồ Chí Minh","Dự án Hưng Vượng 1, Đường Nguyễn Văn Linh, Phường Tân Phong, Quận 7, Hồ Chí Minh"
Bán biệt thự Mỹ Phú 3 Phú Mỹ Hưng căn góc đường lớn,67 tỷ,225 m²,Không có thông tin,Không có thông tin,"Quận 7, Hồ Chí Minh","Dự án Mỹ Phú 3, Phường Tân Phú, Quận 7, Hồ Chí Minh"
"Trả trước 1,8 tỷ căn 110m2 đườg 21m Sapphire Gem TP Thuỷ Nguyên 3 tầng sổ đỏ giá rẻ nhất khu vực","5,5 tỷ",110 m²,Không có thông tin,Không có thông tin,"Thủy Nguyên, Hải Phòng","Dự án Sapphire Gem Hải Phòng, Thành phố Thủy Nguyên, Hải Phòng"
CẦN TIỀN BÁN GẤP TRONG TUẦN RA LỘC CHO KHÁCH THIỆN CHÍ LÔ ĐẤT ĐẸP HIỀN LƯƠNG HIỀN NINH SÓC SƠN,"1,88 tỷ","72,3 m²",Không có thông tin,Không có thông tin,"Sóc Sơn, Hà Nội","Hiền Ninh, Sóc Sơn, Hà Nội"
HÀNG HIẾM ÁP GÓC| GIÁ CỰC ƯU ĐÃI| GẦN TRUNG TÂM GIẢI TRÍ GRAND WORLD VÀ TRƯỜNG HỌC| VINHOMES CỔ LOA,"17,87 tỷ",63 m²,6,4,"Đông Anh, Hà Nội","Vinhomes Cổ Loa, Cổ Loa, Đông Hội, Đông Anh, Hà Nội"
Đón sóng Vinhomes Vũ Yên 1 căn Centa City 75m2 giá rẻ nhất thị trường. LH 0866 666 ***,"3,6 tỷ",75 m²,4,3,"Thủy Nguyên, Hải Phòng","Dự án Centa City Hải Phòng, Đường 359, Phường An Lư, Thủy Nguyên, Hải Phòng"
"Chính chủ cần cắt lỗ cực sâu shophouse 60m2, thông thẳng ra chung cư Masterise, sổ đỏ vĩnh viễn",Giá thỏa thuận,60 m²,7,4,"Văn Giang, Hưng Yên","Dự án The Crown - Vinhomes Ocean Park 3, Xã Nghĩa Trụ, Văn Giang, Hưng Yên"
Chính chủ: Cần bán lô biệt thự 200m2 và liền kề 99m2 vị trí đẹp full nội thất cao cấp và thang máy.,73 tỷ,200 m²,6,6,"Hoàng Mai, Hà Nội","Dự án The Manor Central Park, Đường Nghiêm Xuân Yêm, Phường Đại Kim, Hoàng Mai, Hà Nội"
"Nhà đẹp phố Lê Thánh Tông, BDS giá trị đầu tư ở sướng đang có dòng tiền cho thuê hiệu quả",13 tỷ,45 m²,4,5,"Hoàn Kiếm, Hà Nội","Đường Lê Thánh Tông, Phường Phan Chu Trinh, Hoàn Kiếm, Hà Nội"
"Chính chủ bán lô đất dãy DC5-1x giá chỉ 1,55 tỷ rẻ nhất Cầu Trúc","1,55 tỷ",95 m²,Không có thông tin,Không có thông tin,"Sông Công, Thái Nguyên","Khu đô thị Cầu Trúc Sông Công, Đường Cách Mạng Tháng Mười, Phường Bách Quang, Sông Công, Thái Nguyên"
"Bán nhà 2MT công viên 7x22m KĐT Vạn Phúc, Hoàn thiện đẹp, sổ hồng riêng giá 33 tỷ",33 tỷ,154 m²,Không có thông tin,Không có thông tin,"Thủ Đức, Hồ Chí Minh","KĐT Vạn Phúc City, Đường Quốc Lộ 13, Phường Hiệp Bình Phước, Thủ Đức, Hồ Chí Minh"
"Bán đất mặt biển Mũi Né, diện tích 1.384m2, Phan Thiết",Giá thỏa thuận,1.384 m²,Không có thông tin,Không có thông tin,"Phan Thiết, Bình Thuận","Đường Nguyễn Cơ Thạch, Phường Mũi Né, Phan Thiết, Bình Thuận"
"Chính chủ bán nhà 5T Chiến Thắng, VQ, Hà Đông (Ngay HVAN và HVKT Mật Mã). Kinh doanh. Ôtô. Giá 8tỷ6","8,6 tỷ",38 m²,4,4,"Hà Đông, Hà Nội","Đường Chiến Thắng, Phường Văn Quán, Hà Đông, Hà Nội"
Trả nợ ngân hàng tôi cần bán lỗ lô đất biển 1.200m2 giá 9 tỷ,9 tỷ,1.200 m²,Không có thông tin,Không có thông tin,"Phan Thiết, Bình Thuận","Đường Nguyễn Cơ Thạch, Phường Mũi Né, Phan Thiết, Bình Thuận"
"3PN bán gấp tại Q2 Thảo Điền - Chuyên Penthouse, 1PN, 2PN, 3PN, 4PN hàng ngộp - 0908 186 ***",12 tỷ,100 m²,3,2,"Quận 2, Hồ Chí Minh","Q2 Thảo Điền, Đường Võ Trường Toản, Phường Thảo Điền, Quận 2, Hồ Chí Minh"
"Bán nhà 46m2 Bát Khối, Cổ Linh, Gần Cầu Vĩnh Tuy, Thanh Trì, Dân xây, An Ninh Tuyệt Đối",6 tỷ,46 m²,4,4,"Long Biên, Hà Nội","Đường Bát Khối, Phường Cự Khối, Long Biên, Hà Nội"
Cập nhật giỏ hàng đất nền khu dân cư Hưng Phú tháng 3/2025 (Giá tốt nhất),7 tỷ,90 m²,Không có thông tin,Không có thông tin,"Quận 9, Hồ Chí Minh","Dự án Hưng Phú 2, Đường Liên Phường, Phường Phước Long B, Quận 9, Hồ Chí Minh"
Gấp! Bán lô đất Biệt Thự Trần Trọng Khiêm đường 10m5 thông sông khu Nam Việt Á Đà Nẵng giá siêu tốt,"18,4 tỷ",361 m²,Không có thông tin,Không có thông tin,"Ngũ Hành Sơn, Đà Nẵng","Nam Cầu Tuyên Sơn-Nam Việt Á, Đường Trần Trọng Khiêm, Phường Khuê Mỹ, Ngũ Hành Sơn, Đà Nẵng"
"Bán nhà dân xây ngõ Hòa Bình 4, ngõ ô tô cực rộng gần phố, 5 tầng 3 ngủ. Sổ đỏ vuông đẹp","6,85 tỷ",29 m²,3,4,"Hai Bà Trưng, Hà Nội","Ngõ Hòa Bình 4, Đường Minh Khai, Phường Minh Khai, Hai Bà Trưng, Hà Nội"
"Chính chủ bán đất mặt tiền view sông Hàn, cách đài ngắm pháo hoa mới của TP khoảng 200m",17 tỷ,100 m²,Không có thông tin,Không có thông tin,"Ngũ Hành Sơn, Đà Nẵng","Đường Chương Dương, Phường Mỹ An, Ngũ Hành Sơn, Đà Nẵng"
"Bán gấp Căn hộ 75m2, 5,1 tỷ tại Nguyễn Đức Cảnh, Tương Mai, Hoàng Mai, Tương Mai, Hoàng Mai, Hà Nội","5,1 tỷ",75 m²,2,2,"Hoàng Mai, Hà Nội","HUD3 Nguyễn Đức Cảnh, Đường Nguyễn Đức Cảnh, Phường Tương Mai, Hoàng Mai, Hà Nội"
Đất nền sổ sẵn trung tâm hành chính Thủ Thừa giá tốt nhất khu vực Long An,"1,7 tỷ",100 m²,Không có thông tin,Không có thông tin,"Thủ Thừa, Long An","Dự án Agora City, Đường Tỉnh Lộ 818, Thị trấn Thủ Thừa, Thủ Thừa, Long An"
"Bán nhà 42m2 xây 4 tầng đường Sư Vạn Hạnh,Q10 giá 3tỷ050.Gần Vạn Hạnh Mall.Hẻm 8m.Cho thuê 12tr","3,05 tỷ",42 m²,4,3,"Quận 10, Hồ Chí Minh","Đường Sư Vạn Hạnh, Phường 12, Quận 10, Hồ Chí Minh"
Nhà đẹp - thang máy sịn - ở ngay Q. Hai Bà Trưng,"9,5 tỷ",38 m²,3,4,"Hai Bà Trưng, Hà Nội","Phố Chùa Quỳnh, Phường Bạch Mai, Hai Bà Trưng, Hà Nội"
"Bán NR 5PN, 4WC, 50.9m2 tại Phú Lãm, Hà Đông, 5,15 tỷ. ĐẦU TƯ CHO THUÊ THOẢI MÁI","5,15 tỷ","50,9 m²",5,4,"Hà Đông, Hà Nội","Phường Phú Lãm, Hà Đông, Hà Nội"
"Bán đất mặt đường 72, An Thượng","7,41 tỷ",114 m²,Không có thông tin,Không có thông tin,"Hoài Đức, Hà Nội","Đường Quốc Lộ 72, Xã An Thượng, Hoài Đức, Hà Nội"
"Bán đất tại Phùng Chí Kiên, giá cực chất 23 triệu/m2, 222.6m2, Phúc Yên, Vĩnh Phúc gần Chợ Tình","5,12 tỷ","222,6 m²",Không có thông tin,Không có thông tin,"Phúc Yên, Vĩnh Phúc","Phố Phùng Chí Kiên, Xã Ngọc Thanh, Phúc Yên, Vĩnh Phúc"
Đất gia đình Mặt tiền lớn 100m2 sát bên Làng Đại học Thủ Đức,"3,6 tỷ",100 m²,Không có thông tin,Không có thông tin,"Dĩ An, Bình Dương","Đường Thống Nhất, Phường Bình An, Dĩ An, Bình Dương"
"Tôi cần bán gấp căn nhà 37m2x3 tầng,gần QL6, BX Yên Nghĩa. Giá 3,85 tỷ. Lh: 0983 227 *** (A. Thanh)","3,85 tỷ",37 m²,3,3,"Hà Đông, Hà Nội","Đường 6, Phường Đồng Mai, Hà Đông, Hà Nội"
"Nhà mới 100% - 6 x 27 mét, xã Gia Thuận, Gò Công Đông, Tiền giang, Sổ hồng + nội thất 790 triệu",790 triệu,162 m²,2,1,"Gò Công Đông, Tiền Giang","Xã Gia Thuận, Gò Công Đông, Tiền Giang"
"Hot! Bán Đất tại Đường 39A, Bảo Khê, Hưng Yên, Đối diện dự án sân golf của Vin Group","12,88 tỷ",280 m²,Không có thông tin,Không có thông tin,"Hưng Yên, Hưng Yên","Đường 39A, Xã Bảo Khê, Hưng Yên, Hưng Yên"
"Bán gấp Đất tại đường Nguyễn Khuyến, An Tảo, TP Hưng Yên","6,3 tỷ",75 m²,Không có thông tin,Không có thông tin,"Hưng Yên, Hưng Yên","Đường Tôn Thất Tùng, Phường An Tảo, Hưng Yên, Hưng Yên"
"Gấp! Chính chủ bán nhanh căn hộ 2PN chung cư Seasons Avenue, full đồ đẹp, giá rẻ hơn thị trường",5 tỷ,72 m²,2,2,"Hà Đông, Hà Nội","Dự án Seasons Avenue, Phường Mỗ Lao, Hà Đông, Hà Nội"
Bán nhà Sapphire Gem cạnh trung tâm hành chính với quỹ căn giá tốt vị trí đẹp. liên hệ 0898 260 ***,"5,8 tỷ",110 m²,4,5,"Thủy Nguyên, Hải Phòng","Dự án Sapphire Gem Hải Phòng, Đường 9C, Phường Thủy Đường, Thủy Nguyên, Hải Phòng"
"Bán nhà Quận 7 MT đường Số 40(LG 16m) Tân Quy Đông, P. Tân Phong, 6x15m trệt 3 lầu, ở và làm VP cty",19 tỷ,90 m²,4,5,"Quận 7, Hồ Chí Minh","Đường Số 40, Phường Tân Phong, Quận 7, Hồ Chí Minh"
"CC cần bán nhà phố Nguyên Hồng 80m2x8T. MT:16m.Nhà đẹp Lô góc 2 mặt tiền.Ngõ to hơn phố,Sổ đẹp",56 tỷ,80 m²,6,6,"Đống Đa, Hà Nội","Đường Nguyên Hồng, Phường Láng Hạ, Đống Đa, Hà Nội"
"chỉ 1, 4x tỷ nhận ngay chìa khoá căn hộ Sea view Tower view biển núi,View KĐT Vin làng vân cực xịn","1,75 tỷ","59,6 m²",2,2,"Liên Chiểu, Đà Nẵng","Dự án The Ori Garden, Đường Mê Linh, Phường Hòa Hiệp Nam, Liên Chiểu, Đà Nẵng"
"Bán nhà phố vườn 1 trệt 3 lầu trong khu compound đăng cấp tại Bình Chánh, chỉ từ 80tr/m2",10 tỷ,105 m²,4,3,"Bình Chánh, Hồ Chí Minh","The Meadow Bình Chánh, Trần Văn Giàu, Vĩnh Lộc B, Bình Chánh, Hồ Chí Minh"
"NHIỀU LÔ ĐẤT ĐẸP MẶT TIỀN KINH DOANH ĐƯỜNG LÊ VĂN LƯƠNG VÀ ĐÀO SƯ TÍCH, DTICH TỪ 100M2- VIP 3000M2",15 tỷ,300 m²,Không có thông tin,Không có thông tin,"Nhà Bè, Hồ Chí Minh","Xã Phước Kiển, Nhà Bè, Hồ Chí Minh"
"Bán căn hộ 2PN Eaton Park, mặt tiền Mai Chí Thọ, An Phú, Quận 2, liền kề nút giao An Phú",13 tỷ,75 m²,2,2,"Quận 2, Hồ Chí Minh","Dự án Eaton Park, Đường Mai Chí Thọ, Phường An Phú, Quận 2, Hồ Chí Minh"
"Chính chủ bán căn 2PN hướng Đông Nam giá rẻ nhất dự án FPT Plaza 3. Giá 1,9x tỷ",Giá thỏa thuận,57 m²,3,2,"Ngũ Hành Sơn, Đà Nẵng","Dự án FPT Plaza 3, Đường Hoàng Minh Thắng, Phường Hòa Hải, Ngũ Hành Sơn, Đà Nẵng"
Cực rẻ - bán căn hộ tại khu tập thể quân khu thủ đô số 55 ngõ 781 Khương Trung 80m giá 2 tỷ 9,"2,9 tỷ",80 m²,3,1,"Thanh Xuân, Hà Nội","Phường Khương Trung, Thanh Xuân, Hà Nội"
"Bán CC 2PN, 2WC, 65m2 tại À La Carte Hotel, Dương Đình Nghệ, 4,7 tỷ cực chất","4,7 tỷ",65 m²,2,2,"Sơn Trà, Đà Nẵng","À La Carte Hotel, Dương Đình Nghệ, Phước Mỹ, Sơn Trà, Đà Nẵng"
"Bán 9900m2 đất ven sông Đại Nga, TP Bảo Lộc, phù hợp xây khu nghỉ dưỡng, homestay, khu camping",18 tỷ,9.900 m²,Không có thông tin,Không có thông tin,"Bảo Lộc, Lâm Đồng","Đường Quốc Lộ 20, Xã Lộc Nga, Bảo Lộc, Lâm Đồng"
"1 LÔ ĐƯỜNG A1 KĐT AN BÌNH TÂN DUY NHẤT GIÁ SIÊU HẤP DẪN, CHỈ 3,8 TỶ LH E CƯỜNG 0914 201 *** ĐỂ CHỐT Ạ","3,8 tỷ",100 m²,Không có thông tin,Không có thông tin,"Nha Trang, Khánh Hòa","KĐT An Bình Tân, Đường A1, Phường Phước Long, Nha Trang, Khánh Hòa"
Chính chủ bán đất Thụy Phương ô tô tránh ô tô vào nhà 62m2 x 5 giá mềm vị trí TT phường,Giá thỏa thuận,62 m²,Không có thông tin,Không có thông tin,"Bắc Từ Liêm, Hà Nội","Đường Thụy Phương, Phường Thụy Phương, Bắc Từ Liêm, Hà Nội"
"Bán căn hộ chung cư tại Lê Đức Thọ, 4,45 tỷ, 71m2, 2PN, 1WC, đầy đủ nội thất","4,45 tỷ",71 m²,2,1,"Cầu Giấy, Hà Nội","Đường Lê Đức Thọ, Phường Mai Dịch, Cầu Giấy, Hà Nội"
"Bán lô đất diện tích 3.566m2, Đường Nguyễn cơ thạch, phường Mũi Né TP Phan Thiết T Bình Thuận,","44,58 tỷ",3.566 m²,Không có thông tin,Không có thông tin,"Phan Thiết, Bình Thuận","Phường Mũi Né, Phan Thiết, Bình Thuận"
NHÀ ĐẸP 4 TẦNG PHỐ QUAN NHÂN- FULL NỘI THẤT- GẦN PHỐ- NGÕ RỘNG BA GÁC- TIỆN ÍCH NGẬP TRÀN.,"7,5 tỷ",30 m²,4,4,"Thanh Xuân, Hà Nội","Phố Quan Nhân, Phường Nhân Chính, Thanh Xuân, Hà Nội"
"Chính chủ bán nhanh nhà phố Thái Thịnh, 33 tỷ, vị trí vàng, 71m2 ô tô tránh xe tải 7T thang máy KD",33 tỷ,71 m²,12,6,"Đống Đa, Hà Nội","Thái Thịnh, Láng Hạ, Đống Đa, Hà Nội"
"Bán chuyển nhượng căn hộ Duplex chung cư Penstudio Tây Hồ 76m2 - 91m2, Full đồ nội thất 0822 786 ***",Giá thỏa thuận,76 m²,1,2,"Tây Hồ, Hà Nội","Dự án PentStudio, Đường Lạc Long Quân, Phường Phú Thượng, Tây Hồ, Hà Nội"
"Bán Đất 123m2, 2,5 tỷ tại Bạch Thạch, Xã Hòa Thạch, Quốc Oai, Hà Nội","2,5 tỷ",123 m²,Không có thông tin,Không có thông tin,"Quốc Oai, Hà Nội","Đường Hoà Thạch, Xã Hòa Thạch, Quốc Oai, Hà Nội"
"Bán Nhà mặt phố tại Nhân Chính, Thanh Xuân, Hà Nội, 79m2, giá thỏa thuận, view đẹp, chính chủ",Giá thỏa thuận,79 m²,26,26,"Thanh Xuân, Hà Nội","Phường Nhân Chính, Thanh Xuân, Hà Nội"
"Căn 2PN 2WC, 67m2, giỏ hàng độc quyền tại The Emerald 68 chỉ 3,2 tỷ - LH 0903 091 *** Em Nga",Giá thỏa thuận,67 m²,Không có thông tin,Không có thông tin,"Thuận An, Bình Dương","The Emerald 68, Vĩnh Phú 16, Vĩnh Phú, Thuận An, Bình Dương"
"Bán Nhà 3 tầng hoàn thiện khu TĐC 7.2ha thị trấn Trâu Quỳ, Gia Lâm 10.2 tỷ","10,2 tỷ","48,1 m²",Không có thông tin,Không có thông tin,"Gia Lâm, Hà Nội","Đường Nguyễn Mậu Tài, Thị trấn Trâu Quỳ, Gia Lâm, Hà Nội"
Chính chủ bán gấp biệt thự B1.1 BT05 mặt tiền đường 25m Khu đô thị Thanh Hà,Giá thỏa thuận,240 m²,Không có thông tin,Không có thông tin,"Hà Đông, Hà Nội","Khu đô thị Thanh Hà Mường Thanh, Kiến Hưng, Hà Đông, Hà Nội"
"(Gấp) Nhà Thuận An, 2 lầu, 2PN, Giá: 2.95 tỷ, Kinh doanh được, đường Oto 12m, SHR sang tên ngay","2,95 tỷ",60 m²,2,3,"Thuận An, Bình Dương","Đường ĐT 743, Phường Bình Chuẩn, Thuận An, Bình Dương"
"Sun Symphony Đà Nẵng - Căn hộ 3PN view biển giá rẻ nhất thị trường, chiết khấu 21%. Hỗ trợ vay NH.","4,8 tỷ","88,3 m²",3,2,"Sơn Trà, Đà Nẵng","Dự án Sun Symphony Residence, Đường Trần Hưng Đạo, Phường Nại Hiên Đông , Sơn Trà, Đà Nẵng"
Chính chủ cần bán gấp căn góc liền kề A2.4 LK8-06 tại khu đô thị Thanh Hà,Giá thỏa thuận,"182,76 m²",Không có thông tin,Không có thông tin,"Hà Đông, Hà Nội","Khu đô thị Thanh Hà Mường Thanh, Kiến Hưng, Hà Đông, Hà Nội"
"Bán đất nền dự án 80 m2 tại TMS Grand City Phúc Yên, 43 triệu / m2","3,36 tỷ",80 m²,Không có thông tin,Không có thông tin,"Phúc Yên, Vĩnh Phúc","TMS Grand City Phúc Yên, Hùng Vương, Phúc Yên, Vĩnh Phúc"
Bán nhà mặt tiền Hải Thượng Lãn Ông kinh doanh sầm uất ngay chợ lớn Bình Tây,37 tỷ,66 m²,6,4,"Quận 5, Hồ Chí Minh","Đường Hải Thượng Lãn Ông, Phường 13, Quận 5, Hồ Chí Minh"
"Bán đất nền dự án TMS Grand City Phúc Yên, 43 triệu / m2, 80 m2, Hùng Vương, Phúc Yên, Vĩnh Phúc","3,44 tỷ",80 m²,Không có thông tin,Không có thông tin,"Phúc Yên, Vĩnh Phúc","TMS Grand City Phúc Yên, Hùng Vương, Phúc Yên, Vĩnh Phúc"
"Bán Shophouse 2 mặt tiền tại Nam An Khánh, 39,985 tỷ, 188m2, 4 tầng, pháp lý đầy đủ","39,99 tỷ",188 m²,Không có thông tin,Không có thông tin,"Hoài Đức, Hà Nội","Nam An Khánh, Xã An Khánh, Hoài Đức, Hà Nội"
CC CONIC RIVERSIDE CẦN BÁN (1PN - 1.950 ĐẾN 2.150) | (2PN - 2.550 ĐẾN 2.850) - ĐÃ CÓ SỔ HỒNG,"1,95 tỷ",50 m²,1,1,"Quận 8, Hồ Chí Minh","Dự án Conic Riverside, Phố Tạ Quang Bửu, Phường 7, Quận 8, Hồ Chí Minh"
"BIỆT THỰ VƯỜN HỒ ĐẲNG CẤP TẠI VINHOMES THĂNG LONG - 130M, FULL NỘI THẤT, 7M MẶT, GIÁ 24 TỶ",24 tỷ,130 m²,5,5,"Hoài Đức, Hà Nội","Vinhomes Thăng Long, An Khánh, Hoài Đức, Hà Nội"
"Hot hot rẻ hơn 400tr Cần bán gấp Hưng Vượng 1 67m2 tầng 1, lững 30m2 SH chốt gấp 2.9tỷ thật 100%","2,9 tỷ",90 m²,Không có thông tin,Không có thông tin,"Quận 7, Hồ Chí Minh","Hưng Vượng 1, Nguyễn Văn Linh, Tân Phong, Quận 7, Hồ Chí Minh"
"Căn 2PN tầng trung, view về Bitexco 20.5 tỷ, Full nội thất, suất nước ngoài mua được. LH 0931 338 ***","20,5 tỷ",70 m²,2,2,"Quận 2, Hồ Chí Minh","The Opera Residence, Đại Lộ Vòng Cung, Thủ Thiêm, Quận 2, Hồ Chí Minh"
"BÁN NHÀ KIM MÃ, LÕI BA ĐÌNH, ĐỘC NHẤT VÔ NHỊ, NHÀ MỚI THƠM PHỨC, 30M2, 5.3 TỶ","5,3 tỷ",30 m²,3,4,"Ba Đình, Hà Nội","Phố Kim Mã, Phường Kim Mã, Ba Đình, Hà Nội"
"Bán nhà (mặt tiền) 6*17 Phú Thọ Hoà - Phường Phú Thọ Hoà, Quận Tân Phú, HCM","18,9 tỷ",97 m²,3,2,"Tân Phú, Hồ Chí Minh","314 Đường Phú Thọ Hòa, Phường Phú Thọ Hòa, Tân Phú, Hồ Chí Minh"
"Nhà bán mới đẹp, hầm + 4 tầng 5 x 19,3m 96m2. 5 PN, 4 Wc - KDC Đại Phúc, xã Bình Hưng, BC 11,8 tỷ","11,8 tỷ",96 m²,5,4,"Bình Chánh, Hồ Chí Minh","Dự án Đại Phúc Green Villas, Xã Bình Hưng, Bình Chánh, Hồ Chí Minh"
BÁN NHÀ MẶT PHỐ NGUYỄN VĂN TRỖI - -VỊ TRÍ CỰC ĐẸP - KINH DOANH - Ô TÔ TRÁNH - HOẶC XÂY TÒA NHÀ VĂN,Giá thỏa thuận,115 m²,6,6,"Thanh Xuân, Hà Nội","Đường Nguyễn Văn Trỗi, Phường Phương Liệt, Thanh Xuân, Hà Nội"
Đất mặt đường rộng 30 mét thảm nhựa khối 14 Nghi Hương TXCL. Cần tiền nên bán gấp cho con đi du học,"2,7 tỷ","173,9 m²",Không có thông tin,Không có thông tin,"Cửa Lò, Nghệ An","Khối 14 phường Nghi Hương, Cửa Lò, Nghệ An"
BĐS Rồng Đỏ chuyên bán căn hộ FPT Plaza 3; hỗ trợ tìm kiếm căn hộ theo nhu cầu của Quý khách,"1,88 tỷ",58 m²,2,2,"Ngũ Hành Sơn, Đà Nẵng","Dự án FPT Plaza 3, Đường Hoàng Minh Thắng, Phường Hòa Hải, Ngũ Hành Sơn, Đà Nẵng"
"5.95 tỷ sở hữu ngay lô đất FPT 3 mặt tiền, sát Đại học FPT - BĐS Rồng Đỏ chuyên FPT","5,95 tỷ",119 m²,Không có thông tin,Không có thông tin,"Ngũ Hành Sơn, Đà Nẵng","Dự án FPT City Đà Nẵng, Phường Hòa Hải, Ngũ Hành Sơn, Đà Nẵng"
"Bán Căn Tập Thể 2 Ngủ, 2 Mặt Thoáng, Ngõ Ô Tô Tránh Gần Nguyễn Chí Thanh","4,5 tỷ",65 m²,2,1,"Đống Đa, Hà Nội","Đường Nguyễn Chí Thanh, Phường Láng Hạ, Đống Đa, Hà Nội"
Tổng Hợp Quỹ Căn 2PN - 3PN chuyển nhượng giá tốt nhất dự án Rose Town Ngọc Hồi.,"4,1 tỷ",66 m²,2,2,"Hoàng Mai, Hà Nội","Rose Town, Đường Ngọc Hồi, Phường Hoàng Liệt, Hoàng Mai, Hà Nội"
"Cần bán gấp căn hộ 109m - 3n2wc Royal City, nhà sửa 3n đẹp. Giá chỉ 9 tỷ, sổ sẵn. LH: 0898 567 ***",9 tỷ,109 m²,3,2,"Thanh Xuân, Hà Nội","Royal City, Đường Nguyễn Trãi, Phường Thượng Đình, Thanh Xuân, Hà Nội"
"Chuyên Gia Mua Bán Tại Emerald, Alnata, Alnata Plus, Brillant, Centeri (luôn cập nhật giá tốt nhất)","3,2 tỷ",53 m²,1,1,"Tân Phú, Hồ Chí Minh","Emerald - Celadon City, Đường N4, Phường Sơn Kỳ, Tân Phú, Hồ Chí Minh"
"Chỉ 820 triệu, sở hữu 96,4m2 đất full thổ trong khu dân cư Diên Hoà. Giá rẻ nhất khu vực",820 triệu,"96,4 m²",Không có thông tin,Không có thông tin,"Diên Khánh, Khánh Hòa","Xã Diên Hòa, Diên Khánh, Khánh Hòa"
Chính chủ bán căn 3 ngủ Thiên Niên Kỷ giá tốt khách thiện chí có giảm thêm xem nhà 24/7,"6,5 tỷ",115 m²,3,2,"Hà Đông, Hà Nội","Tòa Tháp Thiên Niên Kỷ - Hatay Millennium, Quang Trung, Quang Trung, Hà Đông, Hà Nội"
Quỹ căn hộ cần chuyển nhượng giá tốt nhất - gọi xem nhà ngay hôm nay. Hotline 0989 138 ***,"20,5 tỷ",115 m²,3,2,"Ba Đình, Hà Nội","Vinhomes Metropolis - Liễu Giai, 29, Phố Liễu Giai, Phường Ngọc Khánh, Ba Đình, Hà Nội"
Quỹ căn hộ cần chuyển nhượng giá tốt nhất - gọi xem nhà ngay hôm nay. Hotline 0989 138 ***,"20,5 tỷ",115 m²,3,2,"Ba Đình, Hà Nội","Vinhomes Metropolis - Liễu Giai, 29, Phố Liễu Giai, Phường Ngọc Khánh, Ba Đình, Hà Nội"
"Bán đất ở 240m2, chính chủ, đường Trung tâm hành chính huyện Hòa Vang đi Hòa Tiến","2,6 tỷ",240 m²,Không có thông tin,Không có thông tin,"Hòa Vang, Đà Nẵng","Xã Hòa Phong, Hòa Vang, Đà Nẵng"
"Bán Căn hộ chung cư tại Hậu Giang, 2 tỷ, 44,2 m2, 1PN, 1WC, Đầy đủ nội thất, Hot!",2 tỷ,"44,2 m²",1,1,"Quận 6, Hồ Chí Minh","Đường Hậu Giang, Phường 2, Quận 6, Hồ Chí Minh"
"Bán lô góc mặt đường Máng Nước , quận An Dương , thành phố Hải Phòng","10,72 tỷ","130,7 m²",Không có thông tin,Không có thông tin,"An Dương, Hải Phòng","Đường Máng Nước, Phường An Đồng, An Dương, Hải Phòng"
"Chuyên bán CH City Gate, có nhiều căn 2 và 3 phòng ngủ đang cần bán giá từ 2.3 tỷ. LH: 0902 861 ***","2,3 tỷ",73 m²,2,2,"Quận 8, Hồ Chí Minh","City Gate Towers, số 15, Đường Võ Văn Kiệt, Phường 16, Quận 8, Hồ Chí Minh"
"Tổng hợp một số căn hộ giá tốt tại Times City, Park Hill năm 2025","6,8 tỷ",80 m²,2,Không có thông tin,"Hai Bà Trưng, Hà Nội","Dự án Times City - Park Hill, Đường Minh Khai, Phường Vĩnh Tuy, Hai Bà Trưng, Hà Nội."
"Nhà vị trí cực đẹp giá tốt nhất khu đấu giá Mậu Lương. Ở sướng, kd văn phòng tiện. 60m2 14,7 tỷ","14,7 tỷ",60 m²,Không có thông tin,Không có thông tin,"Hà Đông, Hà Nội","Đường Mậu Lương, Phường Kiến Hưng, Hà Đông, Hà Nội"
"Bán nhà mặt phố DN5 KDC An Sương, Nguyễn Văn Quá, Tân Hưng Thuận, Quận 12, HCM, 8.95 tỷ, 141 m2","8,95 tỷ",141 m²,4,4,"Quận 12, Hồ Chí Minh","Khu dân cư An Sương, Nguyễn Văn Quá, Tân Hưng Thuận, Quận 12, Hồ Chí Minh"
"Quỹ căn 2 ngủ, 3 ngủ tầng đẹp, giá tốt nhất thị trường - chung cư Moonlight1",Giá thỏa thuận,69 m²,2,2,"Hoài Đức, Hà Nội","Dự án Moonlight 1 - An Lạc Green Symphony, Xã Vân Canh, Hoài Đức, Hà Nội"
VIEW HIMLAM VẠN PHÚC -- ĐẤT HIẾM -- ĐC CẤP PHÉP XÂY DỰNG 7 TẦNG,"13,9 tỷ",50 m²,Không có thông tin,Không có thông tin,"Hà Đông, Hà Nội","Him Lam Vạn Phúc, Đường Tố Hữu, Phường Vạn Phúc, Hà Đông, Hà Nội"
Giá Có Sổ Hồng CH Privia giá Stu-2.5tỷ/1PN-3tỷ/2PN-3.9tỷ/3PN-4.7tỷ bao full phí LH xem nhà 24/7,"3,7 tỷ",68 m²,2,2,"Bình Tân, Hồ Chí Minh","Dự án The Privia, Đường An Dương Vương, Phường An Lạc, Bình Tân, Hồ Chí Minh"
Căn hộ 2 phòng ngủ 61m2 giá chỉ 2.523 tỷ thanh toán dài hạn 2 năm,"2,52 tỷ",61 m²,2,1,"Thủ Dầu Một, Bình Dương","Dự án Midori Park The Glory, Phường Hòa Phú, Thủ Dầu Một, Bình Dương"
Rẻ nhất Bình Yên 21tr/m2. Cần bán gấp 184m2 trục chính Sen Trì - Bình Yên. Đường ô tô vào tận đất,"3,86 tỷ",184 m²,Không có thông tin,Không có thông tin,"Thạch Thất, Hà Nội","Đường 420, Xã Bình Yên, Thạch Thất, Hà Nội"
NHÀ TÂY SƠN Ô TÔ ĐỖ CỬA - THOÁNG TRƯỚC SAU 55M2 X 6 TẦNG NHỈNH 11 TỶ,"11,55 tỷ",55 m²,6,5,"Đống Đa, Hà Nội","Đường Tây Sơn, Phường Thịnh Quang, Đống Đa, Hà Nội"
"Đất trung tâm Nghi Sơn, đường 46m. Vốn 30%(650tr) kí hợp đồng, Bank hỗ trợ 70% miễn lãi 18 tháng","1,9 tỷ","97,5 m²",Không có thông tin,Không có thông tin,"Nghi Sơn, Thanh Hóa","Nghi Sơn Central Park, Đường Quốc lộ 1A, Phường Nguyên Bình, Nghi Sơn, Thanh Hóa"
"Nhà riêng 2 tầng tại Lê Văn Lương, Xã Nhơn Đức, Nhà Bè, Hồ Chí Minh. Giá 4,999 tỷ",5 tỷ,125 m²,11,11,"Nhà Bè, Hồ Chí Minh","Caau Rạch tôm Đường Lê Văn Lương, Xã Nhơn Đức, Nhà Bè, Hồ Chí Minh"
"Nha em Bán đất tại Đường Phú Mãn, Xã Đông Xuân, Quốc Oai, Hà Nội, 1,9 tỷ, 75m2 full tc giá siêu hời","1,9 tỷ",75 m²,Không có thông tin,Không có thông tin,"Quốc Oai, Hà Nội","Đường Phú Mãn, Xã Đông Xuân, Quốc Oai, Hà Nội"
Chính chủ bán 80m2 mặt tiền kinh doanh kế trường học giá 1tỷ485 sổ hồng riêng,"1,49 tỷ",80 m²,Không có thông tin,Không có thông tin,"Bình Chánh, Hồ Chí Minh","Đường Tỉnh Lộ 10, Xã Lê Minh Xuân, Bình Chánh, Hồ Chí Minh"
11.x TỶ-41M2-Ô TÔ-KD-PHÂN LÔ VỈA HÈ-HIẾM-HAI BÀ TRƯNG,"11,6 tỷ",41 m²,4,4,"Hai Bà Trưng, Hà Nội","Đường Thanh Nhàn, Phường Thanh Nhàn, Hai Bà Trưng, Hà Nội"
Căn Hộ Cao Cấp Mới Tinh Đội Cấn 60tr/th Đang Vận Hành 6T 60m2 15.5 tỷ - Nhà vị trí cực đẹp ngay s,"15,5 tỷ",60 m²,Không có thông tin,Không có thông tin,"Ba Đình, Hà Nội","Đường Đội Cấn, Phường Ngọc Hà, Ba Đình, Hà Nội"
Căn Hộ Cao Cấp Mới Tinh Đội Cấn 60tr/th Đang Vận Hành 6T 60m2 15.5 tỷ - Nhà vị trí cực đẹp ngay s,"15,5 tỷ",60 m²,Không có thông tin,Không có thông tin,"Ba Đình, Hà Nội","Đường Đội Cấn, Phường Ngọc Hà, Ba Đình, Hà Nội"
3PN FULL 6TY55 BAO HẾT CẦN BÁN GẤP THE SUNAVENUE,"6,55 tỷ",86 m²,3,2,"Quận 2, Hồ Chí Minh","The Sun Avenue, Mai Chí Thọ, An Phú, Quận 2, Hồ Chí Minh"
"Bán shophouse Grand Wolrd Phú Quốc 210m2, kế bên Bảo Tàng Gấu, chỉ nhỉnh 7 tỷ","7,9 tỷ",84 m²,6,7,"Phú Quốc, Kiên Giang","Grand World Phú Quốc, Gành Dầu, Phú Quốc, Kiên Giang"
"Bán CCMN Yên Hòa, Trung Kính mặt tiền 6.5m x 83m2 x 7T x 23PKK, dòng tiền 90tr/th, PCCC đầy đủ",19 tỷ,83 m²,23,23,"Cầu Giấy, Hà Nội","Đường Yên Hòa, Phường Yên Hòa, Cầu Giấy, Hà Nội"
Chiết khấu lên đến 10%. Giá từ 45 triệu/m2. The Habitat GĐ3. Thanh toán 15% ký HĐMB. Mặt tiền QL13,Giá thỏa thuận,60 m²,Không có thông tin,Không có thông tin,"Thuận An, Bình Dương","The Habitat Bình Dương, Hữu Nghị, Bình Hòa, Thuận An, Bình Dương"
Quỹ căn chuyển nhượng giá tốt tháng 3/2025 tại Ecopark,"2,25 tỷ",49 m²,1,1,"Văn Giang, Hưng Yên","Dự án Ecopark, Đường Trúc, Xã Xuân Quan, Văn Giang, Hưng Yên"
"Bán đất diện tích 50m2 tại Phố Viên, Cổ Nhuế 2, Bắc Từ Liêm, giá 750 triệu",750 triệu,50 m²,Không có thông tin,Không có thông tin,"Bắc Từ Liêm, Hà Nội","Đường Phố Viên, Phường Cổ Nhuế 2, Bắc Từ Liêm, Hà Nội"
"Căn hộ đẹp tại Mailand Hanoi City, giá thỏa thuận, 88m2, 2PN, 2WC giá 5,x",Giá thỏa thuận,88 m²,2,2,"Hoài Đức, Hà Nội","Mailand Hanoi City, Đại lộ Thăng Long, An Khánh, Hoài Đức, Hà Nội"
Ngộp Bank Một lô Duy nhất thái sơn 1. sổ Hồng Cầm tay DT 10 x25 giá 58tr/m2 LH 0777 789 ***,"14,5 tỷ",250 m²,Không có thông tin,Không có thông tin,"Nhà Bè, Hồ Chí Minh","Thái Sơn 1, Đường Nguyễn Hữu Thọ, Xã Phước Kiển, Nhà Bè, Hồ Chí Minh"
Bán toà nhà MT Nguyễn Văn Kỉnh 16x25m 1 hầm 7 lầu hoàn công đầy đủ toà nhà VP Công ty,140 tỷ,350 m²,Không có thông tin,Không có thông tin,"Quận 2, Hồ Chí Minh","Thạnh Mỹ Lợi, Đường Nguyễn Văn Kỉnh, Phường Thạnh Mỹ Lợi, Quận 2, Hồ Chí Minh"
6.15 TỶ-TRUNG TÂM QUẬN - KHU VỰC VIP BÁCH KINH XÂY - DÂN XÂY - LÔ GÓC 3 THOÁNG - Ô TÔ CẠNH NHÀ,"6,1 tỷ",30 m²,3,3,"Hai Bà Trưng, Hà Nội","Phố Bạch Mai, Phường Bạch Mai, Hai Bà Trưng, Hà Nội"
CẦN CHUYỂN NHƯỢNG 2 LÔ ĐẤT 1717 và 1424 LIỀN KỀ - GIÁ TỐT MÙA THU,Giá thỏa thuận,1.717 m²,Không có thông tin,Không có thông tin,"Thạch Thất, Hà Nội","Tiến Xuân, Thạch Thất, Hà Nội"
"Giỏ hàng nội bộ đầy đủ các căn 2PN, 3PN, duplex, chiết khấu 25%,thanh toán 30% nhận nhà ngay","5,95 tỷ",87 m²,3,2,"Tân Phú, Hồ Chí Minh","Diamond Centery, N1, Sơn Kỳ, Tân Phú, Hồ Chí Minh"
BÁN GẤP CĂN NHÀ PHƯỜNG TRUNG DŨNG BIÊN HOÀ ĐỒNG NAI ĐỂ ĐI NƯỚC NGOÀI,"1,8 tỷ",40 m²,2,2,"Biên Hòa, Đồng Nai","Đường 2, Phường Trung Dũng, Biên Hòa, Đồng Nai"
Chính chủ bán khách sạn 3 sao Đà Nẵng ngay cạnh bãi tắm biển Phạm Văn Đồng,33 tỷ,200 m²,36,39,"Sơn Trà, Đà Nẵng","À La Carte Hotel, Đường Phạm Thiều, Phường Phước Mỹ, Sơn Trà, Đà Nẵng"
Bán đất 2 mặt tiền trước sau đường 10m5 Phan Tứ thông biển gần An Thượng giá rẻ,Giá thỏa thuận,"264,6 m²",Không có thông tin,Không có thông tin,"Ngũ Hành Sơn, Đà Nẵng","Đường Phan Tứ, Phường Mỹ An, Ngũ Hành Sơn, Đà Nẵng"
"Bán đất 2 mặt tiền đường 15m Trần Nhân Tông gần ngay Khúc Hạo giá Rẻ 9,9 tỷ ngang 6,5m KD tốt","9,9 tỷ",111 m²,Không có thông tin,Không có thông tin,"Sơn Trà, Đà Nẵng","Đường Trần Nhân Tông, Phường An Hải Bắc, Sơn Trà, Đà Nẵng"
"Cần bán gấp nhà Phố Cổ Linh, DT 100m2, MT 15m, lô góc, 2 mặt đường, Kinh doanh, nhà hàng, cafe",28 tỷ,100 m²,4,4,"Long Biên, Hà Nội","Đường Cổ Linh, Phường Thạch Bàn, Long Biên, Hà Nội"
"Bán nhà 4 tầng thang máy tại Trang Quan, An Đồng, An Dương 64m2 giá chỉ 3,899 tỷ","3,9 tỷ",64 m²,4,4,"An Dương, Hải Phòng","Đường Trang Quan, Xã An Đồng, An Dương, Hải Phòng"
"BÁN NHÀ - 72M2 - HẺM NHỰA, XE HƠI THÔNG - LÊ QUANG ĐỊNH - BÌNH THẠNH - ĐANG CHO THUÊ CHDV -10.8 TỶ","10,8 tỷ",75 m²,8,8,"Bình Thạnh, Hồ Chí Minh","Đường Lê Quang Định, Phường 7, Bình Thạnh, Hồ Chí Minh"
"BÁN TÒA CHDV PHỐ MỸ ĐÌNH NHÂN MỸ, 60M,8 T THANG MÁY,12P KK, 2 THOÁNG,DTIEN 65TR/TH, GPXD PCCC ĐẠT","11,9 tỷ",60 m²,12,12,"Nam Từ Liêm, Hà Nội","Khu đô thị Mỹ Đình II, Lê Đức Thọ, Mỹ Đình 2, Nam Từ Liêm, Hà Nội"
Bán biệt thự Phùng Khoang Trung Văn 135m2 5 tầng mặt tiền 8m hơn 32 tỷ ôtô tránh vỉa hè phânlô LHCC,"32,6 tỷ",135 m²,4,4,"Nam Từ Liêm, Hà Nội","Đường Phùng Khoang, Phường Trung Văn, Nam Từ Liêm, Hà Nội"
Bán nhà mặt phố Lê Trọng Tấn Lê Quang Đạo 110m2 mặt tiền 8.5m hơn 31 tỷ C4 Hà Đông KD phân lô,"31,5 tỷ",110 m²,1,1,"Hà Đông, Hà Nội","Đường Lê Trọng Tấn, Phường La Khê, Hà Đông, Hà Nội"
"Chính chủ bán nhà tại Miêu Nha, Tây Mỗ, Nam Từ Liêm, Hà Nội",Giá thỏa thuận,"48,7 m²",Không có thông tin,Không có thông tin,"Nam Từ Liêm, Hà Nội","Đường Miêu Nha, Phường Tây Mỗ, Nam Từ Liêm, Hà Nội"
Bán nhà mặt phố Tố Hữu Tera An Hưng 330m2 8T mặt tiền 30m hơn 159 tỷ KinhDoanh ThangMáy Thuê 4 Tỷ/n,"159,99 tỷ",330 m²,8,8,"Thanh Xuân, Hà Nội","Đường Tố Hữu, Phường Nhân Chính, Thanh Xuân, Hà Nội"
Bán nhà Mậu Lương 62m2 4 tầng mặt tiền 5m hơn 14 tỷ Khu đấu giá ôtô tránh vỉa hè KD LHCC 0961 318 ***,"14,7 tỷ",62 m²,6,5,"Hà Đông, Hà Nội","Đường Mậu Lương, Phường Kiến Hưng, Hà Đông, Hà Nội"
Bán nhà mặt phố Thanh Bình Hà Đông 90m2 4 tầng hơn 19 tỷ vỉa hè kinh doanh bất chấp ô tô tránh,20 tỷ,90 m²,4,4,"Hà Đông, Hà Nội","Đường Thanh Bình, Phường Mỗ Lao, Hà Đông, Hà Nội"
"Đất nền KDC Kiến Á, đường Liên Phường, Phước Long B, TP. Thủ Đức","9,59 tỷ",135 m²,Không có thông tin,Không có thông tin,"Quận 9, Hồ Chí Minh","KDC Kiến Á, Liên Phường, Phước Long B, Quận 9, Hồ Chí Minh"
Bán nhà Mỗ Lao Thanh Bình 220m2 3t mặt tiền 31m hơn 37 tỷ phân lô ô tô tránh vỉa hè LHCC 0961 318 ***,38 tỷ,220 m²,Không có thông tin,Không có thông tin,"Hà Đông, Hà Nội","Đường Thanh Bình, Phường Mỗ Lao, Hà Đông, Hà Nội"
Bán đất Văn Phú Hà Đông 60m2 mặt tiền 4.5m hơn 14 tỷ phân lô ô tô tránh vỉa hè LHCC 0961 318 ***,"14,5 tỷ",60 m²,Không có thông tin,Không có thông tin,"Hà Đông, Hà Nội","Đường Văn La, Phường Phú La, Hà Đông, Hà Nội"
Bán nhà Hàng Bè Kiến Hưng 52m2 mặt tiền 4m hơn 11 tỷ c4 Dịch vụ PhânLô ôtô tránh VỉaHè CC0961 318 ***,"11,5 tỷ",52 m²,1,1,"Hà Đông, Hà Nội","Phố Bà Triệu, Phường Hà Cầu, Hà Đông, Hà Nội"
CHÍNH CHỦ BÁN CĂN VIEW HỒ ĐỀN LỪ 70m FULL ĐỒ Ở SƯỚNG .,"4,15 tỷ",70 m²,2,2,"Hoàng Mai, Hà Nội","Đường Đền Lừ 2, Phường Hoàng Văn Thụ, Hoàng Mai, Hà Nội"
"Bán nhà đường Nguyễn Thái Học P. Trần Phú, TP Hà Giang DT 91.4m2 x 3 tầng, kinh doanh doanh sầm uất","8,8 tỷ","91,4 m²",Không có thông tin,Không có thông tin,"Hà Giang, Hà Giang","Số 148, Đường Nguyễn Thái Học, Phường Trần Phú, Hà Giang, Hà Giang"
"CC bán đất xã Tam Nghĩa, Núi Thành, Quảng Nam, gần sân bay Chu Lai, đầu tư xây dựng, kinh doanh","3,3 tỷ",1.000 m²,Không có thông tin,Không có thông tin,"Núi Thành, Quảng Nam","Xã Tam Nghĩa, Núi Thành, Quảng Nam"
"Với 700tr sở hữu căn hộ The Glory, ngân hàng hỗ trợ 80%, ân hạn gốc 2 năm, 0% lãi suất trong 2 năm","2,2 tỷ",48 m²,1,1,"Thủ Dầu Một, Bình Dương","Midori Park The Glory, Đường Lý Thái Tổ, Phường Hòa Phú, Thủ Dầu Một, Bình Dương"
MẶT TIỀN HÀ HUY GIÁP 2300M2 FULL THỔ CƯ TẠI BIÊN HOÀ,160 tỷ,2.300 m²,Không có thông tin,Không có thông tin,"Biên Hòa, Đồng Nai","Đường Hà Huy Giáp, Phường Quyết Thắng, Biên Hòa, Đồng Nai"
"Toàn Nhà Vip! MT Nguyễn Gia Trí - D2, Bình Thạnh. DT: 8x20m (160m2) Hầm 8 Tầng, HĐ thuê 350tr 80 Tỷ",80 tỷ,160 m²,10,10,"Bình Thạnh, Hồ Chí Minh","Đường Nguyễn Gia Trí, Phường 25, Bình Thạnh, Hồ Chí Minh"
"Mình cần bán lô đất 102m2 trục chính đường Sơn Đông, ngay ngã 3 chợ. Chỉ hơn 2 tỷ thương lượng","2,2 tỷ",102 m²,Không có thông tin,Không có thông tin,"Sơn Tây, Hà Nội","Xã Sơn Đông, Sơn Tây, Hà Nội"
Giảm thêm 1.9 tỷ - Bán nhanh BT compound The Aqua Waterpoint - Nam Long. Hotline 0914 732 ***,"8,5 tỷ",225 m²,4,3,"Bến Lức, Long An","Khu đô thị Waterpoint, Tỉnh lộ 824, An Thạnh, Bến Lức, Long An"
Bán căn hộ Dulex 170m2 Sunshine Green Iconic,"12,8 tỷ",170 m²,3,4,"Long Biên, Hà Nội","Sunshine Green Iconic, Phường Phúc Đồng, Long Biên, Hà Nội"
MẶT TIỀN HÀ HUY GIÁP 2300M2 FULL THỔ CƯ TẠI BIÊN HOÀ,160 tỷ,2.300 m²,Không có thông tin,Không có thông tin,"Biên Hòa, Đồng Nai","Đường Hà Huy Giáp, Phường Quyết Thắng, Biên Hòa, Đồng Nai"
"Toàn Nhà Vip! MT Nguyễn Gia Trí - D2, Bình Thạnh. DT: 8x20m (160m2) Hầm 8 Tầng, HĐ thuê 350tr 80 Tỷ",80 tỷ,160 m²,10,10,"Bình Thạnh, Hồ Chí Minh","Đường Nguyễn Gia Trí, Phường 25, Bình Thạnh, Hồ Chí Minh"
"Mình cần bán lô đất 102m2 trục chính đường Sơn Đông, ngay ngã 3 chợ. Chỉ hơn 2 tỷ thương lượng","2,2 tỷ",102 m²,Không có thông tin,Không có thông tin,"Sơn Tây, Hà Nội","Xã Sơn Đông, Sơn Tây, Hà Nội"
Giảm thêm 1.9 tỷ - Bán nhanh BT compound The Aqua Waterpoint - Nam Long. Hotline 0914 732 ***,"8,5 tỷ",225 m²,4,3,"Bến Lức, Long An","Khu đô thị Waterpoint, Tỉnh lộ 824, An Thạnh, Bến Lức, Long An"
Bán căn hộ Dulex 170m2 Sunshine Green Iconic,"12,8 tỷ",170 m²,3,4,"Long Biên, Hà Nội","Sunshine Green Iconic, Phường Phúc Đồng, Long Biên, Hà Nội"
"Cc cần bán 64,7m2 tại lại thượng thạch thất",Giá thỏa thuận,"64,7 m²",Không có thông tin,Không có thông tin,"Thạch Thất, Hà Nội","Xã Lại Thượng, Thạch Thất, Hà Nội"
"Đất rẻ nhất Gia Đông, THuận Thành, Bắc Ninh, DT 76m giá 1.58 tỷ","1,58 tỷ",76 m²,Không có thông tin,Không có thông tin,"Thuận Thành, Bắc Ninh","Đường Đông Côi, Xã Gia Đông, Thuận Thành, Bắc Ninh"
"Bán lô đât 91m ở thôn Đồi Vua, Sơn Tây. Mặt tiền 10m kinh doanh tốt. Ô tô tránh thoải mái","1,65 tỷ",91 m²,Không có thông tin,Không có thông tin,"Sơn Tây, Hà Nội","Xã Sơn Đông, Sơn Tây, Hà Nội"
Phân khu 2 Victory Hậu Giang. Sàn giao dịch CĐT - D.I.C tại dự án hỗ trợ check mọi vị trí 24/24!,927 triệu,95 m²,Không có thông tin,Không có thông tin,"Vị Thanh, Hậu Giang","DIC Victory City, Đại lộ Võ Nguyên Giáp, 4, Vị Thanh, Hậu Giang"
"Bán lô 5x20m, TĐC Cảng Sông Phú Đinh, Ehomes 3, lô đối diện công viên","6,5 tỷ",100 m²,Không có thông tin,Không có thông tin,"Quận 8, Hồ Chí Minh","Đường Số 2, Phường 16, Quận 8, Hồ Chí Minh"
"Bán nhà riêng, đường số 8, P.BHH B, Q. Bìn Tân, Tp.HCM",6 tỷ,"73,1 m²",4,3,"Bình Tân, Hồ Chí Minh","Đường số 8, Phường Bình Hưng Hòa B, Bình Tân, Hồ Chí Minh"
"Mặt tiền biển đường Phan Đức (32x50) - 1525m2 có sẵn 500m2 thổ cư, Đối diện khu lấn biển Vincom","53,38 tỷ",1.525 m²,Không có thông tin,Không có thông tin,"Cần Giờ, Hồ Chí Minh","Đường Phan Đức, Xã Long Hòa, Cần Giờ, Hồ Chí Minh"
Bán đất nền biệt thự Hà Quang 2 - Sót lại lô 300m2 đường số 3 giá siêu ngon 45tr,"13,5 tỷ",300 m²,Không có thông tin,Không có thông tin,"Nha Trang, Khánh Hòa","KĐT Lê Hồng Phong II, Đường Số 3, Phường Phước Hải, Nha Trang, Khánh Hòa"
"Em Tuấn chuyên bán Sudico Mỹ Đình Sông Đà các diện tích 57,90,100,115,133,151,183,205m2 giá tốt","3,6 tỷ",105 m²,3,2,"Nam Từ Liêm, Hà Nội","Dự án Sudico Mỹ Đình, Đường Phạm Hùng, Phường Mỹ Đình 1, Nam Từ Liêm, Hà Nội."
"Chính chủ Bán CC 2PN, 1WC tại KĐT Phúc Đạt, Ngộp rẻ nhất khu","1,17 tỷ",50 m²,2,1,"Thủ Dầu Một, Bình Dương","KĐT Phúc Đạt, Đường Mỹ Phước Tân Vạn, Phường Phú Lợi, Thủ Dầu Một, Bình Dương"
Cần bán gấp góc 2MT Nguyễn Bình và Nguyễn Lộ Trạch- Hải Châu-Đà Nẵng,"11,5 tỷ",154 m²,Không có thông tin,Không có thông tin,"Hải Châu, Đà Nẵng","Regal Pavillon Đà Nẵng, Phường Hòa Cường Nam, Hải Châu, Đà Nẵng"
"Cần bán CC Him Lam Chợ Lớn DT 83m2, 2PN lầu trung giá 3.6 tỷ chi tiết LH: 0901 416 *** hân","3,6 tỷ",83 m²,2,2,"Quận 6, Hồ Chí Minh","Dự án Him Lam Chợ Lớn, Đường Hậu Giang, Phường 11, Quận 6, Hồ Chí Minh"
Chính chủ kẹt ngân hàng giảm 500-1 tỷ bán gấp giá từ 6.6 tỷ DTich 61-135m 1-4Pn HaDo Quận 10 có sổ,"8,3 tỷ",86 m²,2,2,"Quận 10, Hồ Chí Minh","Dự án HaDo Centrosa Garden, Đường 3/2, Phường 12, Quận 10, Hồ Chí Minh"
"Rẻ nhất Kiêu Kỵ, Gia Lâm giáp Vinhome, ngõ đẹp, 54m giá 2.82 tỷ","2,82 tỷ",54 m²,Không có thông tin,Không có thông tin,"Gia Lâm, Hà Nội","Đường Kiêu Kỵ, Xã Kiêu Kỵ, Gia Lâm, Hà Nội"
Nhà 2 TẦNG | Đ. Hàn Hải Nguyên diện tích 48m2 chỉ 2 tỷ 460 triệu | Hẻm 5m SHR chính chủ,"2,46 tỷ",48 m²,4,3,"Quận 11, Hồ Chí Minh","Đường Hàn Hải Nguyên, Phường 10, Quận 11, Hồ Chí Minh"
"Tổng hợp quỹ căn hộ chính chủ tin tưởng gửi bán tại Vinhomes WestPoint, Cam kết giá tốt nhất","4,6 tỷ",60 m²,2,2,"Nam Từ Liêm, Hà Nội","Dự án Vinhomes West Point, Đường Phạm Hùng, Phường Mễ Trì, Nam Từ Liêm, Hà Nội."
Bán Đất Mặt Tiền Duyên Hải Ngay Vòng Xoay Giá Ngộp Thở Hết Nổi 11.999 Tỷ,12 tỷ,250 m²,Không có thông tin,Không có thông tin,"Cần Giờ, Hồ Chí Minh","Vinhomes Long Beach Cần Giờ, Đường Duyên Hải, Xã Long Hòa, Cần Giờ, Hồ Chí Minh"
"Bán nhà phố MT đường Thống Nhất, Đức Trọng, Lâm Đồng, cách chợ Liên Nghĩa 200m, khu KD sầm uất","14,7 tỷ",75 m²,3,3,"Đức Trọng, Lâm Đồng","Đường Thống Nhất, Thị trấn Liên Nghĩa, Đức Trọng, Lâm Đồng"
Sở hữu lô đất biệt thự MT 17m khu đô thị trung tâm thương mại thị trấn Đinh Văn - Lâm Hà - Lâm Đồng,"8,3 tỷ",289 m²,Không có thông tin,Không có thông tin,"Lâm Hà, Lâm Đồng","Khu đô thị mới Đinh Văn, Hùng Vương, Đinh Văn, Lâm Hà, Lâm Đồng"
BÁN NHÀ 2 TẦNG MẶT TIỀN HỒNG BÀNG GIÁ RẺ CHO NHÀ ĐẦU TƯ,18 tỷ,109 m²,3,3,"Nha Trang, Khánh Hòa","Đường Hồng Bàng, Phường Tân Tiến, Nha Trang, Khánh Hòa"
"Nhà MT đường Nguyễn Cảnh Dị p4 Tân Bình , DT : 5X17 trệt 2 lầu ST , HĐT 35 tr/th khu VIP sân bay",14 tỷ,85 m²,5,4,"Tân Bình, Hồ Chí Minh","Đường Nguyễn Cảnh Dị, Phường 4, Tân Bình, Hồ Chí Minh"
"Bán 500m2 đất Phú Quốc, sổ đỏ chính chủ, Quy hoạch thổ cư","2,6 tỷ",501 m²,Không có thông tin,Không có thông tin,"Phú Quốc, Kiên Giang","Đường Búng Gội, Xã Cửa Dương, Phú Quốc, Kiên Giang"
"Ngộp! Chính chủ bán 5x20 đất thổ cư, sổ riêng sát Vinhomes Hậu Nghĩa giá 1 tỷ 3","1,3 tỷ",100 m²,Không có thông tin,Không có thông tin,"Đức Hòa, Long An","Đường 825, Thị trấn Hậu Nghĩa, Đức Hòa, Long An"
"Bán đất mặt tiền đường 7,5 m, trục chính, đường Phan Quang Định, khu TĐC Hoà Sơn 6","2,37 tỷ",100 m²,Không có thông tin,Không có thông tin,"Hòa Vang, Đà Nẵng","Đường Phan Quang Định, Xã Hòa Sơn, Hòa Vang, Đà Nẵng"
Liền kề phân lô Linh Đàm thiết kế 6 tầng full nội thất đẹp long lanh như hình. LH: 0986 786 ***,26 tỷ,"69,4 m²",6,6,"Hoàng Mai, Hà Nội","KĐT Linh Đàm, Đường Đặng Xuân Bảng, Phường Đại Kim, Hoàng Mai, Hà Nội."
"Bán nhanh căn nhà 1 trệt 1 lầu, 4x12m, xã Xuân Thới Sơn, Hóc Môn, mặt đường bê tông 7m",600 triệu,48 m²,Không có thông tin,Không có thông tin,"Hóc Môn, Hồ Chí Minh","Đường Nguyễn Văn Bứa, Xã Xuân Thới Sơn, Hóc Môn, Hồ Chí Minh"
"Sót 1 lô MTKD nhỉnh 5 Tỷ - Mặt tiền đường ngay khu Himlam Linh Chiểu - Hoàng Diệu 2, ĐH Ngân Hàng","5,9 tỷ","61,2 m²",Không có thông tin,Không có thông tin,"Thủ Đức, Hồ Chí Minh","Đường Số 19, Phường Linh Chiểu, Thủ Đức, Hồ Chí Minh"
BÁN NHÀ XƯỞNG CỰC ĐẸP-ĐIỆN 3FA-ĐẦY ĐỦ TIỆN NGHI(ĐỒNG PHÚ-BÌNH PHƯỚC),"10,5 tỷ",1.600 m²,Không có thông tin,15,"Đồng Phú, Bình Phước","Xã Tân Tiến, Đồng Phú, Bình Phước"
Không người trông coi cần bán gấp nhà 474m2,"1,45 tỷ",474 m²,2,1,"Nam Đàn, Nghệ An","Xóm Yên Quả, Xã Hùng Tiến , Nam Đàn, Nghệ An"
"Cần bán duplex MCP giá 11,5 tỷ VND tại Vinhomes Grand Park, Quận 9","11,5 tỷ",133 m²,3,3,"Quận 9, Hồ Chí Minh","Masteri Centre Point, Long Bình, Quận 9, Hồ Chí Minh"
"BQL Gửi bán quỹ căn hộ Hoàng Thành Pearl, từ 2 - 3 phòng ngủ. Giá tốt nhất. LH 0865 624 ***",6 tỷ,80 m²,2,2,"Nam Từ Liêm, Hà Nội","Dự án Hoàng Thành Pearl, Đường Nguyễn Văn Giáp, Phường Cầu Diễn, Nam Từ Liêm, Hà Nội"
"Bán đất Dự án Phú Nhuận Phước Long B, Tp.Thủ Đức Vị trí: Đối diện The Global City, sổ hồng từng lô","28,8 tỷ",384 m²,Không có thông tin,Không có thông tin,"Quận 9, Hồ Chí Minh","KDC Phú Nhuận - Phước Long B, Phường Phước Long B, Quận 9, Hồ Chí Minh"
"Opal Skyline 84m2 3PN căn góc, giá 2.7 tỷ đã có sổ","2,7 tỷ",84 m²,3,2,"Thuận An, Bình Dương","Opal Skyline, KP Đông Nhì, Đường Nguyễn Văn Tiết, Phường Lái Thiêu, Thuận An, Bình Dương"
"SIÊU PHẨM: Bán nhà MT Cộng Hòa, Q. Tân Bình. DT: 12x24m. KC: hầm, 8 tầng. HĐT: 360tr/th. Giá: 69 tỷ",69 tỷ,252 m²,Không có thông tin,Không có thông tin,"Tân Bình, Hồ Chí Minh","Đường Cộng Hòa, Phường 13, Tân Bình, Hồ Chí Minh"
Bán nhanh 2PN Masteri An Phú đang có hợp đồng thuê 19tr LH 0904 379 ***,"6,6 tỷ",70 m²,2,2,"Quận 2, Hồ Chí Minh","Masteri An Phú, Đường Xa Lộ Hà Nội, Phường Thảo Điền, Quận 2, Hồ Chí Minh"
"Bán nhà mặt phố Duyên Hải, 12,3ỷ, 247m2, ngay vòng xoay long hòa hàng hiếm tại Cần Giờ, HCM","12,3 tỷ",240 m²,2,1,"Cần Giờ, Hồ Chí Minh","Đường Duyên Hải, Xã Long Hòa, Cần Giờ, Hồ Chí Minh"
Sở hữu nhà đẹp Suncasa Central với ưu đãi lên đến 100 triệu đồng,6 tỷ,250 m²,3,4,"Tân Uyên, Bình Dương","Dự án Sun Casa Central, Xã Vĩnh Tân, Tân Uyên, Bình Dương"
CỰC NÓNGDUY NHẤT 1 LÔ MẶT ĐƯỜNG TÂY SƠN 5 GIÁ CỰC RẺ,"3,8 tỷ",115 m²,Không có thông tin,Không có thông tin,"Sầm Sơn, Thanh Hóa","Đường Tây Sơn, Phường Quảng Châu, Sầm Sơn, Thanh Hóa"
"Bán căn LK 110m2 Sapphire Gem Hải Phòng giá đất chỉ 46triệu/m2 - Cách TTHC chính trị mới HP 1,5km","5,83 tỷ",110 m²,4,4,"Thủy Nguyên, Hải Phòng","Dự án Sapphire Gem Hải Phòng, Xã Thủy Đường, Thủy Nguyên, Hải Phòng"
"Bán căn hộ La Astoria, 1PN 45m2 giá 1,85 tỷ, 2PN 67m2 giá 2,5 tỷ, 3PN giá 2,8 tỷ LH 0915 698 ***","1,85 tỷ",45 m²,1,1,"Quận 2, Hồ Chí Minh","Dự án La Astoria, Đường Nguyễn Duy Trinh, Phường Bình Trưng Tây, Quận 2, Hồ Chí Minh"
"Cần bán Căn hộ City Gate 2PN đầy đủ nội thất giá 2,4 tỷ, ngân hàng thẩm định cho vay 1tỷ7","2,4 tỷ",78 m²,2,2,"Quận 8, Hồ Chí Minh","City Gate Towers, số 15, Đường Võ Văn Kiệt, Phường 16, Quận 8, Hồ Chí Minh"
Cần Bán mấy lô góc 2 mặt tiền ngã 4 khu làng chài cực đẹp giá Rẻ,Giá thỏa thuận,"136,5 m²",Không có thông tin,Không có thông tin,"Hội An, Quảng Nam","Phường Cẩm An, Hội An, Quảng Nam"
HÀNG HIẾM GÒ VẤP - NHÀ MỚI NGANG 4.5M 3PN 3WC - HẺM BA GÁC THÔNG - NHỈNH 3 TỶ,"3,6 tỷ",35 m²,3,3,"Gò Vấp, Hồ Chí Minh","Đường Số 51, Phường 14, Gò Vấp, Hồ Chí Minh"
"Siêu phẩm đất nền lợi nhuân cao, giá sốc chỉ 5,5 tỷ sở hữa đất nền xây sẵn nhà","5,5 tỷ",110 m²,Không có thông tin,Không có thông tin,"Thủy Nguyên, Hải Phòng","Sapphire Gem Hải Phòng, Đường 10, Phường Thủy Đường, Thủy Nguyên, Hải Phòng"
"Ra hàng 7 lô Fo tại Thanh Thủy - Giá chỉ 3.5tr/m2 - Sát Hồ Phượng Mao, KST Vườn Vua, gần Whymham.",455 triệu,130 m²,Không có thông tin,Không có thông tin,"Thanh Thủy, Phú Thọ","Xã Tu Vũ, Thanh Thủy, Phú Thọ"
"9 căn nhà phố - Biệt thự Nam Long Trần Trọng Cung diện tích 5x24m, 8x24m, 12x24m giá từ 14.9 tỷ/căn","14,9 tỷ",120 m²,5,5,"Quận 7, Hồ Chí Minh","Dự án Nam Thông-KDC Nam Long, Đường Trần Trọng Cung, Phường Tân Thuận Đông, Quận 7, Hồ Chí Minh"
"Bán CC 1PN, 47m2 tại Vinhomes Grand Park, 2 tỷ, TP Thủ Đức, HCM. Phân khu S5",2 tỷ,47 m²,1,1,"Quận 9, Hồ Chí Minh","Vinhomes Grand Park, Đường Nguyễn Xiển, Phường Long Thạnh Mỹ, Quận 9, Hồ Chí Minh"
Nhà 2 Tẩng Đ. Chế Lan Viên Tân Phú Giá 2 Tỷ 690/48m2 Hẻm Xe Hơi Khu Vực Sầm Uất,"2,69 tỷ",48 m²,4,4,"Tân Phú, Hồ Chí Minh","Đường Chế Lan Viên, Phường Phú Thạnh, Tân Phú, Hồ Chí Minh"
"Sở hữu ngay căn hộ 36m2 gần công viên Gia Định, giá tốt chỉ 800 triệu nhận nhà liền, CK tới 6%","1,6 tỷ",36 m²,1,1,"Gò Vấp, Hồ Chí Minh","Đường Trần Bình Trọng, Phường 1, Gò Vấp, Hồ Chí Minh"
"Bán gấp 10 lô đất phân khu V6 PFT city, sổ đỏ liền tay, giá tốt nhất thị trường","4,49 tỷ",102 m²,Không có thông tin,Không có thông tin,"Ngũ Hành Sơn, Đà Nẵng","Dự án FPT City Đà Nẵng, Đường Võ Chí Công, Phường Hòa Hải, Ngũ Hành Sơn, Đà Nẵng"
"Giỏ hàng The Western Q6 ký mới trực tiếp CDT Hoàng Phúc, 88m2 giá 3tỷ3. LH 0903 304 *** Ms Nguyên","3,3 tỷ",88 m²,3,2,"Quận 6, Hồ Chí Minh","The Western Capital, Lý Chiêu Hoàng, 10, Quận 6, Hồ Chí Minh"
"Bán đất tại Tam Thôn Hiệp, Cần Giờ, Hồ Chí Minh, giá cực chất 8 tỷ, 1544 m2",8 tỷ,1.544 m²,Không có thông tin,Không có thông tin,"Cần Giờ, Hồ Chí Minh","Đường Tam Thôn Hiệp, Xã Tam Thôn Hiệp, Cần Giờ, Hồ Chí Minh"
"Siêu cắt lỗ! Bán đất nền dự án tại KĐT Việt Hàn, 90m2 chỉ 15 triệu/m2","1,35 tỷ",90 m²,Không có thông tin,Không có thông tin,"Phổ Yên, Thái Nguyên","Dự án KĐT Việt Hàn, Đường Phạm Văn Đồng, Phường Hồng Tiến, Phổ Yên, Thái Nguyên"
"Nhà vị trí đắc địa, siêu hiếm. Ngay ngã tư Hà Huy Tập-Điện biên Phủ. 75m2 Kẹp cống.","6,35 tỷ","74,4 m²",8,7,"Thanh Khê, Đà Nẵng","Đường Hà Huy Tập, Phường Thanh Khê Đông, Thanh Khê, Đà Nẵng"
"Bán Nhà Riêng tại Đường Tà Nung, Xã Tà Nung, Xã Tà Nung, Đà Lạt, Lâm Đồng giá siêu hời 3 tỷ, 210m2",3 tỷ,210 m²,2,2,"Đà Lạt, Lâm Đồng","Đường Tà Nung, Xã Tà Nung, Đà Lạt, Lâm Đồng"
"Bán quỹ căn dự án Grand Sunlake hướng ĐN, view hồ Văn Quán, giá hợp lý nhất thị trường","4,68 tỷ",92 m²,3,2,"Hà Đông, Hà Nội","Grand Sunlake, Trần Phú, Văn Quán, Hà Đông, Hà Nội"
"Đất mặt tiền QL 26 - Đối diện Suối Nước Nóng Trường Xuân - 656,2 m2 - Ninh Tây - Hỗ trợ lên thổ cư","1,15 tỷ","656,2 m²",Không có thông tin,Không có thông tin,"Ninh Hòa, Khánh Hòa","Đường Quốc Lộ 26, Xã Ninh Tây, Ninh Hòa, Khánh Hòa"
Bán biệt thự Nine South giá tốt khu vực DT 7x20m; 10x20m giá 15.5 tỷ/căn giá thật. LH 0901 424 ***,"15,5 tỷ",140 m²,4,5,"Nhà Bè, Hồ Chí Minh","Dự án Nine South Estates, Đường Nguyễn Hữu Thọ, Thị trấn Nhà Bè, Nhà Bè, Hồ Chí Minh"
"Bán LK 110m2 Hướng Nam. Sapphire Gem HP - Ngay TTHC mới Thủy Nguyên. Giá 5,850 tỷ. Bao thuế phí","5,85 tỷ",110 m²,3,3,"Thủy Nguyên, Hải Phòng","Dự án Sapphire Gem Hải Phòng, Đường 359C, Phường Thủy Đường, Thủy Nguyên, Hải Phòng"
"Bán nhà tại khu phân lô quân đội ngõ 32 Phùng Khoang, căn góc 3 mặt thoáng, nở hậu. LH: 0915 939 ***","16,6 tỷ","53,2 m²",4,3,"Nam Từ Liêm, Hà Nội","Ngõ 32, Đường Phùng Khoang, Phường Trung Văn, Nam Từ Liêm, Hà Nội"
"Bán nhà riêng tại Nguyễn Văn Thương, Bình Thạnh, 10,5 tỷ, 42,7 m2, 4PN, 5WC, Chính chủ","10,5 tỷ","42,7 m²",4,5,"Bình Thạnh, Hồ Chí Minh","Đường Nguyễn Văn Thương, Phường 25, Bình Thạnh, Hồ Chí Minh"
"Bán căn LK - Góc 141,9m2. Sapphire Gem - Ngay TTHC mới Thủy Nguyên. Giá: 7,860 tỷ. Bao thuế phí","7,86 tỷ",110 m²,4,5,"Thủy Nguyên, Hải Phòng","Dự án Sapphire Gem Hải Phòng, Đường 359C, Xã Thủy Đường, Thủy Nguyên, Hải Phòng"
Tư vấn quỹ căn đẹp Hoàng Huy Green River. PKD Chủ đầu tư 0868 880 ***,Giá thỏa thuận,90 m²,5,5,"Thủy Nguyên, Hải Phòng","Hoàng Huy Green River, Hoa Động, Thủy Nguyên, Hải Phòng"
"120m2 SSD, 3 tầng 6t9. 2 mặt tiền nhựa 8m, Vincom TĐ cách 3 phút đi","6,9 tỷ",120 m²,Không có thông tin,Không có thông tin,"Thủ Đức, Hồ Chí Minh","Phường Trường Thọ, Thủ Đức, Hồ Chí Minh"
"Ra mắt 100 lô đất mặt đường Võ Nguyễn Giáp - Tân Mỹ trung tâm TP Bắc Giang giá chỉ từ 2,4 tỷ","2,4 tỷ",80 m²,Không có thông tin,Không có thông tin,"Bắc Giang, Bắc Giang","Đường Võ Nguyên Giáp, Xã Tân Mỹ, Bắc Giang, Bắc Giang"
"Bán nhà riêng 2PN, 2WC, 75m2 tại Lê Văn Duyệt, p 3, Bình Thạnh, HCM, 10,7 tỷ","10,7 tỷ",75 m²,2,2,"Bình Thạnh, Hồ Chí Minh","Đường Lê Văn Duyệt, Phường 3, Bình Thạnh, Hồ Chí Minh"
"Bán căn hộ Bình Thạnh, Richmond City 4.2 tỷ nội thất cao cấp. LH: 0969 790 ***","4,2 tỷ",66 m²,2,2,"Bình Thạnh, Hồ Chí Minh","Dự án Richmond City, Phố Nguyễn Xí, Phường 26, Bình Thạnh, Hồ Chí Minh"
Bán đất dự án Samsung Village 107m2,"7,28 tỷ",107 m²,Không có thông tin,Không có thông tin,"Quận 9, Hồ Chí Minh","Dự án Samsung Village, Đường Bưng Ông Thoàn, Phường Phú Hữu, Quận 9, Hồ Chí Minh"
"Bán Nhà riêng tại Đường Mỹ Huề, Trung Chánh, Hóc Môn, TP. HCM - giá 40 triệu / m2, 92 m2, 2PN, 2WC","3,68 tỷ",92 m²,2,2,"Hóc Môn, Hồ Chí Minh","Đường Mỹ Huề, Xã Trung Chánh, Hóc Môn, Hồ Chí Minh"
"Cần Bán Gấp - Nhà Mới 72m2 - Bùi Đình Túy, Bình Thạnh - Hẻm 4m","8,8 tỷ",72 m²,Không có thông tin,Không có thông tin,"Bình Thạnh, Hồ Chí Minh","Đường Bùi Đình Túy, Phường 12, Bình Thạnh, Hồ Chí Minh"
"CẮT LỖ 400 TRIỆU -BÁN GẤP LÔ ĐẤT NỀN 200M2 -SỔ HỒNG RIÊNG ,THỔ CƯ 100%- AN VIỄN TRẢNG BOM ĐỒNG NAI",3 tỷ,200 m²,Không có thông tin,Không có thông tin,"Trảng Bom, Đồng Nai","An Viễn, Trảng Bom, Đồng Nai"
Chính chủ bán gấp căn studio 1 tỷ 730 chung cư Masteri West Height Vin Smart City,"1,73 tỷ","30,3 m²",1,1,"Nam Từ Liêm, Hà Nội","Dự án Masteri West Heights, Phường Tây Mỗ, Nam Từ Liêm, Hà Nội"
"Bán đất Xuân Thành Trại Mát phường 11, Tp Đà Lạt đường ô tô, DT 401m2, sổ riêng xây dựng","6,5 tỷ",401 m²,Không có thông tin,Không có thông tin,"Đà Lạt, Lâm Đồng","Đường Trại Mát, Phường 11, Đà Lạt, Lâm Đồng"
Bán nhà sau Phong Dê Ngoại Giao Đoàn - 38m2 - 5 tầng mới - sẵn nội thất - hơn 6 tỷ - Lh 0971 555 ***,"6,8 tỷ",38 m²,3,4,"Bắc Từ Liêm, Hà Nội","Đường Xuân Đỉnh, Phường Xuân Đỉnh, Bắc Từ Liêm, Hà Nội"
GIA ĐÌNH CẦN BÁN GẤP CĂN NHÀ PHÂN LÔ MẶT GÓC CÓ DIỆN TÍCH 43m2 x 4 tầng,"14,5 tỷ",43 m²,5,4,"Hai Bà Trưng, Hà Nội","Phố Hồng Mai, Phường Bạch Mai, Hai Bà Trưng, Hà Nội"
BÁN BIỆT THỰ MINI TÂM HUYẾT - LINH XUÂN 10x22m Hẻm nhựa xe tải vào tận nhà,"8,3 tỷ",220 m²,4,4,"Thủ Đức, Hồ Chí Minh","Đường Quốc lộ 1K, Phường Linh Xuân, Thủ Đức, Hồ Chí Minh"
"Chủ Nhà Cần bán nhanh căn hộ 2PN, 2WC tại tòa Lake 1, Aquabay KĐT Ecopark (TIN THẬT)","3,55 tỷ",70 m²,2,2,"Văn Giang, Hưng Yên","Ecopark, Đường Trúc, Xã Xuân Quan, Văn Giang, Hưng Yên"
Giỏ hàng biệt thự siêu hiếm diện tích 405m2 đối diện khách sạn 5 sao,Giá thỏa thuận,405 m²,Không có thông tin,Không có thông tin,"Vị Thanh, Hậu Giang","Dự án DIC Victory City, Phường 4, Vị Thanh, Hậu Giang"
CHÍNH CHỦ CẦN BÁN_#_LÔ GÓC _#_2 MẶT THOÁNG VĨNH VIỄN_#_Ô TÔ ĐỖ CỬA VÀO NHÀ TUỲ Ý,"16,3 tỷ","64,2 m²",4,3,"Bắc Từ Liêm, Hà Nội","Đường Xuân Đỉnh, Phường Xuân Đỉnh, Bắc Từ Liêm, Hà Nội"
Tổng hợp full quỹ căn 2 phòng ngủ Vinhomes Skylake cần bán giá tốt nhất. LH 0976 069 ***,Giá thỏa thuận,70 m²,2,2,"Nam Từ Liêm, Hà Nội","Dự án Vinhomes Skylake, Đường Phạm Hùng, Phường Mỹ Đình 1, Nam Từ Liêm, Hà Nội"
"BÁN CĂN HỘ CẠNH NHÀ HÁT LỚN, LIỀN KỀ HỒ GƯƠM, TẦNG THẤP 79m2 ĐẸP THOÁNG Trước Sau","5,53 tỷ",79 m²,2,1,"Hoàn Kiếm, Hà Nội","Đường Lý Thái Tổ, Phường Lý Thái Tổ, Hoàn Kiếm, Hà Nội"
"HIẾM CÓ KHÓ TÌM: Căn nhà dòng tiền khu Giải Phóng, 38m2, 5PN giá 5.95 tỷ","5,95 tỷ",38 m²,5,5,"Hoàng Mai, Hà Nội","Đường Giải Phóng, Phường Giáp Bát, Hoàng Mai, Hà Nội"
"Siêu hiếm phân lô phố Hoàng Cầu, Đống Đa 146m2 mặt tiền 7m ô tô kinh doanh dòng tiền, đầu tư 78 tỷ",78 tỷ,146 m²,4,4,"Đống Đa, Hà Nội","Phố Hoàng Cầu, Phường Ô Chợ Dừa, Đống Đa, Hà Nội"
"Cần bán đất 1070m2 có sổ đỏ tại Thôn Đồng Chanh, Nhuận Trạch, Lương Sơn giá 8.9 triệu/m2:0916 393 ***","9,52 tỷ",1.070 m²,Không có thông tin,Không có thông tin,"Lương Sơn, Hòa Bình","Đường Đồng Chanh, Xã Nhuận Trạch, Lương Sơn, Hòa Bình"
"CHỈ VỚI 1,85 TỶ CÓ NGAY CĂN 2PN2WC 73M2 CĂN HỘ THE EMERALD 68 - TẶNG FULL NỘI THẤT LÊN ĐẾN 90TR","1,9 tỷ",48 m²,2,1,"Thuận An, Bình Dương","The Emerald 68, Vĩnh Phú 16, Vĩnh Phú, Thuận An, Bình Dương"
Cần Tiền Trả Nợ Bán Nhanh CĂN GÓC SH4 CENTA CITY VSIP! Đang Cho Thuê 20tr/ tháng,Giá thỏa thuận,112 m²,4,4,"Từ Sơn, Bắc Ninh","Centa City, Đường Hữu Nghị, Phường Phù Chẩn, Từ Sơn, Bắc Ninh"
Him Lam Central Park nhà liền kề 4 tầng duy nhất tại Quận Hồng Bàng mới có giá 3 tỷ.,3 tỷ,60 m²,3,3,"Hồng Bàng, Hải Phòng","Him Lam Central Park An Hồng, An Hồng, Hồng Bàng, Hải Phòng"
"Bán căn hộ tầng 26, sổ đỏ, 46m nhà đẹp nội thất đầy đủ, tòa 8B đẹp","2,1 tỷ",46 m²,1,1,"Thanh Trì, Hà Nội","Dự án Đại Thanh, Đường Phan Trọng Tuệ, Xã Tả Thanh Oai, Thanh Trì, Hà Nội"
"Hàng Hiếm: Dự án f0 , xây Dựng tự do , Đất Đường 19 , khu bên sông , p. Hiệp Bình Chánh, Q. Thủ đức","7,45 tỷ",74 m²,Không có thông tin,Không có thông tin,"Thủ Đức, Hồ Chí Minh","Chung cư Mỹ An - 3G, Số 19, Hiệp Bình Chánh, Thủ Đức, Hồ Chí Minh"
BÁN GẤP NHÀ NÁT NGÔ GIA TỰ P4 QUẬN 10 CHỈ 5 TỶ THƯƠNG LƯỢNG,5 tỷ,38 m²,Không có thông tin,Không có thông tin,"Quận 10, Hồ Chí Minh","Đường Ngô Gia Tự, Phường 4, Quận 10, Hồ Chí Minh"
"Biệt thự Vaquarius Văn Giang chỉ 117 triệu/m2 đơn giá rẻ nhất thị trường, chỉ từ 3 tỷ sở hữu ngay!","18,75 tỷ",160 m²,4,5,"Văn Giang, Hưng Yên","Dự án Vaquarius Văn Giang, Đường 179, Xã Cửu Cao, Văn Giang, Hưng Yên"
Bán nhanh suất ngoại giao Hoàng Thành Pearl mặt đường Nguyễn Văn Giáp. LH 0989 182 ***,Giá thỏa thuận,98 m²,Không có thông tin,Không có thông tin,"Nam Từ Liêm, Hà Nội","Dự án Hoàng Thành Pearl, Đường Nguyễn Văn Giáp, Phường Cầu Diễn, Nam Từ Liêm, Hà Nội."
CHÍNH CHỦ CẦN BÁN GẤP CĂN NHÀ ĐƯỜNG TRƯƠNG ĐỊNH CÓ DIỆN TÍCH 71m2 x 4 tầng,"12,9 tỷ",75 m²,5,4,"Hai Bà Trưng, Hà Nội","436 Trương Định, Trương Định, Trương Định, Hai Bà Trưng, Hà Nội"
Mở bán 426 căn biệt thự vườn 3 mặt view sông đẹp nhất The Global City Quận 2. LH: 0975 467 ***,60 tỷ,160 m²,5,6,"Quận 2, Hồ Chí Minh","Dự án The Global City, Phường An Phú, Quận 2, Hồ Chí Minh"
BIỆT THỰ LIỀN KỀ MINH NHỰA -120M2 -MẶT TIỀN 6M -NỘI THẤT NHẬP KHẨU -NGAY BỆNH VIỆN TÂM ANH,36 tỷ,120 m²,Không có thông tin,Không có thông tin,"Long Biên, Hà Nội","Đường Lâm Hạ, Phường Bồ Đề, Long Biên, Hà Nội"
"Nhà phố Nguyễn Khánh Toàn, 44m x 7T, mặt tiền 5.7m, phân lô OTO VIP, Cực Gần Phố. Chỉ hơn 13 tỷ!",13 tỷ,43 m²,4,6,"Cầu Giấy, Hà Nội","Đường Nguyễn Khánh Toàn, Phường Quan Hoa, Cầu Giấy, Hà Nội"
"Chính chủ bán căn hộ Ehome Southgate lầu 8 full nội thất, có sổ hồng vào ở ngay. LH: 0975 467 ***","1,2 tỷ",51 m²,1,1,"Bến Lức, Long An","Dự án Ehome Southgate, Đường ĐT 830, Xã An Thạnh, Bến Lức, Long An"
Bán nhà dân xây cực kỳ chắc chắn tại Giang Biên Long Biên. Ô tô tránh.,Giá thỏa thuận,45 m²,4,3,"Long Biên, Hà Nội","Đường Giang Biên, Phường Giang Biên, Long Biên, Hà Nội"
"Chính chủ bán gấp nhà 5 tầng, DT 50m, MT 4,2m, Nguyễn Văn Cừ thông Ngọc lâm, ô tô vào nhà","10,8 tỷ",50 m²,5,4,"Long Biên, Hà Nội","Đường Nguyễn Văn Cừ, Phường Ngọc Thụy, Long Biên, Hà Nội"
"Chính chủ bán gấp nhà 3 tầng 3 lô liền kề xây cao tầng được, view sông khu Nam Việt Á 6PN 6 toliet","20,5 tỷ",270 m²,6,6,"Ngũ Hành Sơn, Đà Nẵng","Dự án Nam Cầu Tuyên Sơn-Nam Việt Á, Đường Anh Thơ, Phường Khuê Mỹ, Ngũ Hành Sơn, Đà Nẵng"
"Bán CC Tecco Felice Homes Thuận An Bình Dương, 1,65 tỷ, 65m2, view đẹp, chính chủ","1,65 tỷ",65 m²,Không có thông tin,Không có thông tin,"Thuận An, Bình Dương","Chung cư An Phú Thuận An, Lê Thị Trung, An Phú, Thuận An, Bình Dương"
Ô TÔ ĐỖ CỬA - 7 TẦNG THANG MÁY - 2 MẶT NGÕ 3 MẶT THOÁNG - 14 PHÒNG KHÉP KÍN - PHÒNG NÀO CŨNG THOÁNG,"16,5 tỷ",66 m²,Không có thông tin,Không có thông tin,"Hoàng Mai, Hà Nội","Phường Hoàng Văn Thụ, Hoàng Mai, Hà Nội"
"Bán nhà cấp 4 gác lửng kiệt Ngô Quyền, P. Thọ Quang, Q. Sơn Trà, Tp. Đà Nẵng","3,1 tỷ",85 m²,3,1,"Sơn Trà, Đà Nẵng","Đường Ngô Quyền, Phường Mân Thái, Sơn Trà, Đà Nẵng"
Bán căn 2 ngủ tầng thấp đầy đủ nội thất Vinhome Gardenia,"6,45 tỷ",73 m²,2,2,"Nam Từ Liêm, Hà Nội","Vinhomes Gardenia, Hàm Nghi, Cầu Diễn, Nam Từ Liêm, Hà Nội"
"Quỹ căn Imperia tháng 3-2025; 2PN và 3PN giá tốt diện tích: 66m2, 76m2, 80.5m2, 97m2, 122m2, 173m2",11 tỷ,122 m²,3,2,"Thanh Xuân, Hà Nội","Dự án Imperia Garden, Đường Nguyễn Huy Tưởng, Phường Thanh Xuân Trung, Thanh Xuân, Hà Nội"
"Bán gấp nhà riêng 4PN, 3WC, 42m2 tại Phố Kẻ Tạnh, Giang Biên, Long Biên, 6,9 tỷ. Ô tô thông","6,9 tỷ",42 m²,4,3,"Long Biên, Hà Nội","Phố Kẻ Tạnh, Phường Giang Biên, Long Biên, Hà Nội"
"Bán nhà Phú Nhuận, mặt tiền HXH 6m (4.3x12)m, khu dân trí, ở ngay, chỉ 7.6 tỷ","7,6 tỷ",45 m²,2,2,"Phú Nhuận, Hồ Chí Minh","Đường Hồ Biểu Chánh, Phường 11, Phú Nhuận, Hồ Chí Minh"
"Chính chủ bán lại căn hộ 2, 3PN tại dự án Lumi Hà Nội giá cực tốt. LH 0982 281 ***","3,8 tỷ",54 m²,2,2,"Nam Từ Liêm, Hà Nội","Dự án Lumi Hanoi, Đường Đại lộ Thăng Long, Phường Tây Mỗ, Nam Từ Liêm, Hà Nội."
"BÁN NHÀ TRUNG TÂM BIÊN HÒA ĐƯỜNG ÔTÔ 86M2, THỔ CƯ NHỈNH 2,x TỶ, THÔNG NGUYỄN ÁI QUỐC, CHỢ TÂN PHONG","2,9 tỷ",86 m²,2,1,"Biên Hòa, Đồng Nai","Đường Dương Tử Giang, Phường Tân Mai, Biên Hòa, Đồng Nai"
"Bán căn hộ chung cư GoldSeason, penhouse 170m, 4 ngủ, hướng mát, view đẹp","14,5 tỷ",168 m²,4,3,"Thanh Xuân, Hà Nội","GoldSeason, Nguyễn Tuân, Thanh Xuân Trung, Thanh Xuân, Hà Nội"
"Những căn ngoại giao sẵn sổ cuối chung cư Cầu Giấy Center Point 110 Cầu Giấy, LH 0977 917 ***","6,01 tỷ",78 m²,2,Không có thông tin,"Cầu Giấy, Hà Nội","Cầu Giấy Center Point, 110, Đường Cầu Giấy, Phường Quan Hoa, Cầu Giấy, Hà Nội"
"Bán gấp đất nền vị trí đắc địa tại Đường Trần Phú, Phường Dương Đông, Phú Quốc, Kiên Giang, 4,5 tỷ","4,5 tỷ",82 m²,Không có thông tin,Không có thông tin,"Phú Quốc, Kiên Giang","Đường Trần Phú, Phường Dương Đông, Phú Quốc, Kiên Giang"
"5 tỷ nhỉnh - Tân Định, Quận 1 - hẻm 3m - sát mặt tiền - 4 tầng đúc hiện đại ở liền - kinh doanh","5,5 tỷ","36,8 m²",2,3,"Quận 1, Hồ Chí Minh","Phường Tân Định, Quận 1, Hồ Chí Minh"
GIỎ HÀNG ! Bán nhiều lô đất MT đường số 79; 81; 85; 45; 39; 41; 47;..P.Tân Quy l Q7. Giá tốt đầu tư,"12,5 tỷ",80 m²,Không có thông tin,Không có thông tin,"Quận 7, Hồ Chí Minh","Đường 79, Phường Tân Quy, Quận 7, Hồ Chí Minh"
"Chính chủ bán nhà 6 tầng, 30m ra phố Hào Nam, Lô góc, Nở Hậu, 2 thoáng sáng.","6,95 tỷ",30 m²,4,6,"Đống Đa, Hà Nội","Phố Hào Nam, Phường Ô Chợ Dừa, Đống Đa, Hà Nội"
"Chính chủ bán nhà 6 tầng, 30m ra phố Hào Nam, Lô góc, Nở Hậu, 2 thoáng sáng.","6,95 tỷ",30 m²,4,6,"Đống Đa, Hà Nội","Phố Hào Nam, Phường Ô Chợ Dừa, Đống Đa, Hà Nội"
"Bán nhà KĐT Yên Hoà, Trần Kim Xuyến, phân lô ô tô tránh, vỉa hè rộng. Diện tích 79m2 giá 28 tỷ",28 tỷ,79 m²,Không có thông tin,Không có thông tin,"Cầu Giấy, Hà Nội","Dự án Yên Hòa, Đường Trần Kim Xuyến, Phường Yên Hòa, Cầu Giấy, Hà Nội"
Độc quyền The Estella: tổng hợp 50 căn các loại: 150m2 - 12 tỷ; 171m2 - 13.5 tỷ; 250m2 - 18 tỷ,12 tỷ,150 m²,3,3,"Quận 2, Hồ Chí Minh","Dự án The Estella, Đường Xa Lộ Hà Nội, Phường An Phú, Quận 2, Hồ Chí Minh"
TÌM CHỦ MỚI CHO LÔ ĐẤT NGHỈ DƯỠNG VIEW HỒ ĐẸP NHẤT BA VÌ,"4,38 tỷ","360,4 m²",Không có thông tin,Không có thông tin,"Ba Vì, Hà Nội","Đường ĐT 87, Xã Yên Bài, Ba Vì, Hà Nội"
Đất mặt tiền đường 22 VCN Phước Long giá từ 75tr/m2. Thông vào kdt sân bay cũ và Sungroup,"8,05 tỷ",115 m²,Không có thông tin,Không có thông tin,"Nha Trang, Khánh Hòa","Dự án VCN - Phước Long, Đường 22, Phường Phước Hải, Nha Trang, Khánh Hòa"
"GIÁ TỐT NHẤT THỊ TRƯỜNG CĂN HỘ CAO CẤP 2PN MASTERI LAKESIDE VINHOMES OCEAN PARK 1, CHIẾT KHẤU 15%","4,11 tỷ","61,5 m²",2,2,"Gia Lâm, Hà Nội","Masteri Lakeside, Đường Lý Thánh Tông, Thị trấn Trâu Quỳ, Gia Lâm, Hà Nội"
Chính chủ bán 102m lô góc 3 mặt tiền tại Việt Hưng- Văn Lâm.,"2,35 tỷ",102 m²,Không có thông tin,Không có thông tin,"Văn Lâm, Hưng Yên","Xã Việt Hưng, Văn Lâm, Hưng Yên"
"Bán nhà riêng giá tốt, Tân Thới Hiệp 6, 36m2, 2PN, 2WC, Quận 12, TP.HCM","2,7 tỷ",36 m²,2,2,"Quận 12, Hồ Chí Minh","Đường Tân Thới Hiệp 6, Phường Tân Thới Hiệp, Quận 12, Hồ Chí Minh"
"SUẤT SANG NHƯỢNG! THE WESTERN 51m2,2PN - 2.150 tỷ, 66m2,2PN - 2.750 tỷ, 89m2,3PN - 3.280 tỷ","2,75 tỷ",66 m²,2,2,"Quận 6, Hồ Chí Minh","Dự án The Western Capital, Đường Lý Chiêu Hoàng, Phường 10, Quận 6, Hồ Chí Minh"
Gia Long Riverside hàng độc quyền chuyển nhượng lại hàng CĐT rẻ LH: 0903 818 ***,"4,85 tỷ","87,9 m²",Không có thông tin,Không có thông tin,"Nhà Bè, Hồ Chí Minh","Dự án Gia Long Riverside Nhà Bè, Đường Lê Văn Lương, Xã Phước Kiển, Nhà Bè, Hồ Chí Minh"
BÁN NHÀ 5x18 GẦN CHỢ ĐẦU MỐI HÓC MÔN,"4,68 tỷ",90 m²,4,3,"Hóc Môn, Hồ Chí Minh","Đường Nguyễn Thị Sóc, Xã Bà Điểm, Hóc Môn, Hồ Chí Minh"
"Bán Sunrise City 2PN, 2WC 106m2 giá 6,350 tỷ full nội thất","6,35 tỷ",106 m²,2,2,"Quận 7, Hồ Chí Minh","Dự án Sunrise City, Đường Nguyễn Hữu Thọ, Phường Tân Hưng, Quận 7, Hồ Chí Minh"
"Gấp siêu rẻ: 3.6 tỷ với căn 2N - 2WC toà G1, 69m2, Vinhomes Green Bay!","3,6 tỷ","69,23 m²",2,2,"Nam Từ Liêm, Hà Nội","Dự án Vinhomes Green Bay Mễ Trì, Đường Đại lộ Thăng Long, Phường Mễ Trì, Nam Từ Liêm, Hà Nội"
"Bán ngôi nhà tại Ngọc Thụy, Long Biên, Hà Nội","6,8 tỷ","49,6 m²",4,4,"Long Biên, Hà Nội","Phường Ngọc Thụy, Long Biên, Hà Nội"
"Bán nhà riêng 90m2, 23,5 tỷ, 5PN, 3WC tại Khu Liền Kề 13C Thượng Thanh, Long Biên, Hà Nội","23,5 tỷ",90 m²,5,3,"Long Biên, Hà Nội","Khu Liền Kề 13C Thượng Thanh, Phường Thượng Thanh, Long Biên, Hà Nội"
Chính chủ cần bán nhanh căn Biệt thự Mimosa đã hoàn thiện nội thất cao cấp với giá cực tốt,"38,7 tỷ",210 m²,4,4,"Văn Giang, Hưng Yên","Biệt thự Mimosa - Ecopark, Xuân Quan, Văn Giang, Hưng Yên"
CCMN PHÙNG KHOANG #90m 8T THANG MÁY - KV ĐÔNG SV - 21PKK - DÒNG TIỀN 1Tỷ5/Năm,"20,6 tỷ",90 m²,21,21,"Nam Từ Liêm, Hà Nội","Khu đô thị mới Phùng Khoang, Tố Hữu, Trung Văn, Nam Từ Liêm, Hà Nội"
"Chủ cần bán gấp căn hộ studio Onsen Eco park - view hồ thiên nga, tương lai có bể bơi trước mặt",Giá thỏa thuận,35 m²,1,1,"Văn Giang, Hưng Yên","Dự án Swan Lake Onsen, Xã Xuân Quan, Văn Giang, Hưng Yên"
"Bán nhà mặt phố cạnh Aeon Bình Tân 182 Đường 7, Bình Trị Đông B, Bình Tân, giá cực chất 17,5 tỷ","17,5 tỷ",80 m²,4,3,"Bình Tân, Hồ Chí Minh","182 Đường 7, Phường Bình Trị Đông B, Bình Tân, Hồ Chí Minh"
"CƠ HỘI CHO CÁC NHÀ ĐẦU TƯ LƯỚT SÓNG, MAY MẮN CHO NGƯỜI MUA Ở, NHÀ MẶT NGÕ, Ô TÔ VÀO NHÀ, HIỆN ĐẠI.","4,65 tỷ",45 m²,4,4,"Thanh Trì, Hà Nội","Đường Thọ Am, Xã Liên Ninh, Thanh Trì, Hà Nội"
"Phước Kiển Nhà Bè: Hạ giá thêm 400tr từ 6,5ty còn 6,1ty - có nhà 4 tầng - hẻm xe tải - 5x16m","6,1 tỷ",80 m²,4,4,"Nhà Bè, Hồ Chí Minh","Đường Lê Văn Lương, Xã Phước Kiển, Nhà Bè, Hồ Chí Minh"
Chính chủ bán căn hộ có HĐMB 75m2 2PN CC Cao cấp Garden Gate Phú Nhuận,"5,4 tỷ",75 m²,2,2,"Phú Nhuận, Hồ Chí Minh","Garden Gate, 8 Đường Hoàng Minh Giám, Phường 9, Phú Nhuận, Hồ Chí Minh"
"Lô đất Siêu đẹp, Siêu hot tọa lại ngay tại khu phố Giải trí của Đà Nẵng",10 tỷ,99 m²,Không có thông tin,Không có thông tin,"Hải Châu, Đà Nẵng","Đường Bình Minh 3, Phường Bình Thuận, Hải Châu, Đà Nẵng"
Mở Booking Villa 3 Mặt sông siêu hiếm đẳng cấp nhất khu đô thị quốc tế The Global City - Đã có Sổ,60 tỷ,338 m²,Không có thông tin,Không có thông tin,"Quận 2, Hồ Chí Minh","Đường Đỗ Xuân Hợp, Phường An Phú, Quận 2, Hồ Chí Minh"
Chuyển nhượng căn 2PN tầng 18 view trực diện biển Mỹ Khê Đà Nẵng,"4,9 tỷ","82,5 m²",2,2,"Ngũ Hành Sơn, Đà Nẵng","Dự án The Sang Residence, Đường Phạm Kiệt, Phường Khuê Mỹ, Ngũ Hành Sơn, Đà Nẵng."
"Đẳng cấp biệt thự view sông Đồng Nai, vị trí đắc địa, toạ lạc ngay trung tâm thành phố Biên Hoà!",48 tỷ,660 m²,Không có thông tin,Không có thông tin,"Biên Hòa, Đồng Nai","Phường Thống Nhất, Biên Hòa, Đồng Nai"
"Bán đất tặng nhà C4, ngõ oto vào, cách 80m ra đường 1A, và 80m ra đường Vũ Lăng nối dài, xây VP","6,6 tỷ","69,9 m²",Không có thông tin,Không có thông tin,"Thanh Trì, Hà Nội","Đường 1A, Xã Liên Ninh, Thanh Trì, Hà Nội"
"Bán gấp căn 2N 69,9m2 toà Thăng Long Capital, full nội thất nhập cạnh Vinsmart, có slot ô tô hầm",3 tỷ,"69,9 m²",2,2,"Hoài Đức, Hà Nội","Dự án Thăng Long Capital, Xã An Khánh, Hoài Đức, Hà Nội"
"Bán giá tốt! Feliz En Vista - 3PN, 133m2, giá 14 tỷ 504 all in - có sổ","14,5 tỷ",133 m²,3,Không có thông tin,"Quận 2, Hồ Chí Minh","Feliz En Vista, Phan Văn Đáng, Thạnh Mỹ Lợi, Quận 2, Hồ Chí Minh"
Long Hoàng Investment cập nhật giỏ hàng đất vườn ven biển Bắc Bình - Bình Thuận T03 dưới 500 triệu,60 triệu,1.000 m²,Không có thông tin,Không có thông tin,"Bắc Bình, Bình Thuận","Đường Hòa Thắng - Hòa Phú, Xã Phan Rí Thành, Bắc Bình, Bình Thuận"
"Trực tiếp CĐT Khải Hoàn Prime - Nhận đăng ký giữ chỗ tháp Vinci, Mika, rổ hàng giá rẻ, đẹp nhất","2,56 tỷ","45,8 m²",1,1,"Nhà Bè, Hồ Chí Minh","Dự án Khải Hoàn Prime, Đường Lê Văn Lương, Xã Nhơn Đức, Nhà Bè, Hồ Chí Minh"
"Mặt tiền Lô góc - Cực hiếm - Lạc Long Quân Q11 - 4,1x12 - Giá còn 13.x còn TL","13,5 tỷ",49 m²,2,2,"Quận 11, Hồ Chí Minh","Đường Lạc Long Quân, Phường 5, Quận 11, Hồ Chí Minh"
"Bán nhà mặt Hồ Tây phố Từ Hoa, lô góc 225m2, 8 tầng, MT 10 m. Vuông đẹp nhất phố Từ Hoa",160 tỷ,225 m²,10,10,"Tây Hồ, Hà Nội","Phố Từ Hoa, Phường Quảng An, Tây Hồ, Hà Nội"
QUỸ CĂN NHÀ TẠI KHU A GELEXIMCO CHỦ NHÀ THIỆN CHÍ BÁN CHỈ TỪ 153TR/M2 CẢ NHÀ,Giá thỏa thuận,240 m²,5,4,"Hoài Đức, Hà Nội","Khu A, D - Geleximco Lê Trọng Tấn, Lê Trọng Tấn, An Khánh, Hoài Đức, Hà Nội"
"Bán biệt thự tứ lập phân khu Ánh Dương, 120m2 xây 4 tầng 287m2 giá từ 17 tỷ, mặt công viên, Sát góc",17 tỷ,120 m²,6,5,"Văn Giang, Hưng Yên","The Crown - Vinhomes Ocean Park 3, Nghĩa Trụ, Văn Giang, Hưng Yên"
Gia đình đang cần bán căn nhà tại KĐT Văn phú. Nhà 75m2 đường rộng 24m.,"20,8 tỷ",75 m²,5,5,"Hà Đông, Hà Nội","Đường Văn Phú, Phường Phú La, Hà Đông, Hà Nội"
(Giỏ hàng 30 căn) Giá tốt nhất - căn hộ Galleria Residence - Metropole,"8,99 tỷ",50 m²,1,1,"Quận 2, Hồ Chí Minh","Dự án The Galleria Residence, Đường Đại Lộ Vòng Cung, Phường An Khánh, Quận 2, Hồ Chí Minh"
"Bán gấp biệt thự đẹp tại Gamuda Gardens, 25 tỷ, 95 m2, 4PN, 4WC",25 tỷ,95 m²,4,4,"Hoàng Mai, Hà Nội","Gamuda Gardens, Phường Trần Phú, Hoàng Mai, Hà Nội"
"Chính chủ bán biệt thự Văn Phú 200m2, view công viên. Giá 32 tỷ. Sổ đỏ. LH 0944 960 ***",32 tỷ,200 m²,Không có thông tin,Không có thông tin,"Hà Đông, Hà Nội","Dự án KĐT Văn Phú, Đường Lê Trọng Tấn, Phường Phú La, Hà Đông, Hà Nội"
"(Đức Duy Land) chuyển nhượng hàng đầu tại Green Park, tổng hợp quỹ căn hộ 2 - 3 - PN giá tốt nhất","3,8 tỷ",55 m²,2,2,"Hoàng Mai, Hà Nội","Green Park Trần Thủ Độ, Trần Thủ Độ, Hoàng Liệt, Hoàng Mai, Hà Nội"
"(Đức Duy Land) chuyển nhượng hàng đầu tại Green Park, tổng hợp quỹ căn hộ 2 - 3 - PN giá tốt nhất","3,8 tỷ",55 m²,2,2,"Hoàng Mai, Hà Nội","Green Park Trần Thủ Độ, Trần Thủ Độ, Hoàng Liệt, Hoàng Mai, Hà Nội"
Nhanh tay sở hữu ngay - shophouse Vinhomes TP3 - 80 - chốt lợi nhuận cao - chỉ cần 30%,"4,5 tỷ","77,5 m²",Không có thông tin,Không có thông tin,"Móng Cái, Quảng Ninh","Dự án Vinhomes Golden Avenue Móng Cái, Phường Hải Hòa, Móng Cái, Quảng Ninh"
"Cần bán nhà mặt tiền đường quốc lộ 1A đường rộng 30m, nằm sát ngã tư đèn đỏ, vị trí đắc địa","4,8 tỷ",125 m²,10,11,"Tư Nghĩa, Quảng Ngãi","Thị trấn La Hà, Tư Nghĩa, Quảng Ngãi"
"CẦN BÁN NHANH CĂN BIỆT THỰ LÔ GÓC VINHOMES THƯỢNG LÝ, HỒNG BÀNG, HẢI PHÒNG 247M, MẶT TIỀN 15M,",36 tỷ,247 m²,6,8,"Hồng Bàng, Hải Phòng","Vinhomes Imperia Hải Phòng, Đường Bạch Đằng, Phường Thượng Lý, Hồng Bàng, Hải Phòng"
Lô hoa hậu tái định cư Linh Sơn Bình Yên,4 tỷ,100 m²,Không có thông tin,Không có thông tin,"Thạch Thất, Hà Nội","Bình Yên, Thạch Thất, Hà Nội"
Sở hữu ngay nhà mới full nội thất DT 54m2 - sang trọng ngay phố Hoàng Quốc Việt ô tô đỗ tận cửa,"17,33 tỷ",54 m²,Không có thông tin,Không có thông tin,"Cầu Giấy, Hà Nội","Đường Hoàng Quốc Việt, Phường Nghĩa Đô, Cầu Giấy, Hà Nội"
Chính chủ cần bán FPT Plaza 2 giá 2.250 liên hệ 0906 565 ***,"2,25 tỷ",72 m²,2,2,"Ngũ Hành Sơn, Đà Nẵng","FPT Plaza 2, Đường Hoàng Minh Thắng, Phường Hòa Hải, Quận Ngũ Hành Sơn, Đà Nẵng"
"SIÊU PHẨM QUỲNH ĐÔ, THANH TRÌ, GARA Ô TÔ, 6 TẦNG, THANG MÁY, NỘI THẤT SANG TRỌNG, ĐẲNG CẤP!!!","9,7 tỷ",100 m²,6,7,"Thanh Trì, Hà Nội","Xã Vĩnh Quỳnh, Thanh Trì, Hà Nội"
Duy nhất căn hộ vị trí góc 62m2 tầng trung giá tốt nhất dự án chung cư Tecco Thái Nguyên,"1,43 tỷ",62 m²,2,2,"Thái Nguyên, Thái Nguyên","Tecco Elite City, Quang Trung, Thịnh Đán, Thái Nguyên, Thái Nguyên"
Chủ nhà đi Mỹ bán rẻ căn Mezza KĐT Ecopark hoàn thiện nội thất 2 tầng 3 phòng ngủ 2WC giá 6tỷ300,"6,3 tỷ",101 m²,3,2,"Văn Giang, Hưng Yên","Ecopark Grand - The Island , Xuân Quan, Văn Giang, Hưng Yên"
"Bán đất nền sổ sẵn DIC Victory City đối diện tỉnh ủy Hậu Giang, 1 tỷ/nền 95m2,",1 tỷ,95 m²,Không có thông tin,Không có thông tin,"Vị Thanh, Hậu Giang","DIC Victory City, 4, Vị Thanh, Hậu Giang"
"1PN- CÓ BAN CÔNG- GIÁ TỪ 1,9 TỶ. GIỎ HÀNG ĐỘC QUYỀN THE EMERAL 68 - LH 0903 091 *** MS NGA PKD CĐT",Giá thỏa thuận,35 m²,1,1,"Thuận An, Bình Dương","The Emerald 68, Vĩnh Phú 16, Vĩnh Phú, Thuận An, Bình Dương"
Đất giá rẻ trung tâm TP. Thủ Đức (Quận 2) Thạnh Mỹ Lợi LH: 0933 883 *** Mr. Hiếu,"28,8 tỷ",160 m²,Không có thông tin,Không có thông tin,"Quận 2, Hồ Chí Minh","Dự án Thạnh Mỹ Lợi, Phường Thạnh Mỹ Lợi, Quận 2, Hồ Chí Minh"
"Chuyên mua bán đất nền dự án Sở Văn Hóa, Phú Hữu, Quận 9 giá tốt nhất thị trường 0903 838 ***","6,3 tỷ",90 m²,Không có thông tin,Không có thông tin,"Quận 9, Hồ Chí Minh","Khu dân cư Sở Văn Hóa Thông Tin, Bưng Ông Thoàn, Phú Hữu, Quận 9, Hồ Chí Minh"
"Cập nhật giỏ hàng mới Feliz En Vista: 1-2-3-4PN, duplex, penthouse nhà đẹp giá tốt. LH 0938 693 ***","16,5 tỷ",173 m²,4,4,"Quận 2, Hồ Chí Minh","Feliz En Vista, Đồng Văn Cống, Thạnh Mỹ Lợi, Quận 2, Hồ Chí Minh"
"Mới Coong! Bán căn hộ 3PN2VS/85,3m2 Eurowindow Cổ Loa Ntcb Giá 46tr/m2 Ở Ngay + Đầu Tư 0967 565 ***","4,3 tỷ","82,1 m²",3,2,"Đông Anh, Hà Nội","Eurowindow River Park, Đường 5, Xã Đông Hội, Đông Anh, Hà Nội"
"Bán CC tại Riverside sang xịn (Smart Home, điều khiển bằng giọng nói) 15 tỷ",15 tỷ,129 m²,3,2,"Quận 7, Hồ Chí Minh","Dự án Riverside Residence, Đường Nguyễn Lương Bằng, Phường Tân Phú, Quận 7, Hồ Chí Minh"
ĐẤT NINH XUÂN - NINH HOÀ KHÁNH HOÀ GIÁ ĐẦU TƯ - VIEW SÔNG GẦN NÚT GIAO CAO TỐC BẮC NAM VÀ QL26,399 triệu,114 m²,Không có thông tin,Không có thông tin,"Ninh Hòa, Khánh Hòa","Xã Ninh Xuân, Thị xã Ninh Hòa, Khánh Hòa"
"Bán nhà 5 tầng đẹp đường 7m, ô tô đỗ cửa, gần Nguyễn Chí Thanh sổ đỏ chính chủ","7,1 tỷ",25 m²,3,4,"Đống Đa, Hà Nội","Đường Huỳnh Thúc Kháng, Phường Láng Hạ, Đống Đa, Hà Nội"
Chính chủ bán lại căn 2PN 54m2 giá đợt 1 không chênh tòa VIP SP dự án The Senique,"4,5 tỷ",54 m²,2,Không có thông tin,"Gia Lâm, Hà Nội","Dự án Chung cư The Senique Hanoi , Xã Dương Xá, Gia Lâm, Hà Nội"
"Chính chủ bán căn 2PN + 1 tòa S1.10 Vinhomes Ocean Park, đầy đủ nội thất (mới 100%), view thoáng","3,15 tỷ","69,2 m²",2,2,"Gia Lâm, Hà Nội","Dự án The Sapphire 1 - Vinhomes Ocean Park, Xã Đa Tốn, Gia Lâm, Hà Nội"
Bán đất nền tại Khu đô thị Cầu Trúc Sông Công DT 105m giá chỉ 16tr/m. LH: 0983 663 ***,"1,68 tỷ",105 m²,Không có thông tin,Không có thông tin,"Sông Công, Thái Nguyên","Khu đô thị Cầu Trúc Sông Công, Cách Mạng Tháng Mười, Bách Quang, Sông Công, Thái Nguyên"
"CHÍNH CHỦ CẦN BÁN NHANH DT : 275 ngay Hồ Đại Lải,cách 100 mét...",935 tỷ,275 m²,Không có thông tin,Không có thông tin,"Phúc Yên, Vĩnh Phúc","Đường Lê Duẩn, Xã Ngọc Thanh, Phúc Yên, Vĩnh Phúc"
"Bán nhà góc 2MT hẻm 8m đường Kênh 26/3, gần Eon Mall Tân Phú, 7.7x14, 3 lầu, 5pn, 12.2 tỷ","12,2 tỷ",110 m²,5,5,"Tân Phú, Hồ Chí Minh","Đường 26/3, Phường Sơn Kỳ, Tân Phú, Hồ Chí Minh"
"+ Bán nhà Cự Khối -Long Biên. DT 104m Mt 5,3-H 5,4m x3tầng ô tô vào sân- Giá 8,8 tỷ","8,8 tỷ",104 m²,3,4,"Long Biên, Hà Nội","Đường Cự Khối, Phường Cự Khối, Long Biên, Hà Nội"
Chính chủ cần tiền bán gấp đất tặng nhà 52m mặt 8m 3tầng đường 3 ô tô tránh Kd luôn,7 tỷ,52 m²,3,3,"Hoài Đức, Hà Nội","Đường Liên Xã, Xã Đông La, Hoài Đức, Hà Nội"
"Chính chủ gửi bán đất dịch vụ An Khánh Hoài Đức giáp đại lộ Thăng Long, DT 60m2 - 143m2",Giá thỏa thuận,60 m²,Không có thông tin,Không có thông tin,"Hoài Đức, Hà Nội","Xã An Khánh, Hoài Đức, Hà Nội"
"Có 102! Bán nhà phố Trung Kính, lô góc, 2 thoáng, ô tô tránh, TM, KD cực đỉnh 65m2*6T, MT 5.5m.",25 tỷ,65 m²,4,4,"Cầu Giấy, Hà Nội","Phố Trung Kính, Phường Yên Hòa, Cầu Giấy, Hà Nội"
"Bán CC Eaton Park, Mai Chí Thọ, An Phú, Q2, HCM, 12 tỷ, 75m2 thanh toán siêu nhẹ full nội thất",12 tỷ,75 m²,2,2,"Quận 2, Hồ Chí Minh","Dự án Eaton Park, Đường Mai Chí Thọ, Phường An Phú, Quận 2, Hồ Chí Minh"
"Bán biệt thự DT147m2, MT7,03m, 5T, ôtô tránh tại Phùng Khoang, Trung Văn, SĐCC, giá bán 31tỷ TL sâu",31 tỷ,147 m²,6,4,"Nam Từ Liêm, Hà Nội","Phùng Khoang, ngõ 67, Đường Phùng Khoang, Phường Trung Văn, Nam Từ Liêm, Hà Nội"
Bán Đất Mặt Tiền Đường 7.5m Trần Quý Hai - Hoà Thọ Đông Thuận Tiện Kinh Doanh Buôn Bán,"3,63 tỷ",90 m²,Không có thông tin,Không có thông tin,"Cẩm Lệ, Đà Nẵng","Đường Trần Quý Hai, Phường Hòa Thọ Đông, Cẩm Lệ, Đà Nẵng"
"Chính chủ gửi bán đất đấu giá X1 Đông Cao, Tráng Việt. Giá tốt, thương lương nhẹ",Giá thỏa thuận,100 m²,Không có thông tin,Không có thông tin,"Mê Linh, Hà Nội","Xã Tráng Việt, Mê Linh, Hà Nội"
"Bán nhà ngõ 308 Tây Sơn, Đống Đa DT106m2, MT5m, 5tầng, 6PN, ôtô đỗ, SĐCC, giá bán 29tỷ có TL sâu",29 tỷ,106 m²,6,5,"Đống Đa, Hà Nội","Ngõ 308, Đường Tây Sơn, Phường Thịnh Quang, Đống Đa, Hà Nội"
"Bán Nhà ôtô đậu sảnh, Huỳnh Văn Bánh, DT: 63m2 (4,1m x 16m), 3 lầu, giá 11,9 tỷ","11,9 tỷ",63 m²,5,4,"Phú Nhuận, Hồ Chí Minh","Đường Huỳnh Văn Bánh, Phường 13, Phú Nhuận, Hồ Chí Minh"
Chính thức ra mắt SOLA Đảo Ánh Dương phân khu bán đảo villa vườn tại The Global City,Giá thỏa thuận,133 m²,Không có thông tin,Không có thông tin,"Quận 2, Hồ Chí Minh","The Global City, Đường Đỗ Xuân Hợp, Phường An Phú, Quận 2, Hồ Chí Minh"
"Bán căn CCMN tại Xuân Đỉnh, ngõ thông ô tô qua, 19 phòng khép kín, dòng tiền 100tr/tháng, giá 25 tỷ",25 tỷ,108 m²,19,19,"Bắc Từ Liêm, Hà Nội","Đường Xuân Đỉnh, Phường Xuân Đỉnh, Bắc Từ Liêm, Hà Nội"
