Tên dự án,Giá,Diện tích,Phòng ngủ,Phòng vệ sinh,Vị trí,Địa chỉ chi tiết
Chính chủ bán căn hộ có HĐMB 75m2 2PN CC Cao cấp Garden Gate Phú Nhuận,"5,4 tỷ",75 m²,2,2,"Phú Nhuận, Hồ Chí Minh","Garden Gate, 8 Đường Hoàng Minh Giám, Phường 9, Phú Nhuận, Hồ Chí Minh"
"Lô đất Siêu đẹp, Siêu hot tọa lại ngay tại khu phố Giải trí của Đà Nẵng",10 tỷ,99 m²,Không có thông tin,Không có thông tin,"Hải Châu, Đà Nẵng","Đường Bình Minh 3, Phường Bình Thuận, Hải Châu, Đà Nẵng"
Mở Booking Villa 3 Mặt sông siêu hiếm đẳng cấp nhất khu đô thị quốc tế The Global City - Đã có Sổ,60 tỷ,338 m²,Không có thông tin,Không có thông tin,"Quận 2, Hồ Chí Minh","Đường Đỗ Xuân Hợp, Phường An Phú, Quận 2, Hồ Chí Minh"
Chuyển nhượng căn 2PN tầng 18 view trực diện biển Mỹ Khê Đà Nẵng,"4,9 tỷ","82,5 m²",2,2,"Ngũ Hành Sơn, Đà Nẵng","Dự án The Sang Residence, Đường Phạm Kiệt, Phường Khuê Mỹ, Ngũ Hành Sơn, Đà Nẵng."
"Đẳng cấp biệt thự view sông Đồng Nai, vị trí đắc địa, toạ lạc ngay trung tâm thành phố Biên Hoà!",48 tỷ,660 m²,Không có thông tin,Không có thông tin,"Biên Hòa, Đồng Nai","Phường Thống Nhất, Biên Hòa, Đồng Nai"
"Bán đất tặng nhà C4, ngõ oto vào, cách 80m ra đường 1A, và 80m ra đường Vũ Lăng nối dài, xây VP","6,6 tỷ","69,9 m²",Không có thông tin,Không có thông tin,"Thanh Trì, Hà Nội","Đường 1A, Xã Liên Ninh, Thanh Trì, Hà Nội"
"Bán gấp căn 2N 69,9m2 toà Thăng Long Capital, full nội thất nhập cạnh Vinsmart, có slot ô tô hầm",3 tỷ,"69,9 m²",2,2,"Hoài Đức, Hà Nội","Dự án Thăng Long Capital, Xã An Khánh, Hoài Đức, Hà Nội"
"Bán giá tốt! Feliz En Vista - 3PN, 133m2, giá 14 tỷ 504 all in - có sổ","14,5 tỷ",133 m²,3,Không có thông tin,"Quận 2, Hồ Chí Minh","Feliz En Vista, Phan Văn Đáng, Thạnh Mỹ Lợi, Quận 2, Hồ Chí Minh"
Long Hoàng Investment cập nhật giỏ hàng đất vườn ven biển Bắc Bình - Bình Thuận T03 dưới 500 triệu,60 triệu,1.000 m²,Không có thông tin,Không có thông tin,"Bắc Bình, Bình Thuận","Đường Hòa Thắng - Hòa Phú, Xã Phan Rí Thành, Bắc Bình, Bình Thuận"
"Trực tiếp CĐT Khải Hoàn Prime - Nhận đăng ký giữ chỗ tháp Vinci, Mika, rổ hàng giá rẻ, đẹp nhất","2,56 tỷ","45,8 m²",1,1,"Nhà Bè, Hồ Chí Minh","Dự án Khải Hoàn Prime, Đường Lê Văn Lương, Xã Nhơn Đức, Nhà Bè, Hồ Chí Minh"
"Mặt tiền Lô góc - Cực hiếm - Lạc Long Quân Q11 - 4,1x12 - Giá còn 13.x còn TL","13,5 tỷ",49 m²,2,2,"Quận 11, Hồ Chí Minh","Đường Lạc Long Quân, Phường 5, Quận 11, Hồ Chí Minh"
"Bán nhà mặt Hồ Tây phố Từ Hoa, lô góc 225m2, 8 tầng, MT 10 m. Vuông đẹp nhất phố Từ Hoa",160 tỷ,225 m²,10,10,"Tây Hồ, Hà Nội","Phố Từ Hoa, Phường Quảng An, Tây Hồ, Hà Nội"
QUỸ CĂN NHÀ TẠI KHU A GELEXIMCO CHỦ NHÀ THIỆN CHÍ BÁN CHỈ TỪ 153TR/M2 CẢ NHÀ,Giá thỏa thuận,240 m²,5,4,"Hoài Đức, Hà Nội","Khu A, D - Geleximco Lê Trọng Tấn, Lê Trọng Tấn, An Khánh, Hoài Đức, Hà Nội"
"Bán biệt thự tứ lập phân khu Ánh Dương, 120m2 xây 4 tầng 287m2 giá từ 17 tỷ, mặt công viên, Sát góc",17 tỷ,120 m²,6,5,"Văn Giang, Hưng Yên","The Crown - Vinhomes Ocean Park 3, Nghĩa Trụ, Văn Giang, Hưng Yên"
Gia đình đang cần bán căn nhà tại KĐT Văn phú. Nhà 75m2 đường rộng 24m.,"20,8 tỷ",75 m²,5,5,"Hà Đông, Hà Nội","Đường Văn Phú, Phường Phú La, Hà Đông, Hà Nội"
(Giỏ hàng 30 căn) Giá tốt nhất - căn hộ Galleria Residence - Metropole,"8,99 tỷ",50 m²,1,1,"Quận 2, Hồ Chí Minh","Dự án The Galleria Residence, Đường Đại Lộ Vòng Cung, Phường An Khánh, Quận 2, Hồ Chí Minh"
"Bán gấp biệt thự đẹp tại Gamuda Gardens, 25 tỷ, 95 m2, 4PN, 4WC",25 tỷ,95 m²,4,4,"Hoàng Mai, Hà Nội","Gamuda Gardens, Phường Trần Phú, Hoàng Mai, Hà Nội"
"Chính chủ bán biệt thự Văn Phú 200m2, view công viên. Giá 32 tỷ. Sổ đỏ. LH 0944 960 ***",32 tỷ,200 m²,Không có thông tin,Không có thông tin,"Hà Đông, Hà Nội","Dự án KĐT Văn Phú, Đường Lê Trọng Tấn, Phường Phú La, Hà Đông, Hà Nội"
"(Đức Duy Land) chuyển nhượng hàng đầu tại Green Park, tổng hợp quỹ căn hộ 2 - 3 - PN giá tốt nhất","3,8 tỷ",55 m²,2,2,"Hoàng Mai, Hà Nội","Green Park Trần Thủ Độ, Trần Thủ Độ, Hoàng Liệt, Hoàng Mai, Hà Nội"
Nhanh tay sở hữu ngay - shophouse Vinhomes TP3 - 80 - chốt lợi nhuận cao - chỉ cần 30%,"4,5 tỷ","77,5 m²",Không có thông tin,Không có thông tin,"Móng Cái, Quảng Ninh","Dự án Vinhomes Golden Avenue Móng Cái, Phường Hải Hòa, Móng Cái, Quảng Ninh"
Nhanh tay sở hữu ngay - shophouse Vinhomes TP3 - 80 - chốt lợi nhuận cao - chỉ cần 30%,"4,5 tỷ","77,5 m²",Không có thông tin,Không có thông tin,"Móng Cái, Quảng Ninh","Dự án Vinhomes Golden Avenue Móng Cái, Phường Hải Hòa, Móng Cái, Quảng Ninh"
"Cần bán nhà mặt tiền đường quốc lộ 1A đường rộng 30m, nằm sát ngã tư đèn đỏ, vị trí đắc địa","4,8 tỷ",125 m²,10,11,"Tư Nghĩa, Quảng Ngãi","Thị trấn La Hà, Tư Nghĩa, Quảng Ngãi"
"CẦN BÁN NHANH CĂN BIỆT THỰ LÔ GÓC VINHOMES THƯỢNG LÝ, HỒNG BÀNG, HẢI PHÒNG 247M, MẶT TIỀN 15M,",36 tỷ,247 m²,6,8,"Hồng Bàng, Hải Phòng","Vinhomes Imperia Hải Phòng, Đường Bạch Đằng, Phường Thượng Lý, Hồng Bàng, Hải Phòng"
Lô hoa hậu tái định cư Linh Sơn Bình Yên,4 tỷ,100 m²,Không có thông tin,Không có thông tin,"Thạch Thất, Hà Nội","Bình Yên, Thạch Thất, Hà Nội"
Sở hữu ngay nhà mới full nội thất DT 54m2 - sang trọng ngay phố Hoàng Quốc Việt ô tô đỗ tận cửa,"17,33 tỷ",54 m²,Không có thông tin,Không có thông tin,"Cầu Giấy, Hà Nội","Đường Hoàng Quốc Việt, Phường Nghĩa Đô, Cầu Giấy, Hà Nội"
Chính chủ cần bán FPT Plaza 2 giá 2.250 liên hệ 0906 565 ***,"2,25 tỷ",72 m²,2,2,"Ngũ Hành Sơn, Đà Nẵng","FPT Plaza 2, Đường Hoàng Minh Thắng, Phường Hòa Hải, Quận Ngũ Hành Sơn, Đà Nẵng"
"SIÊU PHẨM QUỲNH ĐÔ, THANH TRÌ, GARA Ô TÔ, 6 TẦNG, THANG MÁY, NỘI THẤT SANG TRỌNG, ĐẲNG CẤP!!!","9,7 tỷ",100 m²,6,7,"Thanh Trì, Hà Nội","Xã Vĩnh Quỳnh, Thanh Trì, Hà Nội"
Duy nhất căn hộ vị trí góc 62m2 tầng trung giá tốt nhất dự án chung cư Tecco Thái Nguyên,"1,43 tỷ",62 m²,2,2,"Thái Nguyên, Thái Nguyên","Tecco Elite City, Quang Trung, Thịnh Đán, Thái Nguyên, Thái Nguyên"
Chủ nhà đi Mỹ bán rẻ căn Mezza KĐT Ecopark hoàn thiện nội thất 2 tầng 3 phòng ngủ 2WC giá 6tỷ300,"6,3 tỷ",101 m²,3,2,"Văn Giang, Hưng Yên","Ecopark Grand - The Island , Xuân Quan, Văn Giang, Hưng Yên"
"Bán đất nền sổ sẵn DIC Victory City đối diện tỉnh ủy Hậu Giang, 1 tỷ/nền 95m2,",1 tỷ,95 m²,Không có thông tin,Không có thông tin,"Vị Thanh, Hậu Giang","DIC Victory City, 4, Vị Thanh, Hậu Giang"
"1PN- CÓ BAN CÔNG- GIÁ TỪ 1,9 TỶ. GIỎ HÀNG ĐỘC QUYỀN THE EMERAL 68 - LH 0903 091 *** MS NGA PKD CĐT",Giá thỏa thuận,35 m²,1,1,"Thuận An, Bình Dương","The Emerald 68, Vĩnh Phú 16, Vĩnh Phú, Thuận An, Bình Dương"
Đất giá rẻ trung tâm TP. Thủ Đức (Quận 2) Thạnh Mỹ Lợi LH: 0933 883 *** Mr. Hiếu,"28,8 tỷ",160 m²,Không có thông tin,Không có thông tin,"Quận 2, Hồ Chí Minh","Dự án Thạnh Mỹ Lợi, Phường Thạnh Mỹ Lợi, Quận 2, Hồ Chí Minh"
"Chuyên mua bán đất nền dự án Sở Văn Hóa, Phú Hữu, Quận 9 giá tốt nhất thị trường 0903 838 ***","6,3 tỷ",90 m²,Không có thông tin,Không có thông tin,"Quận 9, Hồ Chí Minh","Khu dân cư Sở Văn Hóa Thông Tin, Bưng Ông Thoàn, Phú Hữu, Quận 9, Hồ Chí Minh"
"Cập nhật giỏ hàng mới Feliz En Vista: 1-2-3-4PN, duplex, penthouse nhà đẹp giá tốt. LH 0938 693 ***","16,5 tỷ",173 m²,4,4,"Quận 2, Hồ Chí Minh","Feliz En Vista, Đồng Văn Cống, Thạnh Mỹ Lợi, Quận 2, Hồ Chí Minh"
"Mới Coong! Bán căn hộ 3PN2VS/85,3m2 Eurowindow Cổ Loa Ntcb Giá 46tr/m2 Ở Ngay + Đầu Tư 0967 565 ***","4,3 tỷ","82,1 m²",3,2,"Đông Anh, Hà Nội","Eurowindow River Park, Đường 5, Xã Đông Hội, Đông Anh, Hà Nội"
"Bán CC tại Riverside sang xịn (Smart Home, điều khiển bằng giọng nói) 15 tỷ",15 tỷ,129 m²,3,2,"Quận 7, Hồ Chí Minh","Dự án Riverside Residence, Đường Nguyễn Lương Bằng, Phường Tân Phú, Quận 7, Hồ Chí Minh"
ĐẤT NINH XUÂN - NINH HOÀ KHÁNH HOÀ GIÁ ĐẦU TƯ - VIEW SÔNG GẦN NÚT GIAO CAO TỐC BẮC NAM VÀ QL26,399 triệu,114 m²,Không có thông tin,Không có thông tin,"Ninh Hòa, Khánh Hòa","Xã Ninh Xuân, Thị xã Ninh Hòa, Khánh Hòa"
"Bán nhà 5 tầng đẹp đường 7m, ô tô đỗ cửa, gần Nguyễn Chí Thanh sổ đỏ chính chủ","7,1 tỷ",25 m²,3,4,"Đống Đa, Hà Nội","Đường Huỳnh Thúc Kháng, Phường Láng Hạ, Đống Đa, Hà Nội"
Chính chủ bán lại căn 2PN 54m2 giá đợt 1 không chênh tòa VIP SP dự án The Senique,"4,5 tỷ",54 m²,2,Không có thông tin,"Gia Lâm, Hà Nội","Dự án Chung cư The Senique Hanoi , Xã Dương Xá, Gia Lâm, Hà Nội"
"BÁN NHÀ PHỐ HỒNG TIẾN , DT 35 M2 * M TIỀN 6M * 5 TẦNG THANG MÁY , CHỈ 10M RA MẶT PHỐ CHO THUÊ 10TR",7 tỷ,34 m²,Không có thông tin,Không có thông tin,"Long Biên, Hà Nội","Phố Hồng Tiến, Phường Ngọc Lâm, Long Biên, Hà Nội"
Bán đất nền tại Khu đô thị Cầu Trúc Sông Công DT 105m giá chỉ 16tr/m. LH: 0983 663 ***,"1,68 tỷ",105 m²,Không có thông tin,Không có thông tin,"Sông Công, Thái Nguyên","Khu đô thị Cầu Trúc Sông Công, Cách Mạng Tháng Mười, Bách Quang, Sông Công, Thái Nguyên"
"CHÍNH CHỦ CẦN BÁN NHANH DT : 275 ngay Hồ Đại Lải,cách 100 mét...",935 tỷ,275 m²,Không có thông tin,Không có thông tin,"Phúc Yên, Vĩnh Phúc","Đường Lê Duẩn, Xã Ngọc Thanh, Phúc Yên, Vĩnh Phúc"
"Bán nhà góc 2MT hẻm 8m đường Kênh 26/3, gần Eon Mall Tân Phú, 7.7x14, 3 lầu, 5pn, 12.2 tỷ","12,2 tỷ",110 m²,5,5,"Tân Phú, Hồ Chí Minh","Đường 26/3, Phường Sơn Kỳ, Tân Phú, Hồ Chí Minh"
"+ Bán nhà Cự Khối -Long Biên. DT 104m Mt 5,3-H 5,4m x3tầng ô tô vào sân- Giá 8,8 tỷ","8,8 tỷ",104 m²,3,4,"Long Biên, Hà Nội","Đường Cự Khối, Phường Cự Khối, Long Biên, Hà Nội"
Chính chủ cần tiền bán gấp đất tặng nhà 52m mặt 8m 3tầng đường 3 ô tô tránh Kd luôn,7 tỷ,52 m²,3,3,"Hoài Đức, Hà Nội","Đường Liên Xã, Xã Đông La, Hoài Đức, Hà Nội"
"Chính chủ gửi bán đất dịch vụ An Khánh Hoài Đức giáp đại lộ Thăng Long, DT 60m2 - 143m2",Giá thỏa thuận,60 m²,Không có thông tin,Không có thông tin,"Hoài Đức, Hà Nội","Xã An Khánh, Hoài Đức, Hà Nội"
"Có 102! Bán nhà phố Trung Kính, lô góc, 2 thoáng, ô tô tránh, TM, KD cực đỉnh 65m2*6T, MT 5.5m.",25 tỷ,65 m²,4,4,"Cầu Giấy, Hà Nội","Phố Trung Kính, Phường Yên Hòa, Cầu Giấy, Hà Nội"
"Bán CC Eaton Park, Mai Chí Thọ, An Phú, Q2, HCM, 12 tỷ, 75m2 thanh toán siêu nhẹ full nội thất",12 tỷ,75 m²,2,2,"Quận 2, Hồ Chí Minh","Dự án Eaton Park, Đường Mai Chí Thọ, Phường An Phú, Quận 2, Hồ Chí Minh"
"Bán biệt thự DT147m2, MT7,03m, 5T, ôtô tránh tại Phùng Khoang, Trung Văn, SĐCC, giá bán 31tỷ TL sâu",31 tỷ,147 m²,6,4,"Nam Từ Liêm, Hà Nội","Phùng Khoang, ngõ 67, Đường Phùng Khoang, Phường Trung Văn, Nam Từ Liêm, Hà Nội"
Bán Đất Mặt Tiền Đường 7.5m Trần Quý Hai - Hoà Thọ Đông Thuận Tiện Kinh Doanh Buôn Bán,"3,63 tỷ",90 m²,Không có thông tin,Không có thông tin,"Cẩm Lệ, Đà Nẵng","Đường Trần Quý Hai, Phường Hòa Thọ Đông, Cẩm Lệ, Đà Nẵng"
"Chính chủ gửi bán đất đấu giá X1 Đông Cao, Tráng Việt. Giá tốt, thương lương nhẹ",Giá thỏa thuận,100 m²,Không có thông tin,Không có thông tin,"Mê Linh, Hà Nội","Xã Tráng Việt, Mê Linh, Hà Nội"
"Bán nhà ngõ 308 Tây Sơn, Đống Đa DT106m2, MT5m, 5tầng, 6PN, ôtô đỗ, SĐCC, giá bán 29tỷ có TL sâu",29 tỷ,106 m²,6,5,"Đống Đa, Hà Nội","Ngõ 308, Đường Tây Sơn, Phường Thịnh Quang, Đống Đa, Hà Nội"
"Bán Nhà ôtô đậu sảnh, Huỳnh Văn Bánh, DT: 63m2 (4,1m x 16m), 3 lầu, giá 11,9 tỷ","11,9 tỷ",63 m²,5,4,"Phú Nhuận, Hồ Chí Minh","Đường Huỳnh Văn Bánh, Phường 13, Phú Nhuận, Hồ Chí Minh"
Chính thức ra mắt SOLA Đảo Ánh Dương phân khu bán đảo villa vườn tại The Global City,Giá thỏa thuận,133 m²,Không có thông tin,Không có thông tin,"Quận 2, Hồ Chí Minh","The Global City, Đường Đỗ Xuân Hợp, Phường An Phú, Quận 2, Hồ Chí Minh"
"Bán căn CCMN tại Xuân Đỉnh, ngõ thông ô tô qua, 19 phòng khép kín, dòng tiền 100tr/tháng, giá 25 tỷ",25 tỷ,108 m²,19,19,"Bắc Từ Liêm, Hà Nội","Đường Xuân Đỉnh, Phường Xuân Đỉnh, Bắc Từ Liêm, Hà Nội"
Khu đô thị Izumi City - mở bán giỏ hàng trực tiếp CĐT - chiết khấu cực hấp dẫn - Hotline 0932 661 ***,"5,53 tỷ",117 m²,4,4,"Biên Hòa, Đồng Nai","Dự án Izumi City, Đường Hương lộ 2, Xã Long Hưng, Biên Hòa, Đồng Nai"
CẦN BÁN NHANH 73M - Ô TÔ ĐỖ CỬA - LẠI ĐÀ ĐÔNG HỘI ĐÔNG ANH HÀ NỘI,"8,1 tỷ",73 m²,Không có thông tin,Không có thông tin,"Đông Anh, Hà Nội","Xã Đông Hội, Đông Anh, Hà Nội"
Bán gấp & cho thuê CH An Gia Sky Line 3PN đầy đủ nội thất giá cực tốt. LH: 0987 253 *** Hân Hân,Giá thỏa thuận,108 m²,3,2,"Quận 7, Hồ Chí Minh","Phường Phú Thuận, Quận 7, Hồ Chí Minh"
Mizuki Park - Mở bán giỏ hàng Panorama mua trực tiếp chủ đầu tư căn hộ view sông - PKD 0932 661 ***,"3,2 tỷ",61 m²,2,1,"Bình Chánh, Hồ Chí Minh","Dự án Mizuki Park, Đường Nguyễn Văn Linh, Xã Bình Hưng, Bình Chánh, Hồ Chí Minh"
"Bán lô đất liền kề DT 71m2 MT 5,4m gần mặt đường 70 khu Cầu Bươu Kiến Hưng, SĐCC, giá 190tr/m có TL","13,49 tỷ",71 m²,Không có thông tin,Không có thông tin,"Hà Đông, Hà Nội","Đường 70, Phường Kiến Hưng, Hà Đông, Hà Nội"
"Shophouse Ý mặt tiền 7.5m, giá cực tốt",Giá thỏa thuận,135 m²,Không có thông tin,Không có thông tin,"Hoài Đức, Hà Nội","Dự án Kim Chung Di Trạch, Đường 32, Xã Di Trạch, Hoài Đức, Hà Nội"
"Bán nhà Tân Sơn Nhì, 4x16m, 2 lầu, ST, 4PN, 4WC, nhà đang ở đẹp, 7.8 tỷ","7,8 tỷ",64 m²,4,4,"Tân Phú, Hồ Chí Minh","Đường Tân Sơn Nhì, Phường Tân Sơn Nhì, Tân Phú, Hồ Chí Minh"
"Giỏ hàng chuyển nhượng Bcons Plaza 1PN-2PN, Làng Đại học giá 1.5-1.750 tỷ. LH tư vấn 0767 500 *** ạ","1,75 tỷ",51 m²,2,2,"Dĩ An, Bình Dương","Bcons Plaza, Thống Nhất, Đông Hòa, Dĩ An, Bình Dương"
Chỉ 9.6 tỷ sở hữu ngay nhà 2 MTKD sầm uất 91 Hàn Hải Nguyên P.2 Quận 11.,"9,6 tỷ","65,2 m²",2,1,"Quận 11, Hồ Chí Minh","Đường Hàn Hải Nguyên, Phường 2, Quận 11, Hồ Chí Minh"
Bán Lô Đất Sụp Hầm Đường Đỗ Thuận - Hoà Minh,"3,9 tỷ",90 m²,Không có thông tin,Không có thông tin,"Liên Chiểu, Đà Nẵng","Phố Đỗ Nhuận, Phường Hòa Minh, Liên Chiểu, Đà Nẵng"
"BÁN NHÀ PHÂN LÔ PHỐ NGUYỄN NGỌC NẠI 40M, 6 TẦNG, Ô TÔ VÀO NHÀ, THANG MÁY, 10 xxx TỶ - THANH XUÂN.",16 tỷ,40 m²,5,6,"Thanh Xuân, Hà Nội","Đường Nguyễn Ngọc Nại, Phường Khương Trung, Thanh Xuân, Hà Nội"
Biệt thự 3PN trên đồi ôm trọn tầm view biển tại Ixora Hồ Tràm với lịch thanh toán trong 7 năm,"30,13 tỷ",351 m²,3,4,"Xuyên Mộc, Bà Rịa Vũng Tàu","Dự án Ixora Hồ Tràm , Xã Phước Thuận, Xuyên Mộc, Bà Rịa Vũng Tàu"
Chính Thức Mở Bán Nhận Booking Siêu Dự Án Masteri Trinity Square Ocean Park 2 chỉ 5xtr/m2,Giá thỏa thuận,60 m²,2,1,"Văn Giang, Hưng Yên","Mega Complex - Vinhomes Ocean Park 2, Nghĩa Trụ, Văn Giang, Hưng Yên"
"Víp! PHÁO ĐÀI LÁNG 33M,MT 4,2M 5TẦNG NHÀ MỚI 2 THOÁNG CÁCH OTO 20M, 7,2 TỶ ( có thương lượng).",7 tỷ,33 m²,5,5,"Đống Đa, Hà Nội","Phố Pháo Đài Láng, Phường Láng Thượng, Đống Đa, Hà Nội"
"Nhanh tay sở hữu ngay nhà MT KD Lò Siêu, P.8, Quận 11.","10,38 tỷ","146,5 m²",3,3,"Quận 11, Hồ Chí Minh","Đường Lò Siêu, Phường 8, Quận 11, Hồ Chí Minh"
"ĐẤT TĐC NGHI HƯƠNG, CỬA LÒ ĐƯỜNG 30M SÁT ĐƯỜNG 72M TIỀM NĂNG","4,8 tỷ",270 m²,Không có thông tin,Không có thông tin,"Cửa Lò, Nghệ An","ĐƯỜNG 30M, Tái định cư Nghi Hương, Cửa Lò, Nghệ An"
"Bán nhà 4 tầng hẻm 8m Nguyễn Gia Trí, Bình Thạnh. 4PN, 4WC, sổ hồng riêng. Giá chỉ 8,8 tỷ TL","8,8 tỷ",40 m²,4,4,"Bình Thạnh, Hồ Chí Minh","Đường Nguyễn Gia Trí, Phường 25, Bình Thạnh, Hồ Chí Minh"
"Bán Lô Đất 375M2 Mặt Tiền Đường ""Trần Đại Nghĩa"" Rộng 48 Mét - Giá Cực Đầu Tư","13,5 tỷ",375 m²,Không có thông tin,Không có thông tin,"Ngũ Hành Sơn, Đà Nẵng","Phố Trần Đại Nghĩa, Phường Hòa Hải, Ngũ Hành Sơn, Đà Nẵng"
Duy nhất hai lô đẹp nhất Song Phương còn sót lại. 60; 74m đầu đường 26m. Cơ hội đầu tư k thể bỏ lỡ,Giá thỏa thuận,"61,2 m²",Không có thông tin,Không có thông tin,"Hoài Đức, Hà Nội","Đường Song Phương, Xã Song Phương, Hoài Đức, Hà Nội"
"Chính chủ bán mặt tiền KD NA2 sát cổng KCN MP3 16x27m, full TC, chỉ 15,5 tỷ, đt 0908 194 *** Nga","15,5 tỷ",425 m²,2,2,"Bến Cát, Bình Dương","Đường NA2, Phường Thới Hòa, Bến Cát, Bình Dương"
"Bán toà căn hộ 9 phòng ngủ mặt phố, dòng tiền thu nhập ổn định","8,5 tỷ",90 m²,9,10,"Ngũ Hành Sơn, Đà Nẵng","Đường Trương Văn Hiến, Phường Khuê Mỹ, Ngũ Hành Sơn, Đà Nẵng"
"Bán đất đường Thích Quảng Đức, 7, 8, 13m và góc khu đô thị Lê Hồng Phong II, liên hệ 0977 667 ***","9,35 tỷ","107,5 m²",Không có thông tin,Không có thông tin,"Nha Trang, Khánh Hòa","Dự án KĐT Lê Hồng Phong II, Đường Thích Quảng Đức, Phường Phước Hải, Nha Trang, Khánh Hòa"
Em bán quỹ căn đầy đủ nhất CC Indochina 2PN-3PN-4PN-Penthouse với giá tốt nhất thị trường T3/2025,"13,78 tỷ",145 m²,3,2,"Cầu Giấy, Hà Nội","Indochina Plaza, 241, Đường Xuân Thủy, Phường Dịch Vọng Hậu, Cầu Giấy, Hà Nội"
Cần bán nhanh căn hộ 1PN hướng ĐÔNG NAM - View hồ thoáng mát - full nội thất đẹp,"2,3 tỷ",41 m²,1,1,"Gia Lâm, Hà Nội","The Sapphire 1 - Vinhomes Ocean Park, Xã Đa Tốn, Gia Lâm, Hà Nội"
Bán căn hộ STown Phúc An tại Dĩ An Bình Dương đã có sổ hồng - hổ trợ vay 80% - thanh toán 250 triệu,"1,3 tỷ",55 m²,2,2,"Dĩ An, Bình Dương","Dự án Stown Phúc An, Đường N3, Phường Dĩ An, Dĩ An, Bình Dương"
"Bán Nhà Mặt Phố Quan Hoa, 59 tỷ, 110m2, 12PN, 8WC, 9Tầng, Mặt Tiền 6m",59 tỷ,110 m²,12,8,"Cầu Giấy, Hà Nội","Đường Quan Hoa, Phường Quan Hoa, Cầu Giấy, Hà Nội"
"Bán lô 62 m mặt đường 2 oto tránh nhau, đường thông tứ phía, vị trí trung tâm sầm uất, giá 2.950 ty","2,95 tỷ",62 m²,Không có thông tin,Không có thông tin,"Từ Sơn, Bắc Ninh","KĐT Hương Mạc, Đường ĐT 271, Phường Hương Mạc, Từ Sơn, Bắc Ninh"
"Bán liền kề Trần Phú, ô tô tránh, vỉa hè, kinh doanh văn phòng, 100m","6,2 triệu",100 m²,6,6,"Từ Sơn, Bắc Ninh","Đường Trần Phú, Phường Đình Bảng, Từ Sơn, Bắc Ninh"
"Tổng hợp quỹ căn mới nhất tại Starlake tháng 3/2025 căn góc 2 - 3 - 4PN đẹp, giá 12 tỷ/căn full đồ",12 tỷ,91 m²,2,2,"Tây Hồ, Hà Nội","Dự án KĐT Tây Hồ Tây - Starlake Hà Nội, Phường Xuân La, Tây Hồ, Hà Nội"
Liên Khu 4-5 nhà mới 5 tầng - 85m2 ngang 5m - hẻm 7m thông - ngộp bán 6 tỷ hơn,"6,98 tỷ",85 m²,4,4,"Bình Tân, Hồ Chí Minh","Phường Bình Hưng Hòa B, Bình Tân, Hồ Chí Minh"
NHÀ ĐẦU TƯ THUỘC TÂN MỸ ĐÂU HẾT RỒI? CƠ HỘI VÀNG ĐANG Ở TRƯỚC MẮT ĐỪNG ĐỂ LỠ!,"2,56 tỷ",80 m²,Không có thông tin,Không có thông tin,"Bắc Giang, Bắc Giang","Khu đô thị mới 379 Tân Mỹ, Đường Tỉnh Lộ 295B, Xã Tân Mỹ, Bắc Giang, Bắc Giang"
"1% HH! CHỦ ĐẤT MỜI MÔI GIỚI HỖ TRỢ BÁN ĐẤT KHU DÂN CƯ PHÚ NHUẬN LÔ P21, PHƯỜNG PHƯỚC LONG B, QUẬN 9","28,8 tỷ",384 m²,Không có thông tin,Không có thông tin,"Quận 9, Hồ Chí Minh","KDC Phú Nhuận - Phước Long B, Phước Long B, Quận 9, Hồ Chí Minh"
"Bán BT sân vườn, Lưu Hữu Phước, Mỹ Đình 2, Nam Từ Liêm DT 200m2x4T MT 10m vỉa hè ô tô tránh dừng đỗ","47,5 tỷ",200 m²,5,5,"Nam Từ Liêm, Hà Nội","Đường Lưu Hữu Phước, Phường Mỹ Đình 2, Nam Từ Liêm, Hà Nội"
Biệt thự đơn lập và song lập tại Xanh Villas 2 - Đón đầu tuyến đường Metro số 5 Văn Cao - Hòa Lạc,"14,5 tỷ",260 m²,4,3,"Thạch Thất, Hà Nội","Hà Nội Tropical Garden, Đường ĐCT08(Hòa Lạc), Xã Yên Bình, Thạch Thất, Hà Nội"
"Chung cư 25 Lê Văn Lương, Bán căn hộ 3PN, 3WC, 144m2, chỉ từ 15. X tỷ. LH: 0963 805 ***",Giá thỏa thuận,144 m²,3,3,"Thanh Xuân, Hà Nội","The Diamond Residence, 25, Đường Lê Văn Lương, Phường Nhân Chính, Thanh Xuân, Hà Nội"
Bán gấp nhà khu VIP Lữ Gia P.15 Quận 11.,"14,5 tỷ","198,7 m²",3,3,"Quận 11, Hồ Chí Minh","Đường Cư Xá Lữ Gia, Phường 15, Quận 11, Hồ Chí Minh"
"Cần bán lô đất Mặt Tiền Nguyễn Huệ thuộc phân khu 8, khu kinh tế Vân Phong","14,63 tỷ",1.330 m²,Không có thông tin,Không có thông tin,"Vạn Ninh, Khánh Hòa","Đường Nguyễn Huệ, Xã Vạn Khánh, Vạn Ninh, Khánh Hòa"
Bán nhà 4 tầng sổ hồng chính chủ,"4,6 tỷ","53,8 m²",3,3,"Thủ Đức, Hồ Chí Minh","Đường 12, Phường Trường Thạnh, Thủ Đức, Hồ Chí Minh"
"Bán nhà Vạn Phúc CiTy Thủ Đức diện tích 5m x 20m, 6 x 17m, 7 x 20m, 9 x 20m giá từ 18 đến 32 tỷ","19,2 tỷ","102,5 m²",Không có thông tin,Không có thông tin,"Thủ Đức, Hồ Chí Minh","Khu đô thị Vạn Phúc City, Quốc Lộ 13, Hiệp Bình Phước, Thủ Đức, Hồ Chí Minh"
"Cho con học Thụy Sỹ bán 1 căn view đẹp 68m2, 2PN + 1, 2WC 3,6tỷ sổ hồng, ở ngay xem nhà 0909 719 ***","3,6 tỷ",68 m²,3,2,"Bình Tân, Hồ Chí Minh","Dự án The Privia, Đường An Dương Vương, Phường An Lạc, Bình Tân, Hồ Chí Minh"
"BÁN NHÀ ĐƯỜNG TRƯỜNG SƠN, P.YÊN THẾ, PKEIKU","7,9 tỷ",637 m²,Không có thông tin,Không có thông tin,"Plei Ku, Gia Lai","Đường Trường Sơn, Phường Yên Thế, Plei Ku, Gia Lai"
"Có Nhà Cấp 4 Tại Nguyên Khê, Đông Anh, Đường Lê Hữu Tựu. 86,4m2 Lô Góc 2 Mặt Tiền. Giá 5,299 tỷ","5,3 tỷ","86,4 m²",Không có thông tin,Không có thông tin,"Đông Anh, Hà Nội","Nguyên Khê, Đông Anh, Hà Nội"
Bán gấp nhà Nguyễn Bỉnh Khiêm ngay Gem Center - DT 12x15m - trệt 3 lầu - cho thuê 105tr/th - 39 tỷ,39 tỷ,170 m²,11,11,"Quận 1, Hồ Chí Minh","Đường Nguyễn Bỉnh Khiêm, Phường Đa Kao, Quận 1, Hồ Chí Minh"
"Ra nhanh CHCC Gold View Q4 căn đẹp view thoáng mát 2PN2WC 81m Giá THẬT 4,8 tỷ LH: 0944 904 *** Lý","4,8 tỷ",81 m²,2,2,"Quận 4, Hồ Chí Minh","Dự án The Gold View, Đường Bến Vân Đồn, Phường 1, Quận 4, Hồ Chí Minh"
"Bán nhà riêng tại đường hàng cây sà cừ Yên Nghĩa 50m2, giá thỏa thuận, tầng hầm, thang máy 8PN, 8WC",Giá thỏa thuận,50 m²,8,8,"Hà Đông, Hà Nội","Đường Nghĩa Lộ, Phường Yên Nghĩa, Hà Đông, Hà Nội"
"Ra nhanh CHCC Gold View Q4 căn đẹp view thoáng mát 2PN2WC 81m Giá THẬT 4,8 tỷ LH: 0944 904 *** Lý","4,8 tỷ",81 m²,2,2,"Quận 4, Hồ Chí Minh","Dự án The Gold View, Đường Bến Vân Đồn, Phường 1, Quận 4, Hồ Chí Minh"
"Bán nhà riêng tại đường hàng cây sà cừ Yên Nghĩa 50m2, giá thỏa thuận, tầng hầm, thang máy 8PN, 8WC",Giá thỏa thuận,50 m²,8,8,"Hà Đông, Hà Nội","Đường Nghĩa Lộ, Phường Yên Nghĩa, Hà Đông, Hà Nội"
Vốn nhỉnh 1 tỷ có ngay nhà Vin- ngân hàng hỗ trợ hơn 2 tỷ Chiết khấu như TT sớm LH 0396 369 ***,"3,15 tỷ",75 m²,5,5,"Móng Cái, Quảng Ninh","Vinhomes Golden Avenue Móng Cái, Phường Hải Hòa, Móng Cái, Quảng Ninh"
"Sở hữu ngay căn hộ dòng thu 1,4 tỷ/ năm tại Trâu Quỳ","31,3 tỷ",210 m²,58,58,"Gia Lâm, Hà Nội","Đường Trâu Quỳ, Thị trấn Trâu Quỳ, Gia Lâm, Hà Nội"
"Bán nhà 4 tầng, hẻm 5m, Bình Lợi, Phường 13, Bình Thạnh, 70m2, nhỉnh 8 tỷ.","8,9 tỷ",70 m²,5,3,"Bình Thạnh, Hồ Chí Minh","Đường Bình Lợi, Phường 13, Bình Thạnh, Hồ Chí Minh"
CDT MỞ BÁN QUỸ CĂN PENHOUSE DUPLEX DT 160M-190M-230M-270M-350M VIEW HỒ TÂY,36 tỷ,200 m²,4,4,"Tây Hồ, Hà Nội","Heritage West Lake, Lạc Long Quân, Phú Thượng, Tây Hồ, Hà Nội"
"Nền đất cần bán giá tốt cạnh tranh nhất thị trường 2/2025 dự án ĐH Bách Khoa sổ đỏ Phú Hữu, Quận 9","10,01 tỷ",182 m²,Không có thông tin,Không có thông tin,"Quận 9, Hồ Chí Minh","Dự án Bách Khoa, Đường Đỗ Xuân Hợp, Phường Phú Hữu, Quận 9, Hồ Chí Minh"
Bán căn góc 2 mặt tiền đường lớn tổng 540m2 đất giá 95 tỷ,95 tỷ,540 m²,12,12,"Tân Phú, Hồ Chí Minh","Đường Vườn Lài, Phường Phú Thọ Hòa, Tân Phú, Hồ Chí Minh"
Chính chủ bán đất 1ha đất xây nhà xưởng giá rẻ tại KCN Bàu Bàng Bình Dương (76x130m),"41,5 tỷ",10.000 m²,Không có thông tin,Không có thông tin,"Bàu Bàng, Bình Dương","Thị trấn Lai Uyên, Bàu Bàng, Bình Dương"
"Sống Đẳng Cấp Tại Diamond Celadon City - 20% Nhận Nhà, 0% Lãi Suất - Gọi NGAY 0936 459 ***.","6,45 tỷ",86 m²,2,2,"Tân Phú, Hồ Chí Minh","Diamond Centery, N1, Sơn Kỳ, Tân Phú, Hồ Chí Minh"
Nhà Lô Góc Sát Phố Kim Giang Đại Kim Hoàng Mai 51m 10Tỷ 4Tầng Mt6m Ở Sướng Đầu Tư Tốt,10 tỷ,51 m²,4,4,"Hoàng Mai, Hà Nội","Đường Kim Giang, Phường Đại Kim, Hoàng Mai, Hà Nội"
"Tổng hợp những căn nhà đáng mua nhất tại An Đồng, An Dương, Hải Phòng 3 tầng xây mới giá hơn 2 tỷ",Giá thỏa thuận,60 m²,3,3,"An Dương, Hải Phòng","Đường Máng Nước, Xã An Đồng, An Dương, Hải Phòng"
"Em bán căn 186m gồm 4PN3WC full nội thất nhập khẩu, tầng trung view thoáng có sổ đỏ có slot oto vip","11,2 tỷ",186 m²,4,3,"Nam Từ Liêm, Hà Nội","Dolphin Plaza, 28, Phố Trần Bình, Phường Mỹ Đình 2, Nam Từ Liêm, Hà Nội"
Ngộp ngân hàng! Bán nhà MT Bùi Thị Xuân - 6.5x27m - nhà mới 8 lầu - HDT 250 triệu/th - 65 tỷ,65 tỷ,"175,5 m²",Không có thông tin,Không có thông tin,"Quận 1, Hồ Chí Minh","Đường Bùi Thị Xuân, Phường Phạm Ngũ Lão, Quận 1, Hồ Chí Minh"
"CĐT Nam Long mở bán Khu Nam Long II, nền nhà phố vườn, biệt thự đơn lập 0909 425 ***",Giá thỏa thuận,90 m²,Không có thông tin,Không có thông tin,"Cái Răng, Cần Thơ","Dự án Nam Long II Central Lake, Phường Hưng Thạnh, Cái Răng, Cần Thơ"
"Chủ đầu tư Nam Long bán nhà phố vườn, shophouse dự án Izumi City giá 6.080 tỷ, 0909 425 ***","6,08 tỷ",111 m²,3,3,"Biên Hòa, Đồng Nai","Dự án Izumi City, Đường Long Hưng - Phước Tân, Xã Long Hưng, Biên Hòa, Đồng Nai"
"Bán căn hộ trệt Ehome Southgate 88m2, có thể kinh doanh mua bán 3.5 tỷ",Giá thỏa thuận,51 m²,1,1,"Bến Lức, Long An","Dự án Ehome Southgate, Đường ĐT 830, Xã An Thạnh, Bến Lức, Long An"
"Đất vuông, hướng Nam, view hồ. Xung quanh nhiều tiện ích. Dân giàu và phát triển.","3,2 tỷ","105,9 m²",Không có thông tin,Không có thông tin,"Khoái Châu, Hưng Yên","Xã Dạ Trạch, Khoái Châu, Hưng Yên"
30.5 tỷ mặt tiền Cityland Nguyễn Văn Lượng (5x20m) 1 trệt - 4 lầu cho thuê 60tr/tháng,"30,5 tỷ",100 m²,8,6,"Gò Vấp, Hồ Chí Minh","Dự án CityLand Park Hills, Đường Nguyễn Văn Lượng, Phường 10, Gò Vấp, Hồ Chí Minh"
"RẺ RẺ, Cần bán căn 2pn+1,2vs 64m tại chung cư VinSmart City Tây Mỗ Giá 3,9x tỷ","3,9 tỷ",64 m²,2,2,"Nam Từ Liêm, Hà Nội","The Sapphire-Vinhomes Smart City, Tây Mỗ, Nam Từ Liêm, Hà Nội"
"Chính chủ cần bán căn 4PN, 2WC, 142m, căn góc, toà mới N01T6 Ngoại Giao Đoàn, 16 tỷ, 0393 755 ***",16 tỷ,142 m²,4,3,"Bắc Từ Liêm, Hà Nội","Khu Ngoại Giao Đoàn, Xuân Đỉnh, Xuân Đỉnh, Bắc Từ Liêm, Hà Nội"
Nhà đẹp Ngọc Lâm - Nguyễn Văn Cừ - Long Biên 45m2 6 tầng thang máy gara ô tô,"8,9 tỷ",45 m²,4,4,"Long Biên, Hà Nội","Đường Nguyễn Văn Cừ, Phường Ngọc Lâm, Long Biên, Hà Nội"
"Cơ Hội Vàng: Giỏ Hàng Cuối Celadon City - Shophouse Thuê Lại 5 Năm, Skyline, Căn hộ - Chỉ 200 căn.","6,45 tỷ",86 m²,2,2,"Tân Phú, Hồ Chí Minh","Diamond Centery, N1, Sơn Kỳ, Tân Phú, Hồ Chí Minh"
The Privia - rổ hàng bán căn hộ 1PN - 2PN - 3PN giá nét bán nhanh,"3,97 tỷ",69 m²,2,2,"Bình Tân, Hồ Chí Minh","Dự án The Privia, Đường An Dương Vương, Phường An Lạc, Bình Tân, Hồ Chí Minh"
"Nhà nằm ngay vị trí đẹp Sư Vạn Hạnh P12 Q10 giá 3tỷ050tr DT 42.9m2, đang cho thuê 15tr/tháng","3,05 tỷ","42,9 m²",4,5,"Quận 10, Hồ Chí Minh","Đường Sư Vạn Hạnh, Phường 12, Quận 10, Hồ Chí Minh"
"Bán biệt thự đơn lập, lô góc 3 mặt thoáng, tại Đường Sa Đôi, Đại Mỗ, diện tích 206m2, giá 63,5 tỷ","63,5 tỷ",206 m²,4,6,"Nam Từ Liêm, Hà Nội","Đường Sa Đôi, Phường Đại Mỗ, Nam Từ Liêm, Hà Nội"
Bán căn hộ chung cư Quận Gò Vấp giá rẻ 1 tỷ 680 - full nội thất chiết khấu lên đến 5% + 3 chỉ vàng,"1,68 tỷ",44 m²,2,1,"Gò Vấp, Hồ Chí Minh","Đường Trần Bình Trọng, Phường 1, Gò Vấp, Hồ Chí Minh"
"Bán đất tại Xã Bàu Cạn giá ( ngộp) 2ty1, siêu đẹp trên đất có 100m thổ cư","2,1 tỷ","344,9 m²",Không có thông tin,Không có thông tin,"Long Thành, Đồng Nai","Đường Bàu Cạn, Xã Bàu Cạn, Long Thành, Đồng Nai"
"Siêu Hiếm Triều Khúc Thanh Trì 270m2 mặt tiền 10m, vỉa hè ô tô, giá chỉ 60 tỷ, xây tòa nhà VIP",60 tỷ,270 m²,2,2,"Thanh Trì, Hà Nội","Xã Tân Triều, Thanh Trì, Hà Nội"
"Chính chủ cần bán căn hộ cao cấp 3PN, 2WC tại The Prince Residence, giá 8.5 tỷ, 110m2, Q Phú Nhuận","8,5 tỷ",110 m²,3,2,"Phú Nhuận, Hồ Chí Minh","Dự án The Prince Residence, Đường Nguyễn Văn Trỗi, Phường 12, Phú Nhuận, Hồ Chí Minh"
"Hoàng 3333 giá thật, nói không với căn ảo mất thời gian. Căn 2N từ 4 tỷ 550, căn 3N từ 5 tỷ 9, SĐ","5,9 tỷ",95 m²,3,2,"Thanh Trì, Hà Nội","Eco Green City, 286, Đường Nguyễn Xiển, Xã Tân Triều, Thanh Trì, Hà Nội"
Bán lô đất ninh hiệp ninh hoà cách quảng trường 500m,"6,93 tỷ","407,7 m²",Không có thông tin,Không có thông tin,"Ninh Hòa, Khánh Hòa","Đường 2/4, Phường Ninh Hiệp, Ninh Hòa, Khánh Hòa"
"Nhà HXH đường Linh Đông 149m2 3 tầng 12,6 tỷ","12,6 tỷ",149 m²,3,3,"Thủ Đức, Hồ Chí Minh","Đường Linh Đông, Phường Linh Đông, Thủ Đức, Hồ Chí Minh"
"XANH ISLAND CÁT BÀ 34m2 view vịnh Lan Hạ, full nội thất, đóng trước 650tr vay miễn lãi 30th","1,8 tỷ",34 m²,1,1,"Cát Hải, Hải Phòng","Xanh Island Cát Bà, Đường 1/4, Thị trấn Cát Bà, Cát Hải, Hải Phòng"
"Giá thật! Cập nhật giỏ hàng những căn rẻ nhất Sài Gòn Intela. 2PN chỉ từ 1,450 tỷ!","1,45 tỷ",50 m²,2,2,"Bình Chánh, Hồ Chí Minh","Dự án Sài Gòn Intela, Đường Nguyễn Văn Linh, Xã Phong Phú, Bình Chánh, Hồ Chí Minh"
Tổng kho dự án Dragon Castle - 99 căn chuyển nhượng giá tốt nhất 2PN giá 1.45 tỷ,"1,45 tỷ",57 m²,2,2,"Hạ Long, Quảng Ninh","Dự án The Dragon Castle, Đường Cái Lân, Phường Bãi Cháy, Hạ Long, Quảng Ninh"
BÁN LÔ ĐẤT LỚN MẶT TIỀN 446.8M2 ĐƯỜNG SỐ 44 P. HIỆP BÌNH CHÁNH THỦ ĐỨC,"19,5 tỷ",447 m²,Không có thông tin,Không có thông tin,"Thủ Đức, Hồ Chí Minh","Đường Số 44, Phường Hiệp Bình Chánh, Thủ Đức, Hồ Chí Minh"
Duy nhất một căn 6.9 tỷ có nhà + VAT. Sẵn HĐMB công chứng ngay. Nhận nhà ngay. HL 0901 353 ***,"6,9 tỷ",160 m²,Không có thông tin,Không có thông tin,"Biên Hòa, Đồng Nai","Dự án Aqua City, Xã Long Hưng, Biên Hòa, Đồng Nai"
"Độc quyền rổ hàng Melosa Garden căn 5x17m thô 7,95 tỷ, 6x18m nội thất 9,5 tỷ Biệt thự 8x18m 12,8 tỷ","7,95 tỷ",85 m²,4,4,"Quận 9, Hồ Chí Minh","Dự án Melosa Garden, Đường Vành Đai Trong, Phường Phú Hữu, Quận 9, Hồ Chí Minh"
ĐỘC QUYỀN 200 CĂN LIỀN KỀ- BIỆT THỰ PHÚ THỊ RIVERSIDE-GIÁ TỪ 10 TỶ- VAY LS 0% -SỔ ĐỎ LÂU DÀi,10 tỷ,90 m²,Không có thông tin,Không có thông tin,"Gia Lâm, Hà Nội","Đường Quốc Lộ 17, Xã Phú Sơn, Gia Lâm, Hà Nội"
"Nhà phố 140m2 hầm 4 tầng Vạn Phúc City mẫu nhà đẹp nhà cao cửa rộng hiện đại, vị trí đẹp giá 31tỷ",31 tỷ,140 m²,Không có thông tin,Không có thông tin,"Thủ Đức, Hồ Chí Minh","Dự án KĐT Vạn Phúc City, Đường Số 7, Phường Hiệp Bình Phước, Thủ Đức, Hồ Chí Minh"
CÒN ĐÚNG DUY NHẤT MỘT CĂN 3PN ( 89M2) DÒNG LIMITED VIEW SÔNG. GIÁ 7 TỶ CÓ VAT. GỌI EM 0901 353 ***,7 tỷ,89 m²,3,2,"Quận 2, Hồ Chí Minh","Victoria Village, Đồng Văn Cống, Thạnh Mỹ Lợi, Quận 2, Hồ Chí Minh"
BÁN CĂN HỘ CAO CẤP 3 PHÒNG NGỦ TẠI Q2 FRASER THẢO ĐIỀN,"12,2 tỷ",100 m²,3,2,"Quận 2, Hồ Chí Minh","Q2 Thảo Điền, Võ Trường Toản, Thảo Điền, Quận 2, Hồ Chí Minh"
"Bán căn hộ Sunshine Sky City suất SPA 7,4 tỷ, 132m2, 4PN, 3WC liền kề Phú Mỹ Hưng LH 0357 313 ***","7,4 tỷ",132 m²,4,3,"Quận 7, Hồ Chí Minh","Sunshine Sky City , Phú Thuận, Tân Phú, Quận 7, Hồ Chí Minh"
"Cập nhật Quỹ Căn Chuyển Nhượng dự án Heritage Westlake Lạc Long Quân, Tây Hồ",15 tỷ,150 m²,3,3,"Tây Hồ, Hà Nội","Endless Skyline West Lake, Võ Chí Công, Phú Thượng, Tây Hồ, Hà Nội"
BÁN ĐẤT HAI MẶT TIỀN SÁT ĐƯỜNG PHẠM VĂN ĐỒNG,"6,8 tỷ",80 m²,Không có thông tin,Không có thông tin,"Thủ Đức, Hồ Chí Minh","Đường Số 9, Phường Linh Tây, Thủ Đức, Hồ Chí Minh"
"Bán gấp mảnh đất 500m2 biệt thự khu Ấp Búng Gội, Cửa Dương, Phú Quốc, giá chỉ 2,5 tỷ, xây 5 tầng","2,5 tỷ",500 m²,Không có thông tin,Không có thông tin,"Phú Quốc, Kiên Giang","Đường Búng Gội, Xã Cửa Dương, Phú Quốc, Kiên Giang"
Duy nhất 1 căn liền kề Sapphire Gem 110m2 - Gần ngay trung tâm hành chính - giá cực tốt,"5,83 tỷ",110 m²,Không có thông tin,Không có thông tin,"Thủy Nguyên, Hải Phòng","Sapphire Gem Hải Phòng, Thủy Đường, Thủy Nguyên, Hải Phòng"
"HOT HOT HOT Bán nhà Đ. Cầm Bá Thước, Phú Nhuận. 9,3x19,5m, Diện tích 192m2, full thổ cư",28 tỷ,192 m²,Không có thông tin,Không có thông tin,"Phú Nhuận, Hồ Chí Minh","Đường Cầm Bá Thước, Phường 7, Phú Nhuận, Hồ Chí Minh"
"Bán đất Tiến Thành, Kê Gà, đường Lạc Long Quân, 719B, Hàm Kiệm, Hòn Lan, 719. LH: 0986 707 ***",Giá thỏa thuận,1.000 m²,Không có thông tin,Không có thông tin,"Phan Thiết, Bình Thuận","Đường Lạc Long Quân, Xã Tiến Thành, Phan Thiết, Bình Thuận"
Kẹt tiền bán lỗ căn 57m2 2pn 2wc giá chỉ 1ty390 bao thuế phí,"1,39 tỷ",57 m²,2,2,"Quận 8, Hồ Chí Minh","Dream Home Riverside, Nguyễn Văn Linh, 7, Quận 8, Hồ Chí Minh"
"Chính chủ bán căn hộ chung cư Imperia Garden 100m2, góc 3 phòng ngủ tầng trung đồ cơ bản giá tốt",Giá thỏa thuận,100 m²,3,2,"Thanh Xuân, Hà Nội","Imperia Garden, 203, Đường Nguyễn Huy Tưởng, Phường Thanh Xuân Trung, Thanh Xuân, Hà Nội"
"Em bán quỹ căn 2PN - 3PN mới nhất đầy đủ nhất tháng 3/2025, cam kết chính chủ, sổ đỏ lâu dài","7,7 tỷ","88,1 m²",2,2,"Cầu Giấy, Hà Nội","Tràng An Complex, Phùng Chí Kiên, Nghĩa Đô, Cầu Giấy, Hà Nội"
"Bán nhà mới 3 tầng Thanh Lương 11, Phường Hoà Xuân, Quận Cẩm Lệ, DT: 5mx20m, 3 lầu. Giá 5,25 tỷ","5,25 tỷ",100 m²,Không có thông tin,Không có thông tin,"Cẩm Lệ, Đà Nẵng","Dự án KĐT Hòa Xuân mở rộng, Đường Thanh Lương 11, Phường Hòa Xuân, Cẩm Lệ, Đà Nẵng"
"Thanh toán chỉ 10% kí HĐMB với lịch thanh toán kéo dài, nhận nhà có thể cho thuê ngay","2,6 tỷ",61 m²,2,1,"Thủ Dầu Một, Bình Dương","Midori Park The Glory, Đường Bùi Thị Xuân, Phường Hòa Phú, Thủ Dầu Một, Bình Dương"
"Bán Đất nền dự án tại Gia Hòa, Đường 4, Phường Phước Long B, Quận 9, TP.HCM, 10,6 tỷ, 100m2","10,6 tỷ",100 m²,Không có thông tin,Không có thông tin,"Quận 9, Hồ Chí Minh","Gia Hòa, Đường 4, Phường Phước Long B, Quận 9, Hồ Chí Minh"
DUY NHẤT! Lô đất đẹp trung tâm TT Liên Quan Mặt đường Đồng Cam,10 tỷ,91 m²,Không có thông tin,Không có thông tin,"Thạch Thất, Hà Nội","Đường Đồng Cam, Thị trấn Liên Quan, Thạch Thất, Hà Nội"
Bán đất chính chủ 110m tại đông yên Quốc Oai,23 triệu,110 m²,Không có thông tin,Không có thông tin,"Quốc Oai, Hà Nội","Xã Đông Yên, Quốc Oai, Hà Nội"
"Còn 2 suất nội bộ nhà phố thương mại 5F The Aura Bàu Bàng 150m2 Sổ sẵn, cho thuê đất 5-8tr/tháng.","1,5 tỷ",150 m²,Không có thông tin,Không có thông tin,"Bàu Bàng, Bình Dương","Đường D7, Thị trấn Lai Uyên, Bàu Bàng, Bình Dương"
"Cần bán lô đất DT 70m2, sổ hồng riêng, full thổ cư giá 1 tỷ 250 triệu, xây dựng tự do","1,25 tỷ",70 m²,Không có thông tin,Không có thông tin,"Đức Hòa, Long An","Dự án Dragon Pearl, Đường Tỉnh Lộ 10, Xã Đức Hoà Đông, Đức Hòa, Long An"
"Bán nhà Liền kề tại Đường 422, Thị trấn Trạm Trôi, Hoài Đức, Hà Nội, giá cực chất 9 tỷ, 80m2",9 tỷ,90 m²,Không có thông tin,Không có thông tin,"Hoài Đức, Hà Nội","Đường 422, Thị trấn Trạm Trôi, Hoài Đức, Hà Nội"
Tổng hợp hàng THỊ TRẤN PHƯỚC HẢI Từ 1000m2 - 5000m2 - gần biển - view núi - sổ sẵn thổ cư,"2,7 tỷ",1.000 m²,Không có thông tin,Không có thông tin,"Long Đất, Bà Rịa Vũng Tàu","Đường 44A, Xã Long Mỹ, Đất Đỏ, Bà Rịa Vũng Tàu"
Độc quyền 50m2-1Tỷ470 - Bao thuế phí 55m2 - 1Tỷ580 Trả trước 600tr - Nhận nhà ngay. Hỗ trợ vay 70%,"1,47 tỷ",50 m²,2,2,"Bình Chánh, Hồ Chí Minh","Dự án Sài Gòn Intela, Đường Nguyễn Văn Linh, Xã Phong Phú, Bình Chánh, Hồ Chí Minh."
"CHÍNH CHỦ GỬI BÁN CĂN HỘ 3PN (93 - 96m2), 2WC, FULL NỘI THẤT, SẴN SỔ. LH 0986 936 *** XEM NHÀ NGAY",6 tỷ,72 m²,2,2,"Nam Từ Liêm, Hà Nội","Mỹ Đình Pearl, Đường Châu Văn Liêm, Phường Phú Đô, Nam Từ Liêm, Hà Nội"
BĐS Quảng Yên -QN LÔ GÓC 2 MẶT TIỀN 235M TẠI XÃ TIỀN AN TÀI CHÍNH 10 TRIỆU/M,"2,35 tỷ",235 m²,Không có thông tin,Không có thông tin,"Quảng Yên, Quảng Ninh","Tiền An, Quảng Yên, Quảng Ninh"
"Bán đất tại Trâu Quỳ, Gia Lâm - giá tốt nhất chỉ 120 triệu/m2, 57.6m2, MT 8m","6,91 tỷ","57,6 m²",Không có thông tin,Không có thông tin,"Gia Lâm, Hà Nội","Trâu Quỳ, Gia Lâm, Hà Nội"
"Cần bán gấp Biệt thự Thanh Liên tại Vườn Vua Resort, DT 322,5m2 full nội thất . Hotline: 0936 383 ***",7 tỷ,"322,6 m²",3,3,"Thanh Thủy, Phú Thọ","Vườn Vua Resort & Villas, Đồng Trung, Thanh Thủy, Phú Thọ"
"Bán nhà riêng, Lê Văn Lương, Nhơn Đức, Nhà Bè, HCM, 7,8 tỷ, 267m2","7,8 tỷ",267 m²,7,7,"Nhà Bè, Hồ Chí Minh","Đường Lê Văn Lương, Xã Nhơn Đức, Nhà Bè, Hồ Chí Minh"
"Bán CC 2PN, 1WC, D4, Bửu Long, Biên Hòa, 1,2 tỷ, 50m2","1,2 tỷ",50 m²,2,1,"Biên Hòa, Đồng Nai","Đường D4, Phường Bửu Long, Biên Hòa, Đồng Nai"
Sở hữu ngay căn liền kế Chà Là Vinhomes Oceanpark 2 64m2 Đông Nam nằm giữa 2 cụm Công viên,8 tỷ,64 m²,Không có thông tin,Không có thông tin,"Văn Giang, Hưng Yên","The Empire - Vinhomes Ocean Park 2, Long Hưng, Văn Giang, Hưng Yên"
"Bán biệt thự Geleximco Lê Trọng Tấn, Hà Đông giá chỉ từ 16 tỷ, khu B_C_D, pháp lý đầy đủ 0981 046 ***",16 tỷ,95 m²,Không có thông tin,Không có thông tin,"Hà Đông, Hà Nội","Geleximco Lê Trọng Tấn, Đường Lê Trọng Tấn, Phường Dương Nội, Hà Đông, Hà Nội"
"BÁN NHANH LÔ ĐẤT DT : 144,5 + 141 ngay chân dốc dự án Thung Lũng - Thanh Xuân..","1,81 tỷ","144,5 m²",Không có thông tin,Không có thông tin,"Phúc Yên, Vĩnh Phúc","Đường Nguyễn Văn Cừ, Xã Ngọc Thanh, Phúc Yên, Vĩnh Phúc"
"Khu TDC Phước Thiện, Đất sổ hồng lâu dài 55m2, đối diện Vin chỉ 3.3 tỷ","3,3 tỷ",55 m²,Không có thông tin,Không có thông tin,"Quận 9, Hồ Chí Minh","Khu dân cư Phước Thiện, Phước Thiện, Long Bình, Quận 9, Hồ Chí Minh"
Chung cư 275 Nguyễn Trãi tòa A Golden Land Hoàng Huy,"6,45 tỷ","95,1 m²",2,2,"Thanh Xuân, Hà Nội","Đường Nguyễn Trãi, Phường Thanh Xuân Trung, Thanh Xuân, Hà Nội"
"Bán đất biệt thự góc tại khu đô thị Hà Phong, hướng Tây và Bắc, giá rẻ nhất khu vực",Giá thỏa thuận,353 m²,Không có thông tin,Không có thông tin,"Mê Linh, Hà Nội","Dự án Hà Phong, Đường Hà Phong, Xã Tiền Phong, Mê Linh, Hà Nội"
"Chủ nhà gửi bán nhanh căn 3 ngủ diện tích từ 95 -100m2 chung cư coma 6 tây mỗ, Nam từ liêm ,HN",Giá thỏa thuận,95 m²,3,2,"Nam Từ Liêm, Hà Nội","Dream Town, đường Tây Mỗ, Phường Tây Mỗ, Nam Từ Liêm, Hà Nội"
Bán lô đất tặng nhà mặt tiền DT7,4 tỷ,"674,7 m²",Không có thông tin,Không có thông tin,"Ninh Hòa, Khánh Hòa","Đường Tỉnh Lộ 7, Xã Ninh Thọ, Ninh Hòa, Khánh Hòa"
Giỏ hàng cập nhật - loại biệt thự từ 162m2 - 200 - 300m2 (có sân vườn riêng) - Giá T03/2025 (new),"25,5 tỷ",200 m²,Không có thông tin,Không có thông tin,"Nhà Bè, Hồ Chí Minh","Dự án Zeitgeist City, Đường Nguyễn Hữu Thọ, Xã Phước Kiển, Nhà Bè, Hồ Chí Minh"
"Chính chủ bán đất tặng biệt thự, mặt tiền đường Hà Huy Giáp, giá giảm sâu chỉ còn 27 tỷ 0975 714 ***",27 tỷ,1.355 m²,Không có thông tin,Không có thông tin,"Dĩ An, Bình Dương","Đường Hà Huy Giáp, Phường Đông Hòa, Dĩ An, Bình Dương"
Chính chủ cần bán gấp căn hộ chung cư cao cấp 4PN nội thất cơ bản tòa N01T8,"12,38 tỷ",136 m²,4,3,"Bắc Từ Liêm, Hà Nội","Dự án N01-T8 Ngoại Giao Đoàn, Phường Xuân Tảo, Bắc Từ Liêm, Hà Nội"
"Chinh chu: Bán căn hộ đặc biệt 163m2, bancong 7met 3PN, 3WC tại Sunrise City Quận 7 giá 9.9 tỷ","9,9 tỷ",163 m²,3,3,"Quận 7, Hồ Chí Minh","Dự án Sunrise City, Đường Nguyễn Hữu Thọ, Phường Tân Hưng, Quận 7, Hồ Chí Minh"
"Quỹ căn ngoại giao (118m2, duplex 145m2) giá tốt nhất siêu hời, quỹ ẩn trực tiếp CĐT, LH 0966 088 ***","9,68 tỷ",118 m²,4,4,"Thanh Xuân, Hà Nội","Viha Complex, số 107, Đường Nguyễn Tuân, Phường Thanh Xuân Trung, Thanh Xuân, Hà Nội"
"Chính chủ bán căn góc liền kề 90m2, giá tốt",Giá thỏa thuận,90 m²,4,3,"Hoài Đức, Hà Nội","Dự án Vinhomes Thăng Long, Xã An Khánh, Hoài Đức, Hà Nội"
"Chính chủ bán lô biệt thự 1/Liên Phường KDC Kiến Á, DT: 20x21m, Giá 79tr/m","33,18 tỷ",420 m²,Không có thông tin,Không có thông tin,"Quận 9, Hồ Chí Minh","Dự án KDC Kiến Á, Đường Liên Phường, Phường Phước Long B, Quận 9, Hồ Chí Minh"
"Chuyển nhượng Kho Nhà Xưởng Khu Công Nghiệp Quang Minh DT:9000, 1,4ha ,1,7ha sẵn kho nhà xưởng vip",Giá thỏa thuận,9.000 m²,Không có thông tin,Không có thông tin,"Mê Linh, Hà Nội","KCN Quang Minh, Đường Cao tốc Thăng Long Nội Bài, Thị trấn Quang Minh, Mê Linh, Hà Nội"
"Bán nhà 3PN, 3WC, 100m2 tại Khuê Mỹ,ngay gần Đoàn Khuê+Bùi Tá Hán, Đà Nẵng, giá 6,7 tỷ","6,7 tỷ",100 m²,3,3,"Ngũ Hành Sơn, Đà Nẵng","Phường Khuê Mỹ, Ngũ Hành Sơn, Đà Nẵng"
"Tin thật 100% - cập nhật giỏ hàng căn hộ The Estella 2 - 3PN, penthouse, sân vườn giá bán siêu rẻ",8 tỷ,104 m²,Không có thông tin,Không có thông tin,"Quận 2, Hồ Chí Minh","Dự án The Estella, Đường Xa Lộ Hà Nội, Phường An Phú, Quận 2, Hồ Chí Minh"
"Chính chủ bán căn góc - 108m2 - 3PN, 2WC, view thoáng full nội thất toà Hà Nội Paragon, giá 6,5 tỷ","6,5 tỷ",108 m²,3,2,"Cầu Giấy, Hà Nội","Dự án Hà Nội Paragon, Phường Dịch Vọng Hậu, Cầu Giấy, Hà Nội"
Gia đình em bán căn góc 198m2 3PN+1 - 2WC ban công hướng Nam full nội thất Dolphin Plaza giá 10.6tỷ,"10,6 tỷ",198 m²,3,2,"Nam Từ Liêm, Hà Nội","Dolphin Plaza, Phố Trần Bình, Phường Mỹ Đình 2, Nam Từ Liêm, Hà Nội"
"Chính chủ bán CH 78m2 - 2PN ban công Đông Nam, view thoáng full nội thất ở Roman Plaza giá 4,6 tỷ","4,6 tỷ",78 m²,2,2,"Nam Từ Liêm, Hà Nội","Dự án Roman Plaza, Đường Tố Hữu, Phường Đại Mỗ, Nam Từ Liêm, Hà Nội"
"Bán liền kề 110m trục đường 21m giá siêu tốt. Ngay TTHC mới Hải Phòng. chỉ 6,1x tỷ bao thuế phí","6,16 tỷ",110 m²,Không có thông tin,Không có thông tin,"Thủy Nguyên, Hải Phòng","Dự án Sapphire Gem Hải Phòng, Đường 9C, Xã Thủy Đường, Thủy Nguyên, Hải Phòng"
Cnc Hoà Lạc-TĐC VAI RÉO -100m2- Mặt tiền 6-nằm trong tổ hợp nghiên cứu- giá rẻ nhất thị trường,Giá thỏa thuận,100 m²,Không có thông tin,Không có thông tin,"Quốc Oai, Hà Nội","Xã Phú Cát, Quốc Oai, Hà Nội"
"BÁN NHÀ TRUNG TÂM QUẬN 1 HẺM XE HƠI NGUYỄN TRÃI CHỈ 6,4TỶ","6,4 tỷ","34,1 m²",Không có thông tin,Không có thông tin,"Quận 1, Hồ Chí Minh","Hẻm 214, Đường Nguyễn Trãi, Phường Nguyễn Cư Trinh, Quận 1, Hồ Chí Minh"
"Bán biệt thự đơn lập Swanbay căn góc vị trí đẹp, sổ hồng riêng, mặt tiền đường lớn. Chính chủ",36 tỷ,402 m²,Không có thông tin,Không có thông tin,"Nhơn Trạch, Đồng Nai","Dự án Swan Bay, Đường Quốc Lộ 51, Xã Đại Phước, Nhơn Trạch, Đồng Nai"
"Chính chủ! Bán biệt thự Song lập Swanbay căn góc, vị trí đẹp, sổ hồng cầm tay. LH: 0938 652 ***","22,5 tỷ",323 m²,4,3,"Nhơn Trạch, Đồng Nai","Swan Bay , Đường Quốc Lộ 51, Xã Đại Phước, Huyện Nhơn Trạch, Đồng Nai"
"Vốn ban đầu chỉ cần từ 3.9 tỷ/căn shophouse đường 25m, nhà 5 tầng tại Vin 3","10,8 tỷ",75 m²,4,4,"Văn Giang, Hưng Yên","Dự án The Crown - Vinhomes Ocean Park 3, Xã Nghĩa Trụ, Văn Giang, Hưng Yên"
Nhà 1 trệt 1 lầu đường ô tô phường Phú Thọ- Thủ Dầu Một - Giá 1.99tỷ.,"1,99 tỷ","63,3 m²",2,2,"Thủ Dầu Một, Bình Dương","Đường Lê Hồng Phong, Phường Phú Thọ, Thủ Dầu Một, Bình Dương"
"Hoàng Villa - Chuyên chuyển nhượng biệt thự Phú Mỹ Hưng, Quận 7, cập nhật 24/7, LH: 0898 999 ***",72 tỷ,280 m²,Không có thông tin,Không có thông tin,"Quận 7, Hồ Chí Minh","Dự án Phú Mỹ Hưng, Phường Tân Phong, Quận 7, Hồ Chí Minh"
"BẮT ĐÁY Bất động sản dòng tiền, siêu nhà phố kính doanh 6t. Gần Công viên, chúng cư, vincom ocp2","20,79 tỷ",109 m²,Không có thông tin,Không có thông tin,"Văn Giang, Hưng Yên","The Empire - Vinhomes Ocean Park 2, Long Hưng, Văn Giang, Hưng Yên"
"Cần bán đất 2 mặt tiền đường nhựa gần sân bay tại xã Láng Dài, Huyện Long Đất, Bà Rịa - Vũng Tàu",95 tỷ,50.000 m²,Không có thông tin,Không có thông tin,"Long Đất, Bà Rịa Vũng Tàu","Đường Lộc An, Xã Láng Dài, Long Đất, Bà Rịa Vũng Tàu"
"Cần bán đất 2 mặt tiền đường nhựa gần sân bay tại xã Láng Dài, Huyện Long Đất, Bà Rịa - Vũng Tàu",95 tỷ,50.000 m²,Không có thông tin,Không có thông tin,"Long Đất, Bà Rịa Vũng Tàu","Đường Lộc An, Xã Láng Dài, Long Đất, Bà Rịa Vũng Tàu"
"[Slot cuối cùng] Chỉ 3,x tỷ có căn 2PN view pháo hoa tầng cao, Căn hộ cao cấp biển Mỹ Khê Đà Nẵng","3,67 tỷ","82,5 m²",2,2,"Ngũ Hành Sơn, Đà Nẵng","The Sang Residence, Đường Phạm Kiệt, Phường Khuê Mỹ, Ngũ Hành Sơn, Đà Nẵng"
"Cắt lỗ 25% căn shop lâu dài, MT 6m tại San Hô OCP2 gần biển và phố Hongkong. 14,x tỷ. LH 0966 659 ***","14,6 tỷ",84 m²,Không có thông tin,Không có thông tin,"Văn Giang, Hưng Yên","The Empire - Vinhomes Ocean Park 2, Long Hưng, Văn Giang, Hưng Yên"
"ĐHG chuyên Opal Boulevard đã 4 năm, bán 2PN 75.4m2, 2,75 tỷ có sổ hồng, công chứng ngay 0931 866 ***","2,75 tỷ","75,4 m²",2,2,"Dĩ An, Bình Dương","Dự án Opal Boulevard, Đường Kha Vạn Cân, Phường An Bình, Dĩ An, Bình Dương"
"Chính chủ gửi bán CH 97m2 giá 6,2 tỷ (btp) tầng cao, hướng mát sẵn sổ giao dịch ngay cạnh Vinhomes","6,2 tỷ",97 m²,3,2,"Long Biên, Hà Nội","Le Grand Jardin Sài Đồng, Huỳnh Văn Nghệ, Sài Đồng, Long Biên, Hà Nội"
"Song lập TM lâu dài gần Vincom OCP2, trục chính mở 51 m. LH 0966 659 ***",31 tỷ,150 m²,Không có thông tin,Không có thông tin,"Văn Giang, Hưng Yên","Dự án The Empire - Vinhomes Ocean Park 2, Xã Long Hưng, Văn Giang, Hưng Yên"
Chính Chủ cần bán Một số Lô đất Nền Shophouse tại Khu đô thị Danko City Thái Nguyên,"2,59 tỷ",96 m²,Không có thông tin,Không có thông tin,"Thái Nguyên, Thái Nguyên","Dự án KĐT Danko City, Đường Quốc lộ 1B, Xã Cao Ngạn, Thái Nguyên, Thái Nguyên."
"Bán quỹ CH rẻ nhất thị trường DT 133-152-164-191_198m2 Dolphin Plaza, Phố Trần Bình LH: 0906 241 ***","7,5 tỷ",152 m²,3,2,"Nam Từ Liêm, Hà Nội","Dự án Dolphin Plaza, Phố Trần Bình, Phường Mỹ Đình 2, Nam Từ Liêm, Hà Nội"
"3,4 tỷ giảm còn 3 tỷ 190. Bán gấp căn 64m2 Võ Văn Tần gần chợ Vườn Chuối. Xây 1 trệt 4 lầu, hẻm 6m.","3,19 tỷ",64 m²,5,5,"Quận 3, Hồ Chí Minh","Đường Võ Văn Tần, Phường Võ Thị Sáu, Quận 3, Hồ Chí Minh"
"Bán nhà liền kề KĐT Đại Kim - Nguyễn Cảnh Dị, DT 54m2, 4,5 tầng lô góc LH 0989 604 ***","16,5 tỷ",54 m²,Không có thông tin,Không có thông tin,"Hoàng Mai, Hà Nội","KĐT Đại Kim, Đường Nghiêm Xuân Yêm, Phường Đại Kim, Hoàng Mai, Hà Nội"
KĐT Hà Quang 2 giá đầu tư tốt nhất hiện nay,"4,1 tỷ",100 m²,Không có thông tin,Không có thông tin,"Nha Trang, Khánh Hòa","Dự án KĐT Lê Hồng Phong II, Đường Số 2C, Phường Phước Hải, Nha Trang, Khánh Hòa"
Chính chủ e bán 317m full thổ cư Thanh Sơn - Lương Sơn - Hoà Bình,850 triệu,317 m²,Không có thông tin,Không có thông tin,"Lương Sơn, Hòa Bình","Xã Thanh Sơn, Lương Sơn, Hòa Bình"
"Căn Hộ Eco Xuân: Bán 2PN 68m2 - 1,70 tỷ, 3PN 86m2 - 1.9x tỷ, 1PN 47m2 1,2 tỷ Thuận An - Bình Dương","1,7 tỷ",68 m²,2,2,"Thuận An, Bình Dương","Dự án Eco Xuân, Đường Quốc Lộ 13, Phường Lái Thiêu, Thuận An, Bình Dương"
"SIÊU HIẾM! NHÀ ĐẸP PHỐ TRẠM - 5 TẦNG - VỈA HÈ RỘNG 31M2,VỊ TRÍ ĐẮC ĐỊA! Đừng bỏ lỡ","7,66 tỷ",31 m²,3,4,"Long Biên, Hà Nội","Đường Phố Trạm, Phường Long Biên, Long Biên, Hà Nội"
Bán lô mặt ngoài giãn dân Phú Sơn Hưng Long Mỹ Hào 90m2 chỉ 5 tỷ 850tr. kinh doanh sầm uất hiện hữu,"5,85 tỷ",90 m²,Không có thông tin,Không có thông tin,"Mỹ Hào, Hưng Yên","Đường Phạm Ngũ Lão, Xã Hưng Long, Mỹ Hào, Hưng Yên"
Bán suất ngoại giao NOXH gần Hồ Linh Đàm giá siêu tốt,"3,04 tỷ",69 m²,2,2,"Hoàng Mai, Hà Nội","Dự án Tây Nam Hồ Linh Đàm, Đường Bằng A, Phường Hoàng Liệt, Hoàng Mai, Hà Nội"
Cần bán lại căn 2PN lớn tầng cao hiếm Lancaster Quận 1 rẻ hơn 20% so với CDT,Giá thỏa thuận,90 m²,2,2,"Quận 1, Hồ Chí Minh","Dự án Lancaster Legacy, Đường Nguyễn Trãi, Phường Nguyễn Cư Trinh, Quận 1, Hồ Chí Minh"
CHÀO BÁN VÀI LÔ BIỆT THỰ VÀ LÔ ỐNG GIÁ RẺ NHẤT TẠI KHU ĐÔ THỊ ĐIỆN NGỌC.LIỀN KỀ ĐẠI HỌC FPT CITY,"3,8 tỷ",270 m²,Không có thông tin,Không có thông tin,"Điện Bàn, Quảng Nam","Khu đô thị số 3 Điện Nam Điện Ngọc, Điện Ngọc, Điện Bàn, Quảng Nam"
"Bán nhà chính chủ sát mặt tiền Hoàng Hoa Thám, Bình Thạnh, 6tỷ8, 4 tầng, 36m2, 4PN, 3WC 0964 589 ***","6,8 tỷ",36 m²,4,3,"Bình Thạnh, Hồ Chí Minh","Đường Hoàng Hoa Thám, Phường 6, Bình Thạnh, Hồ Chí Minh"
"Chuyên căn hộ Masteri An Phú, giá rẻ nhất thị trường, liên hệ 0906 920 *** Ms. Phương (Mia)",6 tỷ,70 m²,2,2,"Quận 2, Hồ Chí Minh","Dự án Masteri An Phú, Đường Xa Lộ Hà Nội, Phường Thảo Điền, Quận 2, Hồ Chí Minh"
"Chuyên căn hộ Masteri An Phú, giá rẻ nhất thị trường, liên hệ 0906 920 *** Ms. Phương (Mia)",6 tỷ,70 m²,2,2,"Quận 2, Hồ Chí Minh","Dự án Masteri An Phú, Đường Xa Lộ Hà Nội, Phường Thảo Điền, Quận 2, Hồ Chí Minh"
"[Cắt Lỗ]Căn Góc Dự án STC Long Thành tại Bình Sơn, Long Thành, Đồng Nai",5 tỷ,172 m²,Không có thông tin,Không có thông tin,"Long Thành, Đồng Nai","STC Long Thành, Bình Sơn, Long Thành, Đồng Nai"
"Bán nhà hẻm 1 sẹc Huỳnh Tấn Phát P. Phú Thuận Q7 giá 2tỷ650tr DT 69.46m2, đang cho thuê 12tr/tháng","2,65 tỷ","69,46 m²",4,4,"Quận 7, Hồ Chí Minh","Đường Huỳnh Tấn Phát, Phường Phú Thuận, Quận 7, Hồ Chí Minh"
Rổ hàng chuyển nhượng giá tốt nhất Aqua City. Có hỗ trợ vay ngân hàng,"5,4 tỷ",120 m²,Không có thông tin,Không có thông tin,"Biên Hòa, Đồng Nai","Dự án Aqua City, Xã Long Hưng, Biên Hòa, Đồng Nai"
Chỉ 3.7 tỷ sở hữu BĐS dòng tiền 540 triệu/năm-Lô kế lô góc L.Duẩn -N.Gia.Tự - giá 12.2 tỷ đồng,"12,2 tỷ",41 m²,Không có thông tin,Không có thông tin,"Hải Châu, Đà Nẵng","Đường Lê Duẩn, Phường Thạch Thang, Hải Châu, Đà Nẵng"
"Gửi đến quý anh/chị giá sang nhượng T3/2025 các căn 2PN từ 2tỷ380, hỗ trợ vay bank 4,5%năm","2,45 tỷ",65 m²,2,2,"Bình Chánh, Hồ Chí Minh","Dự án Lovera Vista, Đường Trịnh Quang Nghị, Xã Phong Phú, Bình Chánh, Hồ Chí Minh"
"Ngân hàng cần thanh lý đất đường 10,5m khu đô thị số 4 thông FPT Đà Nẵng",Giá thỏa thuận,171 m²,Không có thông tin,Không có thông tin,"Điện Bàn, Quảng Nam","Dự án Khu đô thị số 4, Phường Điện Ngọc, Điện Bàn, Quảng Nam"
NGUYỄN KIM QUẬN 10 - 50M2 HẺM XE TẢI THÔNG - NGANG GẦN 5M GIÁ CHỈ 7.9T,"7,9 tỷ",40 m²,3,3,"Quận 10, Hồ Chí Minh","Đường Nguyễn Kim, Phường 7, Quận 10, Hồ Chí Minh"
"Bán Shophouse tại Phú Mỹ Hưng, 37 tỷ, 195m2, hàng hot!",37 tỷ,195 m²,Không có thông tin,Không có thông tin,"Quận 7, Hồ Chí Minh","Phú Mỹ Hưng, Đường Raymondienne, Phường Tân Phong, Quận 7, Hồ Chí Minh"
"Cực đẹp, nhà mới Cầu Giấy, 20m ra phố, ngõ to thông, tặng nội thất, cực thoáng, 38m2 x 4 tầng",7 tỷ,38 m²,5,5,"Cầu Giấy, Hà Nội","Đường Xuân Thủy, Phường Dịch Vọng Hậu, Cầu Giấy, Hà Nội"
"Bán tòa nhà 6 tấm -120tr/th ngay đường Nơ Trang Long, Quận Bình Thạnh chỉ 21 tỷ còn TL",21 tỷ,158 m²,Không có thông tin,Không có thông tin,"Bình Thạnh, Hồ Chí Minh","Phường 12, Bình Thạnh, Hồ Chí Minh"
Bán Gấp penthouse Mỹ Tú 1 Phú Mỹ Hưng khu trung tâm,21 tỷ,297 m²,6,4,"Quận 7, Hồ Chí Minh","Mỹ Tú 1, Lý Long Tường, Tân Phong, Quận 7, Hồ Chí Minh"
"Nhận Booking bán đợt 2 Khải Hoàn Prime chuẩn resort 55-63tr/m2 tặng 1 năm PQL, chiết khấu 3%","4,46 tỷ",81 m²,3,Không có thông tin,"Nhà Bè, Hồ Chí Minh","Khải Hoàn Prime, 1578, Đường Lê Văn Lương, Xã Nhơn Đức, Nhà Bè, Hồ Chí Minh"
"(Căn mới) quỹ căn hộ đang rao bán tại WB. DT 65m2, 85m, 90m, 110m, 129m: Giá chỉ từ 5.6 tỷ - 11 tỷ",Giá thỏa thuận,65 m²,2,2,"Nam Từ Liêm, Hà Nội","Dự án Vinhomes West Point, Đường Phạm Hùng, Phường Mễ Trì, Nam Từ Liêm, Hà Nội"
"Bán Gấp Liền Kề Mặt Phố Nguyễn Xiển, Lô Góc 3 Mặt Tiền, Diện Tích 117m, 6 Tầng, Chỉ 40 Tỷ có TL",40 tỷ,117 m²,5,5,"Thanh Trì, Hà Nội","Rue De Charme, Đường Nguyễn Xiển, Xã Tân Triều, Thanh Trì, Hà Nội"
"Shophouse (nhà phố thương mại) 2 mặt tiền, view sông lớn, giá tốt nhât thị trường, cho trả chậm.",Giá thỏa thuận,490 m²,Không có thông tin,4,"Quận 7, Hồ Chí Minh","The Panorama, Đường Tôn Dật Tiên, Phường Tân Phong, Quận 7, Hồ Chí Minh"
Hot! Suất Ngoại Giao căn góc - mặt tiền 20m - giá 255 tr/m2 tại Jade Square Phạm Văn Đồng,"49,98 tỷ",196 m²,7,7,"Bắc Từ Liêm, Hà Nội","Dự án Jade Square, Đường Nguyễn Đình Tứ, Phường Xuân Đỉnh, Bắc Từ Liêm, Hà Nội"
"Bán căn 58m2 (2PN 1WC), để lại vài nội thất. Giá chỉ 3,1 tỷ","3,1 tỷ",58 m²,2,1,"Bình Chánh, Hồ Chí Minh","Dự án Mizuki Park, Đường Nguyễn Văn Linh, Xã Bình Hưng, Bình Chánh, Hồ Chí Minh"
"Giảm mạnh 400 triệu bán gấp nhà giá 3 tỷ 250 triệu Nguyễn Đình Chiểu, Phường 5, Quận 3, DT 67,5m2","3,25 tỷ","67,5 m²",4,5,"Quận 3, Hồ Chí Minh","Đường Nguyễn Đình Chiểu, Phường 5, Quận 3, Hồ Chí Minh"
"Quỹ căn duplex mới nhất tại PentStudio Tây Hồ: 4.9 tỷ/căn nhỏ - 6 tỷ/căn to đủ đồ, có sổ lâu dài",6 tỷ,76 m²,Không có thông tin,Không có thông tin,"Tây Hồ, Hà Nội","Dự án PentStudio, Đường Lạc Long Quân, Phường Phú Thượng, Tây Hồ, Hà Nội"
"Giảm mạnh 400 triệu bán gấp nhà giá 3 tỷ 250 triệu Nguyễn Đình Chiểu, Phường 5, Quận 3, DT 67,5m2","3,25 tỷ","67,5 m²",4,5,"Quận 3, Hồ Chí Minh","Đường Nguyễn Đình Chiểu, Phường 5, Quận 3, Hồ Chí Minh"
"Quỹ căn duplex mới nhất tại PentStudio Tây Hồ: 4.9 tỷ/căn nhỏ - 6 tỷ/căn to đủ đồ, có sổ lâu dài",6 tỷ,76 m²,Không có thông tin,Không có thông tin,"Tây Hồ, Hà Nội","Dự án PentStudio, Đường Lạc Long Quân, Phường Phú Thượng, Tây Hồ, Hà Nội"
Bán đất biển Mũi Né giá tốt LH 0986 707 ***,12 tỷ,398 m²,Không có thông tin,Không có thông tin,"Phan Thiết, Bình Thuận","Đường Xuân Thủy, Phường Mũi Né, Phan Thiết, Bình Thuận"
"BÁN BIỆT THỰ XÂY THÔ 3 TẦNG 266,4M2 MẶT TIỀN ĐƯỜNG TRẦN HƯNG ĐẠO TRUNG TÂM THÀNH PHỐ","7,3 tỷ","266,4 m²",Không có thông tin,Không có thông tin,"Lào Cai, Lào Cai","Phường Bắc Lệnh, Lào Cai, Lào Cai"
"Bán Gấp CHCC Richstar Lầu Cao View Đông Mát - 84m2 3PN Giá Thật 3,4 tỷ LH: 0944 904 *** Lý (View đẹp)","3,4 tỷ",84 m²,3,2,"Tân Phú, Hồ Chí Minh","RichStar, 239 - 241 - 278, Đường Hòa Bình, Phường Hiệp Tân, Tân Phú, Hồ Chí Minh"
"Tài Sản Khan Hiếm Đường Số 4 Mặt Tiền Khu Cư Xá Đô Thành, P4, Quận 3 (DT:5,9x15m) Giá 22,5Tỷ TL","22,5 tỷ",71 m²,8,8,"Quận 3, Hồ Chí Minh","Đường Số 4 Cư xá Đô Thành, Phường 4, Quận 3, Hồ Chí Minh"
Bán quỹ căn đẹp dự án Him Lam Central Park An Hồng. Gía gốc từ chủ đầu tư. LH ngay 0369 863 ***,Giá thỏa thuận,60 m²,4,3,"Hồng Bàng, Hải Phòng","Him Lam Central Park An Hồng, Đường 10, Phường An Hồng, Hồng Bàng, Hải Phòng"
Nhận booking quỹ độc quyền shophouse mặt biển Cát Bà Xanh Island chỉ từ 50tr HTLS 70% lên đến 3 năm,Giá thỏa thuận,135 m²,3,2,"Cát Hải, Hải Phòng","Dự án Xanh Island Cát Bà, Thị trấn Cát Bà, Cát Hải, Hải Phòng"
"Bán Aqua City - The Suite 8x20m nhận nhà ở ngay giá 7.3 tỷ, ngay Quảng trường sông, đã có pháp lý","6,8 tỷ",160 m²,3,Không có thông tin,"Biên Hòa, Đồng Nai","Aqua City, Long Hưng, Biên Hòa, Đồng Nai"
"Hạ giá từ 6,5 tỷ còn 5,9 tỷ cho lô đất khu số 5 An Sơn Đà Lạt cần bán gấp","5,9 tỷ",76 m²,Không có thông tin,Không có thông tin,"Đà Lạt, Lâm Đồng","Đường An Sơn, Phường 4, Đà Lạt, Lâm Đồng"
"Bán BT Vip tại Mỹ Đình, diện tích 200m2 xây 4 tầng MT 10m, giá chỉ 60 tỷ.",60 tỷ,200 m²,3,5,"Nam Từ Liêm, Hà Nội","Đường Hoài Thanh, Phường Mỹ Đình 2, Nam Từ Liêm, Hà Nội"
"VĨNH HỒ CĂN HỘ TT SỔ 25M, SD 60M, 3 NGỦ, GIÁ 2.88 TỶ.","2,88 tỷ",25 m²,3,1,"Đống Đa, Hà Nội","Đường Vĩnh Hồ, Phường Thịnh Quang, Đống Đa, Hà Nội"
"Cần thanh khoản 5 lô đất KĐT Golden Hills, sổ hồng trao tay, vị trí đẹp","2,38 tỷ",125 m²,Không có thông tin,Không có thông tin,"Liên Chiểu, Đà Nẵng","Dự án Golden Hills City, Phường Hòa Hiệp Nam, Liên Chiểu, Đà Nẵng"
"Chủ cần tiền gửi bán dự án LK11, LK18, LK09, LK20 Phương Đông, DT 87,5m2 giá từ 1,7 tỷ","1,7 tỷ","87,5 m²",Không có thông tin,Không có thông tin,"Vân Đồn, Quảng Ninh","Dự án Khu đô thị Phương Đông, Xã Đông Xá, Vân Đồn, Quảng Ninh"
"Bán nhà 2MT Lê Trọng Tấn, 6.6x14m, 1 lầu, 3PN, vị trí kinh doanh, 15 tỷ",15 tỷ,92 m²,3,2,"Tân Phú, Hồ Chí Minh","Đường Lê Trọng Tấn, Phường Tây Thạnh, Tân Phú, Hồ Chí Minh"
"Hàng Hiếm. Bán Biệt Thự Thành Phố Giao Lưu 220m2 xây 4 tầng, mặt tiền 12m, vỉa hè 8m, đường 40m",Giá thỏa thuận,220 m²,Không có thông tin,Không có thông tin,"Bắc Từ Liêm, Hà Nội","Thành phố Giao Lưu, Phạm Văn Đồng, Cổ Nhuế 1, Bắc Từ Liêm, Hà Nội"
"BÁN CĂN GẤP SHOPHOUSE TẠI TOÀ C2 XUÂN ĐỈNH DIỆN TÍCH 190M2 giá 8,5 tỷ 0967 555 ***","8,5 tỷ",190 m²,2,2,"Bắc Từ Liêm, Hà Nội","Megastar Tây Hồ, Phố Đỗ Nhuận, Phường Xuân Đỉnh, Bắc Từ Liêm, Hà Nội"
"đất view đẹp - thoáng mát - giả rê sẵn thổ cư tại Xã Quảng Lập, Huyện Đơn Dương, Tỉnh Lâm Đồng",365 triệu,130 m²,Không có thông tin,Không có thông tin,"Đơn Dương, Lâm Đồng","Xã Quảng Lập, Đơn Dương, Lâm Đồng"
Chính chủ gửi bán lô đất mặt đường Ngô Gia Tự đoạn ngã 3 Lũng Đông 132m2 ngang 5m giá 72 triệu/m2,Giá thỏa thuận,132 m²,Không có thông tin,Không có thông tin,"Hải An, Hải Phòng","Đường Ngô Gia Tự, Phường Đằng Hải, Hải An, Hải Phòng"
"Cc bán lô đất hơn 4 tỷ tại vườn sen từ sơn, đã có sổ hồng, rẻ gơn thụ trường 200tr.lh 0326 569 ***",Giá thỏa thuận,"101,6 m²",Không có thông tin,Không có thông tin,"Từ Sơn, Bắc Ninh",Vườn sen
"Cc bán lô đất hơn 4 tỷ tại vườn sen từ sơn, đã có sổ hồng, rẻ gơn thụ trường 200tr.lh 0326 569 ***",Giá thỏa thuận,"101,6 m²",Không có thông tin,Không có thông tin,"Từ Sơn, Bắc Ninh",Vườn sen
7 TẦNG THANG MÁY -- ĐẲNG CẤP HIMLAM -- MẶT TIỀN KHỦNG -- SÁT CHUNG CƯ -- SIÊU SIÊU VIP,"22,5 tỷ",75 m²,6,6,"Hà Đông, Hà Nội","Him Lam Vạn Phúc, Đường Tố Hữu, Phường Vạn Phúc, Hà Đông, Hà Nội"
114m full thổ cư đường thông khu đông dân cư tiện ích đầy đủ cách chợ và trường học các cấp chỉ 500,16 triệu,114 m²,Không có thông tin,Không có thông tin,"Sóc Sơn, Hà Nội","Xã Minh Phú, Sóc Sơn, Hà Nội"
"Tìm kiếm chủ nhân DANH GIÁ cho BIỆT THỰ TẦNG KHÔNG- DUAL FRONT The Symphony Đà Nẵng, CK lên đến 21%","23,52 tỷ",98 m²,Không có thông tin,Không có thông tin,"Sơn Trà, Đà Nẵng","Sun Symphony Residence, Trần Hưng Đạo, Nại Hiên Đông , Sơn Trà, Đà Nẵng"
"Chính chủ bán mảnh đất thị trấn Hồ, Thuận Thành, Bắc Ninh","1,8 tỷ",72 m²,Không có thông tin,Không có thông tin,"Thuận Thành, Bắc Ninh","Thị trấn Hồ, Thuận Thành, Bắc Ninh"
"FULL 35 CĂN VILLA PARK, HOT 160m2-18T, BTSL 108tr/m2","17,5 tỷ",160 m²,5,Không có thông tin,"Quận 9, Hồ Chí Minh","Dự án Villa Park, Đường Bưng Ông Thoàn, Phường Phú Hữu, Quận 9, Hồ Chí Minh"
"71,3 tỷ - 268m2 - Căn góc - Bán biệt thự Jade Square, Bắc Từ Liêm, Hà Nội","71,3 tỷ",268 m²,Không có thông tin,Không có thông tin,"Bắc Từ Liêm, Hà Nội","Jade Square, Đường Nguyễn Đình Tứ, Phường Xuân Đỉnh, Bắc Từ Liêm, Hà Nội"
Bán siêu mặt tiền trung tâm Huế,110 tỷ,400 m²,Không có thông tin,Không có thông tin,"Huế, Thừa Thiên Huế","Đường Lê Quý Đôn, Phường Phú Hội, Huế, Thừa Thiên Huế"
"Nhà 3 tầng, 56m2(4.2mx13.4m) Đường Lê Liễu, Tân Quý, gần Aeon Mall Tân Phú 6.05 tỷ thương lượng","6,05 tỷ",56 m²,3,3,"Tân Phú, Hồ Chí Minh","Lê Liễu, Tân Quý, Tân Phú, Hồ Chí Minh"
2 Lô Đất giá f0 cho các nhà đầu tư Tân Yên-Hồng Kỳ-Sóc Sơn,790 triệu,100 m²,Không có thông tin,Không có thông tin,"Sóc Sơn, Hà Nội","Xã Hồng Kỳ, Huyện Sóc Sơn, Hà Nội"
"Đất biển Mỹ Khê sát đường Phạm Văn Đồng, sát Biển giá chỉ hơn 50 triệu/m2","9,2 tỷ",172 m²,4,3,"Sơn Trà, Đà Nẵng","Đường Đinh Thị Hòa, Phường An Hải Bắc, Sơn Trà, Đà Nẵng"
Cần bán căn hộ lô góc - hướng mát- nhiều nắng- 93m2 - 3 ngủ - khu dự án Thạch Bàn Q. Long Biên.,"4,3 tỷ","92,2 m²",3,2,"Long Biên, Hà Nội","Dự án Thạch Bàn, Phường Thạch Bàn, Long Biên, Hà Nội"
Chỉ còn 1 căn giá rẻ tại phân khu Ánh Dương - Vinhomes Cổ Loa 80m2 - mặt tiền: 5m,"17,6 tỷ",80 m²,4,3,"Đông Anh, Hà Nội","Dự án Vinhomes Cổ Loa, Đường Cổ Loa, Xã Đông Hội, Đông Anh, Hà Nội"
"Mặt tiền CX Chu Văn An 4,5 x 12m - Bình Thạnh - căn góc - nhà 4 tầng - HDT 29triệu - giá: 10,9 tỷ","10,9 tỷ",39 m²,6,4,"Bình Thạnh, Hồ Chí Minh","Đường 6, Phường 26, Bình Thạnh, Hồ Chí Minh"
"Bán đất nền rẻ nhất dự án 132m2, 41,5 triệu/m2 tại Centana Điền Phúc Thành,P Long Trường, Quận 9","5,48 tỷ",132 m²,Không có thông tin,Không có thông tin,"Quận 9, Hồ Chí Minh","Centana City Điền Phúc Thành, Phường Long Trường, Quận 9, Hồ Chí Minh"
"Gấp Gấp! Bán nhà 3 tỷ 150 xây 69m2 Đào Duy Anh, P9, Phú Nhuận. Gần trường Hồ Văn Huê, hẻm oto 6m.","3,15 tỷ",69 m²,4,5,"Phú Nhuận, Hồ Chí Minh","Đường Đào Duy Anh, Phường 9, Phú Nhuận, Hồ Chí Minh"
"Chính chủ: Bán nhà mặt tiền đường Chợ Lớn, phường 11, Quận 6, 160m2, giá 31,5 tỉ","31,5 tỷ",160 m²,4,4,"Quận 6, Hồ Chí Minh","Đường Chợ Lớn, Phường 11, Quận 6, Hồ Chí Minh"
"Căn hộ Phạm Văn Đồng kế sân bay 1,52 tỷ/2PN sẵn nội thất, ở ngay - 0703 501 ***","1,52 tỷ",52 m²,2,2,"Gò Vấp, Hồ Chí Minh","Đường Phạm Văn Đồng, Phường 1, Gò Vấp, Hồ Chí Minh"
Lk Văn Phú - sát quận uỷ Hà Đông - 200m ra Metro - nhà đẹp long lanh - giá tuyệt vời,"19,9 tỷ",96 m²,5,5,"Hà Đông, Hà Nội","Dự án KĐT Văn Phú, Đường Hoàng Đôn Hòa, Phường Phú La, Hà Đông, Hà Nội"
"Đất Khu dân cư Thanh Phú,an cư lạc nghiệp.Sổ hồng riêng,xây tự do,5x19 chỉ 1,8 tỷ.LH: 0936 063 ***","1,42 tỷ",95 m²,Không có thông tin,Không có thông tin,"Bến Lức, Long An","King Hill Residences, Xã Thanh Phú, Bến Lức, Long An"
Mới! Chủ nhà tin tưởng nhiệt tình gửi bán nhiều căn hộ 2N3N4N được cập nhật liên tục trong T2/2025,"6,5 tỷ",118 m²,3,2,"Nam Từ Liêm, Hà Nội","Dự án Golden Palace, đường Mễ Trì, Phường Mễ Trì, Nam Từ Liêm, Hà Nội"
"Chính chủ gửi bán độc quyền đất nền LK và BT KĐT Cienco5 Mê Linh, sát cạnh trường ĐH TCNH, sổ đỏ CC",3 tỷ,100 m²,Không có thông tin,Không có thông tin,"Mê Linh, Hà Nội","Dự án Cienco 5 Mê Linh, Xã Tiền Phong, Mê Linh, Hà Nội"
49m mt8m khu giãn dân Quan Zai,40 triệu,149 m²,Không có thông tin,Không có thông tin,"Thạch Thất, Hà Nội","Xã Đồng Trúc, Thạch Thất, Hà Nội"
"Bán đất nền dự án tại Khu Đô Thị Đông Bình Dương giá 880 triệu, 80 m2.",880 triệu,80 m²,Không có thông tin,Không có thông tin,"Dĩ An, Bình Dương","Khu đô thị Đông Bình Dương, Đường Nguyễn Thị Minh Khai, Phường Tân Bình, Dĩ An, Bình Dương"
MỞ BÁN ĐẤT NỀN TMS PHÚC YÊN NHỈNH 3 TY - tài chính này đang khan hàng - 70m2 lh 0968 781 ***,Giá thỏa thuận,70 m²,Không có thông tin,Không có thông tin,"Phúc Yên, Vĩnh Phúc","TMS Grand City Phúc Yên, Hùng Vương, Phúc Yên, Vĩnh Phúc"
"Bán đất Đông Dư Gia Lâm, ô tô tránh, kinh doanh, 350m2, mặt tiền 11m, giá chỉ 25 tỷ",25 tỷ,350 m²,Không có thông tin,Không có thông tin,"Gia Lâm, Hà Nội","Đường Giáp Hải, Xã Đa Tốn, Gia Lâm, Hà Nội"
Chính chủ cần bán căn hộ 2 ngủ 1 wc full đồ mới đẹp ở toà Thiên Niên Kỉ đối diện bưu điện Hà Đông,"4,25 tỷ","54,5 m²",2,1,"Hà Đông, Hà Nội","Tòa Tháp Thiên Niên Kỷ, số 04, Đường Quang Trung, Phường Quang Trung, Hà Đông, Hà Nội"
"BÁN 50M ĐẤT TẶNG NHÀ 2 TẦNG. 1 TUM. , DỰ ÁN SIÊU HÓT CẦU TỨ LIÊN TẠI THÔN LÊ XÁ , MAI LÂM .","4,2 tỷ","50,5 m²",3,2,"Đông Anh, Hà Nội","Xã Mai Lâm, Đông Anh, Hà Nội"
Cần bán nhà Cổ Linh Thạch Bàn Long Biên Hà Nội,"15,5 tỷ",55 m²,4,4,"Long Biên, Hà Nội","Đường Cổ Linh, Phường Thạch Bàn, Long Biên, Hà Nội"
Bán đất Trong Đê - Đường thông - Thái Bình - Mai Lâm - Đông Anh - Hà Nội . Giá chốt 3.260 tỷ .,"3,26 tỷ","52,3 m²",Không có thông tin,Không có thông tin,"Đông Anh, Hà Nội","Xã Mai Lâm, Đông Anh, Hà Nội"
Hoa Hồng 150tr - Bán nhà mặt tiền Trịnh Thị Tho - Tân Phú - 62m2 - 5T - 10.8 Tỷ,"10,8 tỷ",62 m²,6,7,"Tân Phú, Hồ Chí Minh","Đường Trịnh Thị Tho, Phường Hiệp Tân, Tân Phú, Hồ Chí Minh"
"Bán nhanh căn hộ Riverside Residence 180m2 3PN, 3WC, view đẹp, 14,5 tỷ. LH 0902 944 ***","14,5 tỷ",180 m²,3,3,"Quận 7, Hồ Chí Minh","Dự án Riverside Residence, Đường Nguyễn Lương Bằng, Phường Tân Phú, Quận 7, Hồ Chí Minh"
Chính chủ cần bán biệt thự và liền kề dự án ParkCity Hà Đông,Giá thỏa thuận,120 m²,Không có thông tin,Không có thông tin,"Hà Đông, Hà Nội","Dự án ParkCity Hà Nội, Đường Lê Trọng Tấn, Phường La Khê, Hà Đông, Hà Nội"
"Tổng hợp các căn hộ chung cư Văn Khê 3 phòng ngủ, 2 phòng ngủ giá rẻ - 0982 753 ***","3,65 tỷ",74 m²,2,2,"Hà Đông, Hà Nội","Dự án Văn Khê, Phường La Khê, Hà Đông, Hà Nội"
"Giỏ hàng căn hộ CC Flemington, Quận 11, DT: 117m2, 220m2, 87m2, 97m2: Lh: 0907 970 ***, giá 6,550 tỷ","6,55 tỷ",117 m²,3,2,"Quận 11, Hồ Chí Minh","Dự án The Flemington, Đường Lê Đại Hành, Phường 15, Quận 11, Hồ Chí Minh"
"Tổng hợp giỏ hàng đất nền biệt thự FPT City Đà nẵng, giá tốt vị trí đẹp T3.2025 chuyên KĐT FPT","3,25 tỷ",102 m²,Không có thông tin,Không có thông tin,"Ngũ Hành Sơn, Đà Nẵng","Dự án FPT City Đà Nẵng, Đường Võ Chí Công, Phường Hòa Hải, Ngũ Hành Sơn, Đà Nẵng"
Bán đất rẻ nhất Hải Phong gần sát Vin Dương Kinh chắc chắn lãi,999 triệu,50 m²,Không có thông tin,Không có thông tin,"Dương Kinh, Hải Phòng","Đường Hải Phong, Phường Hòa Nghĩa, Dương Kinh, Hải Phòng"
Lĩnh Nam dân xây chất 50m2 5 tầng giá 6tỷ,6 tỷ,50 m²,4,Không có thông tin,"Hoàng Mai, Hà Nội","Đường Lĩnh Nam, Phường Lĩnh Nam, Hoàng Mai, Hà Nội"
"Cắt lỗ căn 2PN2VS góc 69,1 m2 Đông Bắc phân khu cao cấp Metropolitan view thoáng đẹp, giá 3,55 tỷ","3,55 tỷ","69,1 m²",2,2,"Gia Lâm, Hà Nội","Dự án The Zurich - Vinhomes Ocean Park, Xã Đa Tốn, Gia Lâm, Hà Nội"
Chính Chủ tôi cần bán 418m có 100m thổ cư wieu cánh đồng tại cao sơn lương sơn hoà bình,Giá thỏa thuận,418 m²,Không có thông tin,Không có thông tin,"Lương Sơn, Hòa Bình","Đường Liên Xã, Xã Cao Sơn, Lương Sơn, Hòa Bình"
"Cắt lỗ căn 2PN2VS góc 69,1 m2 Đông Bắc phân khu cao cấp Metropolitan view thoáng đẹp, giá 3,55 tỷ","3,55 tỷ","69,1 m²",2,2,"Gia Lâm, Hà Nội","Dự án The Zurich - Vinhomes Ocean Park, Xã Đa Tốn, Gia Lâm, Hà Nội"
Chính Chủ tôi cần bán 418m có 100m thổ cư wieu cánh đồng tại cao sơn lương sơn hoà bình,Giá thỏa thuận,418 m²,Không có thông tin,Không có thông tin,"Lương Sơn, Hòa Bình","Đường Liên Xã, Xã Cao Sơn, Lương Sơn, Hòa Bình"
"Bán khách sạn thu nhập 65trieu/tháng tại Vissip1 Bình Dương, giấy phép đầu đủ ạ. 0366 236 ***","10,8 tỷ",150 m²,22,22,"Thuận An, Bình Dương","Phường Thuận Giao, Thuận An, Bình Dương"
"Bán gấp nhà riêng 4PN, 3WC, 41m2 giá cực chất tại Nguyễn Chính, Tân Mai, Hoàng Mai, Hà Nội","5,8 tỷ",41 m²,4,3,"Hoàng Mai, Hà Nội","Đường Nguyễn Chính, Phường Tân Mai, Hoàng Mai, Hà Nội"
"Bán đất tại đường 8, phường Long Phước, Quận 9, Hồ Chí Minh, 2,15 tỷ, 59m2 giá ưu đãi","2,15 tỷ",59 m²,Không có thông tin,Không có thông tin,"Quận 9, Hồ Chí Minh","Đường 8, Phường Long Phước, Quận 9, Hồ Chí Minh"
"Đất Nền Dự Án Nam Long II Cần Thơ Chính Thức Bán giá chỉ từ 3,1 tỷ/nền nhà phố và 6 tỷ/nền Biệt Thự","3,1 tỷ",90 m²,Không có thông tin,Không có thông tin,"Cái Răng, Cần Thơ","Nam Long II Central Lake, Hưng Thạnh, Cái Răng, Cần Thơ"
"Siêu phẩm 110m2 cạnh đại học fpt , giá nhỉnh 2 tỷ đầu tư xây trọ được luôn ,tân xã bình yên hà nội","2,6 tỷ",110 m²,Không có thông tin,Không có thông tin,"Thạch Thất, Hà Nội","Đường 419, Xã Tân Xã, Thạch Thất, Hà Nội"
"Bán nhà Mặt tiền đ.số Lý Phục Man Q7, 4 tầng, 5x13, nhỉnh 10T","10,8 tỷ",65 m²,4,4,"Quận 7, Hồ Chí Minh","Đường Lý Phục Man, Phường Bình Thuận, Quận 7, Hồ Chí Minh"
"Chính chủ bán đất, đường oto tránh nhau","2,55 tỷ",80 m²,Không có thông tin,Không có thông tin,"Chương Mỹ, Hà Nội","Xã Phụng Châu, Chương Mỹ, Hà Nội"
"Nhà Phân lô,Gara Ô tô, Th.máy, Kiến trúc sư xây, K.doanh,TT Q.Hoàng Mai, 50m x 5 tầng, Chào 10,5 Tỷ","10,5 tỷ",50 m²,Không có thông tin,Không có thông tin,"Hoàng Mai, Hà Nội","Đường Tam Trinh, Phường Mai Động, Hoàng Mai, Hà Nội"
New City Update 15/03 giỏ hàng bán 1PN 2PN 3PN đa dạng diện tích vay 80% LH Sinh 0923 939 ***,"6,35 tỷ",85 m²,3,2,"Quận 2, Hồ Chí Minh","Dự án New City Thủ Thiêm, Đường Mai Chí Thọ, Phường Bình Khánh, Quận 2, Hồ Chí Minh"
"Kiều Trinh - 314 chủ nhà cần tiền bán nhanh rẻ hơn thị trường chỉ 1,620 tỷ, cho thuê ngay 9 triệu","1,62 tỷ",52 m²,1,2,"Nha Trang, Khánh Hòa","Mường Thanh Viễn Triều, Phạm Văn Đồng, Vĩnh Phước, Nha Trang, Khánh Hòa"
"Cập nhật quỹ căn chuyển nhượng tại Xanh villa giá tốt, làm việc chính chủ, hỗ trợ giấy tờ hồ sơ",15 tỷ,250 m²,Không có thông tin,Không có thông tin,"Thạch Thất, Hà Nội","Xanh Villas, Đường Đại lộ Thăng Long, Xã Tiến Xuân, Thạch Thất, Hà Nội"
"Bán nhà riêng tại đường Lĩnh Nam, Hoàng Mai, Hà Nội, 5 tỷ, 40 m2",5 tỷ,40 m²,Không có thông tin,Không có thông tin,"Hoàng Mai, Hà Nội","Đường Lĩnh Nam, Phường Lĩnh Nam, Hoàng Mai, Hà Nội"
"Cặp lô MT Trần Minh Tông, Hoà Minh, Liên Chiểu thuận tiện xây căn hộ dịch vụ 105m giá 5.45 Tỷ Tl","5,45 tỷ",105 m²,Không có thông tin,Không có thông tin,"Liên Chiểu, Đà Nẵng","Đường Trần Minh Tông, Phường Hòa Minh, Liên Chiểu, Đà Nẵng"
"nhà liền kề 3,5 tầng ở trung tâm thành phố Hải Phòng chỉ 3tỷ đồng",3 tỷ,60 m²,Không có thông tin,Không có thông tin,"Hồng Bàng, Hải Phòng","Him Lam Central Park An Hồng, Đường 10, Phường An Hồng, Hồng Bàng, Hải Phòng"
MẢNH ĐẤT VÀNG - KHU HIẾM NHÀ BÁN- RẤT THÍCH HỢP XÂY TOÀ CC-. KINH DOANH ĐỈNH- VỈA HÈ RỘNG.,210 tỷ,487 m²,3,4,"Đống Đa, Hà Nội","Đường Đoàn Thị Điểm, Phường Cát Linh, Đống Đa, Hà Nội"
"Siêu phẩm 61m2 x 6tầng, 14 phòng, thang máy, doanh thu 70 triệu/tháng. T.Tâm Hoàng Mai, chào 14,8tỷ","14,86 tỷ",61 m²,14,15,"Hoàng Mai, Hà Nội","Đường Giáp Bát, Phường Giáp Bát, Hoàng Mai, Hà Nội"
BÁN NHÀ KDC NAM KHANG 1462 NGUYỄN DUY TRINH P. LONG TRƯỜNG Q9 CẠNH KINGFOOD,"5,5 tỷ",56 m²,4,4,"Quận 9, Hồ Chí Minh","Đường Nguyễn Duy Trinh, Phường Long Trường, Quận 9, Hồ Chí Minh"
"Bán lô đất 409m2 gần trục chính Yên Bình, Thạch Thất, ô tô tới nơi, 15tr/m2, sổ đỏ đầy đủ","6,14 tỷ",409 m²,Không có thông tin,Không có thông tin,"Thạch Thất, Hà Nội","Đường Yên Bình, Xã Yên Bình, Thạch Thất, Hà Nội"
CƠ HỘI SỞ HỮU CĂN HỘ CAO CẤP MASTERI TRINITY SQUARE | ĐẶT CHỖ NGAY HÔM NAY | VINHOMES OCEAN PARK 2.,"3,19 tỷ",59 m²,2,2,"Văn Giang, Hưng Yên","The Empire - Vinhomes Ocean Park 2, Long Hưng, Văn Giang, Hưng Yên"
"Rẻ nhất Ngọc Thuỵ: 107,3m2 MT 6m - đất phân lô Ngọc Thuỵ - vỉa hè - view vườn hoa","20,39 tỷ","107,3 m²",Không có thông tin,Không có thông tin,"Long Biên, Hà Nội","Đường Ngọc Thụy, Phường Ngọc Thụy, Long Biên, Hà Nội"
"Bán Liền Kề Vinhomes Đan Phượng, Quỹ căn độc quyền Chủ Đầu tư VINHOMES, giá tốt nhất thị trường.",17 tỷ,88 m²,Không có thông tin,Không có thông tin,"Đan Phượng, Hà Nội","Vinhomes Wonder Park, Xã Tân Hội, Đan Phượng, Hà Nội"
"Bán Nhà Riêng 2PN, 2WC tại Mai Đăng Chơn, Hòa Hải, Ngũ Hành Sơn, Đà Nẵng, giá siêu hời","2,9 tỷ",84 m²,2,2,"Ngũ Hành Sơn, Đà Nẵng","Đường Mai Đăng Chơn, Phường Hòa Hải, Ngũ Hành Sơn, Đà Nẵng"
2600m2 đất ruộng gần dự án Phú Mỹ Hưng và đường nối quận 2 tại Nhơn Trạch,Giá thỏa thuận,2.600 m²,Không có thông tin,Không có thông tin,"Nhơn Trạch, Đồng Nai","Đường Cát Lái, Xã Phú Đông, Nhơn Trạch, Đồng Nai"
CƠ HỘI ĐẦU TƯ TẠI ĐỒNG MÔ B - NGAY SÁT GA METRO 5 HÒA LẠC,"4,83 tỷ",254 m²,Không có thông tin,Không có thông tin,"Ba Vì, Hà Nội","Xã Yên Bài, Ba Vì, Hà Nội"
"Bán nhà riêng 5PN, 3WC, 38m2 tại Hồ Tùng Mậu, Cầu Giấy, Hà Nội, giá cực chất chỉ với 7,5 tỷ","7,5 tỷ",38 m²,5,3,"Cầu Giấy, Hà Nội","Đường Hồ Tùng Mậu, Phường Mai Dịch, Cầu Giấy, Hà Nội"
"Nhà 60m2 Chu Văn An, Bình Thạnh - Gần Học viện Cán bộ. Giá 2 tỷ 690. Xây 1 trệt 2 lầu. Hẻm oto 6m","2,69 tỷ",60 m²,4,3,"Bình Thạnh, Hồ Chí Minh","Đường Chu Văn An, Phường 26, Bình Thạnh, Hồ Chí Minh"
"BÁN ĐẤT TÂN THÀNH, CÀNH CHẼ, XÓM MÁNG GIÁP KHU QUY HOẠCH VIN HẠ LONG XANH","5,5 tỷ",300 m²,Không có thông tin,Không có thông tin,"Quảng Yên, Quảng Ninh","Đường Cành Chẽ, Xã Hoàng Tân, Quảng Yên, Quảng Ninh"
"Bán căn hộ chính chủ 2PN,3PN chung cư Hoàng Thành Pearl - giá tốt nhất T3,hỗ trợ A-Z .LH 0888 989 ***","5,8 tỷ",80 m²,2,2,"Nam Từ Liêm, Hà Nội","Hoàng Thành Pearl, Nguyễn Văn Giáp, Cầu Diễn, Nam Từ Liêm, Hà Nội"
"Chỉ hơn 3tỷ sở hữu ngay Biệt Thự giá gốc CĐT F0,tại Dự án Centa RVS Park View ngay cạnh Long Biên",11 tỷ,180 m²,6,6,"Từ Sơn, Bắc Ninh","Centa Riverside, Đường Hữu Nghị, Phường Phù Chẩn, Từ Sơn, Bắc Ninh"
"BT, Thạch Bàn, Cổ Linh, Long Biên, 150m2 lô góc MT18m, vỉa hè kinh doanh vô đối tương lai x3",30 tỷ,150 m²,8,8,"Long Biên, Hà Nội","Thạch Bàn, Đường Thạch Bàn, Phường Thạch Bàn, Long Biên, Hà Nội"
"Bảng giá căn hộ Mizuki Park MP6 7 8 giá bán tháng 3/2025 (2PN 2.95tỷ), (2PN 3.6tỷ) - Đã có sổ hồng","2,95 tỷ",58 m²,2,1,"Bình Chánh, Hồ Chí Minh","Dự án Mizuki Park, Đường Nguyễn Văn Linh, Xã Bình Hưng, Bình Chánh, Hồ Chí Minh"
Bán biệt thự Thảo Điền gần khu Tropic Garden phường Thảo Điền có sân vườn,"53,5 tỷ",308 m²,4,Không có thông tin,"Quận 2, Hồ Chí Minh","Đường Nguyễn Văn Hưởng, Phường Thảo Điền, Quận 2, Hồ Chí Minh"
"Building VP đẹp sang MT Tô Hiến Thành, P15, Q10 ngang 6x20m CN 120m2 H 6 tầng HĐT 150tr/th",30 tỷ,120 m²,Không có thông tin,Không có thông tin,"Quận 10, Hồ Chí Minh","Đường Tô Hiến Thành, Phường 15, Quận 10, Hồ Chí Minh"
"Bán quỹ căn giá tốt nhất T3/2025 diện tích từ 133-186-198m toà DolphinPlaza, pháp lý sổ đỏ, full đồ",8 tỷ,133 m²,2,2,"Nam Từ Liêm, Hà Nội","Dự án Dolphin Plaza, 28 Phố Trần Bình, Phường Mỹ Đình 2, Nam Từ Liêm, Hà Nội"
"BÁN CĂN 3PN 2WC, VINBÁN CĂN 3PN 2WC, VINHOMES CENTRAL PARK, NỘI THẤT MỚI SANG TRỌNG. LH: 0931 772 ***","13,25 tỷ",108 m²,3,2,"Bình Thạnh, Hồ Chí Minh","Vinhomes Central Park, Đường Điện Biên Phủ, Phường 22, Bình Thạnh, Hồ Chí Minh"
Cần bán nhà Nguyễn Sơn Long Biên Hà Nội,"22,8 tỷ",60 m²,5,4,"Long Biên, Hà Nội","Đường Nguyễn Sơn, Phường Bồ Đề, Long Biên, Hà Nội"
"Khương Đình 6T*40 thang máy xịn sò, chủ đầu tư uy tín, thiết kế hiện đại và tâm huyết.",9 tỷ,40 m²,3,Không có thông tin,"Thanh Xuân, Hà Nội","Đường Khương Đình, Phường Hạ Đình, Thanh Xuân, Hà Nội"
"Bán gấp căn góc đối diện Vincom, chỉ 29,236 tỷ đường 30m, S: 96m2 KD 3 mặt thoáng. Mua là lãi ngay","29,24 tỷ",96 m²,5,5,"Đông Anh, Hà Nội","Dự án Vinhomes Cổ Loa, Đường Cổ Loa, Xã Đông Hội, Đông Anh, Hà Nội"
CCMN Nguyễn Trãi - 6 tầng - thang máy - PCCC - 20 phòng full đồ - doanh thu 100tr/tháng - ngõ thông,"17,2 tỷ",65 m²,20,Không có thông tin,"Thanh Xuân, Hà Nội","Đường Nguyễn Trãi, Phường Thanh Xuân Trung, Thanh Xuân, Hà Nội"
"Bán gấp Chính Chủ F0 , Lô Góc DT 33m2, View Hồ Cực Phẩm, Sát Sân Bóng Hộ Khẩu Hà Đông,","3,58 tỷ",33 m²,3,4,"Hà Đông, Hà Nội","Đường An Thắng, Phường Biên Giang, Hà Đông, Hà Nội"
QUÁ HIẾM! Lô góc mặt phố Nguyễn Văn Trỗi Thanh Xuân DT 91m2 với 8 tầng thang máy,36 tỷ,91 m²,Không có thông tin,Không có thông tin,"Thanh Xuân, Hà Nội","Đường Nguyễn Văn Trỗi, Phường Phương Liệt, Thanh Xuân, Hà Nội"
Cần bán gấp căn hộ 2PN trống mới tại Vinhomes Grand Park giá chỉ 2.4 tỷ,"2,4 tỷ",59 m²,Không có thông tin,Không có thông tin,"Thủ Đức, Hồ Chí Minh",Vinhomes Grand Park Q9 TP Thủ Đức
Cần bán gấp biệt thự liền kề Lavila full nội thất 13.5 tỷ,"13,5 tỷ","105,6 m²",4,4,"Nhà Bè, Hồ Chí Minh","Dự án Lavila Kiến Á - Nhà Bè, Đường Nguyễn Hữu Thọ, Xã Phước Kiển, Nhà Bè, Hồ Chí Minh"
"BÁN GẤP CẶP NHÀ PHỐ ÂU CƠ PARK CITY - 2 LÔ LIỀN NHAU, CHỈ 5,6 TỶ, 120M TẠI TRƯỜNG CHINH,PHÚ THỌ","5,6 tỷ",120 m²,Không có thông tin,Không có thông tin,"Phú Thọ, Phú Thọ","Âu Cơ Park City, Đường Trường Chinh, Phường Âu Cơ, Phú Thọ, Phú Thọ"
"Một căn duy nhất trong phân khúc, 120m2, 4 tầng, mặt tiền 9.6m, ô tô tránh, vỉa hè, kinh doanh.",31 tỷ,125 m²,4,3,"Hoàng Mai, Hà Nội","Đường Nguyễn Cảnh Dị, Phường Đại Kim, Hoàng Mai, Hà Nội"
"Chính chủ bán nhà Mega Village Khang Điền 5x15m 6.95tỷ, 7,5x12 8.5 tỷ, 9x15 12 tỷ, 10x15m 12.2 tỷ","6,95 tỷ",75 m²,3,4,"Quận 9, Hồ Chí Minh","Dự án Mega Village, Đường Vành Đai 2, Phường Phú Hữu, Quận 9, Hồ Chí Minh"
Chủ xoay vốn cần bán gấp nhà 52m2 giá 2tỷ150 triệu đường Dương Bá Trạc Phường 1 Quận 8. Hẻm ô tô 6m,"2,15 tỷ",52 m²,4,4,"Quận 8, Hồ Chí Minh","Đường Dương Bá Trạc, Phường 1, Quận 8, Hồ Chí Minh"
"Bán gấp lô đường Thuỷ Sơn 5, khu biển Sơn Thuỷ, Ngũ Hành Sơn, DT: 125m2","5,6 tỷ",125 m²,Không có thông tin,Không có thông tin,"Ngũ Hành Sơn, Đà Nẵng","Đường Thuỷ Sơn 5, Phường Hòa Quý, Ngũ Hành Sơn, Đà Nẵng"
"Bán đất tại Tân Thành, Dương Kinh, Hải Phòng, tiện kinh doanh, tiện xây nhà lớn, mặt tiền 10m",Giá thỏa thuận,180 m²,Không có thông tin,Không có thông tin,"Dương Kinh, Hải Phòng","Đường Vũ Thị Ngọc Toàn, Phường Tân Thành, Dương Kinh, Hải Phòng"
"Bán lô góc 90m2 thôn Ba Lương - Song Phương, oto đỗ cửa cách đại lô 150m gần VDD4, giá tốt ạ",Giá thỏa thuận,90 m²,Không có thông tin,Không có thông tin,"Hoài Đức, Hà Nội","Đường Đại lộ Thăng Long, Xã Song Phương, Hoài Đức, Hà Nội"
"Nhà riêng Huỳnh Thúc Kháng, Thành Công, 60m2 cạnh khu chung cư cũ sắp xây lại 40 tầng",Giá thỏa thuận,60 m²,Không có thông tin,Không có thông tin,"Ba Đình, Hà Nội","Đường Huỳnh Thúc Kháng, Phường Thành Công, Ba Đình, Hà Nội"
"Hoàng Văn Thái: Phân lô otto tránh, xây toà VP cực Vip 160m2 * 9m nói không vs QH","45,5 tỷ",160 m²,4,3,"Thanh Xuân, Hà Nội","Đường Hoàng Văn Thái, Phường Khương Mai, Thanh Xuân, Hà Nội"
"Cần tìm chủ mới cho căn Duplex Pentstudio 58m giá net 4.85 tỷ, xem nhà LH 0986 314 ***","4,85 tỷ",58 m²,1,2,"Tây Hồ, Hà Nội","Dự án PentStudio, Đường Lạc Long Quân, Phường Phú Thượng, Tây Hồ, Hà Nội"
"Bán đất trung tâm P.Đa Mai, TP Bắc Giang. S 91m2- mt 5,5, vỉa hè 4,5m, mặt cắt đường 16,5m","2,46 tỷ",91 m²,Không có thông tin,Không có thông tin,"Bắc Giang, Bắc Giang","Xã Đa Mai, Bắc Giang, Bắc Giang"
"Bán 2 lô đất tại 41m va 42m Ngọc Liệp Quốc Oai -Hà Nội, ngay sát Viện nhi TW và phụ Sản Cơ Sở 2",Giá thỏa thuận,"41,42 m²",Không có thông tin,Không có thông tin,"Quốc Oai, Hà Nội","Đường Đồng Bụt, Xã Ngọc Liệp, Quốc Oai, Hà Nội"
"Chủ kẹt cần bán nhanh lô đất Tân Phú Trung 80m2, sổ hồng riêng","1,95 tỷ",80 m²,Không có thông tin,Không có thông tin,"Củ Chi, Hồ Chí Minh","Xã Tân Phú Trung, Củ Chi, Hồ Chí Minh"
"Cần bán nhà phố đường Phạm Như Xương, phường Điện Ngọc, sát cạnh Đà Nẵng","14,7 tỷ",325 m²,10,6,"Điện Bàn, Quảng Nam","Phố Chợ Điện Ngọc, Đường Phạm Như Xương, Phường Điện Ngọc, Điện Bàn, Quảng Nam"
"Bán gấp nhà phố Bùi Xương Trạch,Thanh Xuân, tặng nội thất, DT 46M2, 4 tầng, mặt tiền 4M, nhỉnh 8 tỷ","8,99 tỷ",46 m²,4,3,"Thanh Xuân, Hà Nội","Phường Khương Đình, Thanh Xuân, Hà Nội"
"Bán gấp nhà phố Bùi Xương Trạch,Thanh Xuân, tặng nội thất, DT 46M2, 4 tầng, mặt tiền 4M, nhỉnh 8 tỷ","8,99 tỷ",46 m²,4,3,"Thanh Xuân, Hà Nội","Phường Khương Đình, Thanh Xuân, Hà Nội"
Bán nhà ngô đình mẫn phân lô ô tô đỗ cửa -40m giá 7.38 Tỷ lh:0947 128 ***,"7,38 tỷ",40 m²,4,4,"Hà Đông, Hà Nội","Đường Ngô Đình Mẫn, Phường La Khê, Hà Đông, Hà Nội"
"Bán đất nền 150m2 Trương Minh Giảng, 5,2 ti, Đà Nẵng giá ưu đãi hot","5,2 tỷ",150 m²,Không có thông tin,Không có thông tin,"Ngũ Hành Sơn, Đà Nẵng","Đường Trương Minh Giảng, Phường Hòa Hải, Ngũ Hành Sơn, Đà Nẵng"
"Muốn mua SaigonRoyal giá rẻ nhất phải gọi 0931 785 *** studio 2tỷ57, 1+1PN 4tỷ1, 2PN 5tỷ9, 3PN 12.5tỷ","5,85 tỷ",84 m²,2,2,"Quận 4, Hồ Chí Minh","Dự án Saigon Royal Residence, Đường Bến Vân Đồn, Phường 12, Quận 4, Hồ Chí Minh"
Nhà mới 40m2 xây 4 tầng.SĐCC.Ngay chân cầu Quán Gánh.2 thoáng. LH:0979 837 ***,"4,19 tỷ",40 m²,5,4,"Thanh Trì, Hà Nội","Minh Việt Ngọc Hồi, Đường Quốc lộ 1A, Xã Ngọc Hồi, Thanh Trì, Hà Nội"
"CƠ HỘI ĐẦU TƯ VÀ AN CƯ TẠI BA VÌ - LÔ ĐẤT VÀNG TẠI THÔN 9, BA TRẠI. Với diện tích 1555,6. Mt 24 m","4,8 tỷ","1.555,6 m²",Không có thông tin,Không có thông tin,"Ba Vì, Hà Nội","Đường Tỉnh lộ 414, Xã Ba Trại, Ba Vì, Hà Nội"
"Toà CCMN Hào Nam, Cát Linh 80m2*8T, PCCC, GPXD, thoát hiểm riêng, 16Pkk dòng tiền 110tr/ th","14,8 tỷ",80 m²,16,16,"Đống Đa, Hà Nội","Phố Hào Nam, Phường Cát Linh, Đống Đa, Hà Nội"
"Cực Hot! Căn hộ Bcons Plaza 2PN2WC Giá chỉ từ 1ty75, sổ hồng riêng, bao sang tên!","1,75 tỷ","51,33 m²",2,2,"Dĩ An, Bình Dương","Bcons Plaza, Thống Nhất, Đông Hòa, Dĩ An, Bình Dương"
HÀNG HÓT.Dt 56m. Hẻm 6m NGAY BÌNH TÂN . ĐƯỜNG SỐ 4. HẺM THÔNG TỨ TUNG. RA GÒ SOÀI. Cạnh LÊ VĂN QUỚI,"2,35 tỷ",56 m²,Không có thông tin,Không có thông tin,"Bình Tân, Hồ Chí Minh","Đường 4, Phường Bình Hưng Hòa A, Bình Tân, Hồ Chí Minh"
"Cần bán gấp lô đất F0, sẵn sổ,full thổ cư","1,59 tỷ",172 m²,Không có thông tin,Không có thông tin,"Giao Thủy, Nam Định","Giao Phong, Giao Thủy, Nam Định"
"Bán căn hộ Grand Marina Saigon, DT 56m2, 1PN, 1WC, Q1, HCM, giá tốt nhất giỏ hàng",20 tỷ,56 m²,1,1,"Quận 1, Hồ Chí Minh","Dự án Grand Marina Saigon, Phố Tôn Đức Thắng, Phường Bến Nghé, Quận 1, Hồ Chí Minh"
"Chính chủ nhà em bán căn hộ 86m2 3n, Samsora Hà Đông, sẵn sổ, full nội thất dọn về ở ngay, cực lộc","4,6 tỷ",86 m²,3,2,"Hà Đông, Hà Nội","Samsora Premier, 105, Đường Chu Văn An, Phường Quang Trung, Hà Đông, Hà Nội"
Chính chủ suất NG bán căn góc 140m2 ban công 2 mặt Đông - Nam tòa Paragon Cầu Giấy,"8,3 tỷ",146 m²,3,2,"Cầu Giấy, Hà Nội","Hà Nội Paragon, số 86, Đường Duy Tân, Phường Dịch Vọng Hậu, Cầu Giấy, Hà Nội"
"Nhà mới 2 lầu, 2.95 tỷ (có bớt), đường 13m, 2 PN, SHR","2,95 tỷ",60 m²,2,3,"Thuận An, Bình Dương","Đường ĐT 743, Phường Bình Chuẩn, Thuận An, Bình Dương"
"CHIẾT KHẤU 500tr - FULL TIỀN TẶNG GÓI NỘI THẤT 200tr - SỞ HỮU LÔ ĐẤT 102,5m - GIÁ : 2,5tỷ ( ERA )","2,56 tỷ","102,5 m²",Không có thông tin,Không có thông tin,"Thái Thuỵ, Thái Bình","Dự án Khu đô thị Nguyễn Đức Cảnh, Đường Quốc Lộ 39A, Thị trấn Diêm Điền, Thái Thuỵ, Thái Bình"
"Biệt thự ven đô - dưới 10 tỷ, xây thô hoàn thiện mặt ngoài, căn góc đẹp view hồ tại Legacy Hill","7,1 tỷ",316 m²,4,5,"Lương Sơn, Hòa Bình","Legacy Hill, Tân Vinh, Lương Sơn, Hòa Bình"
"Bán đất tại Phú Mãn, Quốc Oai, Hà Nội, 16,5 triệu / m2, 312,5 m2 Hot!","5,16 tỷ","312,5 m²",Không có thông tin,Không có thông tin,"Quốc Oai, Hà Nội","Phú Mãn, Quốc Oai, Hà Nội"
"Nhà rộng nội thất đẹp nhiều phòng ngủ, ngõ rộng gần phố, GT đi lại thuận tiện, tiện ích bạt ngàn","7,65 tỷ",42 m²,4,3,"Hai Bà Trưng, Hà Nội","Đường Minh Khai, Phường Minh Khai, Hai Bà Trưng, Hà Nội"
Bán Đất Hàng Bè Kiến Hưng 52m2 mặt tiền 4m hơn 11 tỷ Dịch vụ PhânLô ôtô tránh Vỉa è LHCC 0961 318 ***,"11,3 tỷ",52 m²,Không có thông tin,Không có thông tin,"Hà Đông, Hà Nội","Mipec City View, Đường Hoàng Công, Phường Kiến Hưng, Hà Đông, Hà Nội"
"SIÊU HIẾM ! BÁN NHÀ MẶT PHỐ TRẦN QUỐC TOẢN, QUẬN HOÀN KIẾM. DIỆN TÍCH 315M2, MT 12M, 1 SỔ 1 CHỦ.",265 tỷ,315 m²,Không có thông tin,Không có thông tin,"Hoàn Kiếm, Hà Nội","Đường Trần Quốc Toản, Phường Trần Hưng Đạo, Hoàn Kiếm, Hà Nội"
"Siêu phẩm lô góc 118m2 tại đấu giá Phạm Hồng Thái (Hàm Tử, Khoái Châu) chỉ với 50tr/m2","5,9 tỷ",118 m²,Không có thông tin,Không có thông tin,"Khoái Châu, Hưng Yên","Hàm Tử, Khoái Châu, Hưng Yên"
HOT! BÁN CẮT L.Ỗ CĂN 2N2VS CHUNG CƯ NEW LIFE HẠ LONG,"1,85 tỷ",68 m²,2,2,"Hạ Long, Quảng Ninh","New Life Tower, Đường Hoàng Quốc Việt, Phường Bãi Cháy, Hạ Long, Quảng Ninh"
"Bán nhà riêng, 5 tầng, có thang máy tại đường Cách Mạng Tháng Tám, 104m2, hẻm xe tải, chỉ 16,5 tỷ","16,5 tỷ",104 m²,5,5,"Quận 10, Hồ Chí Minh","Đường Cách Mạng Tháng Tám, Phường 15, Quận 10, Hồ Chí Minh"
"Bán căn hộ 2PN, 1WC, 55m2 tại The Sapphire 1, Đa Tốn, Gia Lâm, Hà Nội, giá 2,75 tỷ LH 0923/468/678","2,75 tỷ",55 m²,2,1,"Gia Lâm, Hà Nội","The Sapphire 1 - Vinhomes Ocean Park, Đa Tốn, Gia Lâm, Hà Nội"
"Bán nhanh 1 PN Vinhomes Central Park, full nội thất cao cấp view thoáng mát","4,3 tỷ",54 m²,1,1,"Bình Thạnh, Hồ Chí Minh","Dự án Vinhomes Central Park, Đường Điện Biên Phủ, Phường 22, Bình Thạnh, Hồ Chí Minh"
"BT Garden City Thạch Bàn, Cổ Linh, Long Biên, biệt thự sân vườn 233m x 4T mt13m, đầu tư tiềm năng","48,6 tỷ",233 m²,7,6,"Long Biên, Hà Nội","Garden City, Đường Thạch Bàn, Phường Thạch Bàn, Long Biên, Hà Nội"
"Bán biệt thự góc - Legacy Hill Hòa Bình, view suối hướng mát, phong thủy vượng địa, chỉ 6.1 tỷ","6,1 tỷ",270 m²,4,5,"Lương Sơn, Hòa Bình","Legacy Hill, Tân Vinh, Lương Sơn, Hòa Bình"
Chính chủ bán căn hộ 2 ngủ 94m2 tại chung cư Bình Vượng tầng trung thoáng mát sổ đỏ lâu dài,"3,99 tỷ",94 m²,2,2,"Hà Đông, Hà Nội","Bình Vượng 200 Quang Trung, Đường Quang Trung, Phường Quang Trung, Hà Đông, Hà Nội"
"Chính chủ. Bán biệt thự M09 - 05 An Khang Villas Nam Cường. Vị trí đẹp, view chung cư. sổ đỏ sẵn",37 tỷ,225 m²,Không có thông tin,Không có thông tin,"Hà Đông, Hà Nội","Dự án An Khang Villa, Đường Tố Hữu, Phường La Khê, Hà Đông, Hà Nội"
"HÀNG NGỘP BÁN TOPAZ ELITE 79M2 2PN 2WC view Q7 nhà trống 3,340TỶ FULL NỘI THẤT 3,45TỶ LH 0964 161 ***","3,34 tỷ",79 m²,2,2,"Quận 8, Hồ Chí Minh","Dự án Topaz Elite, Đường Cao Lỗ, Phường 4, Quận 8, Hồ Chí Minh"
"Bán biệt thự An Vượng Villa C01 - 54, mặt sau hồ công viên, sổ đỏ sẵn. Giá bán 33 tỷ. 0989 695 ***",33 tỷ,180 m²,Không có thông tin,Không có thông tin,"Hà Đông, Hà Nội","Dự án An Vượng Villa, Đường Tố Hữu, Phường Dương Nội, Hà Đông, Hà Nội"
"Suất ngoại giao vip F09 - 16 biệt thự An Quý lô góc 3 mặt đường. Đẹp, rẻ nhất thị trường 0914 102 ***",33 tỷ,226 m²,Không có thông tin,Không có thông tin,"Hà Đông, Hà Nội","Dự án An Quý Villa - KĐT Dương Nội, Phường Dương Nội, Hà Đông, Hà Nội"
Căn góc đơn lập 3 mặt đường biệt thự An Phú Shop. Dt 303m2. Vừa ở vừa kinh doanh đỉnh. Sổ đỏ sẵn,43 tỷ,303 m²,Không có thông tin,Không có thông tin,"Hà Đông, Hà Nội","Dự án An Phú Shop Villa, Phường Dương Nội, Hà Đông, Hà Nội"
"Nhà Chợ Phúc Lơi 32,6m xây 5 tầng oto đỗ cổng 3,95 tỷ","3,95 tỷ","32,6 m²",3,4,"Long Biên, Hà Nội","Đường Phúc Lợi, Phường Phúc Lợi, Long Biên, Hà Nội"
"Cực hiếm! Chính chủ hạ giá bán gấp nhà 64,7m2 Võ Văn Tần, P5, Q3. Xây 4 tầng. Giá chỉ 3tỷ390 sổ sẵn","3,39 tỷ","64,7 m²",Không có thông tin,Không có thông tin,"Quận 3, Hồ Chí Minh","5, Quận 3, Hồ Chí Minh"
"ĐẦU TƯ SHOPHOUSE LỢI NHUẬN NHÂN ĐÔI, GIÁ TRỊ NHÂN BA SIÊU KHỦNG TỪ LÃI SUẤT KÉP","5,7 tỷ",52 m²,Không có thông tin,Không có thông tin,"Quận 9, Hồ Chí Minh","The Beverly Solari - Vinhomes Grand Park, Phường Long Bình, Quận 9, Hồ Chí Minh"
"Chính chủ Gia đình có việc cần bán gấp mảnh đất Số 4 ngõ 15 Châu Đài Thượng Cát, Bắc Từ Liêm, H N","10,22 tỷ",269 m²,Không có thông tin,Không có thông tin,"Bắc Từ Liêm, Hà Nội","Phố Thượng Cát, Phường Thượng Cát, Bắc Từ Liêm, Hà Nội"
"Bán nhà MP Xuân La: 312m2 MT 12m, lô góc, GPXD 10 tầng, giá đầu tư, Ba bước chạm Hồ Tây, QH ổn định",Giá thỏa thuận,312 m²,Không có thông tin,Không có thông tin,"Tây Hồ, Hà Nội","Đường Xuân La, Phường Xuân La, Tây Hồ, Hà Nội"
"Bán nhà MP Nguyễn Du 210m2, MT 9,5m, 9T, Có GPXD PCCC và HOÀN CÔNG, gần hồ Thiền Quang, Quang Trung",Giá thỏa thuận,210 m²,Không có thông tin,Không có thông tin,"Hai Bà Trưng, Hà Nội","Đường Nguyễn Du, Phường Bùi Thị Xuân, Hai Bà Trưng, Hà Nội"
"PHỐ DUY TÂN - CẦU GIẤY TOÀ NHÀ 850M-13TẦNG, MT:18M 320 TỶ",320 tỷ,850 m²,70,76,"Cầu Giấy, Hà Nội","Đường Duy Tân, Phường Dịch Vọng Hậu, Cầu Giấy, Hà Nội"
"Bán nhà Tân Phú- Lũy Bán Bích HXH 8m thông, gần mặt tiền, 68m2(5.2 x 15m), 3 tầng BTCT, Chỉ 6.3 tỷ","6,3 tỷ",68 m²,4,3,"Tân Phú, Hồ Chí Minh","Đường Lũy Bán Bích, Phường Phú Thạnh, Tân Phú, Hồ Chí Minh"
"Nhà view sông Sài Gòn, Landmark - phường Hiệp Bình Chánh, Thủ Đức, 176m2, 3 tầng, 6PN, 21 Tỷ.",21 tỷ,176 m²,6,5,"Thủ Đức, Hồ Chí Minh","Đường 17, Phường Hiệp Bình Chánh, Thủ Đức, Hồ Chí Minh"
"BQL Sài Gòn Mia bán căn hộ 1PN 2PN 3PN 2,8 tỷ - 4 tỷ full nội thất, LH BQL 0935 375 ***",4 tỷ,76 m²,3,2,"Bình Chánh, Hồ Chí Minh","Dự án Sài Gòn Mia, Đường Số 9A, Xã Bình Hưng, Bình Chánh, Hồ Chí Minh"
"Cắt lỗ CH cao cấp M2 Masteri Waterfront Vinhomes Ocean Park, 42m2, dưới T15, nội thất full, 3 tỷ",3 tỷ,42 m²,1,1,"Gia Lâm, Hà Nội","Masteri Water Front, Đường Quốc Lộ 5B, Xã Đa Tốn, Gia Lâm, Hà Nội"
"Bán gấp nhà mặt phố Xuân Diệu. 75m2 mặt tiền 5.5m, nở hậu, có dòng tiền. Giá chào 44 tỷ",Giá thỏa thuận,75 m²,Không có thông tin,Không có thông tin,"Tây Hồ, Hà Nội","Đường Xuân Diệu, Phường Quảng An, Tây Hồ, Hà Nội"
Bán mảnh đất 75m2 full thổ cư mặt tiền hơn 6m tại Huyện Quốc Oai Khu Đô Thị Vệ Tinh Hòa Lạc,"1,7 tỷ",75 m²,Không có thông tin,Không có thông tin,"Quốc Oai, Hà Nội","Đường 21, Xã Phú Mãn, Quốc Oai, Hà Nội"
"Cập nhật giỏ hàng chuyển nhượng mới nhất Aqua City tháng 3/2025. Nhà phố 100m2 chỉ 4,6 tỷ Full","4,4 tỷ",100 m²,3,4,"Biên Hòa, Đồng Nai","Aqua City, Long Hưng, Biên Hòa, Đồng Nai"
"Bán nhà mặt phố Dương Đình Nghệ, 9,9 tỷ, 67m2, 4PN, 5WC","9,9 tỷ",67 m²,4,5,"Sơn Trà, Đà Nẵng","Đường Dương Đình Nghệ, Phường An Hải Bắc, Sơn Trà, Đà Nẵng"
"Bán đơn lập góc San Hô 1 với 4 mặt công viên, bể bơi, đối diện Ktown, căn Vip độc LH 0946 455 ***",80 tỷ,128 m²,5,5,"Văn Giang, Hưng Yên","Dự án The Empire - Vinhomes Ocean Park 2, Đường San Hô 1, Xã Long Hưng, Văn Giang, Hưng Yên"
"BÁN NHÀ LÔ GÓC SIÊU ĐẸP TẠI CỰ KHỐI Ô TÔ VÀO NHÀ, TRƯỚC NHÀ HỒ NƯỚC PHONG THỦY GIÁ CHỈ HƠN 6 TỶ","6,2 tỷ",34 m²,3,4,"Long Biên, Hà Nội","Đường Bát Khối, Phường Cự Khối, Long Biên, Hà Nội"
Chính chủ bán đất vị trí đẹp khu vực Sơn Trà và Ngũ Hành Sơn,51 tỷ,375 m²,Không có thông tin,Không có thông tin,"Sơn Trà, Đà Nẵng","Phường An Hải Bắc, Sơn Trà, Đà Nẵng"
Em Huy Bắc được chủ nhà gửi bán quỹ căn hộ 2 - 3 phòng ngủ giá cực tốt tại FLC Complex - Phạm Hùng,"4,8 tỷ",70 m²,2,2,"Nam Từ Liêm, Hà Nội","FLC Complex 36 Phạm Hùng, Phạm Hùng, Mỹ Đình 2, Nam Từ Liêm, Hà Nội"
"Bán Khách Sạn Mặt Đường Nguyễn Bỉnh Khiêm, Đằng Hải, Hải An, Hải Phòng, 1236m2, 5 tầng, 1236.15m",100 tỷ,1.236 m²,39,40,"Hải An, Hải Phòng","Đường Nguyễn Bỉnh Khiêm, Phường Đằng Hải, Hải An, Hải Phòng"
Bán đất mặt tiền TL8 Ninh Tân thị xã Ninh Hòa,"3,5 tỷ",1.640 m²,Không có thông tin,Không có thông tin,"Ninh Hòa, Khánh Hòa","Đường ĐT 8, Xã Ninh Tân, Ninh Hòa, Khánh Hòa"
"Bán nhà riêng tại đường Bùi Xương Trạch, Khương Đình, Thanh Xuân, Hà Nội, 8,99 tỷ, 46m2","8,99 tỷ",46 m²,Không có thông tin,Không có thông tin,"Thanh Xuân, Hà Nội","Đường Bùi Xương Trạch, Phường Khương Đình, Thanh Xuân, Hà Nội"
Booking tặng 3 chỉ vàng PNJ - Chiết khấu 15% căn hộ Orchard Heights Sycamore đến từ Capital Land,"3,63 tỷ",75 m²,2,2,"Thủ Dầu Một, Bình Dương","Dự án Orchard Heights - Sycamore, Đường Hùng Vương, Phường Phú Mỹ, Thủ Dầu Một, Bình Dương"
"Bán nhà Ngọc Thụy, 4 tầng 50m, ô tô qua nhà, 50m ra vườn hoa Khai Sơn. 6,7 tỷ","6,69 tỷ",50 m²,3,4,"Long Biên, Hà Nội","Đường Ngọc Thụy, Phường Ngọc Thụy, Long Biên, Hà Nội"
"Bán ngay lô đất siêu đẹp ở Quất Lâm, Giao Thủy, Nam Định, vị trí đẹp, đáng để đầu tư","2,3 tỷ",92 m²,Không có thông tin,Không có thông tin,"Giao Thủy, Nam Định","Thị trấn Quất Lâm, Giao Thủy, Nam Định"
"Tòa nhà CHDV DT 8x28 đúc 4 tấm, 20p full NTCC, có thang máy. Thu nhập 160tr/th NB 10m Cộng Hòa, P13",40 tỷ,211 m²,20,21,"Tân Bình, Hồ Chí Minh","Đường Lê Tấn Quốc, Phường 13, Tân Bình, Hồ Chí Minh"
Cần tiền bán nhanh căn Sam Tower có hỗ trợ vay liên hệ 0906 565 ***,"4,2 tỷ",55 m²,1,2,"Hải Châu, Đà Nẵng","SAM Towers, Đường Như Nguyệt, Phường Thuận Phước, Hải Châu, Đà Nẵng"
"Bán CC River Garden, 9,5 tỷ, 131m2, 2PN, 2WC 0908 947 ***","9,5 tỷ",131 m²,2,2,"Quận 2, Hồ Chí Minh","River Garden, Nguyễn Văn Hưởng, Thảo Điền, Quận 2, Hồ Chí Minh"
"Bán căn 2 ngủ the pride , tố hữu , la khê, hà đông","3,2 tỷ",70 m²,2,2,"Hà Đông, Hà Nội","The Pride, Tố Hữu, La Khê, Hà Đông, Hà Nội"
"(Chú ý) căn hộ Florita giá tốt T3/2025. OT 2 tỷ. 2PN 3,6 tỷ. 3PN 4,8 tỷ. LH 0921 055 *** Giang","3,6 tỷ",70 m²,2,2,"Quận 7, Hồ Chí Minh","Dự án Căn hộ Florita, Đường D4, Phường Tân Hưng, Quận 7, Hồ Chí Minh"
BÁN NHÀ ĐƯỜNG GIẢI PHÓNG - NGỌC HỒI - PHÂN LÔ Ô TÔ - LÔ GÓC - NGÕ Ô TÔ TRÁNH.,"7,4 tỷ",34 m²,4,4,"Hoàng Mai, Hà Nội","Đường Ngọc Hồi, Phường Hoàng Liệt, Hoàng Mai, Hà Nội"
"Bán tòa nhà 4,2x15,5m, 5 lầu Lê Văn Khương ngay Cổng nhà máy Pepsi Việt Nam, quận 12","7,9 tỷ",65 m²,4,6,"Quận 12, Hồ Chí Minh","Phường Thới An, Quận 12, Hồ Chí Minh"
"Bán nhanh miếng đất nền đẹp rẻ, đường Kênh Ngang hơn nửa công tại ấp 3, Tam Hiệp, CT, Tiền Giang",720 triệu,579 m²,Không có thông tin,Không có thông tin,"Châu Thành, Tiền Giang","Ấp 3, Đường Kênh Ngang, Xã Tam Hiệp, Châu Thành, Tiền Giang"
Vị trí vàng - kinh doanh sầm uất - ô tô tránh dừng đỗ - phân lô quân đội ae nhanh tay,"13,8 tỷ",64 m²,8,4,"Thanh Xuân, Hà Nội","Đường Hoàng Văn Thái, Phường Khương Trung, Thanh Xuân, Hà Nội"
Chính chủ bán lô 91.4 Vụ Bản- Minh Trí- Sóc Sơn- Hà nội Giá 1.5 tỷ,"1,5 tỷ","91,4 m²",Không có thông tin,Không có thông tin,"Sóc Sơn, Hà Nội","Minh Trí, Sóc Sơn, Hà Nội"
"BQL tổng hợp quỹ căn mới nhất: 2PN và 3PN, 4PN giá tốt - Full NT và đủ slot ô tô! LH: 0961 846 ***","5,8 tỷ",64 m²,Không có thông tin,Không có thông tin,"Thanh Xuân, Hà Nội","Dự án Legend Tower 109 Nguyễn Tuân, Đường Nguyễn Tuân, Phường Thanh Xuân Trung, Thanh Xuân, Hà Nội"
"Bán chung cư mini Cổ Nhuế, 55m2*6T 14PKK, 20m oto kinh doanh, ngõ thoáng, đủ PCCC, GPXD, DT 70tr/th","10,9 tỷ",55 m²,14,14,"Bắc Từ Liêm, Hà Nội","Đường Cổ Nhuế, Phường Cổ Nhuế 2, Bắc Từ Liêm, Hà Nội"
"Cần bán nhà hàng, trạm dừng nghỉ trên quốc lộ 1A Lạng Sơn giáp cửa khẩu với giá đầu tư","45,9 tỷ",2.700 m²,2,2,"Lạng Sơn, Lạng Sơn","Đường Quốc lộ 1A, Phường Đông Kinh, Lạng Sơn, Lạng Sơn"
"Bán gấp giá rẻ phố Thuỵ Khuê, Tây Hồ, với 24 tỷ có nhà 90m2 mặt phố",24 tỷ,90 m²,1,1,"Tây Hồ, Hà Nội","Đường Thụy Khuê, Phường Thụy Khuê, Tây Hồ, Hà Nội"
30 suất nội bộ giá CĐT cho căn hộ mặt tiền Lê Văn Lương chỉ thanh toán trước 560tr được ck đến 15%,"2,8 tỷ",46 m²,1,1,"Nhà Bè, Hồ Chí Minh","Dự án Khải Hoàn Prime, Đường Lê Văn Lương, Xã Nhơn Đức, Nhà Bè, Hồ Chí Minh"
Bán biệt thự 2 mặt tiền 4 tầng tọa lạc KĐT Vĩnh Điềm Trung vị trí siêu đắc địa giá 22 tỷ,22 tỷ,146 m²,4,4,"Nha Trang, Khánh Hòa","Dự án Vĩnh Điềm Trung, Đường A1, Xã Vĩnh Hiệp, Nha Trang, Khánh Hòa"
"Bán đất khu CNC Hòa Lạc, ngay ngã 4 thành phố Hòa Lạc, Diện tích: 100 m2. Full thổ cư. Giá tốt nhất","4,5 tỷ",100 m²,Không có thông tin,Không có thông tin,"Quốc Oai, Hà Nội","Xã Phú Cát, Quốc Oai, Hà Nội"
"(Chính chủ) bán lô đất nền đẹp tại thôn Muỗi, xã Yên Bài, Ba Vì, Hà Nội","25,3 tỷ",5.867 m²,Không có thông tin,Không có thông tin,"Ba Vì, Hà Nội","Xã Yên Bài, Ba Vì, Hà Nội"
Chính chủ bán biệt thự 427m2 mặt đường Đại Lộ Bình Dương.,40 tỷ,427 m²,4,5,"Thủ Dầu Một, Bình Dương","Đường Đại Lộ Bình Dương, Phường Hiệp Thành, Thủ Dầu Một, Bình Dương"
"Giỏ hàng Happy One Central T3/2025: 1PN 1,7 tỷ | 2PN 2,3 tỷ. Đã có sổ, giá tốt nhất thị trường",Giá thỏa thuận,70 m²,2,2,"Thủ Dầu Một, Bình Dương","Dự án Happy One Central, Đường 30/4, Phường Phú Hòa, Thủ Dầu Một, Bình Dương"
"Chính chủ cần bán gấp căn hộ DT 86m2, 3PN Full đồ đẹp ở CC An Bình City số 232 PVĐ. Giá bán 6,4 tỷ","6,4 tỷ",86 m²,3,2,"Bắc Từ Liêm, Hà Nội","An Bình City, số 232, Đường Phạm Văn Đồng, Phường Cổ Nhuế 1, Bắc Từ Liêm, Hà Nội"
"Bán nhà chính chủ gia đình xây tâm huyết 5T - 45m2 - MT 4,1 trung tâm Hà Đông, đường 2 ô tô tránh",11 tỷ,45 m²,4,3,"Hà Đông, Hà Nội","Đường Nhuệ Giang, Phường Quang Trung, Hà Đông, Hà Nội"
"Song lập compound, bất ngờ giảm giá sâu, vị trí đẹp nhất khu compound","26,99 tỷ",200 m²,5,5,"Quận 9, Hồ Chí Minh","Dự án The Manhattan Glory, Đường Nguyễn Xiển, Phường Long Bình, Quận 9, Hồ Chí Minh"
"5,48tỷ 3tầng 4PN Quang Trung Vincom P10GV nở 5m ngang.","5,48 tỷ",40 m²,4,3,"Gò Vấp, Hồ Chí Minh","Đường Quang Trung, Phường 10, Gò Vấp, Hồ Chí Minh"
"Chính chủ cần bán nhà mặt tiền 83 đường Trần Thị Kỷ p Ngô Mây tp Quy Nhơn, Bình Định",7 tỷ,"58,43 m²",5,3,"Quy Nhơn, Bình Định","Đường Trần Thị Kỳ, Phường Ngô Mây, Quy Nhơn, Bình Định"
"Ban quản lý cập nhật quỹ 100 căn hộ 2PN-3PN giá 5,7 tỷ đến 7,2 tỷ tốt nhất dự án Hoàng Thành Pearl","6,06 tỷ",80 m²,2,Không có thông tin,"Nam Từ Liêm, Hà Nội","Dự án Hoàng Thành Pearl, Đường Nguyễn Văn Giáp, Phường Cầu Diễn, Nam Từ Liêm, Hà Nội"
"Bán đất Huy Hoàng cặp 5x20m 195tr, 8x20m 170tr,MT Trương Văn Bang 6 tầng 210tr, có nhiều vị trí....","23,1 tỷ",110 m²,Không có thông tin,Không có thông tin,"Quận 2, Hồ Chí Minh","Thạnh Mỹ Lợi, Đường Trương Văn Bang, Phường Thạnh Mỹ Lợi, Quận 2, Hồ Chí Minh"
"Bán CC EHome 3, 1PN, 1WC, 50m2, giá chốt 1,65 tỷ ở Hồ Học Lãm, Bình Tân, HCM. LH: 0915 318 ***","1,65 tỷ",50 m²,1,1,"Bình Tân, Hồ Chí Minh","Khu căn hộ EHome 3, Hồ Học Lãm, An Lạc, Bình Tân, Hồ Chí Minh"
"Chính chủ gửi bán gấp căn 52,5m2 giá 2 tỷ 190 triệu đường Lê Lai, Phường 3, Gò Vấp. Hẻm xe hơi 5m","2,19 tỷ","52,5 m²",4,4,"Gò Vấp, Hồ Chí Minh","Đường Lê Lai, Phường 3, Gò Vấp, Hồ Chí Minh"
Quỹ căn chuyển nhượng cắt lỗ giá rẻ nhất thị trường tại Sunshine Green Iconic - Em Long 0355 863 ***,"13,8 tỷ",165 m²,2,Không có thông tin,"Long Biên, Hà Nội","Dự án Sunshine Green Iconic, Phường Phúc Đồng, Long Biên, Hà Nội"
"Góc 3MT đường Nguyễn An - Nguyễn Văn Kỉnh - đường số 59, 395m2 - XD hầm 7 tầng khan hiếm giá 185 tỷ",185 tỷ,395 m²,7,7,"Quận 2, Hồ Chí Minh","Đường Nguyễn Văn Kỉnh, Phường Thạnh Mỹ Lợi, Quận 2, Hồ Chí Minh"
Siêu phẩm đất nền khu đô thị Nam Hòa Xuân Đà Nẵng,Giá thỏa thuận,100 m²,Không có thông tin,Không có thông tin,"Ngũ Hành Sơn, Đà Nẵng","Dự án Han River Village (Nam Hòa Xuân), Đường Minh Mạng, Phường Hòa Quý, Ngũ Hành Sơn, Đà Nẵng"
"Bán nhà riêng tại 500/4 Nguyễn Chí Thanh, Quận 10, TP.HCM giá 16,5 tỷ, Diện tích 110m2.","16,5 tỷ",110 m²,Không có thông tin,Không có thông tin,"Quận 10, Hồ Chí Minh","Đường Nguyễn Chí Thanh, Phường 7, Quận 10, Hồ Chí Minh"
Vị Trí Kinh Doanh Đỉnh. Nhà Trong Chợ Lạc Quang - Tân Thới Nhất - Quận 12. Hẻm Oto Tải. 2 Lầu. 85m2,6 tỷ,85 m²,2,2,"Quận 12, Hồ Chí Minh","Đường Tân Thới Nhất 1, Phường Tân Thới Nhất, Quận 12, Hồ Chí Minh"
05 căn góc/xẻ khe cuối cùng của Sapphire Gem HP - giá không tăng - chiết khấu cao nhất thị trường,"6,9 tỷ",141 m²,Không có thông tin,Không có thông tin,"Thủy Nguyên, Hải Phòng","Dự án Sapphire Gem Hải Phòng, Phường Thủy Đường, Thủy Nguyên, Hải Phòng"
"BÁN NHÀ AN TRAI - VÂN CANH 7 T THANG MÁY GARA Ô TÔ NGÕ THÔNG - K/D 40M2 -7,8 TỶ .","7,8 tỷ",40 m²,4,3,"Hoài Đức, Hà Nội","Đường An Trai, Xã Vân Canh, Hoài Đức, Hà Nội"
"Bán nhà mặt phố Đường Thạch Thị Thanh, Tân Định, Quận 1, 19,9 tỷ, 76,5m2","19,9 tỷ",119 m²,3,2,"Quận 1, Hồ Chí Minh","Đường Thạch Thị Thanh, Phường Tân Định, Quận 1, Hồ Chí Minh"
Chính chủ bán nhà số 41 ngõ 164 Vương Thừa Vũ quận Thanh Xuân,13 tỷ,48 m²,Không có thông tin,Không có thông tin,"Thanh Xuân, Hà Nội","Số 41 ngõ 164, Đường Vương Thừa Vũ, Phường Khương Trung, Thanh Xuân, Hà Nội"
"Bán căn hộ Depot Metro Tham Lương, Tân Thới Nhất, Quận 12 với 3 phòng ngủ giá 3.5 tỷ","3,5 tỷ",88 m²,3,2,"Quận 12, Hồ Chí Minh","Dự án Depot Metro Tham Lương, Đường Tân Thới Nhất 17, Phường Tân Thới Nhất, Quận 12, Hồ Chí Minh"
Chính chủ cần bán lô góc 308m2 trục chính Mễ Sở - Văn Giang đối diện vành đai 4 giá đầu tư,"12,63 tỷ",308 m²,Không có thông tin,Không có thông tin,"Văn Giang, Hưng Yên","Xã Mễ Sở, Văn Giang, Hưng Yên"
"Xuất đầu tư giá chỉ từ 2,xtỷ rẻ nhất dự án sổ sẵn, cách Ngã Tư Sở 33km tại KĐT Centre Ville",Giá thỏa thuận,100 m²,Không có thông tin,Không có thông tin,"Lương Sơn, Hòa Bình","Dự án Centre Ville Lương Sơn, Xã Tân Vinh, Lương Sơn, Hòa Bình"
"Tốt nhất trung tâm Sài Gòn, bán Hotel 4 sao Fusion Suites, thu nhập 5-6 tỷ/th, pháp lý chuẩn 100%",850 tỷ,"914,3 m²",Không có thông tin,Không có thông tin,"Quận 1, Hồ Chí Minh","3 - 3A - 3B - 5, Đường Sương Nguyệt Ánh, Phường Bến Thành, Quận 1, Hồ Chí Minh"
"Tốt nhất trung tâm Sài Gòn, bán Hotel 4 sao Fusion Suites, thu nhập 5-6 tỷ/th, pháp lý chuẩn 100%",850 tỷ,"914,3 m²",Không có thông tin,Không có thông tin,"Quận 1, Hồ Chí Minh","3 - 3A - 3B - 5, Đường Sương Nguyệt Ánh, Phường Bến Thành, Quận 1, Hồ Chí Minh"
Chính chủ cần bán nhà phân lô phố Nghĩa Đô 2 mặt ngõ ô tô tránh 6 tầng thang máy 70m2 giá 33 tỷ,33 tỷ,70 m²,6,Không có thông tin,"Cầu Giấy, Hà Nội","Phố Nghĩa Đô, Phường Nghĩa Đô, Cầu Giấy, Hà Nội"
"NHÀ PHỐ BIỂN! Nhà 4 tầng ,căn góc ,2 mặt tiền ,2 giếng trời , bếp 2 mặt tiền. Tổng diện tích 273m2.",8 tỷ,273 m²,5,3,"Phan Rang - Tháp Chàm, Ninh Thuận","Lô 18 , dãy N3 Đường Võ Giới Sơn, Phường Mỹ Hải, Phan Rang - Tháp Chàm, Ninh Thuận"
Chỉ 46 Tỷ Có Toà BUIDINH Trung Kính Dt108m 8T Mt6m 2 Thoáng trước sau Vỉa hè oto tránh Kd ngày đêm,46 tỷ,108 m²,Không có thông tin,Không có thông tin,"Cầu Giấy, Hà Nội","Phường Trung Hòa, Cầu Giấy, Hà Nội"
"Bán lô đất nằm sát khu CNC Hoà Lạc, giá chỉ 25 triệu/m, 2 mặt tiền thông thoáng","24,75 triệu",100 m²,Không có thông tin,Không có thông tin,"Thạch Thất, Hà Nội","Đường 420, Xã Bình Yên, Thạch Thất, Hà Nội"
"Bán CC Mizuki Park, giá cực chất 3,4 tỷ, 72m2, 2PN, 2WC, đầy đủ nội thất tại Bình Hưng BC","3,4 tỷ",72 m²,2,2,"Bình Chánh, Hồ Chí Minh","Dự án Mizuki Park, Đường Nguyễn Văn Linh, Xã Bình Hưng, Bình Chánh, Hồ Chí Minh"
"Chuyển nhượng căn hộ giá tốt còn lại tại Sudico DT: 57m2, 65m2, 85m2, 100m2, 105m2, 132m2, 207m2",Giá thỏa thuận,132 m²,4,3,"Nam Từ Liêm, Hà Nội","Dự án Sudico Mỹ Đình, Đường Phạm Hùng, Phường Mỹ Đình 1, Nam Từ Liêm, Hà Nội"
"Nhà mới xây dụng 1 trệt 1 lầu 3PN đường ô tô 2 chiều, An Hòa Bình, Sa Đức, Đồng Tháp",2 tỷ,110 m²,3,2,"Sa Đéc, Đồng Tháp","Phường An Hòa, Sa Đéc, Đồng Tháp"
"Bán nhà mặt phố 67m2, giá 35 tỷ tại Huỳnh Khương Ninh, Đa Kao, Q1, HCM",35 tỷ,320 m²,6,7,"Quận 1, Hồ Chí Minh","Đường Huỳnh Khương Ninh, Phường Đa Kao, Quận 1, Hồ Chí Minh"
"Chung cư Sunrise City view block B view full Q1, nhà full nội thất, nhà đẹp vào ở liền","3,8 tỷ",65 m²,2,2,"Quận 7, Hồ Chí Minh","Dự án Sunrise City, Đường Nguyễn Hữu Thọ, Phường Tân Hưng, Quận 7, Hồ Chí Minh"
Villa Park - Full giỏ hàng - Giá tốt nhất - Sổ riêng hoàn công - 18 tỷ đến 42 tỷ,17 tỷ,160 m²,3,3,"Quận 9, Hồ Chí Minh","Dự án Villa Park, Đường Bưng Ông Thoàn, Phường Phú Hữu, Quận 9, Hồ Chí Minh"
Giá thật! - Hàng hiếm - Tầng đẹp- Savills vận hành chuyên nghiệp,"2,45 tỷ",65 m²,2,2,"Bình Chánh, Hồ Chí Minh","Dự án Lovera Vista, Đường Trịnh Quang Nghị, Xã Phong Phú, Bình Chánh, Hồ Chí Minh"
"Bán nhà MT 187 Nguyễn Văn Trỗi P10 Phú Nhuận ,DT:20x35 cn 650m2- 3 tầng-HDT 800Tr/tháng giá 220 Tỷ",220 tỷ,666 m²,Không có thông tin,Không có thông tin,"Phú Nhuận, Hồ Chí Minh","Đường Nguyễn Văn Trỗi, Phường 10, Phú Nhuận, Hồ Chí Minh"
"Bán căn hộ chung cư tại Thụy Khuê, Tây Hồ, Hà Nội, giá cực chất 100 triệu / m2, 178 m2","17,8 tỷ",178 m²,Không có thông tin,Không có thông tin,"Tây Hồ, Hà Nội","Phường Thụy Khuê, Tây Hồ, Hà Nội"
"Bán nhanh căn 3PN (68m2) tại KĐT Sun Urban City Hà Nam, chính sách và ưu đãi tốt nhất thị trường","1,82 tỷ",68 m²,3,2,"Phủ Lý, Hà Nam","Dự án Sun Urban City, Phường Lam Hạ, Phủ Lý, Hà Nam"
"Full giá chỉ 5,x tỷ sở hữu ngay ""Siêu phẩm"" Shophose - liền kề khu đô thị nghỉ dưỡng Sun Urban City","6,22 tỷ",60 m²,6,6,"Phủ Lý, Hà Nam","Sun Urban City, Phường Lam Hạ, Phủ Lý, Hà Nam"
"CẦN BÁN NHANH CĂN HỘ 67M2,2N,2WC HD MON HÀM NGHI - LH. 0946 989 ***",5 tỷ,67 m²,2,2,"Nam Từ Liêm, Hà Nội","Mon City - Hải Đăng City, Đường Hàm Nghi, Phường Mỹ Đình 2, Nam Từ Liêm, Hà Nội"
"Gia đình bán căn hộ tại Thanh Xuân Complex 3 pn, 122m2, full đồ đẹp, ban công Tây Bắc, sổ đỏ",10 tỷ,122 m²,3,2,"Thanh Xuân, Hà Nội","Dự án Thanh Xuân Complex, Phố Lê Văn Thiêm, Phường Thanh Xuân Trung, Thanh Xuân, Hà Nội"
Chính chủ gửi bán nhanh căn biệt thự song lập Starlake Tây Hồ Tây. Giá chỉ 390tr/m2. Không tiếp MG,"93,6 tỷ",240 m²,4,3,"Tây Hồ, Hà Nội","KĐT Tây Hồ Tây - Starlake Hà Nội, Xuân La, Tây Hồ, Hà Nội"
Bán nhà mặt phố Lê Lợi Hà Đông 60/100m2 4T Mặt tiền 5m hơn 32 tỷ kinh doanh ô tô tránh vỉa hè CC,"32,8 tỷ",60 m²,4,4,"Hà Đông, Hà Nội","Đường Lê Lợi, Phường Nguyễn Trãi, Hà Đông, Hà Nội"
"Bán đất phân lô 363m2 - mặt tiền 16m - tại Tân Tiến - Chương Mỹ - Hà Nội, chỉ 4 tỷ",4 tỷ,363 m²,Không có thông tin,Không có thông tin,"Chương Mỹ, Hà Nội","Xã Tân Tiến, Chương Mỹ, Hà Nội"
Cần bán căn hộ penthouse Masteri Thảo Điền suất spa chuyển nhượng được cho người nước ngoài,18 tỷ,"189,5 m²",3,3,"Quận 2, Hồ Chí Minh","Dự án Masteri Thảo Điền, Đường Xa Lộ Hà Nội, Phường Thảo Điền, Quận 2, Hồ Chí Minh"
Cần chuyển nhượng 1422m sổ đỏ lâu dài.. Rất phù hợp kinh doanh mọi ngành nghề nhà hàng kho bãi,"15,65 tỷ",1.423 m²,Không có thông tin,Không có thông tin,"Thuận Thành, Bắc Ninh","Đường Quốc Lộ 17, Xã An Bình, Thuận Thành, Bắc Ninh"
Cắt lỗ gần 300tr-tầng trung - 2 phòng 2WC - có ban công - 1 tỷ 355tr - view Phạm Thế Hiển - Giá rẻ,"1,36 tỷ",57 m²,2,2,"Quận 8, Hồ Chí Minh","Dream Home Riverside, Nguyễn Văn Linh, 7, Quận 8, Hồ Chí Minh"
TOÀ NHÀ ILA NGAY NGUYỄN THỊ MINH KHAI - HẦM 7 TẦNG,250 tỷ,200 m²,7,7,"Quận 1, Hồ Chí Minh","Đường Mạc Đĩnh Chi, Phường Bến Nghé, Quận 1, Hồ Chí Minh"
"Hàng cực hiếm! Bán nhanh căn hộ Seasons Avenue, dt 117m2, full đồ đẹp, giá 7 tỷ, hướng mát, SHLD",7 tỷ,117 m²,3,2,"Hà Đông, Hà Nội","Dự án Seasons Avenue, Phường Mỗ Lao, Hà Đông, Hà Nội"
"Bán gấp đất đấu giá sổ đỏ đường 33m khu Lideco, Hoài Đức, Hà Nội. LH: 0913 380 ***",Giá thỏa thuận,69 m²,Không có thông tin,Không có thông tin,"Hoài Đức, Hà Nội","Đường Quốc lộ 32, Thị trấn Trạm Trôi, Hoài Đức, Hà Nội"
"Bán căn hộ River Panorama (55m2, 2PN, 3.1tỷ); (64m2, 2PN, 3.55tỷ); (90m, 3PN, 4.8 tỷ), có nhiều căn","3,1 tỷ",55 m²,2,Không có thông tin,"Quận 7, Hồ Chí Minh","River Panorama, 20, Đường Lê Thị Chợ, Phường Phú Thuận, Quận 7, Hồ Chí Minh"
"Bán đất dịch vụ tại TT Trôi - Vị trí đẹp, tiềm năng kinh doanh. LH: 0966 615 ***",Giá thỏa thuận,73 m²,Không có thông tin,Không có thông tin,"Hoài Đức, Hà Nội","Thị trấn Trạm Trôi, Hoài Đức, Hà Nội"
"SIÊU PHẨM HIẾM CĂN XẺ KHE MẶT ĐƯỜNG 25M, ĐẠI LỘ HỪNG ĐÔNG GIÁ CHỈ 15 TỶ",15 tỷ,105 m²,Không có thông tin,Không có thông tin,"Văn Giang, Hưng Yên","The Crown - Vinhomes Ocean Park 3, Nghĩa Trụ, Văn Giang, Hưng Yên"
"VIP - Giga Mall - Khu Bên Sông Hiệp Bình Chánh, Thủ Đức - Nhà 5 lầu, 96m2 chỉ 9,68 tỷ - TL","9,68 tỷ",90 m²,Không có thông tin,Không có thông tin,"Thủ Đức, Hồ Chí Minh","Phường Hiệp Bình Chánh, Thủ Đức, Hồ Chí Minh"
"Bán đất tái định cư Vai Réo, Phú Cát, Quốc Oai - Cơ hội đầu tư vàng tại khu CNC Hòa Lạc","3,05 tỷ",60 m²,Không có thông tin,Không có thông tin,"Quốc Oai, Hà Nội","Đường Vai Réo, Xã Phú Cát, Quốc Oai, Hà Nội"
Siêu phẩm mặt phố Nguyễn Trãi 200m2x11T. MT: 10m. Lô góc 2 mặt tiền. KD vô đối dòng tiền 7tỷ/năm,110 tỷ,200 m²,8,9,"Thanh Xuân, Hà Nội","Đường Nguyễn Trãi, Phường Hạ Đình, Thanh Xuân, Hà Nội"
"Nhận cọc 5 suất nội bộ KĐT LA Home được miễn gốc lãi 24th, giá từ 2,9 tỷ/căn, CK 15%, bank 70%",Giá thỏa thuận,100 m²,3,4,"Bến Lức, Long An","Dự án LA Home Long An, Xã Lương Hòa, Bến Lức, Long An"
Cần bán căn hộ Mezza siêu độc tại The Wisteria - Giá siêu tốt - Liên hệ ngay 0979 198 ***,Giá thỏa thuận,175 m²,Không có thông tin,Không có thông tin,"Hoài Đức, Hà Nội","Xã Di Trạch, Hoài Đức, Hà Nội"
"Chính chủ cần thanh khoản gấp lô đất 107m2 đường Tân Mai, cạnh dự án Louis City Hoàng Mai.","26,2 tỷ",107 m²,Không có thông tin,Không có thông tin,"Hoàng Mai, Hà Nội","Đường Tân Mai, Phường Hoàng Văn Thụ, Hoàng Mai, Hà Nội"
"Đã có sổ - có ban công - tầng trung - Tara Residence - 68m2 2PN 2WC 3 tỷ 150 triệu bao thuế, thật","3,15 tỷ",68 m²,2,2,"Quận 8, Hồ Chí Minh","Dự án Tara Residence, Phố Tạ Quang Bửu, Phường 6, Quận 8, Hồ Chí Minh"
"Ngõ thông-trước nhà view thoáng-oto cách nhà 15m, anh/chị xây nhà hoặc đầu tư quá đẹp - 156tr/m2","7,8 tỷ",50 m²,Không có thông tin,Không có thông tin,"Hoàng Mai, Hà Nội","Phường Tân Mai, Hoàng Mai, Hà Nội"
"Song lập, nhà đẹp xuất sắc, có hồ bơi, giá 69,999 tỷ có thương lượng",70 tỷ,220 m²,3,4,"Long Biên, Hà Nội","Dự án Vinhomes The Harmony, Phường Việt Hưng, Long Biên, Hà Nội"
"Chính chủ cần bán căn hộ The Priva, Q. Bình Tân, 83m2, 3PN, giá 5,2 tỷ, sổ hồng LH: 0909 242 ***","5,2 tỷ",83 m²,3,2,"Bình Tân, Hồ Chí Minh","Dự án The Privia, Đường An Dương Vương, Phường An Lạc, Bình Tân, Hồ Chí Minh"
"Nhà phố giá tốt, doanh thu đỉnh tại Trung Hòa, Cầu Giấy, Hà Nội",29 tỷ,85 m²,Không có thông tin,Không có thông tin,"Cầu Giấy, Hà Nội","Phường Trung Hòa, Cầu Giấy, Hà Nội"
Kẹt vốn cần bán Topaz Elite - Aeon Mall - 60m2 2.880 tỷ-79m2 3.29 tỷ tầng thấp- 3.380 tỷ tầng trung,"2,89 tỷ",60 m²,2,2,"Quận 8, Hồ Chí Minh","Dự án Topaz Elite, Đường Cao Lỗ, Phường 4, Quận 8, Hồ Chí Minh"
ECO RETREAT_ RỪNG RETREAT CỦA RIÊNG BẠN_LIÊN HỆ NGAY ĐỂ NHẬN NHIỀU ƯU ĐÃI TỪ CHỦ ĐẦU TƯ ECOPARK,Giá thỏa thuận,510 m²,4,5,"Bến Lức, Long An","Eco Retreat Long An, Đường Nguyễn Hữu Trí, Xã Thanh Phú, Bến Lức, Long An"
"Rổ hàng chính chủ nhà phố Mega Village Khang Điền mới nhất. Giá bán từ 6,98 tỷ/căn. Gọi O982667473","6,98 tỷ",75 m²,4,3,"Quận 9, Hồ Chí Minh","Dự án Mega Village, Đường Vành Đai 2, Phường Phú Hữu, Quận 9, Hồ Chí Minh"
"Bán đất tại đường Bãi Tiên Tân, Xã Hồng Hà, Đan Phượng, Hà Nội, 2,5 tỷ, 78 m2, giá siêu hời","2,5 tỷ",78 m²,Không có thông tin,Không có thông tin,"Đan Phượng, Hà Nội","Đường Bãi Tiên Tân, Xã Hồng Hà, Đan Phượng, Hà Nội"
Vung Tau Centre Point căn hộ 2PN tầng cao view biển giỏ hàng cuối giá cực tốt - 0963 913 *** mrs Nhân,"3,3 tỷ",72 m²,2,Không có thông tin,"Vũng Tàu, Bà Rịa Vũng Tàu","Dự án Vung Tau Centre Point, Đường Nguyễn Hữu Cảnh, Phường Nguyễn An Ninh, Vũng Tàu, Bà Rịa Vũng Tàu"
"Hàng hiếm mảnh đất đô thị đẹp xuất sắc tầm giá hơn 1 tỷ, P. Minh Đức, TX.Mỹ Hào, 4 chỗ vào tận đất","1,3 tỷ",76 m²,Không có thông tin,Không có thông tin,"Mỹ Hào, Hưng Yên","Đường Quốc Lộ 5, Phường Minh Đức, Mỹ Hào, Hưng Yên"
"Cần bán shophouse Him Lam Vạn Phúc mặt đường Tố Hữu, vị trí đẹp giá tốt",Giá thỏa thuận,91 m²,Không có thông tin,Không có thông tin,"Hà Đông, Hà Nội","Dự án Him Lam Vạn Phúc, Đường Tố Hữu, Phường Vạn Phúc, Hà Đông, Hà Nội"
Căn hộ TOPAZ CITY- Quận 8 -GIÁ TỐT thời điểm NÀY- 70m2 2pn 2wc tầng trung- 2.690 tỷ_ 0327 528 ***,"2,69 tỷ",70 m²,2,2,"Quận 8, Hồ Chí Minh","Topaz City, Cao Lỗ, 4, Quận 8, Hồ Chí Minh"
"Cập nhật rổ hàng mua bán căn hộ Carillon 7 giá tốt nhất, căn 1PN - 2PN - 3PN nhân viên chủ đầu tư",3 tỷ,50 m²,2,1,"Tân Phú, Hồ Chí Minh","Dự án Carillon 7, 33 Lương Minh Nguyệt, Phường Tân Thới Hòa, Tân Phú, Hồ Chí Minh"
RỔ HÀNG SANG NHƯỢNG TỐT NHẤT CELADON CITY THÁNG 3/2025,"3,8 tỷ",71 m²,2,2,"Tân Phú, Hồ Chí Minh","Emerald - Celadon City, N4, Sơn Kỳ, Tân Phú, Hồ Chí Minh"
Shophouse trục đường chính đô thị đã xây thô hoàn thiện mặt ngoài sẵn kinh doanh,"5,5 tỷ",120 m²,Không có thông tin,Không có thông tin,"Phú Thọ, Phú Thọ","Dự án Âu Cơ Park City, Đường Trường Chinh, Phường Âu Cơ, Phú Thọ, Phú Thọ"
"Nhà HXH ngay Phạm Văn Đồng - Phường Linh Tây, TP. Thủ Đức, 109m2, giá chỉ 5,86 tỷ (thương lượng)","5,86 tỷ",109 m²,3,2,"Thủ Đức, Hồ Chí Minh","Phường Linh Tây, Thủ Đức, Hồ Chí Minh"
"Bán căn hộ chung cư Packexim Tây Hồ, 130m2 căn góc BC Đông Nam view cầu Nhật Tân. LH 0966 998 ***",Giá thỏa thuận,130 m²,3,2,"Tây Hồ, Hà Nội","Dự án Packexim, Phường Phú Thượng, Tây Hồ, Hà Nội"
"Thơm, Thu nhập 200tr Tòa nhà 5 tầng DT 335m2 ngang 8m phường Trường Thọ, Thủ Đức",41 tỷ,325 m²,36,36,"Thủ Đức, Hồ Chí Minh","Đường 12, Phường Trường Thọ, Thủ Đức, Hồ Chí Minh"
"Bán gấp quỹ căn hộ Mandarin Garden - update T3/2025 - hàng chính chủ, đa dạng, cam kết rẻ nhất TT","15,62 tỷ",168 m²,3,2,"Cầu Giấy, Hà Nội","Dự án Mandarin Garden, Đường Hoàng Minh Giám, Phường Trung Hòa, Cầu Giấy, Hà Nội"
"Bán căn hộ Sunrise Riverside tốt nhất 2PN 70m2 giá 3.8 tỷ, 3PN giá 4.3 tỷ","3,8 tỷ",70 m²,2,2,"Nhà Bè, Hồ Chí Minh","Dự án Sunrise Riverside, Đường Nguyễn Hữu Thọ, Xã Phước Kiển, Nhà Bè, Hồ Chí Minh"
Nhà 2 tầng 64m2 Quận 8 giá rẻ chỉ duy nhất 1 căn,"1,39 tỷ",26 m²,2,2,"Quận 8, Hồ Chí Minh","Đường Cao Lỗ, Phường 4, Quận 8, Hồ Chí Minh"
"Bán biệt thự khu đô thị Ciputra The Melody Ciputra DT 230m2 4 tầng MT 33m giá 66 tỷ Tây Hồ, Hà Nội",66 tỷ,230 m²,6,Không có thông tin,"Tây Hồ, Hà Nội","Dự án Kita Capital Ciputra, Phường Phú Thượng, Tây Hồ, Hà Nội"
"Bán biệt thự HDI Tây Hồ 132m2 - 135m2 - 237m2 xây 3.5 tầng, 1 hầm, đầu chờ thang máy, sổ đỏ cất két",Giá thỏa thuận,132 m²,4,4,"Tây Hồ, Hà Nội","Tây Hồ Residence, 68A, Đường Võ Chí Công, Phường Xuân La, Tây Hồ, Hà Nội"
"Cần bán nhà riêng với giá 16 tỷ VND tại phường Xuân Đỉnh, Bắc Từ Liêm, Hà Nội, diện tích 64.7m2",16 tỷ,"64,7 m²",3,3,"Bắc Từ Liêm, Hà Nội","Phường Xuân Đỉnh, Bắc Từ Liêm, Hà Nội"
"(Giá thật).Bán căn 2PN2WC Home City, Trung Kính- Giá 5,4tỷ- Tầng trung, view nội khu- Full nội thất","5,43 tỷ",61 m²,2,2,"Cầu Giấy, Hà Nội","Dự án Home City - Trung Kính Complex, Phố Trung Kính, Phường Yên Hòa, Cầu Giấy, Hà Nội"
"Bán đất nền tại Giao Phong, giá rẻ chỉ từ 1,3 tỷ vnd, diện tích 80, 90, 100m2","1,3 tỷ",100 m²,Không có thông tin,Không có thông tin,"Giao Thủy, Nam Định","Xã Giao Phong, Giao Thủy, Nam Định"
"Quỹ căn hộ bán lại The Matrix One. 2PN, 3PN, đập thông, giá cực tốt đã có sổ LH: 0924 952 ***",10 tỷ,"114,33 m²",3,2,"Nam Từ Liêm, Hà Nội","Dự án The Matrix One, Đường Lê Quang Đạo, Phường Mễ Trì, Nam Từ Liêm, Hà Nội"
Bán nhà lô gốc 2 mặt tiền cực hiếm,"11,95 tỷ",115 m²,5,4,"Quận 8, Hồ Chí Minh","Đường Số 3, Phường 7, Quận 8, Hồ Chí Minh"
"Cần bán nhanh lô đất 2 mặt tiền 10,5m và 7,5m Hoàng Minh Thảo","7,8 tỷ",200 m²,Không có thông tin,Không có thông tin,"Liên Chiểu, Đà Nẵng","Đường Hoàng Minh Thảo, Phường Hòa Khánh Nam, Liên Chiểu, Đà Nẵng"
"Chính chủ gửi bán nhanh 75m2 2PN - 2WC Flora Novia, Linh Tây, Thủ Đức. LH tư vấn 0767 500 ***",Giá thỏa thuận,75 m²,2,2,"Thủ Đức, Hồ Chí Minh","Dự án Flora Novia, Đường Phạm Văn Đồng, Phường Linh Tây, Thủ Đức, Hồ Chí Minh"
"Chính chủ cần bán căn số 05A tòa G2, 63,11m2, 2PN - 1WC, 4.2 tỷ, giá cắt lỗ 300tr Green Bay","4,2 tỷ","63,1 m²",2,1,"Nam Từ Liêm, Hà Nội","Dự án Vinhomes Green Bay Mễ Trì, Đường Đại lộ Thăng Long, Phường Mễ Trì, Nam Từ Liêm, Hà Nội"
"Hàng hiếm tại Sunrise City, 3,9 tỷ bao hết, 71 m2, 2PN, 2WC sổ hồng, Full NT xem nhà 0909 719 ***","3,9 tỷ",71 m²,2,2,"Quận 7, Hồ Chí Minh","Sunrise City, Đường Nguyễn Hữu Thọ, Phường Tân Hưng, Quận 7, Hồ Chí Minh"
"Chính chủ bán CCCC The Senique 3PN - 83,2m2 tại Vinhomes Ocean Park Gia Lâm giá 75tr/m2","6,24 tỷ","83,2 m²",3,2,"Gia Lâm, Hà Nội","Dự án Chung cư The Senique Hanoi , Xã Dương Xá, Gia Lâm, Hà Nội"
Căn hộ 2PN 2WC cuối cùng tại Park Legend ký HĐ trực tiếp từ chủ đầu tư Tân Bình ICC,"5,9 tỷ",70 m²,2,2,"Tân Bình, Hồ Chí Minh","Park Legend, 251, Đường Hoàng Văn Thụ, Phường 2, Tân Bình, Hồ Chí Minh"
Toàn căn hộ 7 tầng thang máy pccc. Mặt tiền đường VÕ AN NINH. ĐỐI DIỆN PCSGTTP ĐÀ NẴNG. KÍN PHÒNG,12 tỷ,563 m²,12,14,"Cẩm Lệ, Đà Nẵng","Đường Võ An Ninh, Phường Hòa Xuân, Cẩm Lệ, Đà Nẵng"
Bán toà căn hộ mặt Hồ Tây 260m2x10 tầng. Doanh thu khủng 600 triệu / tháng. LH 0948 298 ***,148 tỷ,260 m²,30,30,"Tây Hồ, Hà Nội","Phố Yên Hoa, Phường Yên Phụ, Tây Hồ, Hà Nội"
"Bán nhà riêng 54m² x 2T view cực đẹp ngay trung tâm TP. Đà Nẵng, sát Cầu Rồng, Cầu Tình Yêu","3,15 tỷ",54 m²,2,1,"Sơn Trà, Đà Nẵng","Đường Trần Hưng Đạo, Phường An Hải Nam, Sơn Trà, Đà Nẵng"
"Bán gấp nhà 3 tầng mới đẹp tại Phụng Châu, gần Ga Yên Nghĩa chỉ 2.7 tỷ","2,7 tỷ",31 m²,3,2,"Chương Mỹ, Hà Nội","Đường Quốc lộ 6, Xã Phụng Châu, Chương Mỹ, Hà Nội"
Siêu hót: 3.6 bao phí căn Chính chủ bán 2PN + : Tòa GS1 61.7m2 - The Miami - Smart City,"3,6 tỷ","61,7 m²",2,2,"Nam Từ Liêm, Hà Nội","Dự án The Miami, Phường Tây Mỗ, Nam Từ Liêm, Hà Nội"
"Bán Nhà Riêng 4,55 tỷ tại Đường Tiên Trượng, Thị trấn Xuân Mai, Chương Mỹ, Hà Nội, 169m2","4,55 tỷ",169 m²,3,2,"Chương Mỹ, Hà Nội","Đường Tiên Trượng, Thị trấn Xuân Mai, Chương Mỹ, Hà Nội"
"Giờ tìm đâu ra 1 căn hộ 2PN xịn như thế này mà chỉ 4,2 tỷ full VAT + KPBT? Xem ngay!","4,2 tỷ",72 m²,2,2,"Quận 9, Hồ Chí Minh","Dự án Masteri Centre Point, Phường Long Bình, Quận 9, Hồ Chí Minh"
"Chính chủ bán 2PN +: Tòa D 62.29m2, 3.9 tỷ - Masteri - Vin Smart City, mua bán nhanh gia lộc 50tr","3,9 tỷ","62,29 m²",2,2,"Nam Từ Liêm, Hà Nội","Dự án Masteri West Heights, Phường Tây Mỗ, Nam Từ Liêm, Hà Nội"
"Bán căn 1PN +: Tòa I2 - 43.2m2, 2.6 tỷ - Imperia Smart City, chính chủ cần bán gấp tuần này","2,6 tỷ","43,2 m²",1,1,"Nam Từ Liêm, Hà Nội","Dự án Imperia Smart City, Đường Đại lộ Thăng Long, Phường Tây Mỗ, Nam Từ Liêm, Hà Nội"
Hot! Bán nhà mặt phố Ngọc Thụy kinh doanh sầm uất - sổ đỏ rõ ràng - nhà còn rất mới LH: 0916 825 ***,Giá thỏa thuận,82 m²,2,1,"Long Biên, Hà Nội","Đường Ngọc Thụy, Phường Ngọc Thụy, Long Biên, Hà Nội"
"HÀNG ĐỘC QUYỀN, CĂN 3PN GÓC VIEW BIỂN, CĐT HỖ TRỢ VAY 70%,VỊ TRÍ TRUNG TÂM QUY HOẠCH THƯƠNG MẠI ĐN","1,44 tỷ",70 m²,2,2,"Liên Chiểu, Đà Nẵng","Dự án The Ori Garden, Đường Mê Linh, Phường Hòa Hiệp Nam, Liên Chiểu, Đà Nẵng"
"Studio tòa TK2 29.1m2 - Tonkin, 1 tỷ 770 - Vinhomes Smart City (DT TT 25m2) - chính chủ bán cắt lỗ","1,77 tỷ","29,1 m²",1,1,"Nam Từ Liêm, Hà Nội","Dự án The Tonkin - Vinhomes Smart City, Phường Tây Mỗ, Nam Từ Liêm, Hà Nội"
Chốt 1 tỷ 660 bao phí căn Studio tòa GS2 - 33.9m2 - The Miami - Vin Smart City (DT TT 30.6m2),"1,66 tỷ","33,9 m²",1,1,"Nam Từ Liêm, Hà Nội","Dự án The Miami, Phường Tây Mỗ, Nam Từ Liêm, Hà Nội"
"Chuyên bán căn hộ Dự Án Thảo Điền Green giá từ 13.5tỷ view sông trực diện , LH : 0902 365 *** Hà","13,5 triệu",84 m²,2,2,"Quận 2, Hồ Chí Minh","Thảo Điền Green, Đường Nguyễn Văn Hưởng, Phường Thảo Điền, Quận 2, Hồ Chí Minh"
"Bán biệt thự đơn lập 300m2 khu compound, hàng hiếm 14,6 tỷ giá thật tốt nhất trên thị trường","14,6 tỷ",300 m²,Không có thông tin,Không có thông tin,"Biên Hòa, Đồng Nai","Dự án Aqua City, Xã Long Hưng, Biên Hòa, Đồng Nai"
Giảm 1 tỷ - Bán gấp nhà 1/ Phạm Phú Thứ - Tân Bình,13 tỷ,"81,6 m²",4,Không có thông tin,"Tân Bình, Hồ Chí Minh","1/, Đường Phạm Phú Thứ, Phường 11, Tân Bình, Hồ Chí Minh"
"ĐTL - Rổ hàng biệt thự 8x20m giá 9,5 tỷ - 10x20m giá 16 tỷ - 10x32 19.8 tỷ - 20x20 27tỷ. 0909 483 ***","9,5 tỷ",160 m²,Không có thông tin,Không có thông tin,"Quận 9, Hồ Chí Minh","Dự án Đông Tăng Long, Đường Nguyễn Duy Trinh, Phường Trường Thạnh, Quận 9, Hồ Chí Minh"
"Bán căn góc đẹp 3PN The Diamond Residence,tầng cao, 144m2, ký trực tiếp CĐT, HTLS 0%, 14.8 tỷ","14,8 tỷ",144 m²,3,3,"Thanh Xuân, Hà Nội","The Diamond Residence, 25, Đường Lê Văn Lương, Phường Nhân Chính, Thanh Xuân, Hà Nội"
Chính chủ bán căn hộ FPT Plaza 3 - Đà Nẵng - Giá hợp lý,"1,7 tỷ",48 m²,2,2,"Ngũ Hành Sơn, Đà Nẵng","Dự án FPT Plaza 3, Đường Hoàng Minh Thắng, Phường Hòa Hải, Ngũ Hành Sơn, Đà Nẵng"
"Bán gấp tháng 3 nhà 7 tầng trung tâm Hoàng Mai, đang khai thác 22 phòng CCMN dòng tiền 1,5 tỷ/năm",25 tỷ,100 m²,22,22,"Hoàng Mai, Hà Nội","Đường Trương Định, Phường Tân Mai, Hoàng Mai, Hà Nội"
"Chính chủ bán nhanh nhà Lê Hồng Phong, Phường 8, Vũng Tàu diện tích 383m2 đất đô thị chỉ 65 tỷ",65 tỷ,383 m²,Không có thông tin,Không có thông tin,"Vũng Tàu, Bà Rịa Vũng Tàu","Đường Lê Hồng Phong, Phường 8, Vũng Tàu, Bà Rịa Vũng Tàu"
"Đất nền Tân Mỹ, TP Bắc Giang chỉ từ 2,4 tỷ","2,4 tỷ",75 m²,Không có thông tin,Không có thông tin,"Bắc Giang, Bắc Giang","Xã Tân Mỹ, Bắc Giang, Bắc Giang"
Tôi chính chủ cần bán căn chung cư Eco Lake View 2pn - 2wc - diện tích 82m - chỉ 4.7 tỷ,"4,7 tỷ",82 m²,2,2,"Hoàng Mai, Hà Nội","Eco Lake View, Đại Từ, Đại Kim, Hoàng Mai, Hà Nội"
"Tổng hợp những căn hộ ""kẹt tiền - bán lỗ"" ở Saigon Royal, officetel và 1 - 2 - 3 PN, LH: 0941 190 ***","5,8 tỷ",84 m²,2,1,"Quận 4, Hồ Chí Minh","Saigon Royal Residence, Số 35, Đường Bến Vân Đồn, Phường 12, Quận 4, Hồ Chí Minh"
"Bán gấp: Studio tòa I2 - 32m2, 1.5 tỷ Imperia Smart City - chính chủ bán cắt lỗ 300tr so với TT","1,5 tỷ",32 m²,1,Không có thông tin,"Nam Từ Liêm, Hà Nội","Dự án Imperia Smart City, Đường Đại lộ Thăng Long, Phường Tây Mỗ, Nam Từ Liêm, Hà Nội"
"Bán căn hộ 2PN, 2WC - 76m2 - tại The Sun Avenue, 5,65 tỷ, 0968 952 ***","5,65 tỷ",76 m²,2,2,"Quận 2, Hồ Chí Minh","The Sun Avenue, Đường Mai Chí Thọ, Phường An Phú, Quận 2, Hồ Chí Minh"
Bán lô 50m-65m-120m-150m2 khu đất dịch vụ 25ha Vân Canh gần công viên cách Mỹ Đình 3km giá đầu tư,Giá thỏa thuận,50 m²,Không có thông tin,Không có thông tin,"Hoài Đức, Hà Nội","Xã Vân Canh, Hoài Đức, Hà Nội"
"Bán đất gần biển Liên Chiểu | 190m2 (10x19m), đường 7m5 ngay Nguyễn Sinh Sắc","11,29 tỷ",190 m²,Không có thông tin,Không có thông tin,"Liên Chiểu, Đà Nẵng","Đường Phú Lộc 22, Phường Hòa Minh, Liên Chiểu, Đà Nẵng"
"Cam kết ảnh thật, giá chuẩn tốt nhất thị trường, căn hộ đẹp, nội thất đầy đủ đồ đẹp, có slot oto",Giá thỏa thuận,78 m²,2,2,"Bắc Từ Liêm, Hà Nội","Dự án Goldmark City, Đường Hồ Tùng Mậu, Phường Phú Diễn, Bắc Từ Liêm, Hà Nội"
"Bán đất gần biển Liên Chiểu | 190m2 (10x19m), đường 7m5 ngay Nguyễn Sinh Sắc","11,29 tỷ",190 m²,Không có thông tin,Không có thông tin,"Liên Chiểu, Đà Nẵng","Đường Phú Lộc 22, Phường Hòa Minh, Liên Chiểu, Đà Nẵng"
"Cam kết ảnh thật, giá chuẩn tốt nhất thị trường, căn hộ đẹp, nội thất đầy đủ đồ đẹp, có slot oto",Giá thỏa thuận,78 m²,2,2,"Bắc Từ Liêm, Hà Nội","Dự án Goldmark City, Đường Hồ Tùng Mậu, Phường Phú Diễn, Bắc Từ Liêm, Hà Nội"
Tổng đại lý phân phối hàng ngoại giao dự án Sapphire Gem Hải Phòng- Chiết khấu cao nhất thị trường!,"5,6 tỷ",110 m²,Không có thông tin,Không có thông tin,"Thủy Nguyên, Hải Phòng","Sapphire Gem Hải Phòng, Đường 9C, Phường Thủy Đường, Thủy Nguyên, Hải Phòng"
Bán lô đất nền xã Cẩm Hưng huyện Cẩm Xuyên tỉnh Hà Tĩnh,"1,2 tỷ",218 m²,Không có thông tin,Không có thông tin,"Cẩm Xuyên, Hà Tĩnh","Xã Cẩm Hưng, Cẩm Xuyên, Hà Tĩnh"
"Bán nhà đẹp ""tân cổ điển"" rộng 150m2 tại Liên Chiểu, Đà Nẵng","6,49 tỷ",150 m²,4,4,"Liên Chiểu, Đà Nẵng","Đường Khánh An 11, Phường Hòa Khánh Nam, Liên Chiểu, Đà Nẵng"
"Biệt thự song lập San Hô 125m2 cách biển hồ trung tâm 24,5ha chỉ với vài bước tản bộ",33 tỷ,125 m²,3,4,"Gia Lâm, Hà Nội","Dự án Vinhomes Ocean Park Gia Lâm, Xã Dương Xá, Gia Lâm, Hà Nội"
"Villa thu nhỏ bên Vịnh Đà Nẵng - ""Nét tinh tế đẳng cấp riêng biệt","12,8 tỷ",180 m²,4,5,"Liên Chiểu, Đà Nẵng","Đường Phú Xuân 4, Phường Hòa Minh, Liên Chiểu, Đà Nẵng"
"Căn hộ đẹp, yên tĩnh - Vinhomes Quận 9 - 4,2 tỷ, 81,5m2 3PN 2WC tiện ích nội khu bậc nhất Sài Gòn","4,2 tỷ","81,5 m²",3,2,"Quận 9, Hồ Chí Minh","Dự án Vinhomes Grand Park, Phường Long Thạnh Mỹ, Quận 9, Hồ Chí Minh"
Giỏ hàng độc quyền quỹ căn chủ nhà gửi bán tại KĐT The Phoenix Garden. Có xác nhận CĐT từ 200-600m2,30 tỷ,400 m²,Không có thông tin,Không có thông tin,"Đan Phượng, Hà Nội","Dự án The Phoenix Garden, Thị trấn Phùng, Đan Phượng, Hà Nội"
Duy nhất căn hộ 1PN tầng cao view trực diện sông thanh toán trước 350tr nhận nhà. LH 0942 878 *** Tú,"1,5 tỷ",46 m²,1,1,"Thủ Dầu Một, Bình Dương","Dự án The Maison, Đường Phan Bội Châu, Phường Phú Thọ, Thủ Dầu Một, Bình Dương"
"Quỹ căn ngoại giao siêu hiếm Sapphire Gem 110m2, 145m2, 154m2 giá chỉ hơn 5 tỷ, bao trọn thuế phí",Giá thỏa thuận,110 m²,5,5,"Thủy Nguyên, Hải Phòng","Dự án Sapphire Gem Hải Phòng, Phường Thủy Đường, Thủy Nguyên, Hải Phòng"
"Bán căn hộ Sunrise Riverside cập nhật giỏ hàng tháng căn 2PN: 3.9tỷ đến 4 tỷ căn 3PN giá 4,3 tỷ","3,9 tỷ",70 m²,2,2,"Nhà Bè, Hồ Chí Minh","Dự án Sunrise Riverside, Đường Nguyễn Hữu Thọ, Xã Phước Kiển, Nhà Bè, Hồ Chí Minh"
"Siêu phẩm! Nguyễn Khang, Cầu Giấy, phân lô, ô tô tránh, KD văn phòng, 10m ra phố, 80m2 x 7 tầng",32 tỷ,80 m²,Không có thông tin,Không có thông tin,"Cầu Giấy, Hà Nội","Đường Nguyễn Khang, Phường Trung Hòa, Cầu Giấy, Hà Nội"
"NHÀ HẺM Ô TÔ VÀO NHÀ, GẦN CHỢ, VỪA Ở VỪA KINH DOANH ONLINE - LÀM VĂN PHÒNG - DÒNG TIỀN 39m2","4,7 tỷ",39 m²,2,1,"Tân Bình, Hồ Chí Minh","Đường Trần Thái Tông, Phường 15, Tân Bình, Hồ Chí Minh"
"Bán căn hộ ngay trung tâm TP Nha Trang. Gần biển, trường học, chợ","4,2 tỷ",83 m²,2,2,"Nha Trang, Khánh Hòa","Happy Sky, 31, Đường Lê Quý Đôn, Phường Tân Tiến, Nha Trang, Khánh Hòa"
Chính chủ gửi bán nhanh CH 2PN 2WC mới đẹp The Botanica gần sân bay,"4,5 tỷ",69 m²,2,2,"Tân Bình, Hồ Chí Minh","The Botanica, 104, Đường Phổ Quang, Phường 2, Tân Bình, Hồ Chí Minh"
(GIÁ SỐC: 2 TỶ 880)Cần vốn đầu tư bán gấp căn 2 ngủ 54.8m2 tòa S202 Vin Smart City,"2,88 tỷ","54,8 m²",2,1,"Nam Từ Liêm, Hà Nội","Dự án The Sapphire-Vinhomes Smart City, Phường Tây Mỗ, Nam Từ Liêm, Hà Nội"
Tôi chính chủ cần bán căn chung cư 2PN - 2WC - thiết kế 74m2 - chỉ 4.65 tỷ,"4,65 tỷ",74 m²,2,2,"Hoàng Mai, Hà Nội","Dự án Sky Central, Đường Định Công, Phường Định Công, Hoàng Mai, Hà Nội"
"Tôi cần bán sớm 2PN1VS-57,1m2 TThuỷ-Sổ Đỏ-Tầng Trung -Hướng Nam- view công viên, Vinhomes GreenBay","4,4 tỷ","57,1 m²",2,1,"Nam Từ Liêm, Hà Nội","Vinhomes Green Bay Mễ Trì, Đại lộ Thăng Long, Mễ Trì, Nam Từ Liêm, Hà Nội"
"Bán lô góc 2 mặt tiền KĐT An Bình Tân đường T5 và T2 DT 160,7m2 ngang 8.6m giá 55tr/m2","8,84 tỷ","160,7 m²",Không có thông tin,Không có thông tin,"Nha Trang, Khánh Hòa","KĐT An Bình Tân, Phường Phước Long, Nha Trang, Khánh Hòa"
"Bán lô góc 2 mặt tiền KĐT An Bình Tân đường T5 và T2 DT 160,7m2 ngang 8.6m giá 55tr/m2","8,84 tỷ","160,7 m²",Không có thông tin,Không có thông tin,"Nha Trang, Khánh Hòa","KĐT An Bình Tân, Phường Phước Long, Nha Trang, Khánh Hòa"
"Duy nhất 1 căn nhà phố cuối cùng giá gốc chủ đầu tư, vốn ban đầu bỏ ra chỉ hơn 2 tỷ. LH 0963 207 ***","6,9 tỷ",100 m²,Không có thông tin,Không có thông tin,"Từ Sơn, Bắc Ninh","VSIP Bắc Ninh, Hữu Nghị, Phù Chẩn, Từ Sơn, Bắc Ninh"
"ĐI NƯỚC NGOÀI GẤP BÁN SHOPHOUSE FULL NỘI THẤT RẺ 16,5 TỶ.","16,5 tỷ",105 m²,4,3,"Lê Chân, Hải Phòng","Vinhomes Marina Cầu Rào 2, Vĩnh Niệm, Lê Chân, Hải Phòng"
"Bán nhà mặt phố Âu Cơ,Tây Hồ bên số lẻ trong đê 50.4 tỷ","50,4 tỷ",72 m²,5,5,"Tây Hồ, Hà Nội","Đường Âu Cơ, Phường Quảng An, Tây Hồ, Hà Nội"
Chính chủ bán lô đất dân mặt trục chính kinh doanh DT 85m2,Giá thỏa thuận,85 m²,Không có thông tin,Không có thông tin,"Thạch Thất, Hà Nội","Xã Bình Yên, Thạch Thất, Hà Nội"
"Bán căn hộ chung cư Sunview Town Thủ Đức 2PN 2WC đã có sổ hồng giá chỉ 1,9 tỷ giá thật không ảo","1,89 tỷ",58 m²,2,2,"Thủ Đức, Hồ Chí Minh","Dự án Sunview Town, Đường Gò Dưa, Phường Hiệp Bình Phước, Thủ Đức, Hồ Chí Minh."
Chính chủ cần bán căn góc 3PN 2WC - 115m2 - chỉ 58tr/m2 - Sky Central 176 Định Công - LH 0981 736 ***,"6,75 tỷ",115 m²,3,2,"Hoàng Mai, Hà Nội","Sky Central, 176, Đường Định Công, Phường Định Công, Hoàng Mai, Hà Nội"
Chính chủ cần bán nhanh nền đất ngay KDC LONG HẬU Giá rẻ 2ty50 -2.1 ty . Liên hệ 0907 219 *** ms Việt,"2,05 tỷ",100 m²,Không có thông tin,Không có thông tin,"Cần Giuộc, Long An","Khu công nghiệp Long Hậu, Long Hậu, Cần Giuộc, Long An"
Bán gấp nhiều căn Altra Residence full nội thất view biển lỗ 700tr so với giá chủ đầu tư,"1,6 tỷ",65 m²,2,2,"Quy Nhơn, Bình Định","Altara Residences, 76, Đường Trần Hưng Đạo, Phường Hải Cảng, Quy Nhơn, Bình Định"
"Làm việc chính chủ! Bán tòa nhà 12,4x25m=296,4m2 hầm 7 tầng mặt tiền Đặng Văn Bi, HĐ thuê 240 triệu",75 tỷ,"296,4 m²",Không có thông tin,Không có thông tin,"Thủ Đức, Hồ Chí Minh","Đường Đặng Văn Bi, Phường Trường Thọ, Thủ Đức, Hồ Chí Minh"
Giỏ hàng căn hộ cao cấp Phú Tài Residence giá rẻ nhất 1PN - 3PN. Liên hệ PKD dự án: 0906 147 ***,"1,75 tỷ",72 m²,2,2,"Quy Nhơn, Bình Định","Dự án Phú Tài Residence, Đường Lê Đức Thọ, Phường Hải Cảng, Quy Nhơn, Bình Định"
"Bán đất diện tích 10.829,7m2 huyện Long Thành",280 tỷ,"10.829,7 m²",Không có thông tin,Không có thông tin,"Long Thành, Đồng Nai","Đường Quốc Lộ 51, Thị trấn Long Thành, Long Thành, Đồng Nai"
Bán đất nền mặt tiền Lê Hồng Phong dự án HUD sổ hồng riêng cập nhật giá chính xác tháng 3 / 2025,Giá thỏa thuận,100 m²,Không có thông tin,Không có thông tin,"Nhơn Trạch, Đồng Nai","Khu đô thị mới Long Thọ, Đường Lê Hồng Phong, Xã Phước An, Nhơn Trạch, Đồng Nai"
"Bán xưởng DT đất 10 ha, có SKC, DT XD 35.000m2, 358 tỷ, Tân Uyên, Bình Dương. Mặt tiền đường ĐT",358 tỷ,99.000 m²,Không có thông tin,Không có thông tin,"Tân Uyên, Bình Dương","Phường Tân Hiệp, Tân Uyên, Bình Dương"
"10 căn ngoại giao 1pn, 2pn, 3pn căn hộ Kepler Mỗ Lao, hà đông. Sở hữu lâu dài, htls 0% 12 tháng",Giá thỏa thuận,82 m²,2,2,"Hà Đông, Hà Nội","Dự án Tháp đôi Kepler Land, Phường Mỗ Lao, Hà Đông, Hà Nội"
"Bán gấp 232m2 đất, sổ riêng, thuộc Ấp Chánh, Tân Thông Hội, Củ Chi, giá 700 triệu",700 triệu,232 m²,Không có thông tin,Không có thông tin,"Củ Chi, Hồ Chí Minh","Đường Số 12, Xã Tân Thông Hội, Củ Chi, Hồ Chí Minh"
"Gợi ý những căn đẹp view sông trực diện giá tốt Thảo Điền Green, ck 9%, trả chậm 2 năm","10,55 tỷ",84 m²,2,Không có thông tin,"Quận 2, Hồ Chí Minh","Thảo Điền Green, Nguyễn Văn Hưởng, Thảo Điền, Quận 2, Hồ Chí Minh"
"CHUYÊN BÁN ĐẤT NỀN NHÀ PHỐ BIỆT THỰ - LIÊN KẾ PHÚ MỸ HƯNG| DT 6x18m, 8x18m, 11x18m, 14x18m | 30TY.",30 tỷ,108 m²,Không có thông tin,Không có thông tin,"Quận 7, Hồ Chí Minh","Khu phố Nam Thông I, Tân Phú, Quận 7, Hồ Chí Minh"
"Độc quyền căn Thời Đại 75m2 cuối cùng, gần chung cư dự án OCP3 giá 10,3 tỷ","10,3 tỷ",75 m²,Không có thông tin,Không có thông tin,"Văn Giang, Hưng Yên","Dự án The Crown - Vinhomes Ocean Park 3, Xã Nghĩa Trụ, Văn Giang, Hưng Yên"
"Bán gấp 2 lô đất sẵn sổ trong KĐT đối diện sân golf Việt Trì, cạnh bệnh viện đang xây",2 tỷ,90 m²,Không có thông tin,Không có thông tin,"Việt Trì, Phú Thọ","Dự án Việt Trì Spring City, Đường Trường Chinh, Phường Vân Phú, Việt Trì, Phú Thọ"
"Bán gấp 2 lô đất sẵn sổ trong KĐT đối diện sân golf Việt Trì, cạnh bệnh viện đang xây",2 tỷ,90 m²,Không có thông tin,Không có thông tin,"Việt Trì, Phú Thọ","Dự án Việt Trì Spring City, Đường Trường Chinh, Phường Vân Phú, Việt Trì, Phú Thọ"
"Bán đất đường Duyên Hải, 15 tỷ VND, 1099m2 tại Cần Giờ, Hồ Chí Minh",15 tỷ,1.099 m²,Không có thông tin,Không có thông tin,"Cần Giờ, Hồ Chí Minh","Đường Duyên Hải, Xã Long Hòa, Cần Giờ, Hồ Chí Minh"
"Chuyển nhà về Đà Lạt, Bán 1 căn 51m2, 1PN + 1, giá rẻ 2,8 tỷ bao hết, sổ hồng, mới 100% 0909 719 ***","2,8 tỷ",51 m²,1,Không có thông tin,"Bình Tân, Hồ Chí Minh","The Privia, Đường An Dương Vương, Phường An Lạc, Bình Tân, Hồ Chí Minh"
"Bán đất mặt tiền đường Lương Văn Nho - vị trí đẹp, 1590m2, 26,5 triệu/m2","26,24 tỷ",1.590 m²,Không có thông tin,Không có thông tin,"Cần Giờ, Hồ Chí Minh","Đường Lương Văn Nho, Thị trấn Cần Thạnh, Cần Giờ, Hồ Chí Minh"
"Chuyên bán căn hộ Florita, Q7 - Officetel - 2PN - 3PN","3,8 tỷ",69 m²,2,2,"Quận 7, Hồ Chí Minh","Dự án Căn hộ Florita, Phường Tân Hưng, Quận 7, Hồ Chí Minh"
"Cần tiền bán gấp nhà khu Giồng Ao, Cần Thạnh, Cần Giờ, 6x50m, khuôn viên 105m2, giá 3,5 tỷ","5,5 tỷ",280 m²,Không có thông tin,Không có thông tin,"Cần Giờ, Hồ Chí Minh","Đường Giồng Ao, Thị trấn Cần Thạnh, Cần Giờ, Hồ Chí Minh"
"Bán nhà mặt tiền kinh doanh Tân Vĩnh Hiệp, 155m2, Giá thanh lý nhẹ 3.5 tỷ, LH 0978 076 ***","3,5 tỷ",155 m²,Không có thông tin,Không có thông tin,"Tân Uyên, Bình Dương","Đường DX 07, Xã Tân Vĩnh Hiệp, Tân Uyên, Bình Dương"
"Bán đất sổ đỏ 100m thổ cư, gần ủy ban , giá cực rẻ 520tr . LH 0978 076 ***",520 triệu,175 m²,Không có thông tin,Không có thông tin,"Phú Giáo, Bình Dương","Xã Tân Hiệp, Phú Giáo, Bình Dương"
"Chính chủ bán đất 1080m2, đang kinh doanh hồ bơi, thu nhập 150tr/tháng. LH 0978 076 ***",13 tỷ,1.080 m²,Không có thông tin,Không có thông tin,"Tân Uyên, Bình Dương","Xã Tân Vĩnh Hiệp, Tân Uyên, Bình Dương"
Chuyển nhượng bán đất Huy Hoàng hai mặt tiền trước sau giá tốt đầu tư gấp lh 0934 747 ***,"43,38 tỷ","155,5 m²",Không có thông tin,Không có thông tin,"Quận 2, Hồ Chí Minh","Dự án Huy Hoàng, Đường Số 63 - TML, Phường Thạnh Mỹ Lợi, Quận 2, Hồ Chí Minh"
"Căn hộ 3 mặt view sông, cách Thủ Đức 5p đi xe.","2,6 tỷ",73 m²,2,2,"Thủ Đức, Hồ Chí Minh","Sunview Town, Gò Dưa, Hiệp Bình Phước, Thủ Đức, Hồ Chí Minh"
PHÂN LÔ LIỀN KỀ ROYAL CITY - Ô TÔ TRÁNH- NGUYỄN TRÃI - AN NINH 24/7 - 100M2 - MẶT TIỀN 6M- 36 TỶ,36 tỷ,1.000 m²,Không có thông tin,Không có thông tin,"Thanh Xuân, Hà Nội","Phường Nhân Chính, Thanh Xuân, Hà Nội"
"Cắt lỗ 300tr, chính chủ cần bán 2PN 55m2 full đồ, sẵn sổ, tầng trung tòa S1 Smart City chỉ 2.98 tỷ","2,98 tỷ",55 m²,2,1,"Nam Từ Liêm, Hà Nội","Dự án The Sapphire-Vinhomes Smart City, Phường Tây Mỗ, Nam Từ Liêm, Hà Nội"
Bán nhà mặt tiền 7m căn góc vị trí đẹp tại dự án Kiến Hưng Luxury - Hà Đông,"16,5 tỷ",70 m²,Không có thông tin,Không có thông tin,"Hà Đông, Hà Nội","Dự án Kiến Hưng Luxury, Đường Phúc La, Phường Kiến Hưng, Hà Đông, Hà Nội"
"Bán đất tại Thạch Quảng, Thạch Thành, Thanh Hóa, 2XX triệu, 150m2 đẹp, nhiều tiện ích",280 triệu,150 m²,Không có thông tin,Không có thông tin,"Thạch Thành, Thanh Hóa","Xã Thạch Quảng, Thạch Thành, Thanh Hóa"
"Tôi cần bán nhanh căn mặt tiền 7m đã hoàn thiện đẹp Kiến Hưng Luxury, 17.5 tỷ","17,5 tỷ",75 m²,5,Không có thông tin,"Hà Đông, Hà Nội","Dự án Kiến Hưng Luxury, Đường Phúc La, Phường Kiến Hưng, Hà Đông, Hà Nội"
"Giảm 18 tỷ! Bán mặt phố Nguyễn Văn Lộc, vị trí siu đẹp, kinh doanh bậc nhất quận Hà Đông","106,4 tỷ",216 m²,Không có thông tin,Không có thông tin,"Hà Đông, Hà Nội","Đường Nguyễn Văn Lộc, Phường Mỗ Lao, Hà Đông, Hà Nội"
Đất rẻ và đẹp nhất khu vực Nhơn Trạch giá chỉ từ 900tr/ lô full thổ cư. Cơ hội cuối cho nhà đầu tư,930 triệu,105 m²,Không có thông tin,Không có thông tin,"Nhơn Trạch, Đồng Nai","Dự án Mega City 2, Đường 25C, Xã Phú Hội, Nhơn Trạch, Đồng Nai"
Dự án HUD Nhơn Trạch Đường 20m cần bán lô đất nền nhà vườn 300m2 sổ hồng riêng đường thông thoáng,"3,45 tỷ",300 m²,Không có thông tin,Không có thông tin,"Nhơn Trạch, Đồng Nai","Dự án Khu đô thị mới Long Thọ, Đường N10, Xã Phước An, Nhơn Trạch, Đồng Nai"
"Giỏ hàng chủ đầu tư 20 căn hộ King Crown cao cấp, giá tốt giai đoạn 1, 56m2, từ 5tỷ, LH 0903 353 ***","5,3 tỷ",56 m²,3,2,"Thủ Đức, Hồ Chí Minh","Dự án King Crown Infinity, Đường Võ Văn Ngân, Phường Bình Thọ, Thủ Đức, Hồ Chí Minh"
"Giỏ hàng chủ đầu tư 20 căn hộ King Crown cao cấp, giá tốt giai đoạn 1, 56m2, từ 5tỷ, LH 0903 353 ***","5,3 tỷ",56 m²,3,2,"Thủ Đức, Hồ Chí Minh","Dự án King Crown Infinity, Đường Võ Văn Ngân, Phường Bình Thọ, Thủ Đức, Hồ Chí Minh"
"Bề ngang 15m khan hiếm trung tâm Quận 3, ngay Võ Văn Tần Cao Thắng giá 199 tỷ",199 tỷ,320 m²,Không có thông tin,Không có thông tin,"Quận 3, Hồ Chí Minh","Đường Nguyễn Đình Chiểu, Phường 5, Quận 3, Hồ Chí Minh"
Đăng ký xem căn hộ The Glory thực tế và tư vấn từ Sale CĐT Becamex Tokyu,"2,3 tỷ",48 m²,1,1,"Thủ Dầu Một, Bình Dương","Dự án Midori Park The Glory, Phường Hòa Phú, Thủ Dầu Một, Bình Dương"
"Bán đất Mỹ Lương, Chương Mỹ - Hà Nội lô góc 2 mặt tiền 0929 656 ***",Giá thỏa thuận,182 m²,Không có thông tin,Không có thông tin,"Chương Mỹ, Hà Nội","Xã Mỹ Lương, Chương Mỹ, Hà Nội"
"Bán đất tại Đường 309, Tam Dương, Vĩnh Phúc, 720 triệu, 88.9 m2, giá siêu hời",720 triệu,"88,9 m²",Không có thông tin,Không có thông tin,"Tam Dương, Vĩnh Phúc","Đường 309, Xã Hướng Đạo, Tam Dương, Vĩnh Phúc"
PKD chủ đầu tư cập nhật giỏ hàng hơn 38 nền đất giá tốt nhất Centana Điền Phúc Thành giá từ 44tr/m2,"4,4 tỷ","92,6 m²",Không có thông tin,Không có thông tin,"Quận 9, Hồ Chí Minh","Dự án Centana City Điền Phúc Thành, Đường Trường Lưu, Phường Long Trường, Quận 9, Hồ Chí Minh"
"Bán nhà Ngọc Trục, Đại Mỗ, Nam Từ Liêm 38 m2x5T. Ngõ oto giá 6.8 tỷ","6,8 tỷ",38 m²,4,5,"Nam Từ Liêm, Hà Nội","Đường Ngọc Trục, Phường Đại Mỗ, Nam Từ Liêm, Hà Nội"
"350tr sở hữu căn hộ The Emerald 68 2PN2WC, mặt tiền QL13 cách quận 1 chỉ 11.5km","3,5 tỷ",73 m²,2,2,"Thuận An, Bình Dương","Dự án The Emerald 68, Đường Vĩnh Phú 16, Phường Vĩnh Phú, Thuận An, Bình Dương"
"Siêu hiếm! Nhà ngang 7.6m gần công viên Lê Văn Tám Đ. Huỳnh Khương Ninh - Giá chỉ 13,8 tỷ","13,8 tỷ","84,36 m²",2,Không có thông tin,"Quận 1, Hồ Chí Minh","Đường Huỳnh Khương Ninh, Phường Đa Kao, Quận 1, Hồ Chí Minh"
Căn hộ chung cư cao cấp ngay trung tâm Quận Hải Châu Đà Nẵng,4 tỷ,76 m²,2,2,"Hải Châu, Đà Nẵng","Dự án Vista Residence Da Nang, Đường Xô Viết Nghệ Tĩnh, Phường Hòa Cường Nam, Hải Châu, Đà Nẵng"
"Đẳng cấp! Tòa văn phòng lô góc, phố vip Thái Hà, cách phố 10m, 95m2 x 7 tầng thang máy, giá 38 tỷ",38 tỷ,95 m²,Không có thông tin,Không có thông tin,"Đống Đa, Hà Nội","Phố Thái Hà, Phường Trung Liệt, Đống Đa, Hà Nội"
PKD: Tổng hợp quỹ căn mới nhất biệt thự - liền kề - shophouse. Vị trí đẹp - Giá tốt nhất thị trường,Giá thỏa thuận,99 m²,7,6,"Hoàng Mai, Hà Nội","Dự án The Manor Central Park, Đường Nghiêm Xuân Yêm, Phường Đại Kim, Hoàng Mai, Hà Nội"
"Đầu tư không lo rủi ro, bỏ ra 800tr lợi nhuận 24%/2 năm, dòng tiền đều hàng tháng, HTLS 18, có sổ","1,4 tỷ",72 m²,2,2,"Thái Nguyên, Thái Nguyên","Dự án Tecco Elite City, Đường Quang Trung, Phường Thịnh Đán, Thái Nguyên, Thái Nguyên"
"Chính chủ bán nhà Mặt tiền Quốc Lộ 13, Phường 26, Quận Bình Thạnh",24 tỷ,"133,9 m²",Không có thông tin,Không có thông tin,"Bình Thạnh, Hồ Chí Minh","Số 223 Đường Quốc Lộ 13, Phường 26, Bình Thạnh, Hồ Chí Minh"
"Vip! Bán căn hộ The Grand Hà Nội, 152 m2, tầng đẹp, sang trọng đẳng cấp nhất Hà Nội. Chỉ 102 tỷ!",102 tỷ,152 m²,5,5,"Hoàn Kiếm, Hà Nội","The Grand Hà Nội, Hai Bà Trưng, Hàng Bài, Hoàn Kiếm, Hà Nội"
"Bán nhà riêng 4,5 tỷ, 152m2, Mạc Cửu, Dương Đông, Phú Quốc, Kiên Giang, chính chủ chỉ với","4,5 tỷ",152 m²,4,2,"Phú Quốc, Kiên Giang","Đường Mạc Cửu, Phường Dương Đông, Phú Quốc, Kiên Giang"
Chỉ 5 lô đất nền giá tốt nhất tại KĐT Đông Tăng Long giá đầu tư 61tr/m2 DT 100m2 LH:0938 256 ***,"6,1 tỷ",100 m²,Không có thông tin,Không có thông tin,"Quận 9, Hồ Chí Minh","Dự án Đông Tăng Long, Đường Số 16, Phường Trường Thạnh, Quận 9, Hồ Chí Minh"
"Tin thật 100% - cập nhật list căn hộ mới T3/2025 giá tốt nhất Vista Verde, 1 - 4PN - Duplex - Pent","4,3 tỷ",62 m²,3,3,"Quận 2, Hồ Chí Minh","Dự án Vista Verde, Đường Phan Văn Đáng, Phường Thạnh Mỹ Lợi, Quận 2, Hồ Chí Minh"
"Bán siêu phẩm 4PN Vinhomes Central Park, full nội thất decor sang chảnh, view trực diện sông","20,5 tỷ",154 m²,4,3,"Bình Thạnh, Hồ Chí Minh","Vinhomes Central Park, Điện Biên Phủ, 22, Bình Thạnh, Hồ Chí Minh"
"Bán gấp CHCC Flemington, Quân 11, DT 97m2, 3PN/2WC, giá 5.8 tỷ có sổ hồng LH 0941 943 *** em Thảo","5,8 tỷ",97 m²,3,2,"Quận 11, Hồ Chí Minh","Dự án The Flemington, Đường Lê Đại Hành, Phường 15, Quận 11, Hồ Chí Minh"
"Qũy căn hộ cao cấp Phú Tài Residence, 1,77 - 1,95 tỷ/Căn 2PN, 2WC view biển. Full nội thất - Sỗ sẵn","1,77 tỷ",65 m²,2,2,"Quy Nhơn, Bình Định","Dự án Phú Tài Residence, Đường Lê Đức Thọ, Phường Hải Cảng, Quy Nhơn, Bình Định"
"Bán gấp 2 PN The Manor, Q. Bình Thạnh, căn góc, view thoáng mát, full nội thất","5,15 tỷ",80 m²,2,Không có thông tin,"Bình Thạnh, Hồ Chí Minh","The Manor HCM, 91, Đường Nguyễn Hữu Cảnh, Phường 22, Bình Thạnh, Hồ Chí Minh"
"Hạ giá bán rất gấp căn hộ 1 PN Vinhomes Central Park, sở hữu vĩnh viễn, nội thất cao cấp","5,5 tỷ",54 m²,1,1,"Bình Thạnh, Hồ Chí Minh","Dự án Vinhomes Central Park, Đường Điện Biên Phủ, Phường 22, Bình Thạnh, Hồ Chí Minh"
"Chính chủ cần bán gấp CHCC Tân Việt - giá 3,1 tỷ","3,1 tỷ",88 m²,2,2,"Hoài Đức, Hà Nội","Dự án Tân Việt Tower, Đường Quốc lộ 32, Xã Đức Thượng, Hoài Đức, Hà Nội"
Bán gấp đi công tác nước ngoài,"2,4 tỷ",46 m²,2,1,"Lê Chân, Hải Phòng","Dự án The Minato Residence, Phường Vĩnh Niệm, Lê Chân, Hải Phòng"
Chính chủ bán 2 căn hộ Fhome giá tốt,"4,1 tỷ","103,5 m²",2,2,"Hải Châu, Đà Nẵng","Khu căn hộ F.Home, Lý Thường Kiệt, Thạch Thang, Hải Châu, Đà Nẵng"
BÁN TÒA NHÀ VP PHÂN LÔ-Ô TÔ TRÁNH-VỈA HÈ VIP-CẦU GIẤY-100m2x8T-THANG MÁY-GARA OTO-KINH DOANH-4X TỶ,"48,5 tỷ",100 m²,6,6,"Cầu Giấy, Hà Nội","Đường Nguyễn Thị Định, Phường Trung Hòa, Cầu Giấy, Hà Nội"
Hơn 13 tỷ/căn song lập Vin Vũ Yên 193m2,"13,9 tỷ",193 m²,Không có thông tin,Không có thông tin,"Thủy Nguyên, Hải Phòng","Dự án Vinhomes Royal Island, Phường Thủy Hà, Thủy Nguyên, Hải Phòng"
"Bán nhà mặt tiền Khuông Việt, P. Phú Trung, Q. Tân Phú 20 tỷ, tặng hợp đồng thuê 35tr/tháng",20 tỷ,"152,5 m²",Không có thông tin,Không có thông tin,"Tân Phú, Hồ Chí Minh","Đường Khuông Việt, Phường Phú Trung, Tân Phú, Hồ Chí Minh"
Căn biệt thự cuối cùng - Khu biệt thự đảo ngọc Regal Victoria - Giá chỉ 36.52 triệu/m2 siêu hot,"12,6 tỷ",345 m²,3,3,"Điện Bàn, Quảng Nam","Regal Victoria, Đường Trường Sa, Phường Điện Ngọc, Điện Bàn, Quảng Nam"
Bán lô đất DT 169m2 có 50m2 thổ cư,"1,77 tỷ",169 m²,Không có thông tin,Không có thông tin,"Lương Sơn, Hòa Bình","Đường Đồng Chanh, Xã Nhuận Trạch, Lương Sơn, Hòa Bình"
Bán nhà mặt phố Hàng Hành Bảo Khánh sổ đỏ 110m2 xây mới 1 hầm 8 nổi mặt tiền 8m (Cách hồ 20m),Giá thỏa thuận,110 m²,Không có thông tin,Không có thông tin,"Hoàn Kiếm, Hà Nội","Đường Hàng Hành, Phường Hàng Trống, Hoàn Kiếm, Hà Nội"
Cần bán nhà Trần Tử Bình hàng hiếm nhà mặt phố kinh doanh đa rạng sầm uất,25 tỷ,48 m²,Không có thông tin,Không có thông tin,"Cầu Giấy, Hà Nội","Phố Trần Tử Bình, Phường Dịch Vọng, Cầu Giấy, Hà Nội"
"Bán căn hộ tòa N03T3 tầng cao, diện tích 110.6m2, giá bán tốt, LH: 0984 080 ***",Giá thỏa thuận,"110,6 m²",3,2,"Bắc Từ Liêm, Hà Nội","Dự án N03-T3&T4 Ngoại Giao Đoàn, Phường Xuân Đỉnh, Bắc Từ Liêm, Hà Nội"
"Bán đất mặt đường kinh doanh 290m có 70m thổ cư đẹp xã Hữu Văn, Chương Mỹ","3,19 tỷ",290 m²,Không có thông tin,Không có thông tin,"Chương Mỹ, Hà Nội","Xã Hữu Văn, Chương Mỹ, Hà Nội"
"Bán đất tại Xã Trừ Văn Thố, Bàu Bàng, Bình Dương chỉ với 830 triệu, 279m2",830 triệu,279 m²,Không có thông tin,Không có thông tin,"Bàu Bàng, Bình Dương","Xã Trừ Văn Thố, Bàu Bàng, Bình Dương"
"Chính chủ bán 100m2 đất TĐC xã Bình Yên, tHạch Thất, Hà Nội","3,7 tỷ",100 m²,Không có thông tin,Không có thông tin,"Thạch Thất, Hà Nội","Đường 420, Xã Bình Yên, Thạch Thất, Hà Nội"
"Bán đất tặng nhà mặt phố 575m2 8x72m 100m2 thổ cư, giá tốt 1,25tỷ đường 02 số Thạnh Tân, Tây Ninh","1,25 tỷ",575 m²,2,1,"Tây Ninh, Tây Ninh","Đường 22B, Xã Thạnh Tân, Tây Ninh, Tây Ninh"
"Bán nhà MT Ngô Quyền, Phú Quốc thấp nhất thị trường","9,9 tỷ","300,8 m²",7,7,"Phú Quốc, Kiên Giang","Đường Ngô Quyền, Phường Dương Đông, Phú Quốc, Kiên Giang"
"Bán đất nền xã Long Thới, huyện Nhà Bè","3,75 tỷ",98 m²,Không có thông tin,Không có thông tin,"Nhà Bè, Hồ Chí Minh","Đường Nguyễn Văn Tạo, Xã Long Thới, Nhà Bè, Hồ Chí Minh"
Bán gấp căn hộ Penthouse The View Quận 7. Lầu 36,26 tỷ,"304,1 m²",4,3,"Quận 7, Hồ Chí Minh","Dự án The View Riviera Point, Đường Huỳnh Tấn Phát, Phường Tân Phú, Quận 7, Hồ Chí Minh"
"Giỏ hàng bán One Verandah Duplex, P Thạnh Mỹ Lợi Quận 2 (Đảo Kim Cương) tháng 03.2025",13 tỷ,157 m²,3,3,"Quận 2, Hồ Chí Minh","One Verandah Mapletree, Bát Nàn, Thạnh Mỹ Lợi, Quận 2, Hồ Chí Minh"
"Bán đất nền xã Nhơn Đức, huyện Nhà Bè","3,95 tỷ",125 m²,Không có thông tin,Không có thông tin,"Nhà Bè, Hồ Chí Minh","Đường Lê Thị Tám, Xã Nhơn Đức, Nhà Bè, Hồ Chí Minh"
"Rất gấp: Chính chủ bán 3PN - 2VS, 4 tỷ 650, view hồ tòa I2 Imperia, (chỉ bán trong tuần)","4,65 tỷ","75,4 m²",3,2,"Nam Từ Liêm, Hà Nội","Dự án Imperia Smart City, Đường Đại lộ Thăng Long, Phường Tây Mỗ, Nam Từ Liêm, Hà Nội"
"Bán suất nội bộ CĐT Western Capital Quận 6, căn 66m2, 2pn giá chỉ 2.82 tỷ.LH: 0936 266 *** Ms Xinh","2,82 tỷ",66 m²,2,2,"Quận 6, Hồ Chí Minh","The Western Capital, 116, Đường Lý Chiêu Hoàng, Phường 10, Quận 6, Hồ Chí Minh"
Tôi chính chủ bán 2 căn căn 1PN + 46.8m2 - 2tỷ 850 và studio 33m2 - 1 tỷ 980 tỷ Masteri Smart City,"2,85 tỷ","46,8 m²",1,1,"Nam Từ Liêm, Hà Nội","Dự án Masteri West Heights, Phường Tây Mỗ, Nam Từ Liêm, Hà Nội"
"Chính chủ kẹt tiền cần bán 2PN - 78m2 Kingdom 101, giá 5.7 tỷ, đã có sổ hồng, LH 0933 752 ***","5,7 tỷ",78 m²,2,2,"Quận 10, Hồ Chí Minh","Dự án Kingdom 101, Đường Tô Hiến Thành, Phường 14, Quận 10, Hồ Chí Minh"
"Bán gấp bán căn 3PN tòa 17T2 Hapulico Complex, full nội thất, tầng cao view thoáng hướng Đông Nam","7,2 tỷ",103 m²,3,2,"Thanh Xuân, Hà Nội","Hapulico Complex, 83, Đường Vũ Trọng Phụng, Phường Thanh Xuân Trung, Thanh Xuân, Hà Nội"
"Bán lô góc 2 mặt tiền - khu biệt thự biển Vĩnh Hòa, bến du thuyền Nha Trang - giá 48tr/m2","15,82 tỷ","329,5 m²",Không có thông tin,Không có thông tin,"Nha Trang, Khánh Hòa","Đường Huỳnh Văn Nghệ, Phường Vĩnh Hòa, Nha Trang, Khánh Hòa"
"Bán nhà 3 tầng đường Hoàng Thúc Trâm, gần Tiểu La, Hải Châu. Giá 7.9 tỷ","7,9 tỷ",90 m²,4,3,"Hải Châu, Đà Nẵng","Đường Hoàng Thúc Trâm, Phường Hòa Cường Bắc, Hải Châu, Đà Nẵng"
"Bán Quỹ căn ngoại giao Shophouse Hoàng Thành Pearl Cầu Diễn, Nam Từ Liêm. LH 0983 786 ***","41,65 tỷ",98 m²,6,6,"Nam Từ Liêm, Hà Nội","Dự án Hoàng Thành Pearl, Đường Nguyễn Văn Giáp, Phường Cầu Diễn, Nam Từ Liêm, Hà Nội."
"Bán song lập Manhattan: 160m2. Hoàn thiện full nội thất mới tinh, thang máy. Giá chỉ: 21.2tỷ","21,2 tỷ",160 m²,Không có thông tin,Không có thông tin,"Hồng Bàng, Hải Phòng","Dự án Vinhomes Imperia Hải Phòng, Phường Thượng Lý, Hồng Bàng, Hải Phòng"
"Bán nhà mặt tiền XVNT, ngã tư Hàng Xanh - MT kinh doanh, CHDV, văn phòng","14,7 tỷ",77 m²,Không có thông tin,Không có thông tin,"Bình Thạnh, Hồ Chí Minh","Đường Xô Viết Nghệ Tĩnh, Phường 25, Bình Thạnh, Hồ Chí Minh"
"Bán nhà Liền Kề Đường Tố Hữu, P Trung Văn, Nam Từ Liêm, Hà Nội, giá thỏa thuận, 105.2m2",Giá thỏa thuận,"105,2 m²",4,4,"Nam Từ Liêm, Hà Nội","Dự án KĐT Trung Văn - Hancic, Đường Tố Hữu, Phường Trung Văn, Nam Từ Liêm, Hà Nội"
Chỉ 3.x tỷ có ngay nhà 4 tầng Yên Nghĩa Hà Đông Hà Nội LH: 0929 656 ***,Giá thỏa thuận,36 m²,4,3,"Hà Đông, Hà Nội","Phường Yên Nghĩa, Hà Đông, Hà Nội"
"Hẻm nhựa vip 8m Trần Hưng Đạo, P. Nguyễn Cư Trinh, Quận 1. (6 X 18 m) 5 lầu mới 28 tỷ",28 tỷ,108 m²,Không có thông tin,Không có thông tin,"Quận 1, Hồ Chí Minh","Đường Trần Hưng Đạo, Phường Nguyễn Cư Trinh, Quận 1, Hồ Chí Minh"
"Chính chủ cần bán nhà cấp 4, thổ cư 100m2, KDC ấp 3, đường số 4, Long Định, Cần Đước, Long An","1,4 tỷ",100 m²,Không có thông tin,Không có thông tin,"Cần Đước, Long An","Đường Số 4, Xã Long Định, Cần Đước, Long An"
"Bán Penthouse Sky Forest Ecopark, 320m2 nguyên bản giá 16 tỷ | LH: 0909 769 ***",16 tỷ,320 m²,Không có thông tin,Không có thông tin,"Văn Giang, Hưng Yên","Dự án Ecopark, Đường Trúc, Xã Xuân Quan, Văn Giang, Hưng Yên"
Giảm giá - Chính Chủ bán 02 nền đất thổ cư Đường xe ôto tiện kinh doanh gần Aeon Bình Tân TPHCM,"2,77 tỷ",52 m²,Không có thông tin,Không có thông tin,"Bình Tân, Hồ Chí Minh","Đường Số 1, Phường Tân Tạo, Bình Tân, Hồ Chí Minh"
2 căn 118m2 suất nội bộ giá cực tốt. Liên hệ em Thọ ngay 0866 128 *** để check căn giá tốt!,"11,21 tỷ",118 m²,3,3,"Thanh Xuân, Hà Nội","Viha Complex, 107, Đường Nguyễn Tuân, Phường Thanh Xuân Trung, Thanh Xuân, Hà Nội"
2 căn 118m2 suất nội bộ giá cực tốt. Liên hệ em Thọ ngay 0866 128 *** để check căn giá tốt!,"11,21 tỷ",118 m²,3,3,"Thanh Xuân, Hà Nội","Viha Complex, 107, Đường Nguyễn Tuân, Phường Thanh Xuân Trung, Thanh Xuân, Hà Nội"
Siêu Phẩm Nghĩa Đô Cầu Giấy. Phân Lô Ô Tô. 50m2 x 6 Tầng Thang Máy Giá Chào chỉ 11 tỷ hơn xíu,11 tỷ,50 m²,Không có thông tin,Không có thông tin,"Cầu Giấy, Hà Nội","Đường Võ Chí Công, Phường Nghĩa Đô, Cầu Giấy, Hà Nội"
Đất nền đầu tư từ 80m2-130m2 khu dân cư Bình Chánh - Trần Văn Giàu 13tr - 18tr/m2 - SHR thổ cư full,"1,45 tỷ",80 m²,Không có thông tin,Không có thông tin,"Bình Chánh, Hồ Chí Minh","Đường Trần Văn Giàu, Xã Bình Lợi, Bình Chánh, Hồ Chí Minh"
"Siêu hot bán CH 2PN, 2WC tầng trung tại Canopy vốn vào chỉ 670tr 68m2 , hỗ trợ lãi suất 0%","4,58 tỷ",68 m²,2,2,"Nam Từ Liêm, Hà Nội","The Canopy Residences - Vinhomes Smart City, Tây Mỗ, Nam Từ Liêm, Hà Nội"
"Bán nhà rất đẹp, kiên cố đường Hoà Hảo - Ngô Quyền Q10 gần chợ Nguyễn Tri Phương","12,8 tỷ",43 m²,4,3,"Quận 10, Hồ Chí Minh","Đường Hòa Hảo, Phường 5, Quận 10, Hồ Chí Minh"
Gia đình cần bán gấp mặt phố Lý Nam Đế Hoàn Kiếm sổ đỏ 114m2 giá 400tr/m2 rất rẻ,"45,6 tỷ",114 m²,Không có thông tin,Không có thông tin,"Hoàn Kiếm, Hà Nội","Đường Lý Nam Đế, Phường Cửa Đông, Hoàn Kiếm, Hà Nội"
Một căn duy nhất giảm sâu 500 triệu | chính chủ bán nhà mặt tiền quận 7 hồ chí minh giá siêu hời,"23,5 tỷ",139 m²,Không có thông tin,Không có thông tin,"Quận 7, Hồ Chí Minh","Đường Số 45, Phường Tân Quy, Quận 7, Hồ Chí Minh"
"Bán NR 34m2 tại Phú Lương, Hà Đông, giá chỉ 4,45 tỷ (Vừa mới xây)","4,45 tỷ",34 m²,3,3,"Hà Đông, Hà Nội","Phường Phú Lương, Hà Đông, Hà Nội"
"Rỗ hàng sang nhượng mới nhất 3/2025 căn 2 - 3pn, sky villa Saigon Intela báo giá thật 100%","1,47 tỷ",50 m²,2,2,"Bình Chánh, Hồ Chí Minh","Dự án Sài Gòn Intela, Đường Nguyễn Văn Linh, Xã Phong Phú, Bình Chánh, Hồ Chí Minh"
Bán nhà riêng 32m2 chính chủ tại Cầu Diễn,"5,9 tỷ",32 m²,3,3,"Bắc Từ Liêm, Hà Nội","Đường Văn Trì, Phường Minh Khai, Bắc Từ Liêm, Hà Nội"
"Đất vườn đẹp, diện tích 3192m2, tại xã Tân Kiên huyện Bình Chánh, giá đầu tư 7,5 triệu/m2",24 tỷ,3.192 m²,Không có thông tin,Không có thông tin,"Bình Chánh, Hồ Chí Minh","Đường Cây Bàng, Xã Tân Kiên, Bình Chánh, Hồ Chí Minh"
"Bán nhà mặt Phố Huế Hàng Bài Sổ Đỏ 400m2 Mặt Tiền 10,5M Chỉ 1 Sổ 1 Chủ GPXD 2 Hầm 10 Nổi Giá 310 tỷ",310 tỷ,400 m²,Không có thông tin,Không có thông tin,"Hai Bà Trưng, Hà Nội","Phố Phố Huế, Phường Phố Huế, Hai Bà Trưng, Hà Nội"
Em Minh Ngọc chuyên dự án Mỹ Đình Pearl xin phép cập nhật quỹ căn bán cuối T3/2025. Cam kết ko ảo,Giá thỏa thuận,145 m²,4,3,"Nam Từ Liêm, Hà Nội","Dự án Mỹ Đình Pearl, Phường Phú Đô, Nam Từ Liêm, Hà Nội"
"Bán khu đất 2410m2 mặt tiền QL20, xã Phú Hội, Đức Trọng, Lâm Đồng",Giá thỏa thuận,2.410 m²,Không có thông tin,Không có thông tin,"Đức Trọng, Lâm Đồng","Đường Quốc Lộ 20, Xã Phú Hội, Đức Trọng, Lâm Đồng"
"Chìa khóa trao tay - nhận nhà ở ngay Tecco Felice Home căn hộ 2PN chỉ từ 1,29 tỷ","1,29 tỷ","43,8 m²",2,1,"Thuận An, Bình Dương","Chung cư An Phú Thuận An, Đường Lê Thị Trung, Phường An Phú, Thuận An, Bình Dương"
Hẻm xe tải quay đầu nhà hai mặt có ban công,"6,99 tỷ",80 m²,6,5,"Quận 12, Hồ Chí Minh","233, Đường Trương Thị Hoa, Phường Tân Thới Hiệp, Quận 12, Hồ Chí Minh"
CĐT Nhật Bản bán căn hộ TT - AVIO thanh toán 9tr/th trong 2 năm. Cơ hội đầu tư mua ở rất thuận lợi,Giá thỏa thuận,67 m²,2,2,"Dĩ An, Bình Dương","TT AVIO, Tỉnh lộ 743C, Tân Đông Hiệp, Dĩ An, Bình Dương"
"Gấp - chủ cần bán nhà mặt phố Trần Hưng Đạo, Hoàn Kiếm - 173m2 x 3 tầng giá bán đất - mặt tiền 9,3m",118 tỷ,173 m²,Không có thông tin,Không có thông tin,"Hoàn Kiếm, Hà Nội","Đường Trần Hưng Đạo, Phường Phan Chu Trinh, Hoàn Kiếm, Hà Nội"
(Cần bán gấp) khách sạn 2 mặt tiền mặt phố Hàng Vải - Thuốc Bắc sổ đỏ 155m2x8 tầng MT 8m 135 tỷ,135 tỷ,155 m²,Không có thông tin,Không có thông tin,"Hoàn Kiếm, Hà Nội","Phố Hàng Vải, Phường Hàng Mã, Hoàn Kiếm, Hà Nội"
Chính chủ bán gấp nhà 64m2 hẻm xe hơi KDC Nam Hùng Vương nhỉnh 5 tỷ,"5,4 tỷ",64 m²,2,2,"Bình Tân, Hồ Chí Minh","Phường An Lạc, Bình Tân, Hồ Chí Minh"
Chính chủ bán gấp nhà 64m2 hẻm xe hơi KDC Nam Hùng Vương nhỉnh 5 tỷ,"5,4 tỷ",64 m²,2,2,"Bình Tân, Hồ Chí Minh","Phường An Lạc, Bình Tân, Hồ Chí Minh"
"Bán căn Penhouse 2 tầng Duplex toà Vinaconex B - Kim Văn Kim Lũ 13.5 tỷ, 173.4m2, view đẹp, 3PN 3WC","13,5 tỷ","173,4 m²",3,3,"Hoàng Mai, Hà Nội","Dự án Kim Văn Kim Lũ, Đường Nghiêm Xuân Yêm, Phường Đại Kim, Hoàng Mai, Hà Nội"
"Bán đất có 3 khối nhà làm cafe đẹp mặt tiền Bạch Đằng Phường 7, DT 2413m2 thổ cư 650m2",61 tỷ,2.413 m²,4,4,"Đà Lạt, Lâm Đồng","Đường Bạch Đằng, Phường 7, Đà Lạt, Lâm Đồng"
Bán nhà mặt hồ Trúc Bạch mặt phố Trấn Vũ SĐ 125m2 MT 7m mặt sau mặt phố Nam Tràng có GPXD 8 tầng,98 tỷ,125 m²,Không có thông tin,Không có thông tin,"Ba Đình, Hà Nội","Phố Trấn Vũ, Phường Trúc Bạch, Ba Đình, Hà Nội"
Chính chủ gửi bán căn hộ cao cấp chung cư Starlake - KĐT Starlake - Tây Hồ Tây giá tốt từ 130tr/m2,Giá thỏa thuận,"113,2 m²",3,2,"Tây Hồ, Hà Nội","Dự án KĐT Tây Hồ Tây - Starlake Hà Nội, Phường Xuân La, Tây Hồ, Hà Nội"
"Bán liền kề biệt thự OCP3 75m2 Đông Nam 5 tầng 293m2 mặt vườn hoa, sát 10 tòa chung cư, gần TTTM","10,5 tỷ",75 m²,6,6,"Văn Giang, Hưng Yên","Dự án The Crown - Vinhomes Ocean Park 3, Xã Nghĩa Trụ, Văn Giang, Hưng Yên"
"Căn hộ cao cấp Peninsula Da Nang, view sông Hàn, sổ hồng lâu dài, giá chỉ 53tr/m2 bàn giao nội thất","3,2 tỷ",64 m²,2,2,"Sơn Trà, Đà Nẵng","Peninsula Đà Nẵng , Lê Văn Duyệt, Nại Hiên Đông , Sơn Trà, Đà Nẵng"
Chính chủ cần bán gấp nhà Ngô Xuân Quảng căn góc. 5 tầng 4 ngủ 5VS TK hiện đại,"6,85 tỷ",43 m²,4,5,"Gia Lâm, Hà Nội","Đường Ngô Xuân Quảng, Thị trấn Trâu Quỳ, Gia Lâm, Hà Nội"
"Chính chủ bán lô đất đường Đặng Hồi Xuân, thông","3,85 tỷ",105 m²,Không có thông tin,Không có thông tin,"Ngũ Hành Sơn, Đà Nẵng","Han River Village (Nam Hòa Xuân), Đường Đặng Hồi Xuân, Phường Hòa Quý, Ngũ Hành Sơn, Đà Nẵng"
"Bán Nhà Huỳnh Văn Bánh, Phú Nhuận gần Nguyễn Văn Trỗi - DT 85.4m2, Xây 4 tầng kiên cố, giá 9.4 tỷ","9,39 tỷ","85,4 m²",6,7,"Phú Nhuận, Hồ Chí Minh","Đường Huỳnh Văn Bánh, Phường 12, Phú Nhuận, Hồ Chí Minh"
"Bán đất vườn tại Bến Tre, có thổ cư. Hiện đang trồng dừa xiêm và chuối. Xe oto vào tận đất","4,8 tỷ",400 m²,Không có thông tin,Không có thông tin,"Châu Thành, Bến Tre","Xã Tam Phước, Huyện Châu Thành, Bến Tre"
"Bán căn hộ The Marq Quận 1: 1PN, 2PN, 3PN, 4PN giá tốt nhất thị trường",Giá thỏa thuận,51 m²,1,Không có thông tin,"Quận 1, Hồ Chí Minh","The Marq, Nguyễn Đình Chiểu, Đa Kao, Quận 1, Hồ Chí Minh"
Bán biệt thự song lập rẻ nhất Nam An Khánh,43 tỷ,416 m²,Không có thông tin,Không có thông tin,"Hoài Đức, Hà Nội","Dự án Nam An Khánh, Đường Láng Hòa Lạc, Xã An Khánh, Hoài Đức, Hà Nội"
Bán toà nhà 12 tầng mặt tiền đường Biệt Thự - Phường Lộc Thọ - Nha Trang giá 85 tỷ,85 tỷ,"159,4 m²",46,Không có thông tin,"Nha Trang, Khánh Hòa","Đường Biệt Thự, Phường Lộc Thọ, Nha Trang, Khánh Hòa"
"Bán căn hộ cao cấp Privia Khang Điền, 83m2 3PN, giá chỉ 4,99 tỷ - Dự án đã cấp sổ hồng","4,99 tỷ",83 m²,3,2,"Bình Tân, Hồ Chí Minh","Dự án The Privia, Đường An Dương Vương, Phường An Lạc, Bình Tân, Hồ Chí Minh"
"Bán căn hộ Estella Heights 1PN, 2PN, 3PN, 4PN, Duplex, Penthouse, nhà đẹp, giá tốt nhất khu vực","8,9 tỷ",89 m²,2,2,"Quận 2, Hồ Chí Minh","Dự án Estella Heights, Đường Song Hành, Phường An Phú, Quận 2, Hồ Chí Minh"
"Bán nhà hoa hậu 56m, 4 tầng, Mt 4m, giá 13.3 tỷ tại Văn Quán, Hà Đông. Ô tô, kinh doanh bất chấp","13,3 tỷ",56 m²,4,4,"Hà Đông, Hà Nội","Đường Chiến Thắng, Phường Văn Quán, Hà Đông, Hà Nội"
"Bán căn 52m2 Ehome Southgate block B1 lầu 10 ban công Đông Nam, view nội khu siêu mát mẻ","1,4 tỷ",52 m²,1,1,"Bến Lức, Long An","Dự án Ehome Southgate, Đường ĐT 830, Xã An Thạnh, Bến Lức, Long An"
"Bán nhà riêng 4PN, 2WC, 41m2 tại Tân Thuận Tây, Q7, HCM, giá ưu đãi 3,45 tỷ","3,45 tỷ",41 m²,4,2,"Quận 7, Hồ Chí Minh","Phường Tân Thuận Tây, Quận 7, Hồ Chí Minh"
Bán nhanh căn hộ chung cư New Saigon Hoàng Anh Gia Lai 3,"2,9 tỷ",95 m²,2,2,"Nhà Bè, Hồ Chí Minh","Dự án New Saigon Hoàng Anh 3, Đường Nguyễn Hữu Thọ, Xã Phước Kiển, Nhà Bè, Hồ Chí Minh"
Bán nhanh căn hộ chung cư New Saigon Hoàng Anh Gia Lai 3,"2,9 tỷ",95 m²,2,2,"Nhà Bè, Hồ Chí Minh","Dự án New Saigon Hoàng Anh 3, Đường Nguyễn Hữu Thọ, Xã Phước Kiển, Nhà Bè, Hồ Chí Minh"
Cần bán lô đất Bình Tân DT ( 9.5x14.5m) HXH Gía tốt !!!!!,"9,2 tỷ",137 m²,Không có thông tin,Không có thông tin,"Bình Tân, Hồ Chí Minh","Đường Trương Phước Phan, Phường Bình Trị Đông, Bình Tân, Hồ Chí Minh"
Quỹ căn chuyển nhượng làm việc trực tiếp chủ nhà 1PN - 2PN - 3PN - 4PN - Skyvillas giá siêu tốt,"16,5 tỷ",148 m²,4,3,"Nam Từ Liêm, Hà Nội","Vinhomes Skylake, Phạm Hùng, Mỹ Đình 1, Nam Từ Liêm, Hà Nội"
Cần tiền bán 2 ngủ Citadine view trực diện biển giá cực tốt,"3,6 tỷ",80 m²,2,2,"Hạ Long, Quảng Ninh","Citadines Marina Hạ Long, Đường Đại Lộ Marine, Phường Hùng Thắng, Hạ Long, Quảng Ninh"
"Nhà siêu phẩm đường số 3, Phường 9, Gò Vấp, đầy đủ nội thất. Sổ hồng đẹp","4,3 tỷ","22,3 m²",Không có thông tin,Không có thông tin,"Gò Vấp, Hồ Chí Minh","Đường Số 3, Phường 9, Gò Vấp, Hồ Chí Minh"
"Em Đạt chuyên D-Homme Quận 6, với giỏ hàng CĐT và chuyển nhượng đa dạng. LH em cập nhật căn và CSBH","3,5 tỷ",51 m²,Không có thông tin,Không có thông tin,"Quận 6, Hồ Chí Minh","D-Homme, 765, Đường Hồng Bàng, Phường 6, Quận 6, Hồ Chí Minh"
PHỐ THÁI HÀ- KINH DOANH ĐỈNH- Ô TÔ TRÁNH- TRUNG TÂM ĐỐNG ĐA - TIỆN ÍCH NGẬP TRÀN-GẦN PHỐ.,"19,6 tỷ",48 m²,3,3,"Đống Đa, Hà Nội","Viet Tower, Thái Hà, Trung Liệt, Đống Đa, Hà Nội"
"Bán biệt thự MT vip Đường Nguyễn Thị Thập KDC Him Lam, Quận 7. Giá 79.999 tỷ, call",80 tỷ,200 m²,Không có thông tin,Không có thông tin,"Quận 7, Hồ Chí Minh","Dự án Him Lam Kênh Tẻ, Đường Nguyễn Thị Thập, Phường Tân Hưng, Quận 7, Hồ Chí Minh"
Mở bán chung cư đã cất nóc The Fibonan đẹp nhất KĐT Ecopark với chính sách hấp dẫn từ chủ đầu tư,"2,72 tỷ",68 m²,2,2,"Văn Giang, Hưng Yên","Dự án The Fibonan Ecopark, Xã Xuân Quan, Văn Giang, Hưng Yên"
"Biệt thự Ecocharm view sông, hồ công viên giá chỉ từ 18tr/m2, giỏ hàng chuyển nhượng đẹp nhất dự án","3,69 tỷ",205 m²,Không có thông tin,Không có thông tin,"Liên Chiểu, Đà Nẵng","Gami Eco Charm, Nguyễn Lương Bằng, Hòa Hiệp Nam, Liên Chiểu, Đà Nẵng"
Căn đẹp giá đẹp mã căn 20.01 tầng cao view thành phố căn hộ cao cấp The Sang Residence,"3,8 tỷ","82,5 m²",2,2,"Ngũ Hành Sơn, Đà Nẵng","Dự án The Sang Residence, Đường Phạm Kiệt, Phường Khuê Mỹ, Ngũ Hành Sơn, Đà Nẵng"
"Bán chung cư Sunrise City Central, 2 phòng ngủ, diện tích: 75m2, view hồ bơi, sổ hồng công chứng","5,5 tỷ",75 m²,2,2,"Quận 7, Hồ Chí Minh","Sunrise City, 25, Đường Nguyễn Hữu Thọ, Phường Tân Hưng, Quận 7, Hồ Chí Minh"
"Bán Nhà - Mới, 35m2, 3PN, 4WC tại Phố Liễu Giai, Ba Đình, Hà Nội, 6,9 tỷ, ngõ 3 gác, 40m ra ô tô đỗ","6,9 tỷ",35 m²,3,4,"Ba Đình, Hà Nội","Phố Liễu Giai, Phường Liễu Giai, Ba Đình, Hà Nội"
"Bán căn hộ Smile biuding, DT 82m, 2 ngủ, Giá 5.35 tỷ, LH 0989 604 ***","5,35 tỷ",82 m²,Không có thông tin,Không có thông tin,"Hoàng Mai, Hà Nội","Smile Building, Đường Nguyễn Cảnh Dị, Phường Đại Kim, Hoàng Mai, Hà Nội"
"Bán Biệt Thự 6PN 6WC 192.5m2 tại Eurowindow Twin Parks, Trâu Quỳ, Gia Lâm, Hà Nội",45 tỷ,"192,5 m²",6,6,"Gia Lâm, Hà Nội","Eurowindow Twin Parks, Trâu Quỳ, Gia Lâm, Hà Nội"
"HXH 6m Đồng Xoài, P.13, Tân Bình, 60m2, 4 tấm, full nội thất","8,5 tỷ",60 m²,6,5,"Tân Bình, Hồ Chí Minh","Đường Đồng Xoài, Phường 13, Tân Bình, Hồ Chí Minh"
"Chuyên nhận mua bán, ký gửi đất KĐT Cienco5, Mê Linh, Hà Nội. lh: 0987 263 *** Huy","2,8 tỷ",100 m²,Không có thông tin,Không có thông tin,"Mê Linh, Hà Nội","Khu đô thị Cienco 5 Mê Linh, Xã Tiền Phong, Huyện Mê Linh, Hà Nội"
"Hạ giá bán gấp nhà rẻ nhất MT Trần Quốc Thảo, Quận 3 - DT 4,3x20m, KC 4 Tầng, giá 23 Tỷ TL",23 tỷ,80 m²,6,5,"Quận 3, Hồ Chí Minh","Đường Trần Quốc Thảo, Phường Võ Thị Sáu, Quận 3, Hồ Chí Minh"
Chính chủ bán nhà phố Đại Từ. Ngõ nông gần oto. Sát Hồ Linh Đàm. Sổ vuông đẹp full nội thất ở ngay,"5,8 tỷ",32 m²,4,3,"Hoàng Mai, Hà Nội","Đường Đại Từ, Phường Đại Kim, Hoàng Mai, Hà Nội"
"Bán gấp biệt thự 2 mặt tiền gần Cocobay, sân Gofl, sát biển, khu nghỉ dưỡng cao cấp giá chỉ 11.2 tỷ","11,2 tỷ",321 m²,Không có thông tin,Không có thông tin,"Điện Bàn, Quảng Nam","Dự án Sentosa Luxury Quảng Nam, Phường Điện Ngọc, Điện Bàn, Quảng Nam"
Bán nhà đường Hồ Tùng Mậu diện tích: 40m2x5tầng giá: 8 tỷ,8 tỷ,40 m²,6,4,"Cầu Giấy, Hà Nội","Đường Hồ Tùng Mậu, Phường Mai Dịch, Cầu Giấy, Hà Nội"
"Giỏ Hàng! Nhiều nhà phố, tòa nhà CHDV MT đường số 79; 85; 81; 39; 47 Tân Quy Quận 7. Giá 11,9 tỷ","11,9 tỷ",76 m²,9,9,"Quận 7, Hồ Chí Minh","Đường Số 47, Phường Tân Quy, Quận 7, Hồ Chí Minh"
PKD cập nhật quỹ căn bán Eco Lake View Tháng 3 - 4,"4,7 tỷ",80 m²,2,2,"Hoàng Mai, Hà Nội","Dự án Eco Lake View, Đường Đại Từ, Phường Đại Kim, Hoàng Mai, Hà Nội"
"Bán liền kề shophouse 81.3m2 xây 5 tầng hoàn thiện mặt ngoài Him Lam Thường Tín, giá 10 tỷ",10 tỷ,"81,3 m²",Không có thông tin,Không có thông tin,"Thường Tín, Hà Nội","Dự án Him Lam Thường Tín, Đường Trần Phú, Thị trấn Thường Tín, Thường Tín, Hà Nội"
Hơn 20tr/m2 sở hữu ngay lô đất hàng hiệu nằm đối diện cổng chính trường ĐHQG HN tại Hoà Lạc,2 tỷ,120 m²,Không có thông tin,Không có thông tin,"Thạch Thất, Hà Nội","Xã Tiến Xuân, Thạch Thất, Hà Nội"
Siêu phẩm - tòa buiding văn phòng - 7tầng thang máy - thông sàn - hai thoáng - vỉa hè oto tránh KD,48 tỷ,100 m²,7,7,"Cầu Giấy, Hà Nội","Khu đô thị Trung Hòa - Nhân Chính, Hoàng Đạo Thúy, Trung Hòa, Cầu Giấy, Hà Nội"
"Chính chủ cần bán đất kinh doanh tốt 140 m2 đất cầu Thăng Long, Cổ Điển, Hải Bối, ĐA, HN","15,4 tỷ",140 m²,Không có thông tin,Không có thông tin,"Đông Anh, Hà Nội","Đường Cổ Điển, Xã Hải Bối, Đông Anh, Hà Nội"
"Tổng hợp quỹ căn ngoại giao Sun Hà Nam tầng đẹp giá rẻ studio từ 1,4 tỷ 1PN từ 1,7 tỷ 2PN từ 2,5 tỷ","1,4 tỷ",32 m²,1,1,"Phủ Lý, Hà Nam","Dự án Sun Urban City, Phường Lam Hạ, Phủ Lý, Hà Nam"
"Bán Nhà Phố Liền Kề Và Biệt Thự Cao Cấp Gần Siêu Thị Aeon Bình Tân, Giá Chỉ 7Tỷ1/Căn, 4 Tầng.","7,1 tỷ",90 m²,4,4,"Bình Chánh, Hồ Chí Minh","The Meadow Bình Chánh, Trần Văn Giàu, Vĩnh Lộc B, Bình Chánh, Hồ Chí Minh"
"Đất nền đẹp nhiều tiện ích tại đường Đông Dư, Xã Bát Tràng, Gia Lâm, Hà Nội, giá tốt 3,9 tỷ","3,9 tỷ",40 m²,Không có thông tin,Không có thông tin,"Gia Lâm, Hà Nội","Đường Đông Dư, Xã Bát Tràng, Gia Lâm, Hà Nội"
Căn 3PN góc 80m2 bàn giao thô Valencia Garden - Mua trực tiếp CĐT sẵn sổ sang tên,"4,31 tỷ",80 m²,3,2,"Long Biên, Hà Nội","Dự án Valencia Garden, Phường Đức Giang, Long Biên, Hà Nội"
"Bán gấp dãy trọ tiện xây mới, CHDV, vay bank, kẹt tiền bán gấp ngay Đ.4, Linh Xuân. Tp. Thủ Đức","5,2 tỷ",121 m²,8,8,"Thủ Đức, Hồ Chí Minh","Đường 4, Phường Linh Xuân, Thủ Đức, Hồ Chí Minh"
"Bán gấp căn studio: 1.82 tỷ tại phân khu Sakura 33.6m2, full đồ, lỗ so với TT 350tr","1,82 tỷ","33,6 m²",1,1,"Nam Từ Liêm, Hà Nội","Dự án The Sakura - Vinhomes Smart City, Phường Tây Mỗ, Nam Từ Liêm, Hà Nội"
Bán Nhanh Nền Đất 7x20m Khu Dân Cư Nam Long ( Giá Đầu Tư ),"11,9 tỷ",140 m²,Không có thông tin,Không có thông tin,"Quận 9, Hồ Chí Minh","Dự án KDC Nam Long, Đường Liên Phường, Phường Phước Long B, Quận 9, Hồ Chí Minh."
"Tôi là chính chủ chuyển đổi chỗ ở nên cần bán nhà đất rộng 250m2 tại thị trấn Vĩnh Tường, Vĩnh Phúc",15 tỷ,250 m²,3,2,"Vĩnh Tường, Vĩnh Phúc","Thị trấn Vĩnh Tường, Vĩnh Tường, Vĩnh Phúc"
Áp lực ngân hàng thương lượng mạnh bán căn 484m2 tâm huyết lô góc - hồ cá Koi DT,40 tỷ,484 m²,6,7,"Quận 12, Hồ Chí Minh","Đường Hà Huy Giáp, Phường Thạnh Lộc, Quận 12, Hồ Chí Minh"
"Cần bán CH Sunview Town 2PN 2WC giá tốt nhất chỉ từ 1,87 tỷ, đã có sổ hồng hỗ trợ vay ls thấp","1,87 tỷ",58 m²,2,2,"Thủ Đức, Hồ Chí Minh","Dự án Sunview Town, Đường Gò Dưa, Phường Hiệp Bình Phước, Thủ Đức, Hồ Chí Minh"
"Bán cực rẻ góc 2mt kd giá chỉ 40tr/1m2. DT: 9.5x22 NH. SHR. CN: 239,5m2. kv sáng giá Quận 9.vip",10 tỷ,"239,5 m²",1,1,"Quận 9, Hồ Chí Minh","Đường Số 6, Phường Trường Thạnh, Quận 9, Hồ Chí Minh"
"Bán nhà hẻm xe hơi đường Tân Chánh Hiệp 16, Quận 12","6,2 tỷ","64,8 m²",3,3,"Quận 12, Hồ Chí Minh","Đường Tân Chánh Hiệp 16, Phường Tân Chánh Hiệp, Quận 12, Hồ Chí Minh"
Hot nhất chỉ với 2.45 tỷ sở hữu căn view hồ - sẵn 3 căn độc quyền giá tốt nhất thị trường,"2,45 tỷ","33,3 m²",Không có thông tin,Không có thông tin,"Sơn Trà, Đà Nẵng","Dự án Sun Symphony Residence, Đường Trần Hưng Đạo, Phường Nại Hiên Đông , Sơn Trà, Đà Nẵng"
Bán nhà cấp 4 đường Lái Thiêu 26,"3,25 tỷ",60 m²,2,1,"Thuận An, Bình Dương","Đường Lái Thiêu 26, Phường Lái Thiêu, Thuận An, Bình Dương"
Chính chủ không qua môi giới cần bán gấp nhà Minh Khai 30m2 5T mới đẹp cách oto 50m,"5,7 tỷ",30 m²,3,3,"Hai Bà Trưng, Hà Nội","Đường Minh Khai, Phường Vĩnh Tuy, Hai Bà Trưng, Hà Nội"
"Lô đất 171m2 ngay chợ Việt Kiều, mặt tiền Trần Tử Bình - Tân Thông Hội - Củ Chi. Bán gấp",Giá thỏa thuận,171 m²,Không có thông tin,Không có thông tin,"Củ Chi, Hồ Chí Minh","Đường Trần Tử Bình, Xã Tân Thông Hội, Củ Chi, Hồ Chí Minh"
"Bán lô đất đẹp siêu hiếm sinh lời cao Tiên Dương Đông Anh dt106,8m2 mt5m, giá 9xtriệu/m2",Giá thỏa thuận,"106,8 m²",Không có thông tin,Không có thông tin,"Đông Anh, Hà Nội","Xã Tiên Dương, Đông Anh, Hà Nội"
"Bán căn hộ CC Mandarin Garden diện tích 114m2, 130m2, 168 m2, 172 m2, 266m2. LH: 0974 704 ***","11,5 tỷ",114 m²,3,2,"Cầu Giấy, Hà Nội","Dự án Mandarin Garden, Đường Hoàng Minh Giám, Phường Trung Hòa, Cầu Giấy, Hà Nội"
"Chính chủ chào bán lô đất đường Nguyễn Khắc Viện, Ngũ Hành Sơn, Đà Nẵng, DT: 117,5m2",9 tỷ,"117,5 m²",Không có thông tin,Không có thông tin,"Ngũ Hành Sơn, Đà Nẵng","Đường Nguyễn Khắc Viện, Phường Hòa Hải, Ngũ Hành Sơn, Đà Nẵng"
"Hàng hiếm, hàng hiếm, đất mặt tiền nhựa quy hoạch 30m giá chỉ 70tr/m ngang","1,89 tỷ","2.636,6 m²",Không có thông tin,Không có thông tin,"Dương Minh Châu, Tây Ninh","Đường DH1, Xã Lộc Ninh, Dương Minh Châu, Tây Ninh"
"Bán shophouse đẹp tại Eco Green Sài Gòn, 16,5 tỷ, 172m2, nhiều tiện ích, nhiều căn, LH 0357 313 ***","16,5 tỷ",172 m²,Không có thông tin,Không có thông tin,"Quận 7, Hồ Chí Minh","Dự án Eco Green Sài Gòn, Đường Nguyễn Văn Linh, Phường Tân Thuận Tây, Quận 7, Hồ Chí Minh"
"Nhà phố xã hôi 1 trệt, 1 lửng, 1 lầu với diện tích đất 67 m2 xây theo tiêu chuẩn nhà Singapore.","2,16 tỷ",67 m²,3,3,"Thủ Dầu Một, Bình Dương","Thành Phố Mới Bình Dương, Lê Lợi cắt đường Lê Lai, Phường Phú Hòa, Thủ Dầu Một, Bình Dương"
"Bán căn hộ chung cư Him Lam Chợ Lớn, Quận 6, DT 86m2, 2PN 2WC. Giá 3,65 tỷ. Liên hệ 0938 910 *** Trí","3,65 tỷ",86 m²,2,2,"Quận 6, Hồ Chí Minh","Dự án Him Lam Chợ Lớn, Đường Hậu Giang, Phường 11, Quận 6, Hồ Chí Minh"
"Bán lô đất phố Dương Đình Nghệ, gần Chính Hữu, 150 m2 ngang 10.5m. Vị trí KD siêu hot - nhỉnh 19 tỷ","19,5 tỷ",150 m²,Không có thông tin,Không có thông tin,"Sơn Trà, Đà Nẵng","Đường Dương Đình Nghệ, Phường An Hải Bắc, Sơn Trà, Đà Nẵng"
"Shophouse, biệt thự ven sông Hàn, quỹ căn vip nhất còn sót lại chiết khấu đến 13%, tặng 2 cây vàng","15,34 tỷ",108 m²,5,6,"Sơn Trà, Đà Nẵng","Dự án Sun Symphony Residence, Đường Trần Hưng Đạo, Phường Nại Hiên Đông , Sơn Trà, Đà Nẵng"
"GIỎ HÀNG THÁI SƠN - T&T NỀN VỊ TRÍ ĐẸP GIÁ TỐT . VÀI LÔ GÓC HIẾM , GẦN TTTM ĐANG XÂY. LH 0938 193 ***","2,3 tỷ",100 m²,Không có thông tin,Không có thông tin,"Cần Giuộc, Long An","Khu dân cư, tái định cư Thái Sơn, Long Hậu, Cần Giuộc, Long An"
Đất 2 mặt tiền sông Cần Thơ và Đại lộ Vòng Cung Kinh doanh bãi vật liệu xây dựng DT 2300m2 TC 300m2,27 tỷ,2.300 m²,Không có thông tin,Không có thông tin,"Phong Điền, Cần Thơ","Ấp Mỹ Phước, Đường Lộ Vòng Cung, Xã Mỹ Khánh, Phong Điền, Cần Thơ"
Bán nhà mặt tiền đường Đồng Khởi Biên Hoà Đồng Nai 400m2 15 tỷ,15 tỷ,400 m²,Không có thông tin,Không có thông tin,"Biên Hòa, Đồng Nai","Đường Đồng Khởi, Phường Trảng Dài, Biên Hòa, Đồng Nai"
"Căn hộ ven sông Hàn Sun Symphony Đà Nẵng tòa S3, căn 3PN view trực diện sông Hàn, giá CĐT, CK 21%","10,58 tỷ","102,8 m²",3,3,"Sơn Trà, Đà Nẵng","Dự án Sun Symphony Residence, Đường Trần Hưng Đạo, Phường Nại Hiên Đông , Sơn Trà, Đà Nẵng"
"Chủ cần tiền bán gấp! Đất ""Vàng"" Cam Hiệp Nam mặt Đường Lập Định Suối Môn Cam Lâm","2,15 tỷ",390 m²,Không có thông tin,Không có thông tin,"Cam Lâm, Khánh Hòa","Đường Lập Định - Suối Môn, Xã Cam Hiệp Nam, Cam Lâm, Khánh Hòa"
Chủ ngộp bank lô đất Ninh Thọ Ninh Hoà 619m2 ngang 25m qh đất ở đô thị 3 mặt tiền đường 1.5tỷ,"1,5 tỷ",619 m²,Không có thông tin,Không có thông tin,"Ninh Hòa, Khánh Hòa","Đường Quốc lộ 1A, Xã Ninh Thọ, Ninh Hòa, Khánh Hòa"
"Bán đất tại Tam Đồng, Mê Linh, Hà Nội, giá thỏa thuận, 127m2 đẹp, nhiều tiện ích",Giá thỏa thuận,127 m²,Không có thông tin,Không có thông tin,"Mê Linh, Hà Nội","Xã Tam Đồng, Mê Linh, Hà Nội"
"Bán đất mặt tiền đường Thích Quảng Đức, Hà Quang 1, Nha Trang, dt 95m2 giá tốt","8,6 tỷ",95 m²,Không có thông tin,Không có thông tin,"Nha Trang, Khánh Hòa","Dự án KĐT Lê Hồng Phong I, Đường Thích Quảng Đức, Phường Phước Hải, Nha Trang, Khánh Hòa"
"Chính chủ cần bán gấp căn nhà 1 tầng đang cho thuê dòng tiền tốt - Trần Cung, Cổ Nhuế, Bắc Từ Liêm","5,67 tỷ",45 m²,2,1,"Bắc Từ Liêm, Hà Nội","Phố Trần Cung, Phường Cổ Nhuế 1, Bắc Từ Liêm, Hà Nội"
"Bán căn hộ Duplex Citi Grand tại Đường 33, Cát Lái, Thủ Đức, giá ưu đãi 3,387 tỷ, 50.6 m2","3,39 tỷ","50,6 m²",Không có thông tin,Không có thông tin,"Quận 2, Hồ Chí Minh","Dự án Căn hộ Citi Grand, Đường 33, Phường Cát Lái, Quận 2, Hồ Chí Minh"
Căn sổ đỏ 2n2wc Vp5 bán đảo Linh Đàm. Lh e Mai: 0367 587 ***,"3,7 tỷ",62 m²,2,2,"Hoàng Mai, Hà Nội","Khu đô thị mới Linh Đàm, Đại Kim, Hoàng Mai, Hà Nội"
"Đất Phú Hữu, lô đẹp 54,9m2, đường rộng, dân trí cao, sổ hồng, giá 3 tỷ 150 triệu","3,15 tỷ","54,9 m²",Không có thông tin,Không có thông tin,"Quận 9, Hồ Chí Minh","Đường Gò Cát, Phường Phú Hữu, Quận 9, Hồ Chí Minh"
"Chủ nhà gửi bán lô đất quy hoạch 2 mặt tiền, Phường Tân Tạo, Bình Tân",3 tỷ,"55,6 m²",Không có thông tin,Không có thông tin,"Bình Tân, Hồ Chí Minh","16, Hẻm 1870 Phường Tân Tạo, Bình Tân, Hồ Chí Minh"
"MT Huỳnh Văn Bánh đắc địa tài lộc. 5x22 vuông vắn, 5 tầng full nội thất. Chỉ 40 tỷ TL",40 tỷ,110 m²,Không có thông tin,Không có thông tin,"Phú Nhuận, Hồ Chí Minh","Đường Huỳnh Văn Bánh, Phường 11, Phú Nhuận, Hồ Chí Minh"
Căn góc 2 MT Dương Quảng Hàm DT 5x25m 1 trệt 2 lầu giá tốt nhất trục đường 18 tỷ TL LH 0988 504 ***,18 tỷ,130 m²,Không có thông tin,Không có thông tin,"Gò Vấp, Hồ Chí Minh","Đường Dương Quảng Hàm, Phường 5, Gò Vấp, Hồ Chí Minh"
Bạn có một đại gia đình? Hãy chuyển về đây và làm cho cuộc sống trở nên đáng sống,59 tỷ,144 m²,5,6,"Phú Nhuận, Hồ Chí Minh","Đường Hoa Đào, Phường 2, Phú Nhuận, Hồ Chí Minh"
"CHDV Nguyễn Văn Trỗi, hẻm 6m, cách phố 2 nhà, rẻ hơn thị trường 10 tỷ","16,5 tỷ",120 m²,Không có thông tin,Không có thông tin,"Phú Nhuận, Hồ Chí Minh","Đường Nguyễn Văn Trỗi, Phường 15, Phú Nhuận, Hồ Chí Minh"
Bán nhanh căn hộ cao cấp 2PN - hơn 72m2 - Giá cắt lỗ sâu - Khai thác cho thuê ít nhất 20tr/tháng,"4,7 tỷ","71,7 m²",2,2,"Sơn Trà, Đà Nẵng","Dự án Peninsula Đà Nẵng , Đường Lê Văn Duyệt, Phường Nại Hiên Đông , Sơn Trà, Đà Nẵng"
"Cực hiếm Bán Toà nhà văn phòng Trung Yên, Trung Hoà, 2 mặt thoáng,thông sàn thang máy, vỉa hè ô tô",45 tỷ,110 m²,7,Không có thông tin,"Cầu Giấy, Hà Nội","Đường Trung Yên, Phường Trung Hòa, Cầu Giấy, Hà Nội"
"Chính chủ bán nhà phố TM Coop Mart Phạm Thế Hiển, 151m2, giá 5.5 tỷ giá 100%. Nói không với giá ảo","5,5 tỷ",151 m²,2,2,"Quận 8, Hồ Chí Minh","Dự án Green River quận 8, Đường Phạm Thế Hiển, Phường 6, Quận 8, Hồ Chí Minh"
"Căn hộ cao cấp The Emerald 68, căn 2PN 2WC, giỏ hàng độc quyền thanh toán chỉ 20% nhận nhà","3,3 tỷ",67 m²,2,2,"Thuận An, Bình Dương","Dự án The Emerald 68, Đường Vĩnh Phú 16, Phường Vĩnh Phú, Thuận An, Bình Dương"
"Bán chung cư vip phố Lý Nam Đế khu phân của Bộ Chính Trị, an ninh tuyệt đối 70m2 sổ đỏ - miễn TG","6,5 tỷ",70 m²,2,2,"Hoàn Kiếm, Hà Nội","Đường Lý Nam Đế, Phường Cửa Đông, Hoàn Kiếm, Hà Nội"
"Chính chủ bán căn góc hoa hậu Lumiere Ever Green 178m2 đập thông, view bể bơi siêu vip",16 tỷ,179 m²,5,5,"Nam Từ Liêm, Hà Nội","Dự án Lumiere EverGreen Smart City, Phường Tây Mỗ, Nam Từ Liêm, Hà Nội."
"Đi định cư cần bán gấp CH Thủ Thiêm Star, 3,25 tỷ, 81,4m2, 2PN, 2WC. Rất đẹp. Căn góc hiếm có","3,25 tỷ","81,4 m²",2,2,"Quận 2, Hồ Chí Minh","Dự án Thủ Thiêm Star, Đường Nguyễn Duy Trinh, Phường Bình Trưng Đông, Quận 2, Hồ Chí Minh"
"Chính chủ bán nhà đất 104m2 ngõ 75 phố Cầu Đất, phường Chương Dương, quận Hoàn Kiếm","11,8 tỷ",104 m²,Không có thông tin,Không có thông tin,"Hoàn Kiếm, Hà Nội","Ngõ 75, Đường Cầu Đất, Phường Chương Dương, Hoàn Kiếm, Hà Nội"
"Bán nhà Trần Hưng Đạo gần ngã tư Trần Bình Trọng. DT 4m x 9m, trệt- 3 lầu, HXH 6m, giá 9,6 tỷ (TL)","9,6 tỷ",36 m²,4,4,"Quận 5, Hồ Chí Minh","Đường Trần Hưng Đạo, Phường 2, Quận 5, Hồ Chí Minh"
"Hót chủ ngộp nặng giảm 900 triệu đất mặt tiền đường Phước Long B, Thủ Đức chỉ còn 7.28 tỷ","7,28 tỷ","136,7 m²",Không có thông tin,Không có thông tin,"Quận 9, Hồ Chí Minh","Đường 79, Phường Phước Long B, Quận 9, Hồ Chí Minh"
Bán gấp nhà phố mới xây hoàn công tại Phú Hồng Thịnh siêu đẹp và hiện đại gần sát làng ĐH Quốc Gia,"5,5 tỷ",60 m²,4,5,"Dĩ An, Bình Dương","Phú Hồng Thịnh 9, Quốc lộ 1K, Bình An, Dĩ An, Bình Dương"
Nhỉnh 6tỷ 931m2 300m2 thổ cư sẵn nhà 2 tầng khuôn viên nghỉ dưỡng tại Hồ Văn Sơn Chương Mỹ Hà Nội,Giá thỏa thuận,931 m²,Không có thông tin,Không có thông tin,"Chương Mỹ, Hà Nội","Thôn Đông Nam, Xã Nam Phương Tiến, Chương Mỹ, Hà Nội."
"Cần chuyển nhượng 3PN mặt view sân golf, loại căn hộ cực hiếm trên thị trường chuyển nhượng",8 tỷ,105 m²,3,2,"Văn Giang, Hưng Yên","Dự án Swan Lake Onsen, Xã Xuân Quan, Văn Giang, Hưng Yên"
Đất nền vàng - cơ hội đầu tư không thể bỏ qua tại King Hill Residences!,"2,1 tỷ",90 m²,Không có thông tin,Không có thông tin,"Bến Lức, Long An","Dự án King Hill Residences, Xã Thanh Phú, Bến Lức, Long An"
"Duy nhất 1 căn biệt thự trên cao Ecopark gần 200m2, thang máy riêng trong nhà, ban công 20m2","12,7 tỷ",195 m²,3,3,"Văn Giang, Hưng Yên","Dự án Aqua Bay Sky Residences, Xã Xuân Quan, Văn Giang, Hưng Yên"
Thủ Thiêm Green House - nhà ở xã hội quận 2,"1,74 tỷ",62 m²,2,1,"Thủ Đức, Hồ Chí Minh","Thủ Thiêm Green House, 100, Đường Võ Chí Công, Phường Thạnh Mỹ Lợi, Quận 2, Hồ Chí Minh"
"Giá ngộp 2 tỷ 8 Phú Đông Sky Garden, liền kề PVD, góp 80%","2,8 tỷ",70 m²,2,Không có thông tin,"Dĩ An, Bình Dương","Phú Đông Sky Garden, Đường An Bình, Phường An Bình, Dĩ An, Bình Dương"
Mảnh đất đầu tư tuyệt đẹp view hồ siêu thoáng. Trung tâm Tứ Hiệp Thanh Trì,Giá thỏa thuận,90 m²,Không có thông tin,Không có thông tin,"Thanh Trì, Hà Nội","Đường Ngọc Hồi, Xã Tứ Hiệp, Thanh Trì, Hà Nội"
Chính chủ gửi bán 858m thổ cư 100m mặt tiền 26m tại Vân Hoà Ba Vì Hà Nội,"4,8 tỷ",858 m²,Không có thông tin,Không có thông tin,"Ba Vì, Hà Nội","Xã Vân Hòa, Ba Vì, Hà Nội"
"Bán 2 lô đất chính chủ. Hẻm nhựa Đường Nguyễn Hiền, P. Dĩ An, Tp. Dĩ An. Gần Chợ Dĩ An. Giá tốt","2,9 tỷ",68 m²,Không có thông tin,Không có thông tin,"Dĩ An, Bình Dương","Đường Nguyễn Hiền, Phường Dĩ An, Dĩ An, Bình Dương"
"Bán đất tại Xã Bảo Khê, Hưng Yên, 4,4 tỷ, 100 m2","4,4 tỷ",100 m²,Không có thông tin,Không có thông tin,"Hưng Yên, Hưng Yên","Xã Bảo Khê, Hưng Yên, Hưng Yên"
"Bán nhà hẻm 372 Điện Biên Phủ, P17, Bình Thạnh","31,5 tỷ",182 m²,2,2,"Bình Thạnh, Hồ Chí Minh","Đường Điện Biên Phủ, Phường 17, Bình Thạnh, Hồ Chí Minh"
"Bán nhà riêng 30m2, 6 tỷ tại Xuân Đỉnh, Bắc Từ Liêm, Hà Nội",6 tỷ,30 m²,3,4,"Bắc Từ Liêm, Hà Nội","Đường Xuân Đỉnh, Phường Xuân Đỉnh, Bắc Từ Liêm, Hà Nội"
"Chính chủ bán căn hộ Sunshine Center - 16 Phạm Hùng. 130m2, 3 ngủ, full đồ đẹp. 0983 335 ***",Giá thỏa thuận,130 m²,3,2,"Nam Từ Liêm, Hà Nội","Sunshine Center, 16, Đường Phạm Hùng, Phường Mỹ Đình 2, Nam Từ Liêm, Hà Nội"
"Tổng hợp quỹ căn cần bán tại chung cư Thái Hà - 43 Phạm Văn Đồng. DT: 70m2, 2 PN. 0983 335 ***",Giá thỏa thuận,70 m²,2,2,"Bắc Từ Liêm, Hà Nội","Dự án Nhà ở cho CBCS Bộ Công an, 43 Đường Phạm Văn Đồng, Phường Cổ Nhuế 2, Bắc Từ Liêm, Hà Nội"
"Tôi chính chủ cần bán căn hộ 1PN+ giá rẻ hơn CĐT 400 tr, tầng view thoáng LH: 0399 418 ***",Giá thỏa thuận,56 m²,2,1,"Nhà Bè, Hồ Chí Minh","Khải Hoàn Prime, Lê Văn Lương, Nhơn Đức, Nhà Bè, Hồ Chí Minh"
Chính Chủ Gửi Bán Căn 2PN2WC Diện Tích 73.7m2 Trực Diện Nội Khu Hồ Bơi Suất Mua 2018,Giá thỏa thuận,73 m²,2,2,"Quận 7, Hồ Chí Minh","The Peak Garden, Nguyễn Lương Bằng, Phú Mỹ, Quận 7, Hồ Chí Minh"
"Nhà ngay Phạm Văn Đồng - Phường Linh Tây, TP. Thủ Đức, 88m2, Giá chỉ 4.68 tỷ(Thương lượng)","4,68 tỷ",88 m²,2,2,"Thủ Đức, Hồ Chí Minh","Đường 9, Phường Linh Tây, Thủ Đức, Hồ Chí Minh"
"Kẹt tiền cần bán gấp CH The Privia Khang Điền(đã có sổ) 51m2/1PN-2,86tỷ; 68m2/2PN-3,8tỷ & 3PN-4,5tỷ","2,86 tỷ",51 m²,2,1,"Bình Tân, Hồ Chí Minh","Dự án The Privia, Đường An Dương Vương, Phường An Lạc, Bình Tân, Hồ Chí Minh"
"Nhà mặt phố Trần Quang Diệu - Hoàng Cầu, 60m2 x 7 tầng, thang máy, nội thất cao cấp, vị trí đắc địa","32,9 tỷ",60 m²,6,6,"Đống Đa, Hà Nội","Đường Trần Quang Diệu, Phường Ô Chợ Dừa, Đống Đa, Hà Nội"
Bán nhà hẻm 6 mét Đầm Sen - Hòa Bình. 60m2 - 2 tầng - 4 phòng ngủ - kinh doanh tốt chỉ 6 tỷ xíu,"6,1 tỷ",60 m²,4,4,"Tân Phú, Hồ Chí Minh","Phường Phú Trung, Tân Phú, Hồ Chí Minh"
"Bán gấp căn góc dự án 93 Láng Hạ, full nội thất tầng đẹp giá chỉ 125tr/m2. LH: 0933 218 ***","17,12 tỷ",137 m²,3,2,"Đống Đa, Hà Nội","Dự án Green Diamond 93 Láng Hạ, Phố Láng Hạ, Phường Láng Hạ, Đống Đa, Hà Nội"
"Siêu phẩm biệt thự 2 mặt tiền ngay bên bờ sông Hàn, gần cầu Sông Hàn","47,5 tỷ",201 m²,Không có thông tin,Không có thông tin,"Sơn Trà, Đà Nẵng","Phường Nại Hiên Đông , Sơn Trà, Đà Nẵng"
"Bán nhà mặt tiền đường 11, Trường Thọ 1 trệt 4 tầng 104,6 m2 giá tốt đầu tư kinh doanh tốt nhất","11,3 tỷ","104,6 m²",7,6,"Thủ Đức, Hồ Chí Minh","Dự án TDH Trường Thọ, Đường 11, Phường Trường Thọ, Thủ Đức, Hồ Chí Minh"
"Nhà 1 sẹc Trần Thanh Mại (5,3 x 18,2m) nở hậu 7,9m, 2PN, cách Tỉnh Lộ 10 200m. Giá 4,2 tỷ","4,2 tỷ","97,3 m²",2,1,"Bình Tân, Hồ Chí Minh","Đường Trần Thanh Mại, Phường Tân Tạo A, Bình Tân, Hồ Chí Minh"
"Cần bán gấp nhà mới, đẹp - HXH 8m đường Gò Dầu, quận Tân Phú DT 68,6m2, 5 tầng, nhỉnh 10 tỷ","10,8 tỷ","68,6 m²",4,6,"Tân Phú, Hồ Chí Minh","Đường Gò Dầu, Phường Tân Quý, Tân Phú, Hồ Chí Minh"
"Nhà đẹp hẻm 372 Điện Biên Phủ, Bình Thạnh - 150m2 - 4PN - Gần ĐH Hồng Bàng",26 tỷ,150 m²,4,2,"Bình Thạnh, Hồ Chí Minh","Đường Điện Biên Phủ, Phường 17, Bình Thạnh, Hồ Chí Minh"
"Nhà 30m x 6 tầng ngay tái định cư HimLam Thạch Bàn, gara ô tô, một căn giá tốt nhất thị trường","6,2 tỷ",30 m²,4,4,"Long Biên, Hà Nội","Phường Thạch Bàn, Long Biên, Hà Nội"
Bán nhà 65 Hiệp Bình - 2 mặt tiền siêu hiếm vị trí đắc địa tại TP. Thủ Đức!,Giá thỏa thuận,270 m²,Không có thông tin,Không có thông tin,"Thủ Đức, Hồ Chí Minh","65 Đường Hiệp Bình, Phường Hiệp Bình Phước, Thủ Đức, Hồ Chí Minh"
Siêu đẹp 57m MT5 đường 3.5m thông xe tải gần hồ điều hoà tại Bắc Hồng giá đầu tư,Giá thỏa thuận,57 m²,Không có thông tin,Không có thông tin,"Đông Anh, Hà Nội","Xã Bắc Hồng, Đông Anh, Hà Nội"
"**Bán đất mặt tiền Trần Quốc Hoàn, phường 13, Tân Bình; 5*14 - MTKD","9,79 tỷ",59 m²,Không có thông tin,Không có thông tin,"Tân Bình, Hồ Chí Minh","Đường Trần Quốc Hoàn, Phường 13, Tân Bình, Hồ Chí Minh"
"Cập nhật giá bán căn hộ Charm City mới nhất, tháng 03.2025","2,47 tỷ",95 m²,3,3,"Dĩ An, Bình Dương","Dự án Charm City, Đường ĐT 743, Phường Dĩ An, Dĩ An, Bình Dương"
"Shophouse góc 3 mặt tiền giao lộ trục đường lớn đối diện 9 tòa chung cư MASTERI ,GIÁ:39,5 tỷ","39,5 tỷ",160 m²,5,4,"Văn Giang, Hưng Yên","Dự án The Empire - Vinhomes Ocean Park 2, Đường Biển Xanh, Xã Long Hưng, Văn Giang, Hưng Yên"
"Trực tiếp chủ đầu tư bán căn hộ 72m2 Terra Royal Q.3, 2PN 2WC, giá 5,9 tỷ. LH chủ đầu tư 0902 442 ***","5,9 tỷ",72 m²,2,2,"Quận 3, Hồ Chí Minh","Terra Royal, 280, Đường Nam Kỳ Khởi Nghĩa, Phường Võ Thị Sáu, Quận 3, Hồ Chí Minh"
"Bán nhanh 60m2, vị trí đắc địa, view vườn hoa, TĐC Trâu Quỳ",Giá thỏa thuận,60 m²,Không có thông tin,Không có thông tin,"Gia Lâm, Hà Nội","Đường Trâu Quỳ, Thị trấn Trâu Quỳ, Gia Lâm, Hà Nội"
"5 căn cuối cùng! Cơ hội sở hữu căn hộ 3PN + 3WC, Vista Residence - trung tâm Đà Nẵng, nhận nhà 2025","6,4 tỷ",112 m²,3,3,"Hải Châu, Đà Nẵng","Dự án Vista Residence Da Nang, Đường Xô Viết Nghệ Tĩnh, Phường Hòa Cường Nam, Hải Châu, Đà Nẵng"
"BÁN CĂN HỘ 2PN MIDORI PARK THE VIEW, CHỈ 2,4 TỶ FULL NỘI THẤT","2,4 tỷ",61 m²,2,2,"Thủ Dầu Một, Bình Dương","Midori Park The View, Hòa Phú, Thủ Dầu Một, Bình Dương"
"Tổng hợp rổ hàng - Dream Home Palace - 1.85tỷ/2PN 62m2, 2.05 tỷ/3PN. Nhà mới. LH: 0906 662 ***","1,85 tỷ",62 m²,2,2,"Quận 8, Hồ Chí Minh","Dự án Dream Home Palace, Đường Trịnh Quang Nghị, Phường 7, Quận 8, Hồ Chí Minh"
"Bán đất Minh Đức Việt Yên giá 1,1 tỷ, 160m2, lô góc, mặt tiền 10m, pháp lý đầy đủ, xây nhà đẹp","1,1 tỷ",160 m²,Không có thông tin,Không có thông tin,"Việt Yên, Bắc Giang","Xã Minh Đức, Việt Yên, Bắc Giang"
Xã Đàn-Đại Cồ Việt bán tòa VP mới 10 tầng đầy đủ pháp lý không vướng cầu vướng hầm 206m2 148 tỷ,148 tỷ,206 m²,Không có thông tin,Không có thông tin,"Đống Đa, Hà Nội","Phố Xã Đàn, Phường Phương Liên - Trung Tự, Đống Đa, Hà Nội"
Cập nhật quỹ căn hộ 2 - 3 - 4 ngủ chuyển nhượng giá tốt nhất tại HPC Landmark - giá chuẩn ko chênh,"6,4 tỷ",116 m²,3,2,"Hà Đông, Hà Nội","Dự án HPC Landmark 105, Phường La Khê, Hà Đông, Hà Nội"
Cập nhật quỹ căn hộ 2 - 3 - 4 ngủ chuyển nhượng giá tốt nhất tại HPC Landmark - giá chuẩn ko chênh,"6,4 tỷ",116 m²,3,2,"Hà Đông, Hà Nội","Dự án HPC Landmark 105, Phường La Khê, Hà Đông, Hà Nội"
"Sang nhượng 4PN full NT toà Park 6, DT 139m2 giá 16 tỷ",16 tỷ,139 m²,4,3,"Bình Thạnh, Hồ Chí Minh","Dự án Vinhomes Central Park, Đường Điện Biên Phủ, Phường 22, Bình Thạnh, Hồ Chí Minh"
"Bán đất dự án khu dân cư 153ha Cát Lái, P.Cát Lái, Q.2, đa dạng DT, sổ đỏ cá nhân, giá tốt nhất KV",6 tỷ,100 m²,Không có thông tin,Không có thông tin,"Quận 2, Hồ Chí Minh","Dự án Cát Lái Invesco, Đường Nguyễn Thị Định, Phường Cát Lái, Quận 2, Hồ Chí Minh"
"Kẹt vốn kinh doanh nên cần bán gấp lô đất ở Đá Bạc, sổ hồng có sẵn. AE thiện chí LH: 0785 555 ***",890 triệu,115 m²,Không có thông tin,Không có thông tin,"Châu Đức, Bà Rịa Vũng Tàu","Xã Đá Bạc, Châu Đức, Bà Rịa Vũng Tàu"
"Chính chủ cần tiền bán gấp căn nhà mới 100%, 3 tầng, 4PN, ngay trung tâm TP Thuỷ Nguyên.","5,5 tỷ",110 m²,4,3,"Thủy Nguyên, Hải Phòng","Sapphire Gem Hải Phòng, Thủy Đường, Thủy Nguyên, Hải Phòng"
"Sản phẩm tái đầu tư Sun Symphony, Sun Ponte, Sun Cosmo giá tốt","3,2 tỷ",50 m²,1,1,"Sơn Trà, Đà Nẵng","Dự án Sun Symphony Residence, Đường Trần Hưng Đạo, Phường Nại Hiên Đông , Sơn Trà, Đà Nẵng"
"Bán gấp quán cafe và bida 1054m2 SHR, giá 25.9 tỷ P. An Phú, TP Thuận An. LH: 0906 720 ***","25,9 tỷ",1.054 m²,Không có thông tin,Không có thông tin,"Thuận An, Bình Dương","Đường An Phú 6, Phường An Phú, Thuận An, Bình Dương"
"Cần bán lô đất 10m ra mặt đường Quang Tiến. Vị trí gần Vincom, trường học, trung tâm hành chính mới","17,3 tỷ",93 m²,Không có thông tin,Không có thông tin,"Nam Từ Liêm, Hà Nội","Đường Quang Tiến, Phường Đại Mỗ, Nam Từ Liêm, Hà Nội"
"Bán gấp nhà mặt phố Lâm Văn Bền, Tân Kiểng, Q7, TP. HCM, 138 tr/m2, 228m2. Giá rẻ nhất để đầu tư","31,46 tỷ",228 m²,Không có thông tin,Không có thông tin,"Quận 7, Hồ Chí Minh","Đường Lâm Văn Bền, Phường Tân Kiểng, Quận 7, Hồ Chí Minh"
"Bán đất Sát Quốc lộ 21B, Bình Minh, Thanh Oai, Hà Nội, 2,75 tỷ, 43,5 m2 giá tốt uy tín","2,75 tỷ","43,5 m²",Không có thông tin,Không có thông tin,"Thanh Oai, Hà Nội","Đường Quốc lộ 21B, Xã Bình Minh, Thanh Oai, Hà Nội"
Quỹ hàng ngoại giao chung cư Handico Complex - 33 Lê Văn Lương giá ưu đãi - bank hỗ trợ vay ưu đãi,Giá thỏa thuận,"83,2 m²",2,2,"Thanh Xuân, Hà Nội","Handico Complex, 33, Đường Lê Văn Lương, Phường Nhân Chính, Thanh Xuân, Hà Nội"
KĐT Mỹ Gia - Lô biệt thự ngang 14m đường chính 27m siêu đẹp đối diện KĐT Gói 6 giá chỉ 30tr/m2,"6,48 tỷ",216 m²,Không có thông tin,Không có thông tin,"Nha Trang, Khánh Hòa","Khu đô thị Mỹ Gia, Phùng Hưng, Vĩnh Thái, Nha Trang, Khánh Hòa"
2 mặt tiền hẻm Nguyễn Súy Quận Tân Phú. DT 5.8 x32m,"9,5 tỷ",162 m²,Không có thông tin,Không có thông tin,"Tân Phú, Hồ Chí Minh","Đường Nguyễn Súy, Phường Tân Quý, Tân Phú, Hồ Chí Minh"
Agora City khu đô thị trung tâm hành chính Thủ Thừa Long An. 18tr/m2. SH riêng. Cọc 30% nhận nền,"1,9 tỷ",108 m²,Không có thông tin,Không có thông tin,"Thủ Thừa, Long An","Agora City, Đường 818, Thị trấn Thủ Thừa, Thủ Thừa, Long An"
Bán căn hộ duplex Mỹ Khánh nhà nội thất cao cấp view Quận 1,"17,5 tỷ",194 m²,3,2,"Quận 7, Hồ Chí Minh","Dự án Mỹ Khánh 1, Đường Nguyễn Đức Cảnh, Phường Tân Phong, Quận 7, Hồ Chí Minh"
Chính chủ tôi bán lô 74m thôn Đồng Nguyên Khê.,"5,99 tỷ",74 m²,Không có thông tin,Không có thông tin,"Đông Anh, Hà Nội","Đông Anh, Đường Cao tốc Nhật Tân Nội Bài, Xã Nguyên Khê, Đông Anh, Hà Nội"
"BÍ QUYẾT KIẾM TIỀN THỤ ĐỘNG, BỀN VỮNG TẠI CĂN HỘ CAO CẤP SENTOSA SKY PARK","2,6 tỷ","73,8 m²",Không có thông tin,Không có thông tin,"Lê Chân, Hải Phòng","Sentosa Sky Park Hải Phòng, Đại lộ Võ Nguyên Giáp, Kênh Dương, Lê Chân, Hải Phòng"
"Bán Đất tại KĐT Khai Sơn , 6,1 tỷ, 90m2, pháp lý đầy đủ, Q.Thuận Thành, Bắc Ninh","6,1 tỷ",90 m²,Không có thông tin,Không có thông tin,"Thuận Thành, Bắc Ninh","Đường Quốc Lộ 17, Xã Xuân Lâm, Thuận Thành, Bắc Ninh"
Bán Apartment căn hộ sát biển Đà Nẵng,"13,95 tỷ",474 m²,11,11,"Sơn Trà, Đà Nẵng","Đường Vũ Ngọc Nhạ, Phường Thọ Quang, Sơn Trà, Đà Nẵng"
"Bán căn Dolphin Plaza 198m2 4PN tầng 18 giá 10,9tỷ","10,9 tỷ",198 m²,4,2,"Nam Từ Liêm, Hà Nội","Dự án Dolphin Plaza, Phố Trần Bình, Phường Mỹ Đình 2, Nam Từ Liêm, Hà Nội"
"Bán căn Dolphin Plaza 198m2 4PN tầng 18 giá 10,9tỷ","10,9 tỷ",198 m²,4,2,"Nam Từ Liêm, Hà Nội","Dự án Dolphin Plaza, Phố Trần Bình, Phường Mỹ Đình 2, Nam Từ Liêm, Hà Nội"
"Hàng hot Vinhomes Golden River Bason - 3PN, 110m2, 24 tỷ bao thuế phí (còn thương lượng)",24 tỷ,110 m²,3,Không có thông tin,"Quận 1, Hồ Chí Minh","Dự án Vinhomes Golden River Ba Son, Phố Tôn Đức Thắng, Phường Bến Nghé, Quận 1, Hồ Chí Minh"
"Bán đất CLN quy hoạch ONT, diện tích hơn 1000m2 tại xã Hàm Thắng thuộc thành phố Phan Thiết","2,86 tỷ",1.040 m²,Không có thông tin,Không có thông tin,"Hàm Thuận Bắc, Bình Thuận","Đường Kim Ngọc, Xã Hàm Thắng, Hàm Thuận Bắc, Bình Thuận"
"Bán căn hộ 2PN, 2WC tại Lumiere Riverside, 8,8 tỷ, 74m2, Q2, HCM - giá cực chất, uy tín","8,8 tỷ",74 m²,2,2,"Quận 2, Hồ Chí Minh","Dự án Lumiere Riverside, Đường Võ Nguyên Giáp, Phường An Phú, Quận 2, Hồ Chí Minh"
Bảng giá 03/2025 bán căn hộ Victoria Village cập nhật mới nhất,"3,5 tỷ",52 m²,1,Không có thông tin,"Quận 2, Hồ Chí Minh","Victoria Village, Đồng Văn Cống, Thạnh Mỹ Lợi, Quận 2, Hồ Chí Minh"
"Lô đất đẹp mặt tiền đường lớn NGuyễn Tất Thành, Cẩm Hà, Hội An, khu vực sầm uất, giá siêu hời","12,8 tỷ","341,2 m²",Không có thông tin,Không có thông tin,"Hội An, Quảng Nam","Đường Nguyễn Tất Thành, Xã Cẩm Hà, Hội An, Quảng Nam"
Sẵn sổ hồng Công chứng ngay căn hộ 1 PN Lumiere Riverside Thảo Điền giá hạt dẻ TTCN 6 tỷ 950 all in,"6,95 tỷ","52,3 m²",1,1,"Quận 2, Hồ Chí Minh","Lumiere Riverside, Số 275 - 277, Đường Võ Nguyên Giáp, Phường An Phú, Quận 2, Hồ Chí Minh"
Bán đất mặt tiền Dương Vân Nga đường 10m5 vị trí đẹp kinh doanh,"5,85 tỷ",100 m²,Không có thông tin,Không có thông tin,"Sơn Trà, Đà Nẵng","Đường Dương Vân Nga, Phường Nại Hiên Đông , Sơn Trà, Đà Nẵng"
"Chuyên bán căn hộ Everrich Infinity Quận 5 1PN giá 3.1 tỷ, 2PN giá 6 tỷ, 3PN giá 9 tỷ giá tốt","3,1 tỷ",40 m²,1,Không có thông tin,"Quận 5, Hồ Chí Minh","Dự án The Everrich Infinity, Đường An Dương Vương, Phường 4, Quận 5, Hồ Chí Minh"
Toà văn phòng 110m2 - mặt tiền 6m - Trung Hoà - Trung Kính - ô tô tránh - cho thuê 90 tr/ tháng,48 tỷ,110 m²,Không có thông tin,Không có thông tin,"Cầu Giấy, Hà Nội","Phố Trung Kính, Phường Trung Hòa, Cầu Giấy, Hà Nội"
Thanh toán 680 triệu (25%) nhận nhà ở ngay tại Conic Boulevard Bình Chánh TP. HCM,"2,66 tỷ","84,32 m²",2,2,"Bình Chánh, Hồ Chí Minh","Dự án Conic Boulevard, Đường Huỳnh Bá Chánh, Xã Tân Kiên, Bình Chánh, Hồ Chí Minh"
"Bán Đất tại Đường Cao tốc Nhật Tân Nội Bài, Xã Tiên Dương, Đông Anh, Hà Nội, 75 triệu / m2, 73.9 m2","5,54 tỷ","73,9 m²",Không có thông tin,Không có thông tin,"Đông Anh, Hà Nội","Đông Anh, Đường Cao tốc Nhật Tân Nội Bài,Xã Tiên Dương, Đông Anh, Hà Nội"
"Bán nhà riêng, nhà xây mới trục Quốc lộ 13 đường thông 9m, cạnh đô thị Vạn Phúc view sông Sài Gòn","7,5 tỷ",60 m²,4,5,"Thủ Đức, Hồ Chí Minh","Quốc Lộ 13, Hiệp Bình Phước, Thủ Đức, Hồ Chí Minh"
"Nhà phố Lakeview City căn góc công viên giá 18 tỷ, 7x20m giá 22.5 tỷ nhà đã hoàn thiện. 0917 330 ***",18 tỷ,100 m²,4,5,"Quận 2, Hồ Chí Minh","Dự án Lakeview City, Đường Song Hành, Phường An Phú, Quận 2, Hồ Chí Minh"
"Bán sàn văn phòng Vinaconex Diamond Tower, 55 triệu / m2 đang cho thuê 18$/m2","8,69 tỷ",158 m²,Không có thông tin,Không có thông tin,"Hai Bà Trưng, Hà Nội","Dự án Vinaconex Diamond Tower, Phố Bạch Mai, Phường Trương Định, Hai Bà Trưng, Hà Nội"
Gia đình kẹt tiền cắt lỗ 1 lô gia tộc 48m2 và 5 cặp mộ đôi M1 M2 ngay chùa giá gốc HĐ góp vốn 2018,Giá thỏa thuận,48 m²,Không có thông tin,Không có thông tin,"Long Thành, Đồng Nai","Dự án Sala Garden, Xã Tân Hiệp, Long Thành, Đồng Nai"
"NHÀ BÁN GIÁ SIÊU RẺ, SIÊU HỜI TẠI P12, GÒ VẤP","5,6 tỷ",73 m²,5,6,"Gò Vấp, Hồ Chí Minh","Đường Bùi Quang Là, Phường 12, Gò Vấp, Hồ Chí Minh"
"Chính chủ cần bán nhanh lô đất mặt bãi tắm Thịnh Long, Nam Định",1 tỷ,146 m²,Không có thông tin,Không có thông tin,"Hải Hậu, Nam Định","Thị trấn Thịnh Long, Hải Hậu, Nam Định"
"Bán Đất Nền 61m2 tại Xã Sơn Đông, Sơn Tây, Hà Nội, giá 2,4 tỷ","2,4 tỷ",61 m²,Không có thông tin,Không có thông tin,"Sơn Tây, Hà Nội","Xã Sơn Đông, Sơn Tây, Hà Nội"
"Bán nhà CCMN Đào Tấn, Linh Lang, 90m2 x 8tầng, thang máy, ôtô, 24 ph, DT 130tr/tháng, GPXD, PCCC đủ",22 tỷ,90 m²,24,Không có thông tin,"Ba Đình, Hà Nội","Đường Đào Tấn, Phường Liễu Giai, Ba Đình, Hà Nội"
"Bán đất 368m2 tại Ninh Bình, Ninh Hòa, Khánh Hòa giá tốt chỉ với 2,7 tỷ","2,7 tỷ",368 m²,Không có thông tin,Không có thông tin,"Ninh Hòa, Khánh Hòa","Xã Ninh Bình, Ninh Hòa, Khánh Hòa"
"Ngộp giảm sốc ""2 tỷ"" bán gấp nhà 4 tầng 150m2 - ngang 10m - dòng tiền 40tr/tháng - Chỉ ""84tr/m2""","12,69 tỷ",150 m²,10,10,"Bình Thạnh, Hồ Chí Minh","Đường Nguyễn Hữu Cảnh, Phường 22, Bình Thạnh, Hồ Chí Minh"
"Hàng đẹp, cần ra nhanh lô trục Dũng Sĩ Điện Ngọc, giá đầu tư",2 tỷ,180 m²,Không có thông tin,Không có thông tin,"Điện Bàn, Quảng Nam","Phường Điện Ngọc, Điện Bàn, Quảng Nam"
"Bán lô liền kề khu A dự án Cienco5 đường 15,5m sổ đỏ chính chủ giá tốt nhất thị trường","3,9 tỷ",100 m²,Không có thông tin,Không có thông tin,"Mê Linh, Hà Nội","Dự án Cienco 5 Mê Linh, Xã Tiền Phong, Mê Linh, Hà Nội"
Bán gấp căn 2PN: 66m2 BE2 khu Metropolitan tầng trung giá siêu tốt 3.65 tỷ,"3,65 tỷ",66 m²,2,2,"Gia Lâm, Hà Nội","Dự án The Beverly - Vinhomes Ocean Park, Xã Đa Tốn, Gia Lâm, Hà Nội"
Bán nhanh biệt thự Tấn Trường 9x18m ngay gần Phú Mỹ Hưng,"25,5 tỷ",162 m²,4,5,"Quận 7, Hồ Chí Minh","Dự án Tấn Trường, Đường Số 4, Phường Phú Thuận, Quận 7, Hồ Chí Minh"
Bán gấp căn hộ Green Town Bình Tân 53m2. Lốc A góc 3MT thoáng. 2 phòng ngủ (sổ hồng đầy đủ),"2,08 tỷ",53 m²,2,2,"Bình Tân, Hồ Chí Minh","Green Town Bình Tân, Đường 1, Phường Bình Hưng Hòa B, Bình Tân, Hồ Chí Minh"
"Bán nhà mặt phố Trần Hưng Đạo, giá cực chất 25 tỷ, 128m2 tại Đồng Hới, Quảng Bình",25 tỷ,125 m²,Không có thông tin,Không có thông tin,"Đồng Hới, Quảng Bình","Đường Trần Hưng Đạo, Phường Đồng Phú, Đồng Hới, Quảng Bình"
"Nhà MT đường 10m kinh doanh mở văn phòng 5PN, 6WC, 71,4m2 tại Phạm Hữu Lầu, Q7, HCM, giá 15,9 tỷ","15,9 tỷ","71,4 m²",5,6,"Quận 7, Hồ Chí Minh","Đường Phạm Hữu Lầu, Phường Phú Mỹ, Quận 7, Hồ Chí Minh"
Căn hộ 2PN đã có sổ full nội thất ngay gần Phú Mỹ hưng lầu 20 thoáng nhà sạch sẽ vào ở được ngay,"2,65 tỷ",63 m²,2,2,"Quận 7, Hồ Chí Minh","Dự án The Era Town, Phường Phú Mỹ, Quận 7, Hồ Chí Minh"
"Bán đất 100m2, 2 tỷ tại Xã Lại Thượng, Thạch Thất, Hà Nội, giá siêu hời",2 tỷ,100 m²,Không có thông tin,Không có thông tin,"Thạch Thất, Hà Nội","Xã Lại Thượng, Thạch Thất, Hà Nội"
Tập thể Thành Công. Ba Đình. Tầng 2. Giá đầu tư,"3,9 tỷ",100 m²,3,1,"Ba Đình, Hà Nội","Đường Thành Công, Phường Thành Công, Ba Đình, Hà Nội"
"Bán đất Nguyễn Minh Châu, Tân Tiến, La Gi, Bình Thuận, 3 tỷ, 13841 m2, giá ưu đãi",3 tỷ,13.841 m²,Không có thông tin,Không có thông tin,"La Gi, Bình Thuận","Đường Nguyễn Minh Châu, Xã Tân Tiến, La Gi, Bình Thuận"
Bán căn nhà 3 tầng 2 mặt tiền đường Lê Đình Lý,65 tỷ,315 m²,12,6,"Hải Châu, Đà Nẵng","Đường Lê Đình Lý, Phường Hòa Thuận Tây, Hải Châu, Đà Nẵng"
"Cực Sốc! 3 Phòng ngủ tháp thương mại Estella Heights 125m2, full nội thất, giá chỉ 15.5 tỷ bao hết","15,5 tỷ",125 m²,3,2,"Quận 2, Hồ Chí Minh","Estella Heights, Song Hành, An Phú, Quận 2, Hồ Chí Minh"
"Bán lô đất 180m2 giá đầu tư, sổ đỏ lâu dài. Bán lô 240m2 và lô shop kinh doanh siêu đẹp","3,96 tỷ",180 m²,Không có thông tin,Không có thông tin,"An Dương, Hải Phòng","Dự án Seoul Ecohome, Đường Quốc Lộ 10, Phường Lê Lợi, An Dương, Hải Phòng"
Đầu Tư Sinh Lời Ngay - Lợi Nhuận Vượt Trội - Shophouse Đắc Địa Tại Khu Công Nghiệp Bàu Bàng,"1,5 tỷ",150 m²,Không có thông tin,Không có thông tin,"Bàu Bàng, Bình Dương","Đường D5, Thị trấn Lai Uyên, Bàu Bàng, Bình Dương"
"Đầu tư sinh lời ngay, đất nền 100m2, mặt tiền 6m, đường ô tô 8m tránh nhau - giá 3,6 tỷ","3,6 tỷ",100 m²,Không có thông tin,Không có thông tin,"Quốc Oai, Hà Nội","Đường 21, Xã Phú Cát, Quốc Oai, Hà Nội"
"Cần bán gấp Biệt thự Thanh Liên tại Vườn Vua Resort, DT 305m2, giá 7,5 tỷ đồng. LH 0912 256 ***","7,49 tỷ",305 m²,Không có thông tin,Không có thông tin,"Thanh Thủy, Phú Thọ","Vườn Vua Resort & Villas, Xã Đồng Trung, Thanh Thủy, Phú Thọ"
Bán villa đơn lập siêu đẹp liền kề DA The Global City - sổ hồng riêng - KDC an ninh yên tĩnh,"20,5 tỷ",218 m²,3,3,"Quận 9, Hồ Chí Minh","Đường Liên Phường, Phường Phước Long B, Quận 9, Hồ Chí Minh"
"Cần bán gấp căn hộ cao cấp nhất thanh xuân The Diamond Residence (BRG) 13,9 tỷ, 151m2, 4PN, 3WC","13,9 tỷ",151 m²,4,3,"Thanh Xuân, Hà Nội","Dự án The Diamond Residence, Đường Lê Văn Lương, Phường Nhân Chính, Thanh Xuân, Hà Nội"
Bán đất đường 33 - Điện Thắng Trung,"2,45 tỷ",150 m²,Không có thông tin,Không có thông tin,"Điện Bàn, Quảng Nam","Dự án Trảng Nhật, Xã Điện Thắng Bắc, Điện Bàn, Quảng Nam"
"Bán nhà mặt phố Đường 21B, Phú Lãm, Hà Đông, Hà Nội, 10 tỷ VND, 59.4m2, uy tín chỉ với",10 tỷ,"59,4 m²",Không có thông tin,Không có thông tin,"Hà Đông, Hà Nội","Đường 21B, Phường Phú Lãm, Hà Đông, Hà Nội"
"Siêu phẩm căn hộ mặt biển view tỷ đô view pháo hoa, vị trí trung tâm thương mại vay 70% sổ lâu dài","4,93 tỷ",81 m²,2,2,"Liên Chiểu, Đà Nẵng","Dự án Nam Ô Discovery, Đường Nguyễn Tất Thành, Phường Hòa Hiệp Nam, Liên Chiểu, Đà Nẵng"
"Chỉ cần 400tr mua được căn 2PN New Lavida ngay Vincom Dĩ An, còn lại góp trung bình góp 7tr/tháng","1,5 tỷ",62 m²,2,1,"Dĩ An, Bình Dương","Dự án New Lavida , Đường ĐT 743C, Phường Tân Đông Hiệp, Dĩ An, Bình Dương"
"Bán lô đất mặt tiền đường Hùng Vương, TX Lagi, Bình Thuận, full sổ hồng, ví trí đẹp, LH 0934 026 ***","400,03 tỷ","1.052,7 m²",Không có thông tin,Không có thông tin,"La Gi, Bình Thuận","Đường Hùng Vương, Xã Tân Tiến, La Gi, Bình Thuận"
"Nhà thật - giá thật gia đình cần bán căn 2 ngủ giá 5, x tỷ và căn 3 ngủ giá 6, x tỷ trong tháng",Giá thỏa thuận,111 m²,3,2,"Nam Từ Liêm, Hà Nội","Ecolife Capitol, 58, Đường Tố Hữu, Phường Trung Văn, Nam Từ Liêm, Hà Nội"
Bán nhà căn góc 7x20m khu City Land Park Hills giá 34 tỷ,35 tỷ,140 m²,Không có thông tin,Không có thông tin,"Gò Vấp, Hồ Chí Minh","Dự án CityLand Park Hills, Đường Phan Văn Trị, Phường 10, Gò Vấp, Hồ Chí Minh"
"Chuẩn bị mở bán dự án đất đấu giá tại thị trấn Ân Thi, Dt 90m2 đường 13,5m giá từ 5 tỷ cả nhà",Giá thỏa thuận,90 m²,Không có thông tin,Không có thông tin,"Ân Thi, Hưng Yên","Đường 200, Thị trấn Ân Thi, Ân Thi, Hưng Yên"
"Còn 2 căn duy nhất CK 15%, trực tiếp CĐT, hỗ trợ LS 0% 2 năm, nhà mới 100%, vị trí lõi Thủ Thiêm","5,5 tỷ",73 m²,2,2,"Quận 2, Hồ Chí Minh","Dự án Paris Hoàng Kim, Phố Lương Định Của, Phường Bình Khánh, Quận 2, Hồ Chí Minh"
"Nhận nhà ngay! Stown Phúc An(đã có sổ) trả trước 368triệu/căn 2PN, tặng tủ bếp. Agribank hỗ trợ vay","1,23 tỷ",55 m²,2,2,"Dĩ An, Bình Dương","Dự án Stown Phúc An, Đường N3, Phường Bình An, Dĩ An, Bình Dương"
"Bán nhanh đất Sài Đồng, Long Biên, 81m2, 6.2 tỷ, cạnh oto đỗ, nở hậu, đang cho thuê","6,2 tỷ",81 m²,Không có thông tin,Không có thông tin,"Long Biên, Hà Nội","Đường Nguyễn Văn Linh, Phường Sài Đồng, Long Biên, Hà Nội"
"Nhà đẹp phố Dương Khuê, Cầu Giấy, phân lô 2 mặt thoáng, ô tô tránh kinh doanh, 75m2 x 5 tầng, 28 tỷ",28 tỷ,75 m²,Không có thông tin,Không có thông tin,"Cầu Giấy, Hà Nội","Đường Dương Khuê, Phường Mai Dịch, Cầu Giấy, Hà Nội"
Cần bán căn nhà 210m2 - mặt tiền 10m sẵn,Giá thỏa thuận,210 m²,2,1,"Sầm Sơn, Thanh Hóa","Phường Quảng Châu, Sầm Sơn, Thanh Hóa"
"Bán căn hộ góc thiết kế đẹp view thoáng chung cư Pavilion - Vinhomes Ocean Park, 3.6 tỷ, 68 m2","3,2 tỷ",54 m²,2,2,"Gia Lâm, Hà Nội","Dự án The Pavilion - Vinhomes Ocean Park, Đường Lý Thánh Tông, Xã Dương Xá, Gia Lâm, Hà Nội"
"Bán căn hộ Cảnh Viên 1, Phú Mỹ Hưng, Q 7, DT 120m2, 3PN, 2WC, view công viên, LH 0936 711 ***","10,3 tỷ",120 m²,3,2,"Quận 7, Hồ Chí Minh","Dự án Cảnh Viên 1, Phường Tân Phú, Quận 7, Hồ Chí Minh"
Hiếm nhà đẹp Minh Khai - 4T - 2.3 tỷ - full nội thất cho gia đình trẻ,"2,3 tỷ",12 m²,3,4,"Hai Bà Trưng, Hà Nội","Đường Minh Khai, Phường Thanh Lương, Hai Bà Trưng, Hà Nội"
"Duy nhất 1 căn chuyển nhượng Sentosa Sky Park 1,5PN giá gốc CĐT. LH 0936 770 ***","1,9 tỷ","46,5 m²",2,Không có thông tin,"Lê Chân, Hải Phòng","Dự án Sentosa Sky Park Hải Phòng, Đường Đại lộ Võ Nguyên Giáp, Phường Kênh Dương, Lê Chân, Hải Phòng"
"Bán biệt thự ngay Sông Hàn Đà Nẵng, 22,8 tỷ, 300m2, giá tốt, sổ hồng sẵn","22,5 tỷ",300 m²,Không có thông tin,Không có thông tin,"Hải Châu, Đà Nẵng","Dự án Elysia Complex City, Đường Bùi Viện, Phường Hòa Cường Nam, Hải Châu, Đà Nẵng"
"Bán lô đất đường Sơn Thuỷ Đông 1 - Bãi tắm Sơn Thuỷ, giá 4 tỷ 050 tr","4,05 tỷ",90 m²,Không có thông tin,Không có thông tin,"Ngũ Hành Sơn, Đà Nẵng","Đường Sơn Thủy Đông 1, Phường Hòa Hải, Ngũ Hành Sơn, Đà Nẵng"
Trục thông - trục 21m lớn nhất khu Máng Nước Cửa Trại - 1 lô 75m duy nhất bán,"4,85 tỷ",75 m²,Không có thông tin,Không có thông tin,"Thủy Nguyên, Hải Phòng","Đường Máng Nước, Phường Thủy Đường, Thủy Nguyên, Hải Phòng"
"Bán suất ngoại giao ký trực tiếp CĐT 3PN 106m2 view Hồ, giá từ 120tr/m2, tặng 2 năm phí dịch vụ",Giá thỏa thuận,106 m²,3,2,"Ba Đình, Hà Nội","The Nelson Private Residences, Láng Hạ, Thành Công, Ba Đình, Hà Nội"
"Giá siêu tốt! Căn 2PN diện tích lớn Origami, view sông ĐN, hướng ĐN, ký với CĐT, giá 3tỷ265 all in","3,27 tỷ",67 m²,2,2,"Quận 9, Hồ Chí Minh","Dự án The Origami, Đường Phước Thiện, Phường Long Bình, Quận 9, Hồ Chí Minh"
"Shophouse cắt lỗ, view cầu Cửa Lục 3. Tiếp giáp KĐT Nghành Than",Giá thỏa thuận,90 m²,Không có thông tin,Không có thông tin,"Hạ Long, Quảng Ninh","Dự án FLC Tropical City, Đường Trần Phú, Phường Hà Khánh, Hạ Long, Quảng Ninh"
"Quỹ căn villa nghỉ dưỡng Flamingo Đại Lải, giá tốt cập nhật T3-2025, Ngọc Anh Flamingo","8,5 tỷ",323 m²,Không có thông tin,Không có thông tin,"Phúc Yên, Vĩnh Phúc","Dự án Flamingo Resort, Xã Ngọc Thanh, Phúc Yên, Vĩnh Phúc"
"Bán nhà 3 tầng 4,6tỷ 66m2 - sổ hồng thổ cư bao sang tên LH Thuỷ 0902 966 ***","4,6 tỷ",66 m²,3,3,"Quận 9, Hồ Chí Minh","Đường Gò Cát, Phường Phú Hữu, Quận 9, Hồ Chí Minh"
"Toà văn phòng mặt phố Liễu Giai, Kim Mã Thượng, kinh doanh đỉnh, 82m2 x 6 tầng, thang máy, giá 35tỷ",35 tỷ,82 m²,Không có thông tin,Không có thông tin,"Ba Đình, Hà Nội","Phố Kim Mã Thượng, Phường Kim Mã, Ba Đình, Hà Nội"
"Giỏ hàng nội bộ Essensia Sky siêu đẹp, chiết khấu lên đến gần 200tr cho khách hàng",5 tỷ,74 m²,2,2,"Nhà Bè, Hồ Chí Minh","Dự án Essensia Sky, Đường Nguyễn Hữu Thọ, Xã Phước Kiển, Nhà Bè, Hồ Chí Minh"
Bán căn hộ giá 1 tỷ view sông đối diện Cù Lao phố gần Aeon Mall Biên Hòa Đồng Nai,Giá thỏa thuận,60 m²,2,2,"Biên Hòa, Đồng Nai","Dự án Fresia Riverside , Đường Bùi Hữu Nghĩa, Phường Tân Vạn, Biên Hòa, Đồng Nai"
"Bán căn hộ 3PN + 2WC (87m2), view sông Sài Gòn, chung cư Q7 Riverside, Quận 7. Giá: 4,37 tỷ","4,37 tỷ",87 m²,3,2,"Quận 7, Hồ Chí Minh","Q7 Saigon Riverside, 04, Đường Đào Trí, Phường Phú Thuận, Quận 7, Hồ Chí Minh"
"Khuôn vip Lê Đức Thọ P15 GV 10m x 30m (tiện xây biệt thự, CHDV",22 tỷ,280 m²,Không có thông tin,Không có thông tin,"Gò Vấp, Hồ Chí Minh","Đường Lê Đức Thọ, Phường 15, Gò Vấp, Hồ Chí Minh"
"Chuyên đất nền biệt thự đảo Hoa Sen (Lotus Island) vị trí đẹp tại thành phố Nha Trang, giá tốt","10,22 tỷ",365 m²,Không có thông tin,Không có thông tin,"Nha Trang, Khánh Hòa","Dự án Lotus Island, Xã Phước Đồng, Nha Trang, Khánh Hòa"
Chính chủ bán căn giáp góc ngay cổng chung cư diện tích 93 m2 giá bán 31 tỷ bao phí,31 tỷ,93 m²,Không có thông tin,Không có thông tin,"Thanh Trì, Hà Nội","Dự án Rue De Charme, Đường Nguyễn Xiển, Xã Tân Triều, Thanh Trì, Hà Nội"
"Bán căn 66,3m2 Mipec Kiến Hưng","3,65 tỷ","66,3 m²",2,2,"Hà Đông, Hà Nội","Dự án Mipec City View, Phường Kiến Hưng, Hà Đông, Hà Nội"
"Tiêu đề: Bán nhà riêng 5 tầng full nội thất, ô tô đỗ cửa, gần ĐH, doanh thu 40tr/th, LH 0347 013 ***","11,92 tỷ",40 m²,9,9,"Cầu Giấy, Hà Nội","Đường Trần Thái Tông, Phường Dịch Vọng, Cầu Giấy, Hà Nội"
"Bán các căn vip biệt thự mặt hồ, căn trục chính, 162m2-180m2 chỉ nhỉnh 20 tỷ",Giá thỏa thuận,290 m²,Không có thông tin,Không có thông tin,"Hoài Đức, Hà Nội","Dự án Lideco, Đường Quốc lộ 32, Thị trấn Trạm Trôi, Hoài Đức, Hà Nội"
"Bán nhà 4 tầng mặt tiền/mặt phố, diện tích 120m2, khu đô thị Nam Long Trần Trọng Cung,Quận 7, TPHCM","16,9 tỷ",120 m²,4,5,"Quận 7, Hồ Chí Minh","Khu đô thị Nam Long, Trần Trọng Cung, Tân Thuận Đông, Quận 7, Hồ Chí Minh"
"Bán lô đất hoa hậu full TC tại Nhật Tảo, DT: 195m2, đường rộng sát DA ciputra giá chỉ có: 130tr/m2",Giá thỏa thuận,195 m²,Không có thông tin,Không có thông tin,"Bắc Từ Liêm, Hà Nội","Đường Nhật Tảo, Phường Đông Ngạc, Bắc Từ Liêm, Hà Nội"
"Bán căn Skyvilla The Flemington, 220m2, 4PN, 3WC view Landmark 81 và Bitexco, giá 14.5 tỷ","14,5 tỷ",220 m²,4,3,"Quận 11, Hồ Chí Minh","Dự án The Flemington, Đường Lê Đại Hành, Phường 15, Quận 11, Hồ Chí Minh"
Bán gấp BT Bằng Lăng 03 - 02 hướng ĐB diện tích 408.8m2 xây dựng 712m2 căn thô view sông rộng 120tỷ,120 tỷ,"408,8 m²",5,5,"Long Biên, Hà Nội","Vinhomes Riverside, Bằng Lăng 3, Phúc Lợi, Long Biên, Hà Nội"
Bán đất Đồng Trạng Cổ Đông - Sơn Tây khu biệt thự Nam Sơn 65.5m2 giá 2.22 tỷ LH 0977 514 ***,"2,23 tỷ","65,5 m²",Không có thông tin,Không có thông tin,"Sơn Tây, Hà Nội","Khu BT Nam Sơn Đường Đồng Trạng, Xã Cổ Đông, Sơn Tây, Hà Nội"
"ĐẤT Ở ĐÔ THỊ, SỔ RIÊNG TỪNG LÔ 7x16,6x20 NGAY TT HÀNH CHÍNH, 3 MẶT GIÁP SÔNG, 1 MẶT LÀ ĐƯỜNG ĐT818","1,69 tỷ",112 m²,Không có thông tin,Không có thông tin,"Thủ Thừa, Long An","Đường 818, Thị trấn Thủ Thừa, Thủ Thừa, Long An"
Siêu hiếm góc 2 mặt tiền Lê Đại Hành Trần Bình Trọng khu bàn cờ Nha Trang giá 120 tỷ,120 tỷ,525 m²,Không có thông tin,Không có thông tin,"Nha Trang, Khánh Hòa","Đường Lê Đại Hành, Phường Tân Tiến, Nha Trang, Khánh Hòa"
Bán resort biển Quy nhơn. 14500 m2 đất. Giá bán 250 tỷ. Liên hệ: 0868 427 ***,250 tỷ,14.500 m²,40,40,"Quy Nhơn, Bình Định","Đường Quốc lộ 1D, Phường Ghềnh Ráng, Quy Nhơn, Bình Định"
"Phân lô phố Vĩnh Phúc, Ba Đình, vỉa hè, đường 3 oto tránh, DT 85m2 x 6 tầng, thang máy, giá 31 tỷ",31 tỷ,85 m²,Không có thông tin,Không có thông tin,"Ba Đình, Hà Nội","Đường Vĩnh Phúc, Phường Vĩnh Phúc, Ba Đình, Hà Nội"
"Bán nhà mặt phố tại Võ Thành Trang, 18 tỷ, 5mx24m",18 tỷ,121 m²,Không có thông tin,Không có thông tin,"Tân Bình, Hồ Chí Minh","Đường Võ Thành Trang, Phường 11, Tân Bình, Hồ Chí Minh"
"Biệt thự 12x16m hàng hiếm tại Sim City, giá tốt nhất dự án: 14,5 tỷ, 192m2, 6PN, 4WC, 3 tầng","14,5 tỷ",192 m²,6,4,"Quận 9, Hồ Chí Minh","Dự án Sim City, Đường Lò Lu, Phường Trường Thạnh, Quận 9, Hồ Chí Minh"
"Bán nhà Thạch Bàn, 48m2, 6tầng, 10,1tỷ, hiếm - ô tô đỗ cửa - nhà mới koong - ngõ thông","10,1 tỷ",48 m²,3,3,"Long Biên, Hà Nội","Đường Huỳnh Tấn Phát, Phường Thạch Bàn, Long Biên, Hà Nội"
"Ra nhanh 2PN Masteri Centre Point giá tốt chỉ 4,19 tỷ-vào 10% nhận nhà ở luôn -còn lại đến cuối năm","4,19 tỷ","73,4 m²",2,2,"Quận 9, Hồ Chí Minh","Dự án Masteri Centre Point, Đường Nguyễn Xiển, Phường Long Thạnh Mỹ, Quận 9, Hồ Chí Minh"
"Chuyên bán biệt thự nhà phố KDC Phú Mỹ VPH, DT 6x21m (126m2) giá 18 tỷ và DT 10,5x21 m giá 31 tỷ",18 tỷ,126 m²,5,6,"Quận 7, Hồ Chí Minh","Khu dân cư Phú Mỹ, Hoàng Quốc Việt, Phú Mỹ, Quận 7, Hồ Chí Minh"
"Bán đất nền dự án 153 ha Cát Lái, P Cát Lái, TP Thủ Đức (Q2 cũ): 7x20, 5x20, 8x20 giá từ 53 tr/m2","7,42 tỷ",140 m²,Không có thông tin,Không có thông tin,"Quận 2, Hồ Chí Minh","Khu dân cư Cát Lái Invesco, Nguyễn Thị Định, Cát Lái, Quận 2, Hồ Chí Minh"
"Bán Nhà Đường Núi Thành, Phường Hòa Thuận Đông, Quận Hải Châu, Đà Nẵng.",24 tỷ,203 m²,Không có thông tin,Không có thông tin,"Hải Châu, Đà Nẵng","Phường Hòa Thuận Tây, Hải Châu, Đà Nẵng"
"Cần bán căn hộ The Flemington, 87m2, 3PN, giá cực cực tốt, nhà siêu đẹp. LH 0901 006 *** Phát","5,5 tỷ",87 m²,3,2,"Quận 11, Hồ Chí Minh","Dự án The Flemington, Đường Lê Đại Hành, Phường 15, Quận 11, Hồ Chí Minh"
Mảnh đất vàng Mai Anh Tuấn ! 1 mặt ô tô 1 mặt hồ - Mặt tiền 8m - Sổ đỏ nở hậu - khu vực trung tâm.,150 tỷ,282 m²,Không có thông tin,Không có thông tin,"Đống Đa, Hà Nội","Phường Ô Chợ Dừa, Đống Đa, Hà Nội"
"Gia đình tôi chuyển nhà mặt đất cần bán lại căn 72m2 CT5 KĐT Xa La, nhà Full nội thất thiết kế",Giá thỏa thuận,72 m²,2,2,"Hà Đông, Hà Nội","Khu đô thị mới Xa La, Phùng Hưng, Phúc La, Hà Đông, Hà Nội"
Chỉ với 650 triệu sở hữu căn hộ ngay mặt biển Cát Bà - Xanh Island giá đầu tư đợt 1,"1,85 tỷ",31 m²,1,1,"Cát Hải, Hải Phòng","Dự án Xanh Island Cát Bà, Đường 1/4, Thị trấn Cát Bà, Cát Hải, Hải Phòng"
"Bán nhà 26/24 Võ Văn Văn, KDCVL Tân Tạo, Bình Tân DT: 4*23m 4 lầu 5PN 4,99 tỷ","4,99 tỷ",88 m²,5,5,"Bình Tân, Hồ Chí Minh","26/24 Đường Võ Văn Vân, Phường Tân Tạo, Bình Tân, Hồ Chí Minh"
"Chính Chủ Bán Đất Vị Trí Đắc Địa DT 144m² Khu D Nam Đầm Vạc, Vĩnh Yên - Giá Tốt Nhất Chỉ 3x Tr/ M2",Giá thỏa thuận,144 m²,Không có thông tin,Không có thông tin,"Vĩnh Yên, Vĩnh Phúc","Dự án Khu đô thị Nam Đầm Vạc, Đường Ngô Quyền, Phường Khai Quang, Vĩnh Yên, Vĩnh Phúc"
"Bán nhà đẹp, giá rẻ - Cập nhật mới nhất giỏ hàng The Estella từ 2-3-4PN - Penthouse diện tích lớn",8 tỷ,104 m²,2,2,"Quận 2, Hồ Chí Minh","Dự án The Estella, Đường Xa Lộ Hà Nội, Phường An Phú, Quận 2, Hồ Chí Minh"
"Chính chủ bán căn nhà diện tích 50,4m2 tường riêng móng riêng tại Him Lam Hùng Vương: 0347 391 ***","3,5 tỷ","50,4 m²",4,3,"Hồng Bàng, Hải Phòng","Dự án Him Lam Hùng Vương, Phường Hùng Vương, Hồng Bàng, Hải Phòng"
"Chính chủ bán căn nhà diện tích 50,4m2 tường riêng móng riêng tại Him Lam Hùng Vương: 0347 391 ***","3,5 tỷ","50,4 m²",4,3,"Hồng Bàng, Hải Phòng","Dự án Him Lam Hùng Vương, Phường Hùng Vương, Hồng Bàng, Hải Phòng"
"Chỉ hơn 1 tỷ mua được căn Towhouse, chỉ 5,2 tỷ mua được căn BT 175m2, CK 16.5%, vay 0%/2 năm",Giá thỏa thuận,60 m²,5,4,"Phủ Lý, Hà Nam","Dự án Sun Urban City, Đường Lê Công Thanh, Phường Lam Hạ, Phủ Lý, Hà Nam"
Dự án Handico Complex 33 Lê Văn Lương,"7,22 tỷ",85 m²,3,Không có thông tin,"Thanh Xuân, Hà Nội","Handico Complex, 33, Đường Lê Văn Lương, Phường Nhân Chính, Thanh Xuân, Hà Nội"
"Chính chủ cần bán đất ngay trung tâm thị trấn Diên Khánh, giá tốt, full thổ cư. Lh: 0903 535 ***","1,01 tỷ","91,6 m²",Không có thông tin,Không có thông tin,"Diên Khánh, Khánh Hòa","Thị trấn Diên Khánh, Diên Khánh, Khánh Hòa"
"Bán Nhà Mặt tiền Thái Nguyên Vị trí đắc địa kinh doanh TP Nha Trang ngang mặt tiền 9mét DT 153,5m2",32 tỷ,"153,5 m²",Không có thông tin,Không có thông tin,"Nha Trang, Khánh Hòa","Phố Thái Nguyên, Phường Tân Tiến, Nha Trang, Khánh Hòa"
"(Ảnh thật) bán biệt thự góc đơn lập, vườn hoa cụm hồ, nhà thiết kế đẹp, hoàn thiện đẹp","24,5 tỷ",171 m²,Không có thông tin,Không có thông tin,"Hoài Đức, Hà Nội","Dự án Vinhomes Thăng Long, Xã An Khánh, Hoài Đức, Hà Nội"
Mở bán quỹ căn đất nền liền kề Quốc Lộ 3 phường Ba Hàng giá 20 tr/m2,2 tỷ,100 m²,Không có thông tin,Không có thông tin,"Phổ Yên, Thái Nguyên","Đường Quốc lộ 3, Phường Ba Hàng, Phổ Yên, Thái Nguyên"
"Quang Hiếu 0347 391 ***, Nhận tư vấn, đặt chỗ toà CT2, chuyển nhượng căn hộ CT1, CT3 giá tốt",Giá thỏa thuận,"70,4 m²",2,2,"Ngô Quyền, Hải Phòng","MoonBay Residence 384 Lê Thánh Tông, Lê Thánh Tông, Vạn Mỹ, Ngô Quyền, Hải Phòng"
Ngộp Bank chỉ còn 2tỷ900tr lô đất đẹp 1795m2 Diên Thọ ôm đường 70m QH thổ sát bên TL2 cao tốc BN,"2,9 tỷ",1.795 m²,Không có thông tin,Không có thông tin,"Diên Khánh, Khánh Hòa","Đường Tỉnh Lộ 2, Xã Diên Thọ, Diên Khánh, Khánh Hòa"
"Nhà mặt tiền đường Lý Triện thiết kế rất đẹp, xây dựng 3 tầng kiên cố","8,1 tỷ",105 m²,3,3,"Thanh Khê, Đà Nẵng","Đường Lý Triện, Phường An Khê, Thanh Khê, Đà Nẵng"
"Quỹ ngoại giao; Chuyển nhượng liền kề, biệt thự đẹp nhất d/a Jade Square (Jade Orchid) giá từ 25 tỷ",30 tỷ,116 m²,Không có thông tin,Không có thông tin,"Bắc Từ Liêm, Hà Nội","Jade Square, Nguyễn Đình Tứ, Xuân Đỉnh, Bắc Từ Liêm, Hà Nội"
"Bán tòa CHDV mặt tiền Đinh Công Tráng, Q 1. Hầm+ 6 tầng khai thác doanh thu ổn định. HL 0909 460 ***",49 tỷ,149 m²,Không có thông tin,Không có thông tin,"Quận 1, Hồ Chí Minh","Đường Đinh Công Tráng, Phường Tân Định, Quận 1, Hồ Chí Minh"
"Bán nhà mặt phố Quang Trung DT 5x27, HĐ cho thuê dài hạn tầng trệt 60tr/tháng",27 tỷ,135 m²,Không có thông tin,Không có thông tin,"Gò Vấp, Hồ Chí Minh","Đường Quang Trung, Phường 12, Gò Vấp, Hồ Chí Minh"
Đã cất nóc - Quỹ căn ngoại giao rẻ nhất The Charm An Hưng - liền KĐT Dương Nội Hà Đông,5 tỷ,72 m²,2,2,"Hà Đông, Hà Nội","Dự án The Charm An Hưng, Đường Tố Hữu, Phường La Khê, Hà Đông, Hà Nội"
"Chiết khấu cao siêu hấp dẫn các sản phẩm LK, BT Shophouse tại Majestic City, 70 triệu/m2, 90m2","6,3 tỷ",90 m²,Không có thông tin,Không có thông tin,"Mỹ Hào, Hưng Yên","Dự án Majestic City, Đường Lê Quý Quỳnh, Phường Nhân Hòa, Mỹ Hào, Hưng Yên"
"Căn 2PN New Lavida ngay Vincom Dĩ An, giá 1,5 tỷ trả trước 20% còn lại góp trung bình góp 6tr/tháng","1,5 tỷ",62 m²,2,Không có thông tin,"Dĩ An, Bình Dương","Dự án New Lavida , Đường ĐT 743C, Phường Tân Đông Hiệp, Dĩ An, Bình Dương"
"8x14m, XD 7 lầu, nhà C4 mặt tiền Hồ Biểu Chánh, gần UBND Phú Nhuận, giá 23.5 tỷ","23,5 tỷ",110 m²,Không có thông tin,Không có thông tin,"Phú Nhuận, Hồ Chí Minh","Đường Hồ Biểu Chánh, Phường 11, Phú Nhuận, Hồ Chí Minh"
Kẹt bank! Nhà 5 tầng MTKD Lê Văn Việt ~ 5m*20m = 100m2 - Bệnh Viện Lê Văn Việt - Quận 9. Bán: 20 Tỷ,20 tỷ,100 m²,Không có thông tin,Không có thông tin,"Quận 9, Hồ Chí Minh","Đường Lê Văn Việt, Phường Tăng Nhơn Phú A, Quận 9, Hồ Chí Minh"
"Bán CC 3PN, 2WC tại Eco Lake View, 5,95 tỷ, 96m2, Đường Đại Từ, Hoàng Mai, Hà Nội","5,95 tỷ",96 m²,3,2,"Hoàng Mai, Hà Nội","Eco Lake View, Đường Đại Từ, Phường Đại Kim, Hoàng Mai, Hà Nội"
Bán đất nền KĐT VCN Phước Long II - Giá tốt nhất thị trường cho khách hàng đầu tư,"5,2 tỷ",100 m²,Không có thông tin,Không có thông tin,"Nha Trang, Khánh Hòa","Khu đô thị VCN Phước Long 2, Đường A2, Phường Phước Long, Nha Trang, Khánh Hòa"
"Áp lực cắt lỗ 8 tỷ bán nhà 8T, DT 305m2, 15x20m, lô góc, giá mời đầu tư 0968 135 *** (A Bá)","85,5 tỷ",305 m²,48,48,"Hai Bà Trưng, Hà Nội","Phố Trần Đại Nghĩa, Phường Trương Định, Hai Bà Trưng, Hà Nội"
390 triệu/395m2 mặt tiền đường HL2 nhựa 30m - sổ hồng riêng - công chứng trong ngày,390 triệu,"394,4 m²",Không có thông tin,Không có thông tin,"Trảng Bàng, Tây Ninh","Đường Hương lộ 2, Xã An Tịnh, Trảng Bàng, Tây Ninh"
Tòa căn hộ dịch vụ 7 tầng - 12 phòng - dòng tiền ổn định - hiếm nhà bán khu vực Tôn Thất Tùng,17 tỷ,72 m²,12,12,"Đống Đa, Hà Nội","Đường Tôn Thất Tùng, Phường Khương Thượng, Đống Đa, Hà Nội"
"Bán căn hộ SPlus Riverview tại Vĩnh Phú 38, Thuận An giá từ 1.200 tỷ/căn - hotline: 0787 888 ***","1,2 tỷ","53,35 m²",2,1,"Thuận An, Bình Dương","Dự án SPlus Riverview, Đường Vĩnh Phú 38, Phường Vĩnh Phú, Thuận An, Bình Dương"
"Cần bán căn hộ Garden Vip The Minato Residence, chỉ duy nhất 1 căn trong 1 tòa. Giá 2 tỷ 550","2,55 tỷ",56 m²,1,1,"Lê Chân, Hải Phòng","Dự án The Minato Residence, Phường Vĩnh Niệm, Lê Chân, Hải Phòng"
SIÊU PHẨM VILAR MĂT TIỀN SÔNG ĐƯỜNG 10. HBC. THỦ ĐỨC NHÀ ĐẸP 8x20. 3 TẦNG,21 tỷ,160 m²,5,4,"Thủ Đức, Hồ Chí Minh","Đường Số 10, Phường Hiệp Bình Chánh, Thủ Đức, Hồ Chí Minh"
"Nhiều căn chuyển nhượng Phodong - Sol Villas, DT: 100m2 - 500m2, từ 10.3 tỷ - 48 tỷ, LH: 0902 746 ***","10,3 tỷ",120 m²,Không có thông tin,Không có thông tin,"Quận 2, Hồ Chí Minh","Dự án Phố Đông Village , Đường Nguyễn Thị Định, Phường Cát Lái, Quận 2, Hồ Chí Minh"
"Bán đất tại Khu tái định cư Phú Mỹ 2, 7,5 tỷ, 90m2, Chính chủ view đẹp","7,5 tỷ",90 m²,Không có thông tin,Không có thông tin,"Quận 7, Hồ Chí Minh","Phường Phú Mỹ, Quận 7, Hồ Chí Minh"
Bán căn hộ Masteri vốn chỉ cần 400tr miễn gốc lãi hơn 2 năm,"1,62 tỷ",30 m²,Không có thông tin,Không có thông tin,"Văn Giang, Hưng Yên","The Empire - Vinhomes Ocean Park 2, Long Hưng, Văn Giang, Hưng Yên"
Cập nhật rổ hàng tháng 2/2025 căn hộ Topaz - Quận 8. LH em để được hỗ trợ trực tiếp,"3,2 tỷ",70 m²,2,2,"Quận 8, Hồ Chí Minh","Dự án Topaz Elite, Đường Cao Lỗ, Phường 4, Quận 8, Hồ Chí Minh"
"Chính chủ cần bán nhà phố tại 78 Cầu Đất, Ngô Quyền, Hải Phòng. Nhà đầy đủ nội thất, 47 m2, 3 tầng","2,9 tỷ",47 m²,3,2,"Ngô Quyền, Hải Phòng","78, Đường Cầu Đất, Phường Cầu Đất, Ngô Quyền, Hải Phòng"
"Chính chủ cần bán mảnh đất 126m2. Mặt tiền 9m. Giá bán 20 triệu/1m2, ôtô đỗ cửa","2,52 tỷ",126 m²,Không có thông tin,Không có thông tin,"Thạch Thất, Hà Nội","Xã Bình Yên, Thạch Thất, Hà Nội"
"Bán nhà MT Lê Duẩn 16 tỷ và nhà mặt tiền Hàm Nghi, gần ngã tư Nguyễn Văn Linh 58m2, giá 12 tỷ",12 tỷ,58 m²,Không có thông tin,Không có thông tin,"Hải Châu, Đà Nẵng","Đường Hàm Nghi, Phường Hải Châu I, Hải Châu, Đà Nẵng"
Chính chủ thiện chí bán nhanh căn hộ 1PN+ 58m2 đầy đủ nội thất - giá tốt nhất tại Hà Đô quận 10,"6,7 tỷ",58 m²,1,1,"Quận 10, Hồ Chí Minh","Dự án HaDo Centrosa Garden, Đường 3/2, Phường 12, Quận 10, Hồ Chí Minh"
Bán toà VP phố Nguyễn Khang - 7 tầng thang máy - 85m2 - Chỉ nhỉnh 32 tỷ,"32,5 tỷ",85 m²,6,6,"Cầu Giấy, Hà Nội","Đường Nguyễn Khang, Phường Yên Hòa, Cầu Giấy, Hà Nội"
Nhà mới 2 tầng 3PN có phòng dưới trệt view cây xanh thoáng mát sổ hồng chuẩn giá chỉ 4tỷ 500tr,"4,5 tỷ","46,3 m²",3,2,"Nhà Bè, Hồ Chí Minh","Hẻm 2463, Đường Huỳnh Tấn Phát, Xã Phú Xuân, Nhà Bè, Hồ Chí Minh"
"Bán CH Đức Khải Q7, 85m 2PN view sông, Full nội thất, Giá 2,1 tỷ: LH 0902 952 *** 0926 879 ***","2,1 tỷ",85 m²,2,3,"Quận 7, Hồ Chí Minh","Dự án The Era Town, Đường 15B, Phường Phú Mỹ, Quận 7, Hồ Chí Minh"
"Bán nhà phố 2 mặt view liền kề khu Jamona Home Resort Thủ Đức, QL13, Thủ Đức","6,45 tỷ",68 m²,4,5,"Thủ Đức, Hồ Chí Minh","Dự án Jamona Home Resort, Đường Quốc Lộ 13, Phường Hiệp Bình Phước, Thủ Đức, Hồ Chí Minh"
Bán căn hộ S1.092411 view cực đẹp giá cực rẻ chỉ có 2 tỷ 1 thu net mà lại còn đầy đủ nội thất,"2,1 tỷ",38 m²,1,1,"Gia Lâm, Hà Nội","The Sapphire 1 - Vinhomes Ocean Park, Đa Tốn, Gia Lâm, Hà Nội"
Cần tiền bán căn 108m2 3PN căn góc tòa C Paragon Cầu Giấy giá 7 tỷ,7 tỷ,108 m²,3,2,"Cầu Giấy, Hà Nội","Dự án Hà Nội Paragon, Phường Dịch Vọng Hậu, Cầu Giấy, Hà Nội"
Bán căn hộ S1.092411 view cực đẹp giá cực rẻ chỉ có 2 tỷ 1 thu net mà lại còn đầy đủ nội thất,"2,1 tỷ",38 m²,1,1,"Gia Lâm, Hà Nội","The Sapphire 1 - Vinhomes Ocean Park, Đa Tốn, Gia Lâm, Hà Nội"
Cần tiền bán căn 108m2 3PN căn góc tòa C Paragon Cầu Giấy giá 7 tỷ,7 tỷ,108 m²,3,2,"Cầu Giấy, Hà Nội","Dự án Hà Nội Paragon, Phường Dịch Vọng Hậu, Cầu Giấy, Hà Nội"
"Cần bán căn biệt thự song lập view công viên, trường học HUGO, Anh Dũng 3, full nội thất","11,8 tỷ",185 m²,4,4,"Dương Kinh, Hải Phòng","Phường Anh Dũng, Dương Kinh, Hải Phòng"
Bán đất giá tốt nhất Mỹ Gia Nha Trang chỉ 30 triệu/m2 đường thông 27 mét LH 0915 560 ***,"6,5 tỷ","216,5 m²",Không có thông tin,Không có thông tin,"Nha Trang, Khánh Hòa","Mỹ Gia, Đường Võ Nguyên Giáp, Xã Vĩnh Thái, Nha Trang, Khánh Hòa"
"Siêu đẹp chính chủ bán căn hộ 3N2W 130,7m2 CTM 139 Cầu Giấy, full nội thất cao cấp","9,5 tỷ","130,7 m²",3,2,"Cầu Giấy, Hà Nội","CTM Building 139 Cầu Giấy, Đường Cầu Giấy, Phường Quan Hoa, Cầu Giấy, Hà Nội"
"Bán gấp căn 1PN giá chỉ 1,630tỷ bao hồ sơ ngân hàng cho vay 80%, TT 350tr nhận nhà và sổ luôn","1,63 tỷ",53 m²,1,1,"Thủ Dầu Một, Bình Dương","Dự án Happy One Central, Đường 30/4, Phường Phú Hòa, Thủ Dầu Một, Bình Dương"
"Dự án Đại Học Bách Khoa, các nền đất chính chủ giá cạnh tranh nhất thị trường","16,72 tỷ",304 m²,Không có thông tin,Không có thông tin,"Quận 9, Hồ Chí Minh","Dự án Bách Khoa, Đường Đỗ Xuân Hợp, Phường Phú Hữu, Quận 9, Hồ Chí Minh"
Hot - căn hộ dịch vụ 6 tầng - 30 phòng 500m2 - dòng tiền mượt mà - siêu phẩm đầu tư tại Linh Trung,20 tỷ,500 m²,30,30,"Thủ Đức, Hồ Chí Minh","Đường Số 5, Phường Linh Trung, Thủ Đức, Hồ Chí Minh"
"Bán gấp căn biệt thự kinh doanh xây 6 tầng đường 20m, vỉa hè 5m kinh doanh quá tiềm năng",19 tỷ,"109,2 m²",Không có thông tin,Không có thông tin,"Văn Giang, Hưng Yên","Dự án The Empire - Vinhomes Ocean Park 2, Xã Long Hưng, Văn Giang, Hưng Yên"
"Bán căn 2 ngủ 78m2 tòa Roman Plaza, nội thất mới, có slot, sổ đỏ CC - 4,75 tỷ bao phí. 0986 787 ***","4,75 tỷ",78 m²,2,2,"Nam Từ Liêm, Hà Nội","Dự án Roman Plaza, Đường Tố Hữu, Phường Đại Mỗ, Nam Từ Liêm, Hà Nội"
Hàng mới 2 MT khu TDC Hương Đình đầu tư hot,Giá thỏa thuận,180 m²,Không có thông tin,Không có thông tin,"Sóc Sơn, Hà Nội","Xã Mai Đình, Sóc Sơn, Hà Nội"
"RẺ NHẤT-NGỘP, CHỦ BÁN GẤP CĂN 1 PHÒNG NGỦ FULL NỘI THẤT CHỈ 1TỶ85 CC LÊ PHONG - LH: TRẦN HÀN VŨ","1,85 tỷ","52,5 m²",1,1,"Thuận An, Bình Dương","The Emerald Golf View, Đại Lộ Bình Dương, Lái Thiêu, Thuận An, Bình Dương"
"E Dũng Goldmark bán full quỹ căn 2PN 3PN 4PN, làm việc chính chủ không qua sàn giá rẻ nhất Goldmark",6 tỷ,110 m²,3,2,"Bắc Từ Liêm, Hà Nội","Goldmark City, Hồ Tùng Mậu, Phú Diễn, Bắc Từ Liêm, Hà Nội"
"Bán biệt thự đơn lập nằm trong compound The Aqua 1, hướng Nam thoáng mát. Giá bán full chỉ 8.5 tỷ","8,5 tỷ",225 m²,Không có thông tin,Không có thông tin,"Bến Lức, Long An","Dự án Waterpoint, Đường Tỉnh lộ 824, Xã An Thạnh, Bến Lức, Long An"
Nhỉnh 287 tr/m2 mặt phố lô góc Nguyễn Đình Hoàn 2 thoáng KD vỉa hè 73 m2 C4 MT 5m 21 tỷ Cầu Giấy,21 tỷ,"73,1 m²",Không có thông tin,Không có thông tin,"Cầu Giấy, Hà Nội","Đường Nguyễn Đình Hoàn, Phường Dịch Vọng, Cầu Giấy, Hà Nội"
"Bán đất tại An Phú An Khánh, 180 triệu / m2, 192 m2, hàng hiếm giá tốt","34,56 tỷ",192 m²,Không có thông tin,Không có thông tin,"Quận 2, Hồ Chí Minh","Dự án An Phú An Khánh, Đường Bùi Tá Hán, Phường An Phú, Quận 2, Hồ Chí Minh"
"Chính chủ tôi cần bán lô 71 m2 đất dv Song Phương, Hoài Đức, giá (110)tr/m2. Lh 0973 791 ***","7,81 tỷ",71 m²,Không có thông tin,Không có thông tin,"Hoài Đức, Hà Nội","Xã Song Phương, Hoài Đức, Hà Nội"
"Chính chủ bán lô đất kinh doanh giá siêu rẻ tại Đông Lai, Quang Tiến, Sóc Sơn. LH: 0369 288 ***",Giá thỏa thuận,144 m²,Không có thông tin,Không có thông tin,"Sóc Sơn, Hà Nội","Xã Quang Tiến, Sóc Sơn, Hà Nội"
"Chính chủ cần tiền bán Vùng Trung 9, DT 110m2 giá bán 3,350 tỷ","3,35 tỷ",110 m²,Không có thông tin,Không có thông tin,"Ngũ Hành Sơn, Đà Nẵng","Dự án Phú Mỹ An, Đường Vùng Trung 9, Phường Hòa Hải, Ngũ Hành Sơn, Đà Nẵng"
"Bán gấp căn hộ 3PN, 2WC tại Legend Tower 109 Nguyễn Tuân, 8,8 tỷ, 107m2. Full NT. LH 0792 826 ***","8,8 tỷ",107 m²,3,2,"Thanh Xuân, Hà Nội","Legend Tower 109 Nguyễn Tuân, Đường Nguyễn Tuân, Phường Nhân Chính, Thanh Xuân, Hà Nội"
"Bán CH Mandarin Garden Hoàng Minh Giám - DT từ 130,1m2 - 168 - 172 - 266 và 306m2, Tell 0904 717 ***",Giá thỏa thuận,"266,4 m²",4,4,"Cầu Giấy, Hà Nội","Mandarin Garden, Hoàng Minh Giám, Trung Hòa, Cầu Giấy, Hà Nội"
"Bán nhà mặt phố đẹp 7 tầng có thang máy tại Lạc Long Quân, 13.9 tỷ, 75m2, Tân Bình, HCM","13,9 tỷ",75 m²,11,12,"Tân Bình, Hồ Chí Minh","Đường Lạc Long Quân, Phường 8, Tân Bình, Hồ Chí Minh"
"Giỏ hàng thật 100% bán lỗ 3PN Celesta Rise Keppel Land DT 105m2 thô bán 5,7tỷ giá 102% - HTCB 6,2tỷ","5,7 tỷ",105 m²,3,2,"Nhà Bè, Hồ Chí Minh","Dự án Celesta Rise, Đường Nguyễn Hữu Thọ, Xã Phước Kiển, Nhà Bè, Hồ Chí Minh"
"Chủ cần tiền nhờ bán căn nhà Tôn Đức Thắng-Đống Đa, nhà mặt ngõ, gần ngay phố, giá nhỉnh 12 tỷ","12,9 tỷ",60 m²,4,4,"Đống Đa, Hà Nội","Phố Tôn Đức Thắng, Phường Hàng Bột, Đống Đa, Hà Nội"
"Chính chủ bán nhà Mỹ Đình 35m2 - 4 tầng - 4 ngủ - 6,55 tỷ","6,55 tỷ",35 m²,4,3,"Nam Từ Liêm, Hà Nội","Ngõ 52, đường Mỹ Đình, Phường Mỹ Đình 1, Nam Từ Liêm, Hà Nội"
"NCC chào bán lô đất đường Nguyễn Khắc Viện, biển Sơn Thủy Đà Nẵng. LH 0935 474 ***",Giá thỏa thuận,300 m²,Không có thông tin,Không có thông tin,"Ngũ Hành Sơn, Đà Nẵng","Đường Nguyễn Khắc Viện, Phường Hòa Hải, Ngũ Hành Sơn, Đà Nẵng"
Bán CH duplex 3Pn The Infinity Q7 Keppel DT~146m2 view hồ bơi mát giá 10ty5- xem nhà mẫu 0933 776 ***,"10,5 tỷ","145,4 m²",3,3,"Quận 7, Hồ Chí Minh","The Infiniti Riviera Point, Đường Huỳnh Tấn Phát, Phường Tân Phú, Quận 7, Hồ Chí Minh"
"Chính chủ bán nhà DT 46 m2 x 6 tầng ô tô chạy qua, tại 17 ngõ 54 đường Âu Cơ giá tốt nhất","13,5 tỷ",46 m²,Không có thông tin,Không có thông tin,"Tây Hồ, Hà Nội","17 ngõ 54, Đường Âu Cơ, Phường Tứ Liên, Tây Hồ, Hà Nội"
"Đầu tư đợt 1 căn hộ ven sông The Gió Riverside, liền kề Metro. Thanh toán 1%/th. HTLS 24 tháng",Giá thỏa thuận,65 m²,2,2,"Dĩ An, Bình Dương","Dự án The Gió Riverside, Đường D16, Phường Bình Thắng, Dĩ An, Bình Dương"
"Bán nhà 3 tầng Lâm Văn Bền, Q7 60m2 giá 9,5 tỷ","9,5 tỷ",60 m²,4,3,"Quận 7, Hồ Chí Minh","Đường Lâm Văn Bền, Phường Tân Kiểng, Quận 7, Hồ Chí Minh"
Bán đất MT KDC Đông An - TP Dĩ An 20 x 28 - 550m2 full thổ - tặng dãy trọ - 12.2ty~ 22tr/m2,"12,2 tỷ",550 m²,Không có thông tin,Không có thông tin,"Dĩ An, Bình Dương","Đường D1, Phường Tân Đông Hiệp, Dĩ An, Bình Dương"
"Bán gấp đất thổ cư 52m2 trục chính Lai Xá, Kim Chung Hoài Đức, đường ôtô tránh K. Doanh chỉ 8 tỷ","8,42 tỷ",52 m²,Không có thông tin,Không có thông tin,"Hoài Đức, Hà Nội","Đường Lai Xá, Xã Kim Chung, Hoài Đức, Hà Nội"
"Đất thị trấn, sát khu công nghiệp đẹp như hàng dự án giá chỉ 2xx tr/LÔ",280 triệu,196 m²,Không có thông tin,Không có thông tin,"Thạch Thành, Thanh Hóa","Đường Hồ Chí Minh, Xã Thạch Quảng, Thạch Thành, Thanh Hóa."
Căn hộ STown Gateway - Sổ hồng riêng sở hữu lâu dài - Phòng Kinh Doanh Chủ Đầu Tư: 0909 056 ***,"1,7 tỷ",50 m²,2,1,"Thuận An, Bình Dương","Dự án Stown Gateway, Đường Quốc Lộ 13, Phường Vĩnh Phú, Thuận An, Bình Dương"
"Bán căn hộ TT AVIO Nhật Bản ngay Vincom Dĩ An, Trả góp chỉ 9tr/tháng, căn 2PN giá từ 1,23 tỷ/căn","1,23 tỷ",40 m²,2,1,"Dĩ An, Bình Dương","Dự án TT AVIO, Đường Tỉnh lộ 743C, Phường Tân Đông Hiệp, Dĩ An, Bình Dương"
Tha hồ lựa chọn Alacarte Hạ Long giá rẻ - Mua nhà được tư vấn miễn phí vận hành kinh doanh cho thuê,Giá thỏa thuận,50 m²,1,1,"Hạ Long, Quảng Ninh","Dự án A La Carte Hạ Long Bay, Phường Hùng Thắng, Hạ Long, Quảng Ninh"
"Vinhomes Wonder City Đan Phượng chỉ từ 1x tỷ/căn liền kề, biệt thự gần đại lộ Tây Thăng Long",19 tỷ,96 m²,Không có thông tin,Không có thông tin,"Đan Phượng, Hà Nội","Dự án Vinhomes Wonder City, Xã Tân Hội, Đan Phượng, Hà Nội"
"Bán nhà riêng tại Liên khu 4 - 5, 2,45 tỷ, 33m2, 2PN, 2WC, pháp lý đầy đủ","2,45 tỷ",35 m²,2,2,"Bình Tân, Hồ Chí Minh","Đường Liên khu 4-5, Phường Bình Hưng Hòa B, Bình Tân, Hồ Chí Minh"
"Bán đất Hậu Nghĩa, Đức Hòa, Long An, 150m2, tiện ích đầy đủ LH: 0932 061 ***",Giá thỏa thuận,150 m²,Không có thông tin,Không có thông tin,"Đức Hòa, Long An","Thị trấn Hậu Nghĩa, Đức Hòa, Long An"
"Bán gấp nhà mặt tiền 57 - 59 Nguyễn Văn Kỉnh, Thạnh Mỹ Lợi, Q2, HCM. 16x20m, 8 tầng. Giá 215 tỷ VND",215 tỷ,320 m²,7,7,"Quận 2, Hồ Chí Minh","57-59 Đường Nguyễn Văn Kỉnh, Phường Thạnh Mỹ Lợi, Quận 2, Hồ Chí Minh"
"Bán đất Hậu Nghĩa, Đức Hòa, Long An, 150m2, tiện ích đầy đủ LH: 0932 061 ***",Giá thỏa thuận,150 m²,Không có thông tin,Không có thông tin,"Đức Hòa, Long An","Thị trấn Hậu Nghĩa, Đức Hòa, Long An"
"Bán gấp nhà mặt tiền 57 - 59 Nguyễn Văn Kỉnh, Thạnh Mỹ Lợi, Q2, HCM. 16x20m, 8 tầng. Giá 215 tỷ VND",215 tỷ,320 m²,7,7,"Quận 2, Hồ Chí Minh","57-59 Đường Nguyễn Văn Kỉnh, Phường Thạnh Mỹ Lợi, Quận 2, Hồ Chí Minh"
"Bán nhà mặt tiền đường 494, nhà 1T/3 lầu, P. Tăng Nhơn Phú A, gần Lê văn Việt","12,5 tỷ",105 m²,5,5,"Quận 9, Hồ Chí Minh","Đường 494, Phường Tăng Nhơn Phú A, Quận 9, Hồ Chí Minh"
"Bán nhà phố, bán biệt thự khu Euro Village, vị trí đắc địa bậc nhất Đà Nẵng",Giá thỏa thuận,100 m²,4,5,"Sơn Trà, Đà Nẵng","Dự án Euro Village, Đường Ngô Quyền, Phường An Hải Nam, Sơn Trà, Đà Nẵng"
"Chủ cần tiền bán nhanh lô đất giá cực rẻ tại Liên Khê, Thủy Nguyên ngõ thông ô tô đỗ đất",410 triệu,81 m²,Không có thông tin,Không có thông tin,"Thủy Nguyên, Hải Phòng","Xã Liên Xuân, Thủy Nguyên, Hải Phòng"
"Cần bán đất nền dự án Gia Hòa, Đỗ Xuân Hợp, Q9, TP Thủ Đức, DT 5x20m (100m2) giá bán 10,5 tỷ","10,5 tỷ",100 m²,Không có thông tin,Không có thông tin,"Quận 9, Hồ Chí Minh","Dự án Gia Hòa, Đường Đỗ Xuân Hợp, Phường Phước Long B, Quận 9, Hồ Chí Minh"
"Chính chủ cần bán đất nền 4x19m khu dân cư An Phú Hưng, Phường Tân Phong, Quận 7","13,3 tỷ",76 m²,Không có thông tin,Không có thông tin,"Quận 7, Hồ Chí Minh","Đường Nguyễn Thị Thập, Phường Tân Phong, Quận 7, Hồ Chí Minh"
"Cần bán đất dự án An Thiên Lý, Q9, TP. DT 12x24m đường 12m giá 53tr/m2. LH 0908 110 *** gặp My..","17,57 tỷ",288 m²,Không có thông tin,Không có thông tin,"Quận 9, Hồ Chí Minh","Dự án Thiên Lý, Đường Dương Đình Hội, Phường Phước Long B, Quận 9, Hồ Chí Minh"
PKD Privia cập nhật full giỏ hàng 100 căn giá tốt nhất TT studio-2.5t/1PN-3t/2PN-3.9t/3PN-4.75t,"3,05 tỷ",51 m²,1,1,"Bình Tân, Hồ Chí Minh","Dự án The Privia, Đường An Dương Vương, Phường An Lạc, Bình Tân, Hồ Chí Minh"
"Bán căn hộ 3PN góc, 95m2, giá 7.9 tỷ tại Thống Nhất Complex, 82 Nguyễn Tuân","7,9 tỷ",95 m²,3,2,"Thanh Xuân, Hà Nội","Thống Nhất Complex, 82, Đường Nguyễn Tuân, Phường Thanh Xuân Trung, Thanh Xuân, Hà Nội"
"Giỏ hàng Midtown độc quyền mới nhất 3/2025 76m2 = 5,5 tỷ, 3PN= 11 tỷ","5,5 tỷ",76 m²,Không có thông tin,Không có thông tin,"Quận 7, Hồ Chí Minh","Dự án Midtown Phú Mỹ Hưng, Phường Tân Phú, Quận 7, Hồ Chí Minh"
Siêu phẩm đầu tư ngay ga Metro Bình Thái - Nhà 3T 108m2 (4.6m x 23m) đường oto 11m thông có vỉa hè,"10,8 tỷ",108 m²,3,3,"Thủ Đức, Hồ Chí Minh","Đường Nguyễn Văn Bá, Phường Trường Thọ, Thủ Đức, Hồ Chí Minh"
"Bán Nhà phố, biệt thự Cityland Park Hills phường 10 Gò Vấp, nhiều mặt hàng quý khách lựa chọn",Giá thỏa thuận,100 m²,6,6,"Gò Vấp, Hồ Chí Minh","CityLand Park Hills, 18, Đường Phan Văn Trị, Phường 10, Gò Vấp, Hồ Chí Minh"
Nhỉnh 6tỷ có ngay nhà phố Nguyễn Văn Cừ DT 55m2 - giá hiếm người bán,"6,6 tỷ",55 m²,3,3,"Long Biên, Hà Nội","Đường Nguyễn Văn Cừ, Phường Long Biên, Long Biên, Hà Nội"
"Độc quyền hàng hiếm 4PN - 154m2 - The Senique HaNoi, view Panorama hướng hồ cực chất LH 0976 037 ***",Giá thỏa thuận,154 m²,4,3,"Gia Lâm, Hà Nội","Dự án Chung cư The Senique Hanoi , Xã Dương Xá, Gia Lâm, Hà Nội"
"Cần bán đất dự án 153ha Cát Lái, P Cát Lái, TP Thủ Đức, 7x17m giá 53 tr/m2","6,31 tỷ",119 m²,Không có thông tin,Không có thông tin,"Quận 2, Hồ Chí Minh","Khu dân cư Cát Lái Invesco, Nguyễn Thị Định, Cát Lái, Quận 2, Hồ Chí Minh"
"Bán 16.945m2 đất mặt tiền Trừ Văn Thố, Bầu Bàng, Bình Dương giá rẻ nhất thị trường","27,11 tỷ",16.945 m²,Không có thông tin,Không có thông tin,"Bàu Bàng, Bình Dương","Đường Trừ Văn Thố, Xã Trừ Văn Thố, Bàu Bàng, Bình Dương"
"Bán CHCC chung cư iris Garden - 30 Trần Hữu Dực, Liên hệ xem nhà: 0989 324 *** em Châu","4,3 tỷ",62 m²,2,2,"Nam Từ Liêm, Hà Nội","Iris Garden, 30, Đường Trần Hữu Dực, Phường Cầu Diễn, Nam Từ Liêm, Hà Nội"
Siêu phẩm căn hộ cao cấp - view sông Hàn pháo hoa độc nhất Đà Nẵng chiết khấu lên đến 21%,"8,96 tỷ","70,1 m²",2,2,"Sơn Trà, Đà Nẵng","Dự án Sun Symphony Residence, Đường Trần Hưng Đạo, Phường Nại Hiên Đông , Sơn Trà, Đà Nẵng"
Bán giai đoạn 2 dự án KingHill Residences giá 2 tỷ,2 tỷ,90 m²,Không có thông tin,Không có thông tin,"Bến Lức, Long An","King Hill Residences, Xã Thanh Phú, Bến Lức, Long An"
"Mở bán khu biệt thự với 41 căn đồng bộ kiến trúc Pháp đang hoàn thiện tại Đà Lạt, giá F0",18 tỷ,200 m²,6,6,"Đà Lạt, Lâm Đồng","Đường Trịnh Hoài Đức, Phường 11, Đà Lạt, Lâm Đồng"
Giỏ hàng 7 lô đẹp giá chỉ từ 56.5tr đến 68tr/m2 đất nền ven sông KDC Gia Long 138 Lê Văn Lương,Giá thỏa thuận,85 m²,Không có thông tin,Không có thông tin,"Nhà Bè, Hồ Chí Minh","Gia Long Riverside Nhà Bè, 138, Đường Lê Văn Lương, Xã Phước Kiển, Nhà Bè, Hồ Chí Minh"
"3PN OS1 tầng cao view trực diện sông, công viên Vinwonder","8,9 tỷ",100 m²,3,2,"Quận 9, Hồ Chí Minh","Dự án The Opus One - Vinhomes Grand Park, Phường Long Bình, Quận 9, Hồ Chí Minh"
"Bán BT đơn lập cực đẹp 3MT đường, diện tích 206m2 xây 3T trục đường Đại Mỗ Nam TL.","63,5 tỷ",206 m²,5,5,"Nam Từ Liêm, Hà Nội","Đường Đại Mỗ, Phường Đại Mỗ, Nam Từ Liêm, Hà Nội"
"Bán đất đông bình dương, Tp Dĩ An 890tr/ nền",890 triệu,80 m²,Không có thông tin,Không có thông tin,"Dĩ An, Bình Dương","Dự án Khu đô thị Đông Bình Dương, Đường Nguyễn Thị Minh Khai, Phường Tân Bình, Dĩ An, Bình Dương"
Chính chủ bán nhà phố 2 mặt tiền trước sau,"5,95 tỷ","45,3 m²",3,4,"Gò Vấp, Hồ Chí Minh","Đường Lê Đức Thọ, Phường 13, Gò Vấp, Hồ Chí Minh"
"Bán biệt thự giá F0 từ Chủ đầu tư, miễn lãi và ân hạn gốc 12 tháng",11 tỷ,180 m²,4,5,"Từ Sơn, Bắc Ninh","Dự án Centa Riverside, Đường Hữu Nghị, Phường Phù Chẩn, Từ Sơn, Bắc Ninh"
"Bán Đất Nền Dự Án Dragon Park Văn Giang, 75 triệu / m2, 189 m2, Hưng Yên, giá ưu đãi Hot!","14,18 tỷ",189 m²,Không có thông tin,Không có thông tin,"Văn Giang, Hưng Yên","Dragon Park Văn Giang, Đường Tỉnh lộ 179, Xã Cửu Cao, Văn Giang, Hưng Yên"
17 tỷ liền kề khu b Geleximco dt: 100m2 - mt: 6m đối diện trung tâm thương mại Lh: 0974 099 ***,17 tỷ,100 m²,Không có thông tin,Không có thông tin,"Hà Đông, Hà Nội","Geleximco Lê Trọng Tấn, Đường Lê Trọng Tấn, Phường Dương Nội, Hà Đông, Hà Nội"
"Nhà Lk Vạn Phúc 46m2*6T, mặt sau Him Lam, full nội thất, giá 15.9 tỷ","15,9 tỷ","46,3 m²",4,5,"Hà Đông, Hà Nội","Phố Vạn Phúc, Phường Vạn Phúc, Hà Đông, Hà Nội"
"Siêu phẩm 6 tầng Luxury có thang máy mặt tiền nhánh 8m Nguyễn Ảnh Thủ, P. Tân Chánh Hiệp, Quận 12","8,19 tỷ",82 m²,4,6,"Quận 12, Hồ Chí Minh","Đường Nguyễn Ảnh Thủ, Phường Tân Chánh Hiệp, Quận 12, Hồ Chí Minh"
"Tập đoàn BRG mở bán căn hộ biển Đà Nẵng giá chỉ từ 4,8 tỷ - Newtown Diamond - Sân golf 36 hố","4,8 tỷ",73 m²,2,2,"Ngũ Hành Sơn, Đà Nẵng","Dự án Newtown Diamond Đà Nẵng , Đường Trường Sa, Phường Hòa Hải, Ngũ Hành Sơn, Đà Nẵng"
"Mở bán sàn văn phòng - ngã 4 Bạch Mai + Minh Khai. Sẵn sổ bàn giao, sẵn dòng tiền cho thuê 19$/m","12,76 tỷ",232 m²,Không có thông tin,Không có thông tin,"Hai Bà Trưng, Hà Nội","Vinaconex Diamond Tower, Số 459C, Phố Bạch Mai, Phường Trương Định, Hai Bà Trưng, Hà Nội"
Chuyên căn hộ Era Town Quận 7 giá tốt! 67m2 - 2PN 2WC full nội thất chỉ 1 tỷ 840. LH: 0938 371 ***,"1,84 tỷ",67 m²,2,2,"Quận 7, Hồ Chí Minh","Dự án The Era Town, Phường Phú Mỹ, Quận 7, Hồ Chí Minh"
Cần bán căn mặt đường 33m dự án Himlam Thường Tín giá siêu tốt liên hệ 0974 694 ***,"15,7 tỷ",88 m²,4,Không có thông tin,"Thường Tín, Hà Nội","Dự án Him Lam Thường Tín, Đường Trần Phú, Thị trấn Thường Tín, Thường Tín, Hà Nội"
130m2 - ô tô 7 chỗ đỗ cửa - thôn Thái Bình - Mai Lâm Đông Anh - Hà Nội,"9,49 tỷ",130 m²,Không có thông tin,Không có thông tin,"Đông Anh, Hà Nội","Thôn Thái Bình, Xã Mai Lâm, Đông Anh, Hà Nội"
"Lô biệt thự Thanh Hà cạnh hồ điều hoà 12ha, cạnh 11 toà chung cư đường 17m","19,25 tỷ",350 m²,Không có thông tin,Không có thông tin,"Hà Đông, Hà Nội","Khu đô thị Thanh Hà Mường Thanh, Kiến Hưng, Hà Đông, Hà Nội"
"Chính chủ bán 52m2 đất tại thôn Khuê Than, Xã Phú Nghĩa, Chương Mỹ",Giá thỏa thuận,52 m²,Không có thông tin,Không có thông tin,"Chương Mỹ, Hà Nội","Xã Phú Nghĩa, Chương Mỹ, Hà Nội"
"Chính chủ cần bán căn nhà phố Đông Ngạc - 30m2 - 4 tầng - 5,3 tỷ - 15m ra ngõ ô tô tránh","5,3 tỷ",30 m²,5,3,"Bắc Từ Liêm, Hà Nội","Ngõ 81, đường Đông Ngạc, Phường Đông Ngạc, Bắc Từ Liêm, Hà Nội"
"Chỉ thanh toán 440 triệu sở hữu ngay căn hộ 2PN2WC giỏ hàng CĐT, CH The Maison tháng 5 bàn giao nhà",2 tỷ,70 m²,2,2,"Thủ Dầu Một, Bình Dương","Dự án The Maison, Đường Phan Bội Châu, Phường Phú Thọ, Thủ Dầu Một, Bình Dương"
Bán ngay dự án The Vista vị trí trung tâm thành phố - Booking chỉ với 50tr - Sở hữu lâu dài,Giá thỏa thuận,76 m²,2,2,"Hải Châu, Đà Nẵng","Dự án Vista Residence Da Nang, Đường Xô Viết Nghệ Tĩnh, Phường Hòa Cường Nam, Hải Châu, Đà Nẵng"
"Bán căn hộ chung cư Eco Green City, 4,4 tỷ, 67m2, 2PN, 2WC, giá tốt","4,4 tỷ",67 m²,2,2,"Thanh Trì, Hà Nội","Dự án Eco Green City, Đường Nguyễn Xiển, Xã Tân Triều, Thanh Trì, Hà Nội"
"Quỹ căn hộ giá tốt nhất tại Vinhomes Smart City - An cư lý tưởng, Đầu tư sinh lời !","3,8 tỷ",61 m²,2,2,"Nam Từ Liêm, Hà Nội","Dự án Vinhomes Smart City , Phường Tây Mỗ, Nam Từ Liêm, Hà Nội"
"Kẹt tiền bán gấp lô đất mặt đường 22m ven sông Quận 7 - Giảm giá từ 12 tỷ còn 9,5 tỷ bán nhanh","9,5 tỷ","125,4 m²",Không có thông tin,Không có thông tin,"Nhà Bè, Hồ Chí Minh","Đường Phạm Hữu Lầu, Xã Phước Kiển, Nhà Bè, Hồ Chí Minh"
"Hiếm, mặt tiền Phú Thọ Hoà, 4x18m (SD 72m2), 2 tầng, giá 14,9 tỷ TL","14,9 tỷ",72 m²,2,2,"Tân Phú, Hồ Chí Minh","Đường Phú Thọ Hòa, Phường Phú Thọ Hòa, Tân Phú, Hồ Chí Minh"
Bán căn biệt thự góc 2 mặt tiền view sông Sài Gòn P. Thạnh Mỹ Lợi Tp Thủ Đức 321.5m2 giá chỉ 115 tỷ,115 tỷ,"321,5 m²",Không có thông tin,Không có thông tin,"Quận 2, Hồ Chí Minh","Dự án Huy Hoàng, Đường Tỉnh lộ 25B, Phường Thạnh Mỹ Lợi, Quận 2, Hồ Chí Minh"
"Hải Phòng 5000m2, 10.000m2 đất công nghiệp phù hợp nhiều ngành nghề có thể làm FDI, giá 2,3 tr/m2","11,5 tỷ",5.000 m²,Không có thông tin,Không có thông tin,"Tiên Lãng, Hải Phòng","Xã Đại Thắng, Huyện Tiên Lãng, Hải Phòng"
Sapphire Gem sở hữu vị trí vàng - đón đầu tiềm năng tăng giá,"8,15 tỷ",154 m²,4,4,"Thủy Nguyên, Hải Phòng","Dự án Sapphire Gem Hải Phòng, Phường Thủy Đường, Thủy Nguyên, Hải Phòng"
Sở hữu căn hộ Sài Gòn Intela chỉ với 600tr,"1,53 tỷ",55 m²,2,2,"Bình Chánh, Hồ Chí Minh","Dự án Sài Gòn Intela, Đường Nguyễn Văn Linh, Xã Phong Phú, Bình Chánh, Hồ Chí Minh"
Siêu rẻ giá chỉ 118 triệu/m2 nền biệt thự giá tốt nhát khu vực An Khánh Q2 cần bán gấp 0907 028 ***,67 tỷ,"567,2 m²",Không có thông tin,Không có thông tin,"Quận 2, Hồ Chí Minh","Đường Số 12, Phường An Khánh, Quận 2, Hồ Chí Minh"
"Bán MT Tô Ngọc Vân, Linh Đông. Ngang 20m*20m=370m2. Hđ thuê 160tr/tháng thu nét. Giá bán 60 tỷ TL",60 tỷ,370 m²,1,1,"Thủ Đức, Hồ Chí Minh","Đường Tô Ngọc Vân, Phường Linh Đông, Thủ Đức, Hồ Chí Minh"
"CC cần bán gấp căn 1N + 43m2 full đồ, thiết kế 2N giá 2.98 tỷ","2,98 tỷ",43 m²,2,1,"Nam Từ Liêm, Hà Nội","Dự án Vinhomes Smart City , Phường Tây Mỗ, Nam Từ Liêm, Hà Nội"
"Đất MT 80*107m, Q. Lộ 1A, TT Tân Nghĩa, Hàm Tân","14,55 tỷ",8.560 m²,Không có thông tin,Không có thông tin,"Hàm Tân, Bình Thuận","Đường Quốc lộ 1A, Thị trấn Tân Nghĩa, Hàm Tân, Bình Thuận"
"Chính chủ bán nhà riêng gần trường tiểu học/trung học cơ sở Kim Giang, Phố Hoàng Đạo Thành","13,5 tỷ","42,7 m²",2,2,"Thanh Xuân, Hà Nội","Số 14 ngách 55, ngõ 64, Đường Kim Giang, Phường Hạ Đình, Thanh Xuân, Hà Nội"
Phố Nguyễn Văn lộc siêu kinh doanh - nở hậu - trung tâm quận - đối diện học viện an ninh,33 tỷ,105 m²,6,6,"Hà Đông, Hà Nội","Đường Nguyễn Văn Lộc, Phường Mỗ Lao, Hà Đông, Hà Nội"
"Phải thật nhanh nhà dân xây Vĩnh Phúc, Hoàng Hoa Thám, Ba Đình 50m2x3T 4 ngủ giá siêu rẻ 6,8 tỷ","6,8 tỷ",50 m²,4,3,"Ba Đình, Hà Nội","Ngõ 75, Đường Vĩnh Phúc, Phường Vĩnh Phúc, Ba Đình, Hà Nội"
"The Filmore giỏ hàng 23 căn từ CDT, chiết khấu 16% tháng 3 tặng tivi 75in hoặc trừ vào giá bán 40tr","4,7 tỷ",51 m²,1,1,"Hải Châu, Đà Nẵng","Dự án The Filmore Da Nang, Đường Bạch Đằng, Phường Bình Thuận, Hải Châu, Đà Nẵng"
"TỔNG HỢP, Quỹ căn hộ BRG Diamond Park Plaza, 1PN-2PN-3PN, 16 Láng Hạ mới nhất VIEW Hồ.","18,75 tỷ",125 m²,3,2,"Ba Đình, Hà Nội","Diamond Park Plaza , Láng Hạ, Thành Công, Ba Đình, Hà Nội"
Đón sóng Từ Sơn về Hà Nội CĐT mở bán quỹ căn siêu vip giá F0 tại Bắc Ninh. Sổ hồng sở hữu nâu dài,11 tỷ,180 m²,3,4,"Từ Sơn, Bắc Ninh","Dự án Centa Riverside, Đường Hữu Nghị, Phường Phù Chẩn, Từ Sơn, Bắc Ninh"
"5 căn ưu đãi. Nhỉnh 1 tỷ mua căn 2PN, 3PN. Chỉ từ 60tr/m2. Vay 0%/24T, CK 10%, quà tặng 1 cây vàng",5 tỷ,90 m²,2,2,"Hoàng Mai, Hà Nội","Dự án Hà Nội Melody Residences, Đường Bằng Liệt, Phường Hoàng Liệt, Hoàng Mai, Hà Nội"
