Tên dự án,Giá,Diện tích,Phòng ngủ,Phòng vệ sinh,Vị trí,Địa chỉ chi tiết,id
"ĐỘC QUYỀN! QUỸ NGOẠI GIAO CĐT MELODY LINH ĐÀM CHỈ 54TR/M2,CHIẾT KHẤU 8%,TẶNG 1 CÂY VÀNG,VIEW HỒ ĐẸP","3,6 tỷ",68 m²,2,2,"Hoàng Mai, Hà Nội","Dự án Hà Nội Melody Residences, Đường Bằng Liệt, Phường Hoàng Liệt, Hoàng Mai, Hà Nội",41461905
"BÁN ĐẤT NỀN 180M2 TẠI NGUYỄN VĂN KÝ, LONG PHƯỚC, LONG THÀNH, ĐỒNG NAI, GIÁ ƯU ĐÃI 2,8 TỶ","2,8 tỷ",180 m²,N/A,N/A,"Long Thành, Đồng Nai","Đường Nguyễn Văn Ký, Xã Long Phước, Long Thành, Đồng Nai",42520449
BÁN CẶP CĂN SIÊU VIP ĐẠI LỘ SAN HÔ VINHOMES OCEAN PARK 2,61 tỷ,300 m²,N/A,N/A,"Văn Giang, Hưng Yên","Dự án The Empire - Vinhomes Ocean Park 2, Xã Long Hưng, Văn Giang, Hưng Yên",42556249
"MỞ BÁN QUỸ CĂN VỊ TRÍ ĐẸP VÀ GIÁ RẺ NHẤT, KHÁCH HÀNG LIÊN HỆ SỚM ĐỂ CHỌN CĂN ƯNG Ý","19,5 tỷ",75 m²,N/A,N/A,"Đông Anh, Hà Nội","Dự án Vinhomes Cổ Loa, Đường Cổ Loa, Xã Đông Hội, Đông Anh, Hà Nội",42270918
ĐƠN GIÁ TỪ 148TR/M2 ĐẾN 160TR/M2. GỌI 0942 906 *** ĐỂ ĐƯỢC TƯ VẤN CHỌN ĐƯỢC CĂN ĐẸP VÀ GIÁ RẺ Ạ,Giá thỏa thuận,96 m²,N/A,N/A,"Đan Phượng, Hà Nội","Dự án Vinhomes Wonder City, Xã Tân Hội, Đan Phượng, Hà Nội",42250064
"QUỸ CĂN NGOẠI GIAO VỊ TRÍ ĐẸP, GIÁ RẺ NHẤT DỰ ÁN, KÝ HĐ TRỰC TIẾP CĐT. LH: 0937 996 ***",19 tỷ,80 m²,N/A,N/A,"Đông Anh, Hà Nội","Vinhomes Cổ Loa, Đường Cổ Loa, Xã Đông Hội, Huyện Đông Anh, Hà Nội",42239343
"TIN GIÁ THẬT. EM HIỆP CHUYÊN BÁN CĂN HỘ LUMIERE RIVERSIDE, QUẬN 2. ĐÃ CÓ SỔ HỒNG","8,9 tỷ","74,2 m²",2,2,"Quận 2, Hồ Chí Minh","Dự án Lumiere Riverside, Đường Võ Nguyên Giáp, Phường An Phú, Quận 2, Hồ Chí Minh",41007787
"NHẬN NHÀ Ở HOẶC CHO THUÊ NGAY, CHIẾT KHẤU LÊN ĐẾN 12% GTCH. GIÁ TRỰC TIẾP TỪ CHỦ ĐẦU TƯ PHÚ ĐÔNG","2,72 tỷ","68,2 m²",2,2,"Dĩ An, Bình Dương","Dự án Phú Đông Sky Garden, Đường An Bình, Phường An Bình, Dĩ An, Bình Dương",41003332
BÁN LÔ BIỆT THỰ 120M2 VIEW TRỰC DIỆN BỂ BƠI VÀ VƯỜN HOA KHU KHÉP KÍN BÌNH MINH AN NINH 24/24,Giá thỏa thuận,120 m²,N/A,N/A,"Đan Phượng, Hà Nội","Vinhomes Wonder City, Tân Hội, Đan Phượng, Hà Nội",42513846
"CỰC SỐC! CĂN 2 PHÒNG NGỦ GIÁ RẺ ORIGAMI CHỈ 2,5 TỶ VIEW HỒ BƠI,NHÀ MỚI TINH,MUA TRỰC TIẾP CĐT","2,5 tỷ",59 m²,2,N/A,"Quận 9, Hồ Chí Minh","Dự án The Origami, Đường Phước Thiện, Phường Long Bình, Quận 9, Hồ Chí Minh",42238899
"ĐỘC QUYỀN 10 CĂN TẦNG TRUNG VIEW HỒ, STUDIO - 1PN - 2PN-3PN, CHIẾT KHẤU NGAY 18,5% KÝ TRỰC TIẾP CĐT",Giá thỏa thuận,60 m²,2,2,"Đông Anh, Hà Nội","Dự án Imperia Cổ Loa, Xã Đông Hội, Đông Anh, Hà Nội",42095599
"1PN-2PN-3PN VINHOMES Q9 CẮT LỖ 500-1.2 TỶ, CAM KẾT GIÁ RẺ HƠN 100 - 200TR LH 0931 896 *** XEM NHÀ","2,65 tỷ",60 m²,2,2,"Quận 9, Hồ Chí Minh","Dự án Vinhomes Grand Park, Phường Long Thạnh Mỹ, Quận 9, Hồ Chí Minh",42543296
"(TIN THẬT) CỰC HIẾM, BÁN NHÀ QUẬN TÂN BÌNH, MT 6M, PHÂN LÔ VỈA HÈ, Ô TÔ TRÁNH, KHÔNG LỖI, XÂY CCMN","12,5 tỷ",121 m²,3,3,"Tân Bình, Hồ Chí Minh","Đường Phạm Văn Bạch, Phường 14, Tân Bình, Hồ Chí Minh",42572559
"CHỦ CẦN BÁN LÔ GEM SKY WORLD VIEW CÔNG VIÊN, K LỖI PHONG THỦY, SỔ RIÊNG CÁ NHÂN THỔ CƯ 100%","2,15 tỷ",100 m²,N/A,N/A,"Long Thành, Đồng Nai","Xã Long Đức, Long Thành, Đồng Nai",42572534
"BÁN CĂN 2N2VS 65M2, FULL ĐỒ, HƯỚNG ĐÔNG BẮC MÁT MẺ, GIÁ CHỈ 3.06 TỶ","3,06 tỷ",65 m²,2,2,"Gia Lâm, Hà Nội","Dự án Vinhomes Ocean Park Gia Lâm, Xã Dương Xá, Gia Lâm, Hà Nội",42523008
"HOT! TỔNG HỢP RỔ HÀNG CHUYỂN NHƯỢNG SWANBAY MỚI NHẤT T3/2025, NHIỀU CĂN GIÁ TỐT NHẤT, VỊ TRÍ ĐẸP",18 tỷ,320 m²,3,3,"Nhơn Trạch, Đồng Nai","Dự án Swan Bay, Xã Đại Phước, Nhơn Trạch, Đồng Nai",32598689
"BÁN ĐẤT NỀN KHU ĐÔ THỊ DIC VICTORY CITY, TRUNG TÂM TP VỊ THANH, HẬU GIANG, GIÁ CHỈ TỪ 10,5 TRIỆU/M2","997,5 triệu",95 m²,N/A,N/A,"Vị Thanh, Hậu Giang","Dự án DIC Victory City, Đường Đại lộ Võ Nguyên Giáp, Phường 4, Vị Thanh, Hậu Giang",42336717
"BÁN CĂN HỘ CHUNG CƯ TẠI VINHOMES OCEAN PARK GIA LÂM, 2,48 TỶ, 48M2, HÀNG HIẾM GIÁ SIÊU HỜI","2,48 tỷ",48 m²,1,1,"Gia Lâm, Hà Nội","Dự án Vinhomes Ocean Park Gia Lâm, Xã Dương Xá, Gia Lâm, Hà Nội",42301292
"MỞ BÁN PHÂN KHU DIAMOND, TT20% CÒN LẠI GÓP 3 NĂM 0% LS, LH EM ĐỂ CÓ ƯU ĐÃI TỐT NHẤT - 0935 686 ***","4,4 tỷ",85 m²,2,2,"Tân Phú, Hồ Chí Minh","Dự án Celadon City, Đường N1, Phường Sơn Kỳ, Tân Phú, Hồ Chí Minh",42500248
"CHÍNH CHỦ BÁN LÔ SÁT FPT DT 143M2 GIÁ 3,9 TỶ LHCC 0905 696 ***","3,9 tỷ",143 m²,N/A,N/A,"Điện Bàn, Quảng Nam","KĐT số 3 Điện Nam Điện Ngọc, Phường Điện Ngọc, Điện Bàn, Quảng Nam",42572256
"Sổ hồng sẵn, cần ra nhanh lô đất ngay Tân Hiệp, Tân Uyên, BD. Giá 1ty5, Diện tích 195m2 (6mx32,5m)","1,5 tỷ",195 m²,N/A,N/A,"Tân Uyên, Bình Dương","Đường 12, Phường Tân Hiệp, Tân Uyên, Bình Dương",41935903
"Bán nhanh căn hộ 2 ngủ 71m2 tại chung cư A5 hoac Viện Quân Y, sổ đỏ nhà mới bàn giao giá 4. X tỷ lh","4,1 tỷ",71 m²,2,2,"Hà Đông, Hà Nội","Dự án A5 Học Viện Quân Y, Phố Phùng Hưng, Phường Phúc La, Hà Đông, Hà Nội",42336114
Bán tòa nhà văn phòng công ty khu phân lô đường Lê Đức Thọ,Giá thỏa thuận,105 m²,N/A,N/A,"Nam Từ Liêm, Hà Nội","Crown Plaza Complex, Lê Đức Thọ, Mỹ Đình 2, Nam Từ Liêm, Hà Nội",42507064
ĐƯỜNG LẠC LONG QUÂN F9 TÂN BÌNH 60M 4TẦNG 9TY2 4PN 3WC,"9,2 tỷ",60 m²,4,4,"Tân Bình, Hồ Chí Minh","Đường Lạc Long Quân, Phường 9, Tân Bình, Hồ Chí Minh",42579706
Chính chủ cần chuyển nhượng toà building Cầu Giấy - 2 thang máy - thiết bị nhập khẩu 200m2 x 9tầng,110 tỷ,200 m²,N/A,N/A,"Cầu Giấy, Hà Nội","Phường Quan Hoa, Cầu Giấy, Hà Nội",42359324
"Cần bán nhanh nên giảm 111 triệu căn 3PN Tứ Hiệp Plaza, đầy đủ nội thất tâm huyết, sổ đỏ chính chủ",Giá thỏa thuận,84 m²,3,2,"Thanh Trì, Hà Nội","Tứ Hiệp Plaza, Xã Tứ Hiệp, Thanh Trì, Hà Nội",42030705
"Đất chia lô siêu đẹp gần Đại Lộ Thăng Long, ga Metro 5 Văn Cao Hoà Lạc. 0966 212 *** em Hoàng",Giá thỏa thuận,80 m²,N/A,N/A,"Thạch Thất, Hà Nội","Đường Đại lộ Thăng Long, Xã Đồng Trúc, Thạch Thất, Hà Nội",42377881
"Hàng thơm bán nhanh 157m2 đất đẹp 6.5x23m, HXH 7m thông Thạnh Xuân Q12 nhỉnh 5tỷ. LH: 0939 216 ***",Giá thỏa thuận,157 m²,N/A,N/A,"Quận 12, Hồ Chí Minh","Đường Thạnh Xuân 48, Phường Thạnh Xuân, Quận 12, Hồ Chí Minh",42548375
Chính chủ gửi bán tòa nhà phố Nguyễn Xiển 165m2 8 tầng có hầm căn góc đẹp nhất kinh doanh đỉnh,90 tỷ,165 m²,N/A,N/A,"Thanh Xuân, Hà Nội","Dự án KĐT Hạ Đình, Đường Nguyễn Xiển, Phường Hạ Đình, Thanh Xuân, Hà Nội",41649304
"Siêu hiếm chỉ ""95tr/m2""! Bán gấp CHDV 3 tầng 170m2 - Ngang 5m - 21 phòng dòng tiền ""80tr/tháng""","16,3 tỷ",170 m²,21,21,"Bình Thạnh, Hồ Chí Minh","Đường Nguyễn Xí, Phường 26, Bình Thạnh, Hồ Chí Minh",42070995
Cần bán nhanh toà building mặt phố Lạc Long Quân - Tây Hồ - thang máy 80m2 chỉ 40 tỷ,40 tỷ,80 m²,N/A,N/A,"Tây Hồ, Hà Nội","Đường Lạc Long Quân, Phường Xuân La, Tây Hồ, Hà Nội",42346005
Chính chủ bán đất biển DT 1057m có 200m2 đất ở - Lạc Long Quân - Tiến Thành - Phan Thiết,Giá thỏa thuận,1.057 m²,N/A,N/A,"Phan Thiết, Bình Thuận","Đường Lạc Long Quân, Xã Tiến Thành, Phan Thiết, Bình Thuận",42579657
Cần bán nhanh building mặt phố - văn phòng kinh doanh - hầm - PCCC hoàn công trên sổ 200m2 x 8T,120 tỷ,200 m²,N/A,N/A,"Cầu Giấy, Hà Nội","Đường Hoàng Quốc Việt, Phường Dịch Vọng Hậu, Cầu Giấy, Hà Nội",42532676
"Bán 15.548m2 Đất trang trại, Xã Thanh Vân, Tam Dương, Vĩnh Phúc, giá chỉ với 19 tỷ",19 tỷ,15.548 m²,N/A,N/A,"Tam Dương, Vĩnh Phúc","Đường 309B, Xã Thanh Vân, Tam Dương, Vĩnh Phúc",42225594
"Bán nhà thổ cư - Hà Đông, Hà Nội 67m2 sổ đỏ giá 8.5 tỷ lh 0878 800 ***","8,5 tỷ","67,7 m²",4,3,"Hà Đông, Hà Nội","Đường Hoàng Văn Thụ, Phường Dương Nội, Hà Đông, Hà Nội",42473556
"Đất TĐC Ngọc Thụy mặt đường 22m, kinh doanh vô đối 70m2, 21.5 tỷ 0976 285 ***","21,5 tỷ",70 m²,N/A,N/A,"Long Biên, Hà Nội","Đường Ngọc Thụy, Phường Ngọc Thụy, Long Biên, Hà Nội",42579709
Chính chủ cần bán gấp villa nghỉ dưỡng Venus Flamingo Đại Lải không qua trung gian 0922 211 ***,"9,5 tỷ",180 m²,4,4,"Phúc Yên, Vĩnh Phúc","Dự án Flamingo Resort, Xã Ngọc Thanh, Phúc Yên, Vĩnh Phúc",40724112
"Bán Nhà đẹp 1 trệt 2 lầu, ngay đường Nguyễn Ái Quốc, Tân Hiệp - vị trí kinh doanh - Giảm sâu","5,3 tỷ",68 m²,3,3,"Biên Hòa, Đồng Nai","Đường Nguyễn Ái Quốc, Phường Tân Hiệp, Biên Hòa, Đồng Nai",41251122
"Bán Nhà 4 Tầng Bạch Đằng Ngã Tư Hàng Xanh, Hẻm Xe Tải Tránh Gần Mặt Tiền.","15,4 tỷ",96 m²,N/A,N/A,"Bình Thạnh, Hồ Chí Minh","Đường Bạch Đằng, Phường 24, Bình Thạnh, Hồ Chí Minh",42579721
Không ở tôi bán căn hộ chung cư Berriver No2 3PN+2WC 113m2 giá 8 tỷ bao thuế phí có thương lượng.,8 tỷ,113 m²,3,2,"Long Biên, Hà Nội","Berriver Jardin Long Biên, Nguyễn Văn Cừ, Bồ Đề, Long Biên, Hà Nội",42409800
"Hàng thơm bán nhanh 157m2 đất đẹp 6.5x23m, HXH 7m thông Thạnh Xuân Q12 nhỉnh 5tỷ. LH: 0939 216 ***",Giá thỏa thuận,157 m²,N/A,N/A,"Quận 12, Hồ Chí Minh","Đường Thạnh Xuân 48, Phường Thạnh Xuân, Quận 12, Hồ Chí Minh",42548375
Chính chủ gửi bán tòa nhà phố Nguyễn Xiển 165m2 8 tầng có hầm căn góc đẹp nhất kinh doanh đỉnh,90 tỷ,165 m²,N/A,N/A,"Thanh Xuân, Hà Nội","Dự án KĐT Hạ Đình, Đường Nguyễn Xiển, Phường Hạ Đình, Thanh Xuân, Hà Nội",41649304
"Siêu hiếm chỉ ""95tr/m2""! Bán gấp CHDV 3 tầng 170m2 - Ngang 5m - 21 phòng dòng tiền ""80tr/tháng""","16,3 tỷ",170 m²,21,21,"Bình Thạnh, Hồ Chí Minh","Đường Nguyễn Xí, Phường 26, Bình Thạnh, Hồ Chí Minh",42070995
Cần bán nhanh toà building mặt phố Lạc Long Quân - Tây Hồ - thang máy 80m2 chỉ 40 tỷ,40 tỷ,80 m²,N/A,N/A,"Tây Hồ, Hà Nội","Đường Lạc Long Quân, Phường Xuân La, Tây Hồ, Hà Nội",42346005
Chính chủ bán đất biển DT 1057m có 200m2 đất ở - Lạc Long Quân - Tiến Thành - Phan Thiết,Giá thỏa thuận,1.057 m²,N/A,N/A,"Phan Thiết, Bình Thuận","Đường Lạc Long Quân, Xã Tiến Thành, Phan Thiết, Bình Thuận",42579657
Cần bán nhanh building mặt phố - văn phòng kinh doanh - hầm - PCCC hoàn công trên sổ 200m2 x 8T,120 tỷ,200 m²,N/A,N/A,"Cầu Giấy, Hà Nội","Đường Hoàng Quốc Việt, Phường Dịch Vọng Hậu, Cầu Giấy, Hà Nội",42532676
"Bán 15.548m2 Đất trang trại, Xã Thanh Vân, Tam Dương, Vĩnh Phúc, giá chỉ với 19 tỷ",19 tỷ,15.548 m²,N/A,N/A,"Tam Dương, Vĩnh Phúc","Đường 309B, Xã Thanh Vân, Tam Dương, Vĩnh Phúc",42225594
"Bán nhà thổ cư - Hà Đông, Hà Nội 67m2 sổ đỏ giá 8.5 tỷ lh 0878 800 ***","8,5 tỷ","67,7 m²",4,3,"Hà Đông, Hà Nội","Đường Hoàng Văn Thụ, Phường Dương Nội, Hà Đông, Hà Nội",42473556
"Đất TĐC Ngọc Thụy mặt đường 22m, kinh doanh vô đối 70m2, 21.5 tỷ 0976 285 ***","21,5 tỷ",70 m²,N/A,N/A,"Long Biên, Hà Nội","Đường Ngọc Thụy, Phường Ngọc Thụy, Long Biên, Hà Nội",42579709
Chính chủ cần bán gấp villa nghỉ dưỡng Venus Flamingo Đại Lải không qua trung gian 0922 211 ***,"9,5 tỷ",180 m²,4,4,"Phúc Yên, Vĩnh Phúc","Dự án Flamingo Resort, Xã Ngọc Thanh, Phúc Yên, Vĩnh Phúc",40724112
"Bán Nhà đẹp 1 trệt 2 lầu, ngay đường Nguyễn Ái Quốc, Tân Hiệp - vị trí kinh doanh - Giảm sâu","5,3 tỷ",68 m²,3,3,"Biên Hòa, Đồng Nai","Đường Nguyễn Ái Quốc, Phường Tân Hiệp, Biên Hòa, Đồng Nai",41251122
"Bán Nhà 4 Tầng Bạch Đằng Ngã Tư Hàng Xanh, Hẻm Xe Tải Tránh Gần Mặt Tiền.","15,4 tỷ",96 m²,N/A,N/A,"Bình Thạnh, Hồ Chí Minh","Đường Bạch Đằng, Phường 24, Bình Thạnh, Hồ Chí Minh",42579721
"Bán NR 3PN, 3WC tại Nguyễn Súy, Tân Quý, Tân Phú, 52m2",Giá thỏa thuận,52 m²,3,3,"Tân Phú, Hồ Chí Minh","Đường Nguyễn Súy, Phường Tân Quý, Tân Phú, Hồ Chí Minh",42343534
"Căn hộ 2PN The Beverly Solari Vinhomes Grand Park giá 2,9 tỷ thanh toán dài hạn 2 đến 3 năm","2,9 tỷ",59 m²,2,2,"Quận 9, Hồ Chí Minh","Dự án The Beverly Solari - Vinhomes Grand Park, Phường Long Bình, Quận 9, Hồ Chí Minh",39589511
"Nhà mới đường 28A phường Bình Trị Đông B - khu Tên Lửa cạnh siêu thị Coopmart đường 19 - 4,5m x 20m","12,5 tỷ",90 m²,5,5,"Bình Tân, Hồ Chí Minh","Đường 28A, Phường Bình Trị Đông B, Bình Tân, Hồ Chí Minh",42123115
"Căn hộ The Beverly Solari giá 1,862 tỷ thanh toán dài hạn 2 đến 3 năm ưu đãi lãi suất lên đến 2 năm","1,86 tỷ",30 m²,1,1,"Quận 9, Hồ Chí Minh","Dự án The Beverly Solari - Vinhomes Grand Park, Phường Long Thạnh Mỹ, Quận 9, Hồ Chí Minh",39589494
"Bán Nhà 5 Tầng THANG MÁY, Ô TÔ TRÁNH - 37m, khu giãn dân Mỗ Lao, Hà Đông, Chính Chủ - Chỉ hơn 9 Tỷ",9 tỷ,37 m²,3,4,"Hà Đông, Hà Nội","Mỗ Lao, Đường Vũ Trọng Khánh, Phường Mỗ Lao, Hà Đông, Hà Nội",42579845
"Bán căn hộ Vinhomes Grand Park 2 phòng ngủ, 2 toilet giá chỉ 2 tỷ 650 sẵn sổ hồng công chứng ngay","2,65 tỷ",67 m²,2,2,"Quận 9, Hồ Chí Minh","Dự án The Rainbow - Vinhomes Grand Park, Đường Nguyễn Xiển, Phường Long Thạnh Mỹ, Quận 9, Hồ Chí Minh",41236403
"BÁN NHÀ MỚI 7 tầng HOÀNG CẦU 15,5tỷ * DT 50m2* MT 4,1m* Nở Hậu - thang máy - Full nội thất",15 tỷ,50 m²,3,3,"Đống Đa, Hà Nội","Phường Ô Chợ Dừa, Đống Đa, Hà Nội",42579843
Nhà 1 trệt 1 lầu 64m . Kdc Lê phong tân bình dĩ an,"3,2 tỷ",64 m²,3,2,"Dĩ An, Bình Dương","Đường Lê Hồng Phong, Phường Tân Bình, Dĩ An, Bình Dương",42579774
"Bán lô gốc đẹp nhất, mặt tiền Hương Lộ 2, phường An Hòa, Biên Hòa. Hạ giá sâu so với xung quanh.",8 tỷ,300 m²,N/A,N/A,"Biên Hòa, Đồng Nai","Đường Hương lộ 2, Phường An Hòa, Biên Hòa, Đồng Nai",39705844
Cắt lỗ 800 triệu căn hộ góc 2 phòng ngủ cộng 1 phòng plus origami có nội thất giá chỉ 3tỷ2,"3,2 tỷ",70 m²,3,2,"Quận 9, Hồ Chí Minh","Dự án The Origami, Đường Phước Thiện, Phường Long Bình, Quận 9, Hồ Chí Minh",41876060
"Nhà đường 27 khu Tên Lửa - Bình Tân, cạnh nhà có 2 công viên lớn - diện tích: 4mx20m xây 3,5 lầu","9,6 tỷ",80 m²,4,5,"Bình Tân, Hồ Chí Minh","Đường 27, Phường Bình Trị Đông B, Bình Tân, Hồ Chí Minh",42445493
"Bán nhà 65 Mậu Thân , TP Phan Thiết, sát siêu thị Coop Mart 88m2 = 5,8 tỷ . Cách Biển 1km","5,8 tỷ",88 m²,1,1,"Phan Thiết, Bình Thuận","65 Đường Mậu Thân, Phường Bình Hưng, Phan Thiết, Bình Thuận",42577164
Bán nhà mặt phố tại đường Tô Ngọc Vân - Tây Hồ,110 tỷ,165 m²,N/A,N/A,"Tây Hồ, Hà Nội","Đường Tô Ngọc Vân, Phường Quảng An, Tây Hồ, Hà Nội",42579840
Nhà bán 1 lầu ngay chợ 640tr bao sang tên,640 triệu,20 m²,2,1,"Quận 12, Hồ Chí Minh","Đường Tô Ngọc Vân, Phường Thạnh Xuân, Quận 12, Hồ Chí Minh",37129477
"Cắt lỗ căn 1PN + 1 phân khu The Beverly Solari giá chỉ 2,350tỷ hỗ trợ vay ngân hàng 60% - 70%","2,35 tỷ","43,09 m²",1,1,"Quận 9, Hồ Chí Minh","Dự án The Beverly Solari - Vinhomes Grand Park, Phường Long Bình, Quận 9, Hồ Chí Minh",41777629
"Chính chủ cần bán đất thổ cư 926m2 (25x40) đường DT793, SHR","3,25 tỷ",926 m²,N/A,N/A,"Tây Ninh, Tây Ninh","Đường ĐT 793, Xã Tân Bình, Tây Ninh, Tây Ninh",42579773
"Bán nhanh lô đất mặt phố Văn Quán Dt: 45m2 nhà 2 mặt tiền vỉa hè kinh doanh cực hiếm giá 11,x tỷ",Giá thỏa thuận,45 m²,N/A,N/A,"Hà Đông, Hà Nội","Đường Văn Quán, Phường Văn Quán, Hà Đông, Hà Nội",42506564
"Giảm sốc 4.5 tỷ nhà mặt tiền Huỳnh Tấn Phát, Nhà Bè, nhà cấp 4 DT: 300m2 = 12 x 24m giá: 18.5 tỷ TL","18,5 tỷ",300 m²,2,N/A,"Nhà Bè, Hồ Chí Minh","Đường Huỳnh Tấn Phát, Xã Phú Xuân, Nhà Bè, Hồ Chí Minh",42366683
Bán gấp giá rẻ đất tại Bình Chánh 875m2 CLN giá 1.3ti,"1,3 tỷ",875 m²,N/A,N/A,"Bình Chánh, Hồ Chí Minh","Xã Tân Nhựt, Bình Chánh, Hồ Chí Minh",42579839
"BÁN CĂN GÓC ĐƠN LẬP 365M HỒ ĐIỀU HÒA, DỰ ÁN LIDECO BẮC 32, HOÀI ĐỨC, HÀ NỘI",55 tỷ,365 m²,N/A,N/A,"Hoài Đức, Hà Nội","Lideco, Đường Quốc lộ 32, Thị trấn Trạm Trôi, Hoài Đức, Hà Nội",42579838
"HOT! BÁN CĂN SIÊU PHẨM GIÁ CỰC TỐT CHỈ 3TỶ250 (TL)/51.7m2 - NGAY NGUYỄN CÔNG HOAN, P7, PHÚ NHUẬN","3,25 tỷ",52 m²,4,3,"Phú Nhuận, Hồ Chí Minh","Nguyễn Công Hoan, Phường 7, Phú Nhuận",42579865
"Giảm 300 triệu bán gấp nhà 2 mặt tiền đường Sương Nguyệt Ánh, 4x17, hoàn thiện mới 100% có nội thât","1,89 tỷ",100 m²,2,2,"Rạch Giá, Kiên Giang","Đường Sương Nguyệt Ánh, Phường Vĩnh Lạc, Rạch Giá, Kiên Giang",42043497
"BT liền kề Thủy Nguyên Ecopark, tiện ích bạt ngàn, trường quốc tế hồ công viên 100m2, giá 22 tỷ",22 tỷ,100 m²,N/A,N/A,"Văn Giang, Hưng Yên","Dự án Aqua Bay Sky Residences, Xã Xuân Quan, Văn Giang, Hưng Yên",42569094
"Chính chủ bán nhà phố Trung Kính, Cầu Giấy","8,2 tỷ",45 m²,9,9,"Cầu Giấy, Hà Nội","Ngõ 43, Phố Trung Kính, Phường Trung Hòa, Cầu Giấy, Hà Nội",39408228
"HÀNG HIẾM. SIÊU PHẨM MẶT ĐƯỜNG TỈNH LỘ 420 TẠI HOÀ LẠC, 100M2 MẶT TIỀN 5M, FULL THỔ. GIÁ CỰC RẺ",Giá thỏa thuận,100 m²,N/A,N/A,"Thạch Thất, Hà Nội","Đường 420, Xã Bình Yên, Thạch Thất, Hà Nội",42571653
Hạ Giá Cần Bán Gấp Nhà Mặt Tiền Đường Lũy Bán Bích Q.TP DT 18x30m trệt 3 lầu HĐT 220tr giá 60 tỷ,60 tỷ,540 m²,20,20,"Tân Phú, Hồ Chí Minh","Đường Lũy Bán Bích, Phường Tân Thành, Tân Phú, Hồ Chí Minh",42577913
"Bán nhà tiện CHDV 12x23m (240m2) hẻm 8m Xô Viết Nghệ Tĩnh, GPXD hầm trệt 5L sân thượng, giá 20.9 tỷ","20,9 tỷ",240 m²,3,4,"Bình Thạnh, Hồ Chí Minh","Đường Xô Viết Nghệ Tĩnh, Phường 25, Bình Thạnh, Hồ Chí Minh",37205845
"Bán căn hộ 2PN 2WC chung cư Swanlake The Onsen Ecopark. 72m2 view hồ sân golf tòa R2 giá 5,1 tỷ","5,1 tỷ",72 m²,2,2,"Văn Giang, Hưng Yên","Dự án Swan Lake Onsen, Xã Xuân Quan, Văn Giang, Hưng Yên",42547605
"Bán nhà 7tầng,phố Trạm,60m,thang máy,gara 2 ô tô,kinh doanh đa dạng,nội thất sang sịn,16xty","16,8 tỷ",60 m²,4,7,"Long Biên, Hà Nội","Đường Phố Trạm, Phường Long Biên, Long Biên, Hà Nội",42433088
"Bán nhà Trần Thái Tông, Nhà mới - Full nội thất, 5T - Hiện Đại, Giá: 6 tỷ",6 tỷ,30 m²,3,4,"Cầu Giấy, Hà Nội","Đường Trần Thái Tông, Phường Dịch Vọng Hậu, Cầu Giấy, Hà Nội",42579783
"Bán nhà rẻ nhất KV Yên Nghĩa, chỉ 3.25 tỷ sở hữu căn 4 tầng, 32m2 ngõ thông ô tô đỗ cửa. 0966 929 ***","3,25 tỷ",32 m²,4,4,"Hà Đông, Hà Nội","Phường Yên Nghĩa, Hà Đông, Hà Nội",42558967
"Tôi bán gấp: Căn 4T, DT: 109M2, MT:7M.Đ/C: KĐT Đặng Xá, Gia Lâm, HN. Cho thuê dòng tiền ổn định .",14 tỷ,109 m²,5,5,"Gia Lâm, Hà Nội","Dự án Lan Viên Villa, Đường Nguyễn Đức Thuận, Xã Đặng Xá, Gia Lâm, Hà Nội",36785196
"Lô đất 52,5m2 sạch đẹp rẻ nhất hẻm Bưng Ông Thoàn, Phú Hữu, TP Thủ Đức, giá 3,4tỷ LH 0974 244 ***","3,4 tỷ","52,5 m²",N/A,N/A,"Quận 9, Hồ Chí Minh","Đường Bưng Ông Thoàn, Phường Phú Hữu, Quận 9, Hồ Chí Minh",40690159
"Căn hộ dịch vụ DT khủng đường Phan Anh, DT 8x21m, 1 lầu chỉ 60 triệu/m2","9,5 tỷ",168 m²,N/A,N/A,"Tân Phú, Hồ Chí Minh","Đường Phan Anh, Phường Hiệp Tân, Tân Phú, Hồ Chí Minh",42420894
"Giá 2xx triệu đất ODT tại trung tâm thị trấn Kim Tân, full thổ cư",250 triệu,"108,6 m²",N/A,N/A,"Thạch Thành, Thanh Hóa","Thị trấn Kim Tân, Thạch Thành, Thanh Hóa",42351241
"Chính chủ cần chuyển đổi căn rộng hơn nên bán gấp căn 2PN1VS giá 3,62 tỷ full nội thất mơi cao cấp","3,62 tỷ","55,2 m²",2,1,"Nam Từ Liêm, Hà Nội","Dự án Imperia Smart City, Đường Đại lộ Thăng Long, Phường Tây Mỗ, Nam Từ Liêm, Hà Nội",42340958
"Bán đất thổ cư Hà Nội, đường rộng, sổ đỏ riêng biệt. Gần trường ĐH FPT Giá 1.979 tỷ. LH 0986 853 ***","1,98 tỷ",77 m²,N/A,N/A,"Thạch Thất, Hà Nội","Đường 420, Xã Bình Yên, Thạch Thất, Hà Nội",35962608
"Hiếm! Chỉ 8,8 tỷ sở hữu ngay căn 4PN + 3VS, DT: 129,4m2 BC: ĐN, rẻ nhất dự án Vinhomes West Point","8,8 tỷ","129,4 m²",4,3,"Nam Từ Liêm, Hà Nội","Dự án Vinhomes West Point, Đường Phạm Hùng, Phường Mễ Trì, Nam Từ Liêm, Hà Nội",42565922
"Chỉ với 7,95 tỷ có ngay nhà dòng tiền 35tr/tháng ở Trịnh Văn Bô, Nam Từ Liêm; DT 54m2 x 4 tầng","7,95 tỷ",54 m²,9,9,"Nam Từ Liêm, Hà Nội","Đường Trịnh Văn Bô, Phường Phương Canh, Nam Từ Liêm, Hà Nội",42536938
"Bán đất 220m2 Ngọc Thanh - Vĩnh Phúc, sổ đỏ chính chủ, cơ hội đầu tư sinh lời cao",990 triệu,220 m²,N/A,N/A,"Phúc Yên, Vĩnh Phúc","Xã Ngọc Thanh, Phúc Yên, Vĩnh Phúc",42280316
"Giá Siêu Rẻ Bán Lô Góc 2 Mặt Tiền Đường Ấp Bắc Giao Vạn Tường, Diện Tích 235m2, Khu Phố Chợ Hòa Hải","7,2 tỷ",235 m²,N/A,N/A,"Ngũ Hành Sơn, Đà Nẵng","Đường Ấp Bắc, Phường Hòa Hải, Ngũ Hành Sơn, Đà Nẵng",42233899
"Chính chủ bán căn studio tòa G3 Vinhomes Green Bay Mễ Trì - Giá 1,75 tỷ view siêu đẹp - 0974 121 ***","1,75 tỷ","28,2 m²",1,1,"Nam Từ Liêm, Hà Nội","Dự án Vinhomes Green Bay Mễ Trì, Đường Đại lộ Thăng Long, Phường Mễ Trì, Nam Từ Liêm, Hà Nội",42198926
"MTKD Thoại Ngọc Hầu, tòa nhà 10 tầng, 100 phòng CHDV, dòng tiền khủng thu nét về tay",75 tỷ,228 m²,100,N/A,"Tân Phú, Hồ Chí Minh","Đường Thoại Ngọc Hầu, Phường Phú Thạnh, Tân Phú, Hồ Chí Minh",40682502
Quỹ căn Hoàng Thành Pearl giá từ 6 tỷ sở hữu 2-3PN DT 80m2-108m2-114m2 full đồ LH 0983 051 ***,6 tỷ,80 m²,2,2,"Nam Từ Liêm, Hà Nội","Hoàng Thành Pearl, Nguyễn Văn Giáp, Cầu Diễn, Nam Từ Liêm, Hà Nội",42500957
"CHÍNH CHỦ CẦN BÁN GẤP 2 MẢNH ĐẤT 100M2 .MẶT TIỀN 10M SỔ VUÔNG ĐẸP GIÁ CỰC TỐT,Ô TÔ TRÁNH.","23,5 tỷ",100 m²,N/A,N/A,"Hoàng Mai, Hà Nội","Phường Giáp Bát, Hoàng Mai, Hà Nội",42579793
"Siêu phẩm lô đất 316m2, ba mặt tiền, đường rộng 7m sát ĐHQG tại Hoà Lạc cam kết rẻ nhất thị trường",Giá thỏa thuận,316 m²,N/A,N/A,"Quốc Oai, Hà Nội","Xã Phú Mãn, Quốc Oai, Hà Nội",42579873
The Pride quỹ căn 2PN DT 70 - 73 - 75m2 giá cực tốt full NT sổ đỏ liên hệ Đăng 0983 051 ***,"3,6 tỷ",73 m²,2,2,"Hà Đông, Hà Nội","Dự án The Pride, Đường Tố Hữu, Phường La Khê, Hà Đông, Hà Nội",42564762
Đất sổ riêng thổ cư phường Trung Dũng cách đường Nguyễn ái quốc 200m 60m2 1.9tỷ,"1,9 tỷ",60 m²,N/A,N/A,"Biên Hòa, Đồng Nai","Đường Nguyễn Ái Quốc, Phường Trung Dũng, Biên Hòa, Đồng Nai",42300907
"Rẻ nhất Văn Phú! Lô góc 130m nhỉnh 36 Tỷ, 2 mặt phố, trục chính Lacasta, KD đỉnh, Mở cửa đếm tiền",Giá thỏa thuận,130 m²,4,4,"Hà Đông, Hà Nội","Khu đô thị mới Văn Phú, Lê Trọng Tấn, Phú La, Hà Đông, Hà Nội",41370571
"Chính chủ bán 2 lô đất dịch vụ thuộc xã An Thượng Hoài Đức, Hà Nội. Diện tích 61m2 và 115m2","8,6 tỷ",50 m²,N/A,N/A,"Hoài Đức, Hà Nội","Xã An Thượng, Hoài Đức, Hà Nội",38293676
"Siêu hiếm !!!! Nhà NGUYỄN SƠN , LONG BIÊN - KINH DOANH - VĂN PHÒNG. LÔ GÓC - ÔTÔ TRÁNH. GIÁ 19X TỶ","19,45 tỷ",74 m²,4,4,"Long Biên, Hà Nội","Đường Nguyễn Sơn, Phường Gia Thụy, Long Biên, Hà Nội",42357070
"Siêu phẩm phố Hoa Bằng, 2 thoáng, gara, ô tô tránh, kinh doanh, 67m2 x 6 tầng, MT 4.2m, giá 16,8 tỷ","16,8 tỷ",67 m²,N/A,N/A,"Cầu Giấy, Hà Nội","Đường Hoa Bằng, Phường Yên Hòa, Cầu Giấy, Hà Nội",42478796
"Đất MT đường ô tô thông QL13, thổ cư, sổ hồng, 78m2=4x19,5 ngay khu căn hộ cao cấp The Emerald","3,25 tỷ",78 m²,N/A,N/A,"Thuận An, Bình Dương","Đường Vĩnh Phú 16, Phường Vĩnh Phú, Thuận An, Bình Dương",42532912
TỨ LIÊN -TÂY HỒ SIÊU PHẨM -DT 35M CHỈ 9TỶ -NGÕ NÔNG THÔNG THẲNG TẮP. - NHÀ ĐẸP - THANG MÁY XỊN SÒ.,9 tỷ,35 m²,N/A,N/A,"Tây Hồ, Hà Nội","Tứ Liên, Tây Hồ, Hà Nội",42579871
Đình Phong Phú - 2 Mặt Tiền - Đường 8M - Chốt nhanh kẻo mất,"4,2 tỷ",72 m²,N/A,N/A,"Thủ Đức, Hồ Chí Minh","Phường Tăng Nhơn Phú B, Thủ Đức, Hồ Chí Minh",42562685
"Đất thổ cư, sổ hồng riêng, đường nhựa 6m thông, 167m2=11,2x15 góc 2 MT cách SG 4km - giá 3,3 tỷ","3,3 tỷ",167 m²,N/A,N/A,"Thuận An, Bình Dương","Đường Vĩnh Phú 38, Phường Vĩnh Phú, Thuận An, Bình Dương",42576104
Bán liền kề đường Thảo Nguyên Ecopark Hưng Yên. 107.5m2 giá 20 tỷ vị trí sầm uất nhất phân khu,20 tỷ,"107,5 m²",4,N/A,"Văn Giang, Hưng Yên","Dự án Aqua Bay Sky Residences, Xã Xuân Quan, Văn Giang, Hưng Yên",42067939
"Bán gấp biệt thự Xuân Phương Tasco, DT 152m2, đường đôi gần hồ, giá nhỉnh 28 tỷ",28 tỷ,152 m²,N/A,N/A,"Nam Từ Liêm, Hà Nội","Dự án Xuân Phương Tasco, Phường Xuân Phương, Nam Từ Liêm, Hà Nội.",40507358
Siêu phẩm đầu tư cạnh khu công nghiệp Lương Sơn dành cho người thông thái,"6,21 tỷ",1.381 m²,N/A,N/A,"Lương Sơn, Hòa Bình","Xã Hòa Sơn, Lương Sơn, Hòa Bình",42503106
Càn bán căn 1 ngủ toà B westbay tầng cao view thoáng giá 2.180 tỷ bao phí Lh 0961 694 ***,"2,18 tỷ",45 m²,1,1,"Văn Giang, Hưng Yên","Westbay Sky Residences - Ecopark , Xã Phụng Công, Văn Giang, Hưng Yên",42579869
Căn Hộ Cao Cấp Masteri Grand View Quận 2 Mặt Tiền Liên Phường 3PN 2WC Góc 2 Mặt Tiền View Đẹp,"11,18 tỷ","113,5 m²",3,2,"Quận 2, Hồ Chí Minh","Masteri Grand View, Liên Phường, An Phú, Quận 2, Hồ Chí Minh",42577773
"Bán nhà khu giãn dân Mỗ Lao, Hà Đông, diện tích 45m2, 4 tầng, hơn 7 tỷ, cách ô tô tránh 20m",Giá thỏa thuận,45 m²,3,3,"Hà Đông, Hà Nội","Đường Vũ Trọng Khánh, Phường Mỗ Lao, Hà Đông, Hà Nội",42562181
"Bán nhà 3 tầng mặt tiền kinh doanh đường 2/4, P vĩnh Phước. Thuận tiện vừa kinh doanh buôn bán","7,8 tỷ","58,5 m²",3,3,"Nha Trang, Khánh Hòa","Đường 2/4, Phường Vĩnh Phước, Nha Trang, Khánh Hòa",42475086
"Bán nhà 4 tầng vị trí kim cương Đường Thanh Bình, Mỗ Lao - Hà Đông","12,5 tỷ",32 m²,3,4,"Hà Đông, Hà Nội","Đường Thanh Bình, Phường Mỗ Lao, Hà Đông, Hà Nội",42509478
"KĐG Ngô Thì Nhậm, Hà Đông 46m 5 tầng thang máy, Ô tô vào nhà Giá hơn 11 tỷ","11,29 tỷ",46 m²,6,4,"Hà Đông, Hà Nội","Đường Ngô Thì Nhậm, Phường Hà Cầu, Hà Đông, Hà Nội",42235690
"Bán Đất 41.433m2, có 1200m2 thổ cư, hẽm ô tô đường Tỉnh Lộ 765B, Sông Ray, Cẩm Mỹ, Đồng Nai","14,5 tỷ",41.433 m²,N/A,N/A,"Cẩm Mỹ, Đồng Nai","Đường Tỉnh lộ 765B, Xã Sông Ray, Cẩm Mỹ, Đồng Nai",42577479
"Chính chủ cần bán nhà phố Ngô Thì Nhậm, Hà Đông, DT 45m2, 4 tầng, ô tô, nhỉnh 8 tỷ",8 tỷ,45 m²,4,3,"Hà Đông, Hà Nội","Đường Ngô Thì Nhậm, Phường Hà Cầu, Hà Đông, Hà Nội",41385231
"Bán nhà MT Trần Quang Khải (4,6mx34m, 130m2), C4 giá 41 tỷ TL",41 tỷ,130 m²,1,1,"Quận 1, Hồ Chí Minh","Đường Trần Quang Khải, Phường Tân Định, Quận 1, Hồ Chí Minh",41759241
"Mặt phố chính Văn Phú, 79m2x5T nhỉnh 21 Tỷ, Hàng xóm La Casta, View CV, KD 24/7, Xe tải tránh",Giá thỏa thuận,79 m²,5,5,"Hà Đông, Hà Nội","Dự án KĐT Văn Phú, Phường Phú La, Hà Đông, Hà Nội",40876825
+ Bán nhà 6.2m2-3 tầng-CMT8 P13Q10--1.25 tỷ,"1,25 tỷ",6 m²,2,1,"Quận 10, Hồ Chí Minh","Đường Cách Mạng Tháng Tám, Phường 13, Quận 10, Hồ Chí Minh",42540600
"Chính chủ gửi bán nhà khu lk Ngô Thì Nhậm, Hà Đông 51m2 ô tô vào nhà, 2 mặt thoáng chỉ hơn 9 tỷ","9,95 tỷ",51 m²,3,2,"Hà Đông, Hà Nội","Đường Ngô Thì Nhậm, Phường Hà Cầu, Hà Đông, Hà Nội",42336438
Em sẵn mấy lô kiot cần bán và cho thuê HH Linh Đàm giá trị ròng tiền cao Hoàng Liệt,16 tỷ,86 m²,1,1,"Hoàng Mai, Hà Nội","HH1 Linh Đàm, Linh Đường, Hoàng Liệt, Hoàng Mai, Hà Nội",42576707
"Bán nhà gần phố Lê Trọng Tấn, Hà Đông, 50m2, 4 tầng, ô tô đỗ cổng, ngõ thông, giá hơn 6 tỷ","6,29 tỷ",50 m²,4,3,"Hà Đông, Hà Nội","Đường Lê Trọng Tấn, Phường La Khê, Hà Đông, Hà Nội",41555681
"Bán ngộp nhà phố 6x20m tặng nội thất 1,3 tỷ Novaworld Phan Thiết. Giá 4, xtỷ, chìa khóa trao tay",Giá thỏa thuận,120 m²,2,3,"Phan Thiết, Bình Thuận","Dự án NovaWorld Phan Thiết, Đường Lạc Long Quân, Xã Tiến Thành, Phan Thiết, Bình Thuận",38030445
Tin chuẩn T2/2025 - duplex tầng Sky Garden - DT 217m2 - full - Sẵn giá 16 tỷ - HĐT 50tr/tháng,16 tỷ,217 m²,4,3,"Quận 2, Hồ Chí Minh","Dự án Vista Verde, Đường Phan Văn Đáng, Phường Thạnh Mỹ Lợi, Quận 2, Hồ Chí Minh",42140600
"Tin chuẩn 100% - 3 phòng ngủ DT lớn 171m2 - Giá 15,5 tỷ - View trực diện hồ bơi - Tầng cao","15,5 tỷ",171 m²,3,4,"Quận 2, Hồ Chí Minh","Dự án The Estella, Đường Xa Lộ Hà Nội, Phường An Phú, Quận 2, Hồ Chí Minh",41933276
Cần bán căn 1 ngủ toà B westbay giá 2.18 tỷ bao phí full đồ Lh 0961 694 ***,"2,18 tỷ",45 m²,1,1,"Văn Giang, Hưng Yên","Westbay Sky Residences - Ecopark , Xã Phụng Công, Huyện Văn Giang, Hưng Yên",42579883
"Cần Bán gấp căn BT Sun Feria Hạ Long DT 406m2 giá chỉ 90 tr/m2 bao rẻ NHẤT TT ,Cách mặt biển 150m",38 tỷ,406 m²,7,8,"Hạ Long, Quảng Ninh","Dự án Sun Grand City Feria Hạ Long, Thành phố Hạ Long, Quảng Ninh",40368758
"Bán nhà mặt phố Hàng Bài đối diện Tràng Tiền Plaza, sổ đỏ 95m2, riêng biệt 1 sổ, 1 chủ",75 tỷ,95 m²,N/A,N/A,"Hoàn Kiếm, Hà Nội","Phố Hàng Bài, Phường Hàng Bài, Hoàn Kiếm, Hà Nội",41329211
"Chính chủ bán nhà mặt đường to phố Thượng Thanh, Long Biên","7,8 tỷ",52 m²,N/A,N/A,"Long Biên, Hà Nội","Đường Thượng Thanh, Phường Thượng Thanh, Long Biên, Hà Nội",42335357
Mở bán đợt 1 chỉ 2 tỷ 4 sở hữu ngay căn 3N cao cấp Kepler Tower - bàn giao full nội thất nhập khẩu,"8,03 tỷ",103 m²,3,2,"Hà Đông, Hà Nội","Tháp đôi Kepler Land, Đường Vũ Trọng Khánh, Phường Mỗ Lao, Hà Đông, Hà Nội",42501313
Bán 48.9m2 đất 55 Gia Thượng chỉ trong 20 ngày với giá cực sốc,"9,89 tỷ","48,9 m²",N/A,N/A,"Long Biên, Hà Nội","Đường Gia Thượng, Phường Ngọc Thụy, Long Biên, Hà Nội",42515468
"Chính chủ bán nhà 1 trệt 2 lầu, mặt tiền đường Liên Phường ( 14.5 tỷ )","14,5 tỷ","76,3 m²",N/A,N/A,"Quận 9, Hồ Chí Minh","Đường Liên Phường, Phường Phước Long B, Quận 9, Hồ Chí Minh",41861977
Bán MP. Hàng Trống Quận Hoàn Kiếm DT 50m2 x 8T MT 4m (thang máy),42 tỷ,50 m²,N/A,N/A,"Hoàn Kiếm, Hà Nội","Phố Hàng Trống, Phường Hàng Trống, Hoàn Kiếm, Hà Nội",36772037
"Mặt tiền Phan Văn Hớn, P. Tân Thới Nhất chỉ 11.5 tỉ","11,5 tỷ",72 m²,4,5,"Quận 12, Hồ Chí Minh","Đường Phan Văn Hớn, Phường Tân Thới Nhất, Quận 12, Hồ Chí Minh",42212386
"Thanh lý gấp nhà Phan Văn Hân, p.17, Bình Thạnh. Giá 3,56 tỷ, DT 60m2, LH Như 0766 372 ***, đường 5m","3,56 tỷ",60 m²,4,4,"Bình Thạnh, Hồ Chí Minh","Đường Phan Văn Hân, Phường 17, Bình Thạnh, Hồ Chí Minh",42579902
"Bán nhà chung cư mini Phùng Khoang 68m2, 7T 16 phòng, full nội thất, lô góc HĐ 80tr/tháng giá 13 tỷ",13 tỷ,68 m²,16,16,"Nam Từ Liêm, Hà Nội","Đường Phùng Khoang, Phường Trung Văn, Nam Từ Liêm, Hà Nội",42295868
"Bán nhà riêng tại An Hoà, Biên Hoà, Đồng Nai. Số nhà 580/15/3/14C Nguyễn Văn Tỏ; Sổ hồng chính chủ.","2,25 tỷ",70 m²,3,4,"Biên Hòa, Đồng Nai","Phường An Hòa, Biên Hòa, Đồng Nai",42575914
Căn nhà ngay mặt tiền Tân Thới Nhất 05 chỉ 3.500 tỷ,"3,5 tỷ",64 m²,3,3,"Quận 12, Hồ Chí Minh","Đường Tân Thới Nhất 5, Phường Tân Thới Nhất, Quận 12, Hồ Chí Minh",42253355
"Khách cần bán gấp lô đất có sổ, xây tự do đường Lương Sĩ Cần khu VCN Phước Long 1","9,19 tỷ","204,2 m²",N/A,N/A,"Nha Trang, Khánh Hòa","Phước Long, Nha Trang, Khánh Hòa",42579821
"Bán biệt thự tại Lộc Ninh Singashine, 8,45 tỷ, 67,5m2, 5PN, 4WC","8,45 tỷ","67,5 m²",5,4,"Chương Mỹ, Hà Nội","Lộc Ninh Singashine, Đường Quốc lộ 6, Thị trấn Chúc Sơn, Chương Mỹ, Hà Nội",42394929
"Bán nhà Hồ Đắc Di, chỉ vài bước chân ra ô tô tránh dừng đỗ quay đầu, kinh doanh sầm uất, ở ngay","9,8 tỷ",52 m²,6,N/A,"Đống Đa, Hà Nội","Đường Hồ Đắc Di, Phường Nam Đồng, Đống Đa, Hà Nội",41376538
"Mặt tiền kinh doanh ngay TÂN THỚI NHẤT 17, kinh doanh đa ngành, đúc 4 lầu 4x19m, 10,5 tỷ","10,5 tỷ",75 m²,4,5,"Quận 12, Hồ Chí Minh","Đường Dương Thị Giang, Phường Tân Thới Nhất, Quận 12, Hồ Chí Minh",42496814
"Bán tòa CHDV Nguyễn Văn Lượng, 35 phòng 10x20m 1T4L, doanh thu 140tr/thg, gần Lotte GV, giá 22.5 tỷ","22,5 tỷ",200 m²,35,35,"Gò Vấp, Hồ Chí Minh","Đường Nguyễn Văn Lượng, Phường 17, Gò Vấp, Hồ Chí Minh",39410911
"VIP TX43 - nhà sổ hồng- 2mt trước sau- 5,45x7,5=41m2 - 5 phòng - đường thông 7m-3,68 tỷ","3,68 tỷ",41 m²,5,5,"Quận 12, Hồ Chí Minh","Đường Thạnh Xuân 43, Phường Thạnh Xuân, Quận 12, Hồ Chí Minh",42446792
"Hàng cực hiếm giá tốt lô góc tái định cư Diên Toàn 162.5m2 ngang 8,76m Diên Khánh, Khánh Hoà","2,6 tỷ","162,5 m²",N/A,N/A,"Diên Khánh, Khánh Hòa","Đường Số 2, Xã Diên Toàn, Diên Khánh, Khánh Hòa",42545317
Chính chủ cần bán căn hộ Vinhomes Ocean Park Đa Tốn Gia Lâm 43m2 1PN + Thoáng mát,"2,3 tỷ",43 m²,2,1,"Gia Lâm, Hà Nội","Dự án The Sapphire 2 - Vinhomes Ocean Park, Xã Đa Tốn, Gia Lâm, Hà Nội",42087191
"Bán nhà gần cầu Sắt cách Gò Vấp 1km, 56m2 - 2,4 tỷ. Vườn Lài, An Phú Đông, Quận 12. LH 0765 369 ***",Giá thỏa thuận,56 m²,4,4,"Quận 12, Hồ Chí Minh","Đường Vườn Lài, Phường An Phú Đông, Quận 12, Hồ Chí Minh",41889769
"45m2 THÔNG Ô TÔ VIP TẠI THIẾT BÌNH, VÂN HÀ MUA XONG CHỈ CÓ LỜI, KHÔNG CÓ LỖ!","2,6 tỷ",45 m²,N/A,N/A,"Đông Anh, Hà Nội","Vân Hà, Đông Anh, Hà Nội",42577415
"Bán BT đẹp xuất sắc tại Sun Casa Central, 4,9 tỷ, 168m2, Tân Uyên, Bình Dương","4,9 tỷ",168 m²,N/A,N/A,"Tân Uyên, Bình Dương","Dự án Sun Casa Central, Xã Vĩnh Tân, Tân Uyên, Bình Dương",42485206
"Nhà siêu rẻ Tân Xuân Hóc Môn ngay thị trấn 5x17 hẻm ô tô, sổ hồng riêng giá 2,78tỷ thương lượng","2,78 tỷ",72 m²,2,1,"Hóc Môn, Hồ Chí Minh","Đường 2, Xã Tân Xuân, Hóc Môn, Hồ Chí Minh",42520316
"Bán 949m2 đường Xuân Thuỷ, Mũi Né đối diện Marina Mũi Né và bến du thuyền","10,8 tỷ",949 m²,N/A,N/A,"Phan Thiết, Bình Thuận","Đường Xuân Thủy, Phường Mũi Né, Phan Thiết, Bình Thuận",34932999
"Nhà phố Verosa Park full nội thất. DT 6x20m, sổ hồng sẵn, xây 1 trệt 2 lầu nội thất cao cấp, 18tỷ",18 tỷ,120 m²,4,3,"Quận 9, Hồ Chí Minh","Dự án Verosa Park, Đường Liên Phường, Phường Phú Hữu, Quận 9, Hồ Chí Minh",40907880
Bán biệt thự vip khu Q - View sân golf Ciputra Hà Nội - DT 428m2 hướng Đông Bắc. LH: 0922 969 ***,Giá thỏa thuận,428 m²,5,4,"Tây Hồ, Hà Nội","Dự án Ciputra Hà Nội, Đường Lạc Long Quân, Phường Phú Thượng, Tây Hồ, Hà Nội",35517996
"Siêu phẩm nhà đẹp 50m2 đường Đặng Thuỳ Trâm, Bình Thạnh. Giá chỉ 2tỷ590. Sát bên ĐH Văn Lang","2,59 tỷ",50 m²,4,4,"Bình Thạnh, Hồ Chí Minh","Đường Đặng Thùy Trâm, Phường 13, Bình Thạnh, Hồ Chí Minh",42579914
Đầu tư F0 lô đất thị trấn Ba Hàng Đồi ngay đường tỉnh 12B,350 triệu,82 m²,N/A,N/A,"Lạc Thủy, Hòa Bình","Đường 479B, Thị trấn Ba Hàng Đồi, Lạc Thủy, Hòa Bình",42473314
"Bán 1.8ha đất mặt tiền Nguyễn Cơ Thạch, Mũi Né giáp Sungroup giá tốt 5tr/m2",90 tỷ,18.000 m²,N/A,N/A,"Phan Thiết, Bình Thuận","Đường Nguyễn Cơ Thạch, Phường Mũi Né, Phan Thiết, Bình Thuận",41938171
"CC bán 62,3 M mt 4,84 thôn đìa nam Hồng ngay sát hồ điều hòa sân chơi, vị trí đẹp miễn mãn",Giá thỏa thuận,"62,3 m²",N/A,N/A,"Đông Anh, Hà Nội","Xã Nam Hồng, Đông Anh, Hà Nội",42529785
"1 lô duy nhất 560 triệu 75m2, sổ hồng riêng - chính chủ 0906 443 ***",560 triệu,75 m²,N/A,N/A,"Bàu Bàng, Bình Dương","Dự án Phúc An Garden, Đường Thiếu Niên 3, Xã Trừ Văn Thố, Bàu Bàng, Bình Dương",39559607
"Bán nhà 86m sổ, xây 6 tầng, Full diện tích, có 12 phòng cho thuê, giá đầu tư, nhanh mới còn","16,5 tỷ",86 m²,12,12,"Thanh Xuân, Hà Nội","Phố Hạ Đình, Phường Hạ Đình, Thanh Xuân, Hà Nội",42572283
"Siêu phẩm nhà ngộp đ.Minh Phụng, p.9, Quận 11. Giá 3,23 tỷ, DT 56m2, LH Như 0766 372 ***, hẻm rộng","3,23 tỷ",56 m²,4,4,"Quận 11, Hồ Chí Minh","Đường Minh Phụng, Phường 9, Quận 11, Hồ Chí Minh",42413555
"Bán 539m2 view biển mặt tiền Nguyễn Cơ Thạch, Mũi Né",10 tỷ,539 m²,N/A,N/A,"Phan Thiết, Bình Thuận","Đường Nguyễn Cơ Thạch, Phường Mũi Né, Phan Thiết, Bình Thuận",41489360
"Nhà ngộp chính chủ bán Đ. Trương Quốc Dung, P10, Phú Nhuận 35m2 hẻm ba giác, sổ riêng",Giá thỏa thuận,35 m²,2,2,"Phú Nhuận, Hồ Chí Minh","Đường Trương Quốc Dung, Phường 10, Phú Nhuận, Hồ Chí Minh",42514697
Quỹ căn hộ khoáng nóng bao nội thất chưa tới 1 tỷ. view Sông Đà. làm việc trực tiếp chủ nhà,950 triệu,"32,4 m²",1,1,"Thanh Thủy, Phú Thọ","Dự án Wyndham Thanh Thủy, Xã Bảo Yên, Thanh Thủy, Phú Thọ",39517755
Bán gấp căn shophouse đường 17m diện tích 148m2 MT: 8m x 5 tầng đẹp LH: 0922 969 ***,Giá thỏa thuận,148 m²,N/A,N/A,"Bắc Từ Liêm, Hà Nội","Dự án Sunshine Capital Tây Thăng Long, Đường Tây Thăng Long, Phường Tây Tựu, Bắc Từ Liêm, Hà Nội",37132204
Biệt thự đơn lập DT 460m2 full nội thất cao cấp đẹp nhất dự án Hồ cá koi DT sàn 450m2 giá 53.5 tỷ,"53,5 tỷ",460 m²,4,4,"Quận 9, Hồ Chí Minh","Dự án Riviera Cove, Đường D3, Phường Phước Long B, Quận 9, Hồ Chí Minh",41200421
"Đừng bỏ lỡ biệt thự An Lạc có hầm siêu lớn 122m2. DT đất 193m2, xây sẵn 4 tầng phong cách Châu Âu",Giá thỏa thuận,193 m²,4,5,"Hoài Đức, Hà Nội","An Lạc Green Symphony, Vân Canh, Hoài Đức, Hà Nội",42532121
"Chính chủ: Bán nhà 4 tầng - xã Tứ Hiệp - Thanh Trì MT 4.15m - DT 41,5m2 - giá 5. 5 tỷ","5,5 tỷ","41,5 m²",4,3,"Thanh Trì, Hà Nội","Xã Tứ Hiệp, Thanh Trì, Hà Nội",42555798
"Bán lô góc đất dịch vụ Di Trạch, vị trí đắc địa bậc nhất, ngay KĐT Hinode Royal Park, Hoài Đức","14,2 tỷ","93,4 m²",N/A,N/A,"Hoài Đức, Hà Nội","Xã Di Trạch, Hoài Đức, Hà Nội",42197551
"Cần bán gấp nhà riêng 50m2, Nam Kỳ Khởi Nghĩa, Phường 7, Quận 3, HCM - Giá 2tỷ050 (không TL)","2,05 tỷ",50 m²,3,2,"Quận 3, Hồ Chí Minh","Đường Nam Kỳ Khởi Nghĩa, Phường Võ Thị Sáu, Quận 3, Hồ Chí Minh",42271572
CHÍNH THỨC NHẬN BOOKING NOBLE PALACE TÂY THĂNG LONG ƯU ĐÃI NGAY 300TR ĐĂNG KÝ ĐẶT MUA LH:0922 969 ***,Giá thỏa thuận,75 m²,N/A,N/A,"Đan Phượng, Hà Nội","Noble Palace Tây Thăng Long, Tây Thăng Long, Tân Lập, Đan Phượng, Hà Nội",42091088
"NHÀ ĐẸP KHU LIỀN KỀ FAFIM - VIP NHẤT THANH XUÂN, NGÃ TƯ SỞ, THANG MÁY, 92M2 x 5T, MT 5.5M, 37.5 TỶ","37,5 tỷ",92 m²,N/A,N/A,"Thanh Xuân, Hà Nội","Đường Nguyễn Trãi, Phường Thanh Xuân Trung, Thanh Xuân, Hà Nội",42468356
"Bán gấp căn góc 2 ngủ 76m2, sẵn sổ hồng lâu dài, mua bán chính chủ giá thương lượng LH 0968 602 ***",Giá thỏa thuận,76 m²,2,2,"Hai Bà Trưng, Hà Nội","Chung cư 536A Minh Khai, số 536A, Đường Minh Khai, Phường Vĩnh Tuy, Hai Bà Trưng, Hà Nội",42579844
"Bán đất lô góc mặt đường Cây Thông Ngoài 109.3m2, sát trung tâm, gần tượng đài sân bay cũ","1,75 tỷ","109,3 m²",N/A,N/A,"Phú Quốc, Kiên Giang","Đường Cây Thông Ngoài, Xã Cửa Dương, Phú Quốc, Kiên Giang",40799860
"Bán căn hộ biển 5 tầng thang máy đường Thạch Lam, Q.Sơn Trà, dòng tiền 50tr/th.",12 tỷ,81 m²,7,7,"Sơn Trà, Đà Nẵng","Phố Thạch Lam, Phường Phước Mỹ, Sơn Trà, Đà Nẵng",42575949
"Bán nhà riêng DT 46,8m2 tại Lê Trực, P7, Bình Thạnh, HCM, sổ hồng chính chủ công chứng giá 2 tỷ 150","2,15 tỷ","46,8 m²",3,4,"Bình Thạnh, Hồ Chí Minh","Đường Lê Trực, Phường 7, Bình Thạnh, Hồ Chí Minh",41941450
"Cần bán nhà Nguyễn Khang oto cách 10m. 35m2, 5 tầng giá 7.5 tỷ TL","7,5 tỷ",35 m²,4,4,"Cầu Giấy, Hà Nội","Đường Nguyễn Khang, Phường Dịch Vọng, Cầu Giấy, Hà Nội",42566211
Biệt thự khu phân lô tuyến 2 Ngô Gia Tự - Lô góc 242m2 - 3 tầng,"19,9 tỷ",242 m²,3,4,"Hải An, Hải Phòng","732, Đường Ngô Gia Tự, Phường Thành Tô, Hải An, Hải Phòng",37457969
"Bán biệt thự đơn lập góc 638m2 Siêu VIP mặt tiền rộng 47m giá tốt nhất, Ciputra Tây Hồ 0922 969 ***",Giá thỏa thuận,638 m²,6,N/A,"Tây Hồ, Hà Nội","Khu đô thị Nam Thăng Long - Ciputra, Phú Thượng, Tây Hồ, Hà Nội",42573654
Duy nhất căn biệt thự đơn lập 216m2 Le Jardin ParkCity vị trí cực đẹp giá 60 tỷ. LH 0931 686 ***,60 tỷ,216 m²,6,5,"Hà Đông, Hà Nội","Dự án ParkCity Hà Nội, Đường Lê Trọng Tấn, Phường La Khê, Hà Đông, Hà Nội",42579842
"Bán nhà 2 mặt tiền đường Ngô Đến, Vĩnh Phước. DT: 97m2, ngang hơn 6m. Đường bê tông 10m, 2.850 tỷ","2,85 tỷ",97 m²,N/A,N/A,"Nha Trang, Khánh Hòa","Đường Ngô Đến, Phường Vĩnh Phước, Nha Trang, Khánh Hòa",42485547
"Bán nhà đẹp Chế Lan Viên, cách bãi tắm biển Mỹ Khê 200m","12,7 tỷ",100 m²,3,4,"Ngũ Hành Sơn, Đà Nẵng","Đường Chế Lan Viên, Phường Mỹ An, Ngũ Hành Sơn, Đà Nẵng",41994522
"Bán đất phân lô 50m2 cạnh Aeon mall Hà Đông. Gần trường học, phù hợp kinh doanh, làm văn phòng.",12 tỷ,50 m²,N/A,N/A,"Hà Đông, Hà Nội","Dương Nội, Hà Đông, Hà Nội",42579841
"Bán lô đất mặt tiền Vương Thừa Vũ thông biển sát dự án tháp đôi, DT 90m2 ngang 5m","13,2 tỷ",90 m²,N/A,N/A,"Sơn Trà, Đà Nẵng","Đường Vương Thừa Vũ, Phường Phước Mỹ, Sơn Trà, Đà Nẵng",36405326
"TRẦN THÁI TÔNG CẦU GIẤY , TRUNG CƯ MINI Ô TÔ ĐỖ CỬA 60M/6T , MT 4,6M SỔ VUÔNG NHỈNH 12 TỶ.( CÓ TL)",12 tỷ,60 m²,16,16,"Cầu Giấy, Hà Nội","Phường Dịch Vọng Hậu, Cầu Giấy, Hà Nội",42570458
"SIÊU PHẨM TỨ LIÊN HỒ TÂY - TÂY HỒ -NHÀ ĐẸP CHÍNH CHỦ BÁN NHANH TRONG TUẦN 38M CHỈ 8,7TỶ.","8,7 tỷ",38 m²,N/A,N/A,"Tây Hồ, Hà Nội","Tứ Liên, Tây Hồ, Hà Nội",42579933
Bán căn biệt thự VIP khu K mặt đường Nguyễn Văn Huyên kéo dài dt 450m2 căn góc LH: 0922 969 ***,Giá thỏa thuận,450 m²,N/A,N/A,"Tây Hồ, Hà Nội","Dự án Ciputra Hà Nội, Đường Nguyễn Văn Huyên, Phường Phú Thượng, Tây Hồ, Hà Nội",39193414
Bán cặp đất mặt tiền Võ Nguyên Giáp đối diện resort Furama,62 tỷ,280 m²,N/A,N/A,"Ngũ Hành Sơn, Đà Nẵng","Đường Võ Nguyên Giáp, Phường Khuê Mỹ, Ngũ Hành Sơn, Đà Nẵng",42542886
"Bán đất phân lô KĐT Tây Nam Linh Đàm, mặt tiền, lô góc kinh doanh DT: 90m, MT: 5m chào giá: 20 tỷ",20 tỷ,90 m²,N/A,N/A,"Hoàng Mai, Hà Nội","Đường Bùi Quốc Khái, Phường Hoàng Liệt, Hoàng Mai, Hà Nội",42572683
"Chủ cần tiền bán gấp lô đất ngang 6m x 22 ngay chợ Chánh Mỹ, Thủ Dầu Một, Bình Dương","2,65 tỷ","133,2 m²",N/A,N/A,"Thủ Dầu Một, Bình Dương","Phường Chánh Mỹ, Thủ Dầu Một, Bình Dương",41561592
"Bán NHÀ-ĐẤT đường Nguyễn Tất Thành, Vĩnh Yên, giá chỉ từ 8tỷ đến 35,5tỷ, đường 42m lõi Thành Phố","16,5 tỷ",190 m²,N/A,N/A,"Vĩnh Yên, Vĩnh Phúc","Đường Nguyễn Tất Thành, Phường Khai Quang, Vĩnh Yên, Vĩnh Phúc",41602098
"Bán nhà phố Ngọc Khánh Ba Đình, Lô góc, ngõ thông, kinh doanh đỉnh, DT45m2, giá ưu đãi","8,1 tỷ",45 m²,3,3,"Ba Đình, Hà Nội","Phố Ngọc Khánh, Phường Ngọc Khánh, Ba Đình, Hà Nội",42462045
"Bán nhà Melosa Garden Khang Điền DT 6x18m giá 9.4 tỷ, 0902 442 ***","9,4 tỷ",108 m²,4,4,"Quận 9, Hồ Chí Minh","Melosa Garden, 222, Đường Võ Chí Công, Phường Phú Hữu, Quận 9, Hồ Chí Minh",17960263
"Chính chủ đi nước ngoài định cư cần bán lại căn nhà mặt tiền Đỗ Trạc, An Khê",3 tỷ,128 m²,3,2,"An Khê, Gia Lai","Đường Đỗ Trạc, Phường Tây Sơn, An Khê, Gia Lai",42564424
"Bán tòa CHDV Thái Hà, lô góc 2 thoáng, DT 60tr/th, ba gác, 20m ra ô tô, thang máy, 60m","11,5 tỷ",60 m²,13,13,"Đống Đa, Hà Nội","Phố Thái Hà, Phường Trung Liệt, Đống Đa, Hà Nội",42579961
Bán đất Thiên Hiền Nam TL 60m2 MT 4.5m phân lô vỉa hè 2m đường rộng 2 xe tải tránh nhau chào 19.3tỷ,"19,3 tỷ",60 m²,N/A,N/A,"Nam Từ Liêm, Hà Nội","Đường Thiên Hiền, Phường Mỹ Đình 2, Nam Từ Liêm, Hà Nội",42471903
"Đất gần biển cực đẹp - đường Dương Hiến Quyền (rộng 7m) - 106m2 ngang 6,59m - giá chỉ 7,6 tỷ","7,6 tỷ",106 m²,2,1,"Nha Trang, Khánh Hòa","Đường Dương Hiến Quyền, Phường Vĩnh Hòa, Nha Trang, Khánh Hòa",42332684
"Cần tiền cho con đi du học bán gấp nhà ở mặt tiền đường Ngô Chí Quốc, Bình Chiểu, Thủ Đức, 2tỷ550","2,55 tỷ",56 m²,N/A,N/A,"Thủ Đức, Hồ Chí Minh","Đường Ngô Chí Quốc, Phường Bình Chiểu, Thủ Đức, Hồ Chí Minh",42579960
"Bán nhà Melosa Garden Khang Điền, TP. Thủ Đức, DT 5x23m=115m2 giá 9.9 tỷ","9,9 tỷ",115 m²,4,5,"Quận 9, Hồ Chí Minh","Melosa Garden, Vành Đai Trong, Phú Hữu, Quận 9, Hồ Chí Minh",41743189
Bán Duplex The View Riviera Point Quận 7. tháp t8,"10,5 tỷ",137 m²,3,2,"Quận 7, Hồ Chí Minh","The View Riviera Point, Huỳnh Tấn Phát, Tân Phú, Quận 7, Hồ Chí Minh",41498665
"Bán gấp lô đất KDC Bình Chiểu, Thủ Đức, sổ riêng, DT 100m2. Giá: 2.7 tỷ. LH: 0342 421 ***","2,7 tỷ",100 m²,N/A,N/A,"Thủ Đức, Hồ Chí Minh","Đường Ngô Chí Quốc, Phường Bình Chiểu, Thủ Đức, Hồ Chí Minh",42496563
"Cần bán gấp nhà Bạch Mã, p.15, Quận 10. Giá 3,15 tỷ, DT 52m2, LH Như 0766 372 ***, hẻm xe hơi 4m","3,15 tỷ",52 m²,2,3,"Quận 10, Hồ Chí Minh","Đường Bạch Mã, Phường 15, Quận 10, Hồ Chí Minh",42579959
"Bán Đất Dịch vụ Khu B Yên Nghĩa, Hà Đông.DT 50m. Giá 9.65 tỷ","9,65 tỷ",50 m²,N/A,N/A,"Hà Đông, Hà Nội","Yên Nghĩa, Hà Đông, Hà Nội",42243355
"Chính Chủ Bán Nền E4, DT: 5 x 15m, Thắng Lợi Central Hill, Sổ Riêng, Giá 1tỷ450 Có Phí Giới Thiệu.","1,45 tỷ",75 m²,N/A,N/A,"Bến Lức, Long An","Dự án KDC Thắng Lợi Central Hill, Đường ĐT 835C, Xã Phước Lợi, Bến Lức, Long An",38279662
"Cắt lỗ 190 triệu căn hộ Akari City MT Võ Văn Kiệt, 75m2 (có sổ) giá: 3tỷ199 Vay được 70%.0906 651 ***","3,2 tỷ",75 m²,2,2,"Bình Tân, Hồ Chí Minh","Dự án Akari City Nam Long, Đường Võ Văn Kiệt, Phường An Lạc, Bình Tân, Hồ Chí Minh",39275544
Bán nhà khu đấu giá 6.9 Vân Canh lô góc kinh doanh tuyệt vời. 50m2 giá 10 tỷ,10 tỷ,50 m²,4,3,"Hoài Đức, Hà Nội","Xã Vân Canh, Hoài Đức, Hà Nội",42246740
"CẦN BÁN ĐƯỜNG VÕ NGUYÊN GIÁP, CÁCH BIỂN MỸ KHÊ 300M, VỀ TRUNG TÂM , THÍCH HỢP XÂY KHÁCH SẠN ,CĂN HỘ","16,9 tỷ",155 m²,N/A,N/A,"Ngũ Hành Sơn, Đà Nẵng","Đường Võ Nguyên Giáp, Phường Khuê Mỹ, Ngũ Hành Sơn, Đà Nẵng",42572957
"Bán biệt thự Vườn Đào Lạc Long Quân Tây Hồ 300 m2 x 4 T X MT 20 m x giá 210 tỷ. Lô góc, vị trí đỉnh",210 tỷ,300 m²,5,4,"Tây Hồ, Hà Nội","Đường Lạc Long Quân, Phường Xuân La, Tây Hồ, Hà Nội",38441326
"Cần ra đi đất 10x26m - Diện tích 264m2 thổ cư, Mỹ Hạnh Nam, Đức Hoà, Long An. LH 0798 758 ***",3 tỷ,264 m²,N/A,N/A,"Đức Hòa, Long An","Xã Mỹ Hạnh Nam, Đức Hòa, Long An",36828920
CẦN BÁN NHÀ TẠI HOÀNG NHƯ TIẾP-BỒ ĐỀ-LONG BIÊN 50m2x7tầng thang máy.,"11,5 tỷ",50 m²,4,4,"Long Biên, Hà Nội","Phường Bồ Đề, Quận Long Biên, Hà Nội",42579864
"Bán căn nhà phố sân vườn ngang 7m tại Verosa Park. Nhà full nội thất đẹp, giá 17,5 tỷ thương lượng","17,5 tỷ",105 m²,5,5,"Quận 9, Hồ Chí Minh","Dự án Verosa Park, Đường Liên Phường, Phường Phú Hữu, Quận 9, Hồ Chí Minh",42415739
Chính chủ bán 600m2 đất 50 năm tại Vân Côn. LH 0987 834 ***,Giá thỏa thuận,600 m²,N/A,N/A,"Hoài Đức, Hà Nội","Đường Đại lộ Thăng Long, Xã Song Phương, Hoài Đức, Hà Nội",39924389
"Bán đất tại Xã Tóc Tiên, Phú Mỹ, Bà Rịa Vũng Tàu, 5 tỷ, 765 m2",5 tỷ,765 m²,N/A,N/A,"Phú Mỹ, Bà Rịa Vũng Tàu","Xã Tóc Tiên, Phú Mỹ, Bà Rịa Vũng Tàu",42579863
"Cần bán căn Napoleon căn góc đẹp, tầng cao","2,33 tỷ","71,8 m²",3,2,"Nha Trang, Khánh Hòa","Napoleon Castle I, Đường Nguyễn Đình Chiểu, Phường Vĩnh Phước, Nha Trang, Khánh Hòa",42579268
Bán nhà phố Melosa Garden - căn 80m2 giá 8 tỷ - căn 108m2 giá 10 tỷ. LH 0909 121 *** xem nhà,8 tỷ,85 m²,4,5,"Quận 9, Hồ Chí Minh","Dự án Melosa Garden, Đường Võ Chí Công, Phường Phú Hữu, Quận 9, Hồ Chí Minh",37673558
"Lô góc Ngô Quyền- Hà Đông, 60m2, 7 tầng, giá 13 tỷ, Lô góc, Thang máy, Ô tô, Kinh doanh.",13 tỷ,60 m²,6,8,"Hà Đông, Hà Nội","Đường Ngô Quyền, Phường La Khê, Hà Đông, Hà Nội",41828747
"Chính chủ bán đất dịch vụ Lại Yên, 62m2, cạnh đường 40, trục kết nối vành đai 3.5-vành đai 4","7,19 tỷ",62 m²,N/A,N/A,"Hoài Đức, Hà Nội","Đường Vành Đai 3.5, Xã Lại Yên, Hoài Đức, Hà Nội",42544308
Bán lô đất Kiến Á - Liên Phường gần Global City - DT 5x27m SHCC,"9,55 tỷ",135 m²,N/A,N/A,"Quận 9, Hồ Chí Minh","Dự án KDC Kiến Á, Đường Liên Phường, Phường Phước Long B, Quận 9, Hồ Chí Minh",41934664
"Bán gấp chung cư Masteri Thảo Điền Quận 2 tầng 15, 71m2 sổ hồng riêng Tài Trần","1,8 tỷ",71 m²,2,2,"Quận 2, Hồ Chí Minh","Dự án Masteri Thảo Điền, Đường Xa Lộ Hà Nội, Phường Thảo Điền, Quận 2, Hồ Chí Minh",41477825
Nhà ngộp 2Tỷ080Triệu ở Phạm Ngũ Lão Q1 bán gấp 40m2 để nội thất căn bản,"2,08 tỷ",40 m²,2,2,"Quận 1, Hồ Chí Minh","Đường Phạm Ngũ Lão, Phường Phạm Ngũ Lão, Quận 1, Hồ Chí Minh",42341366
"Bán đất 39m2 đất thổ cư, hai mặt ngõ gần chợ sáng Đại Mỗ, giá 4.7 tỷ, LH 0865 137 ***","4,7 tỷ",39 m²,N/A,N/A,"Nam Từ Liêm, Hà Nội","Đường 70, Phường Đại Mỗ, Nam Từ Liêm, Hà Nội",42251956
"Đất chính chủ cực rẻ, 115m Khu Thuận Đạo, Cần Đước, sổ hồng riêng, giá chốt bán 1 tỷ 030","1,03 tỷ",115 m²,N/A,N/A,"Cần Đước, Long An","Dự án Thuận Đạo Residence, Đường Phan Văn Mãng, Xã Long Định, Cần Đước, Long An",38570418
"Chính chủ bán nhà nát căn góc hẻm 456/ Hậu Giang, P11, Q6, Giá 2tỷ150/ 40m2, SHR, LH: 0907 631 ***","2,15 tỷ",40 m²,N/A,N/A,"Quận 6, Hồ Chí Minh","456/13A, Đường Hậu Giang, Phường 11, Quận 6, Hồ Chí Minh",41428795
HƯƠNG LỘ 2 HẺM 6M - 4 X 12 NHÀ 2 TẦNG,"3,85 tỷ",48 m²,2,2,"Bình Tân, Hồ Chí Minh","Đường Hương lộ 2, Phường Bình Trị Đông A, Bình Tân, Hồ Chí Minh",42361396
"Bán lô đất 3 mặt tiền, 4x15m, đường 12m, An Phú Đông, gần ĐH Nguyễn Tất Thành, giá 4.6 tỷ TL","4,6 tỷ","60,9 m²",N/A,N/A,"Quận 12, Hồ Chí Minh","Đường Vườn Lài, Phường An Phú Đông, Quận 12, Hồ Chí Minh",41579441
"Bán đất Mỹ Đình 755m2 x MT 22m x giá nhỉnh 100 tỷ. Xây KS, nhà hàng, toà building",120 tỷ,755 m²,N/A,N/A,"Nam Từ Liêm, Hà Nội","Đường Mỹ Đình, Phường Mỹ Đình 1, Nam Từ Liêm, Hà Nội.",41030815
KHU TÊN LỬA NHÀ 3 TẦNG ĐÚC HẺM THÔNG 5M KINH DOANH ĐƯỢC CHỈ 5.7 ĐỒNG. - 4 X 13 MỘT trệt 2 lầu nh,"5,7 tỷ",52 m²,4,3,"Bình Tân, Hồ Chí Minh","Đường 29, Phường Bình Trị Đông B, Bình Tân, Hồ Chí Minh",42528526
"Nhà rẻ nhất khu vực - hẻm Trần Quang Khải, Tân Định, Q1. 3 tầng, 4PN, 3WC, 54m2 chỉ với 7,5 tỷ","7,5 tỷ",54 m²,4,3,"Quận 1, Hồ Chí Minh","Đường Trần Quang Khải, Phường Tân Định, Quận 1, Hồ Chí Minh",42467558
"Bán biệt thự vip nhất TP Hồ Chí Minh - The Venica Khang Điền, giá 58,5 tỷ căn Biệt thự song lập","58,5 tỷ",262 m²,4,5,"Quận 9, Hồ Chí Minh","Dự án The Venica, Đường Đỗ Xuân Hợp, Phường Phú Hữu, Quận 9, Hồ Chí Minh",40814283
"0901 755 ***! CC Bán gấp CC Hateco Hoàng Mai P2009: 76,7m2 và 1518 - 52m2, full NT giá 54 tr/m2 (GDG)","2,81 tỷ",52 m²,2,1,"Hoàng Mai, Hà Nội","Dự án Hateco Hoàng Mai, Đường Trần Thủ Độ, Phường Yên Sở, Hoàng Mai, Hà Nội",38788666
"NHÀ 4 TẦNG CÓ THANG MÁY, THIẾT KẾ HIỆN ĐẠI ĐƯỜNG SỐ 8 KĐT HÀ QUANG II CHỈ 10.4 TỶ","10,4 tỷ",100 m²,3,4,"Nha Trang, Khánh Hòa","Khu đô thị Lê Hồng Phong II, Lê Hồng Phong, Phước Hải, Nha Trang, Khánh Hòa",42576288
"Bán gấp nhà 20/ Kỳ Đồng, P9 Quận 3, DT 42m2, 3 phòng ngủ, sổ hồng riêng, hẻm vào 4m, giá 2 tỷ 900","2,9 tỷ",42 m²,3,3,"Quận 3, Hồ Chí Minh","20/, Phố Kỳ Đồng, Phường 9, Quận 3, Hồ Chí Minh",41864429
"Bán gấp Liền kề Hải Âu 02 - 90m chỉ 19.2 tỷ. Giá rẻ nhất dự án VHOP1, vị trí kinh doanh sầm uất","19,2 tỷ",90 m²,N/A,N/A,"Gia Lâm, Hà Nội","Dự án Vinhomes Ocean Park Gia Lâm, Xã Dương Xá, Gia Lâm, Hà Nội",42569326
Bán nhà phân lô quân đội Ngọc Thụy 40m2 ngõ thông ô tô vòng quanh 6.2 tỉ,"6,2 tỷ",40 m²,1,1,"Long Biên, Hà Nội","Phường Ngọc Thụy, Long Biên, Hà Nội",42507788
"Bán đất tại KDC Hiệp Bình, TP. Thủ Đức, đã ra sổ hồng riêng, DT 78m2, full thổ cư, Giá 1 tỷ 850","1,85 tỷ",78 m²,N/A,N/A,"Thủ Đức, Hồ Chí Minh","Đường Hiệp Bình, Phường Hiệp Bình Phước, Thủ Đức, Hồ Chí Minh",41467646
"Tôi bán gấp đất đường Số 7, BHH, Bình Tân, khu đồng bộ gần Aeon Tân Phú, DT 54m2, SHR, XDTD",Giá thỏa thuận,54 m²,N/A,N/A,"Bình Tân, Hồ Chí Minh","Đường Số 7, Phường Bình Hưng Hòa, Bình Tân, Hồ Chí Minh",41443355
"Nguyễn Kiệm, P3, Gò Vấp - 48m2 giá 4,47 tỷ/ kế siêu thị Coopmart, có hợp đồng thuê 16tr/ tháng","4,47 tỷ",48 m²,3,4,"Gò Vấp, Hồ Chí Minh","Hẻm 671, Đường Nguyễn Kiệm, Phường 3, Gò Vấp, Hồ Chí Minh",42280766
Hiếm MT Thạnh Mỹ Lợi - Ngang 5.5m - Dòng tiền 38tr/ tháng - Đảo Kim Cương 3 phút - Quận 1 chỉ 10P,"9,9 tỷ",138 m²,4,N/A,"Quận 2, Hồ Chí Minh","Đường Thạnh Mỹ Lợi, Phường Thạnh Mỹ Lợi, Quận 2, Hồ Chí Minh",42531380
"Siêu hot: Bán lô biệt thự đường Nguyễn Gia Thiều đối diện ĐH Phan Châu Trinh giá chỉ 3,8 tỷ","4,2 tỷ","171,5 m²",N/A,N/A,"Điện Bàn, Quảng Nam","Khu đô thị số 4, Nguyễn Gia Thiều, Điện Ngọc, Điện Bàn, Quảng Nam",42141689
Nhà 3 tầng mới ở ngay Tân Sơn Nhì - Hẻm xe hơi - 4.4m x 14m,"6,3 tỷ",60 m²,4,4,"Tân Phú, Hồ Chí Minh","Phường Tân Sơn Nhì, Tân Phú, Hồ Chí Minh",40003806
GIỎ HÀNG ĐỘC QUYỀN AKARI CITY MUA CHÍNH CHỦ GIÁ: 47TR /97M2 THIẾT KẾ 3PM SỔ CÓ SẴN. 0906 651 ***,"4,56 tỷ",97 m²,3,2,"Bình Tân, Hồ Chí Minh","Dự án Akari City Nam Long, Đường Võ Văn Kiệt, Phường An Lạc, Bình Tân, Hồ Chí Minh",40304101
"Ngân hàng thanh lý sang gấp nhà nát An Bình, P6, Q5,Giá 2tỷ9/88m2, SHR, khu an ninh, LH: 0907 631 ***","2,9 tỷ",88 m²,N/A,N/A,"Quận 5, Hồ Chí Minh","Đường An Bình, Phường 6, Quận 5, Hồ Chí Minh",42514925
"Mua Nhà Đẹp, Không Cần Lo Lắng Về Chi Phí Cải Tạo tại Rạch Bùng Binh, P9, Q3|Giá 3,5 tỷ|DT 51,6m2","3,5 tỷ","51,6 m²",5,5,"Quận 3, Hồ Chí Minh","Đường Rạch Bùng Binh, Phường 9, Quận 3, Hồ Chí Minh",42580004
"Duy nhất shop mặt Đại Lộ Ngọc Trai 52m, tiếp giáp với 66 tòa chung cư. Giá chỉ 18.5 tỷ tại Vin OCP1","18,5 tỷ",70 m²,N/A,N/A,"Gia Lâm, Hà Nội","Dự án Vinhomes Ocean Park Gia Lâm, Xã Dương Xá, Gia Lâm, Hà Nội",41662246
"Bán căn hộ 1PN Legacy Prime ở Thuận Giao, Thuận An, Bình Dương, nội thất cao cấp, hỗ trợ vay 80%","1,18 tỷ",42 m²,1,1,"Thuận An, Bình Dương","Dự án Legacy Central, Đường Thuận Giao 25, Phường Thuận Giao, Thuận An, Bình Dương.",39610429
"Bán nhà mặt phố Trạm. Thang máy, vỉa hè rộng. Vừa ở vừa kinh doanh vô đối.","25,5 tỷ",58 m²,N/A,N/A,"Long Biên, Hà Nội","Đường Phố Trạm, Phường Long Biên, Long Biên, Hà Nội",42580002
"Nhà 4T phân lô ngõ 168 Hào Nam cách ga tàu điện 300m ngõ ô tô tránh KD tốt, DT 52m2, MT 4,3m",Giá thỏa thuận,52 m²,5,5,"Đống Đa, Hà Nội","Ngõ 168, Phố Hào Nam, Phường Ô Chợ Dừa, Đống Đa, Hà Nội",42076972
"Cần bán gấp lô ngang 7m dài 24,5m hướng Nam cực đẹp. Trục đường thông","2,85 tỷ","171,5 m²",N/A,N/A,"Điện Bàn, Quảng Nam","Dự án Khu đô thị số 4, Phường Điện Ngọc, Điện Bàn, Quảng Nam",42531396
"Bán căn tầng trệt, 2PN vừa ở vừa kinhd doanh, số 15, C.cư Thanh đa, mặt tiền Bình Quới, Bình Thạnh","1,9 tỷ",33 m²,2,1,"Bình Thạnh, Hồ Chí Minh","Nhà số 15, Lô B Cc Thanh Đa, Đường Bình Quới, Phường 27, Bình Thạnh, Hồ Chí Minh",42398693
"Tôi có lô đất phù hợp làm quán ăn & coffee ngay chợ An Viễn, sát nhà phố đang xây. SHR thổ cư 100%","1,3 tỷ","86,8 m²",N/A,N/A,"Trảng Bom, Đồng Nai","Đường Trần Vĩnh Lộc, Xã An Viễn, Trảng Bom, Đồng Nai",41722926
Chính chủ bán căn 3PN - Full NT - Giá tốt tại tòa Eco Dream! LH: 0961 846 ***,6 tỷ,95 m²,3,2,"Thanh Trì, Hà Nội","Dự án Eco Dream, Xã Tân Triều, Thanh Trì, Hà Nội",42420687
"Chốt nhanh đất lô KDC Hưng Phú 1, Liên Phường, P. Phú Hữu, Q9, diện tích 111m2, giá 8.2 tỷ","8,5 tỷ",111 m²,N/A,N/A,"Quận 9, Hồ Chí Minh","Dự án Hưng Phú 1, Đường Liên Phường, Phường Phú Hữu, Quận 9, Hồ Chí Minh",34826686
"Bán nhà Sơn kỳ, hẻm oto, 1 trệt 2 lầu, công nhận 90m2, chỉ 6.9 tỷ",7 tỷ,90 m²,4,5,"Tân Phú, Hồ Chí Minh","Đường Đỗ Nhuận, Phường Sơn Kỳ, Tân Phú, Hồ Chí Minh",40875807
Chính chủ bán căn 3PN - DT 138m2 - Full NT - Giá tốt - Toà Bohemia Residence! LH: 0961 846 ***,9 tỷ,138 m²,3,2,"Thanh Xuân, Hà Nội","Dự án Bohemia Residence, Đường Nguyễn Huy Tưởng, Phường Thanh Xuân Trung, Thanh Xuân, Hà Nội",39482171
Bán gấp nhà 62m2 Trần Quang Diệu quận 3. Chỉ 100tr/m2. Giá 6.7 tỷ (thương lượng),"6,7 tỷ",62 m²,2,2,"Quận 3, Hồ Chí Minh","Đường Trần Quang Diệu, Phường 14, Quận 3, Hồ Chí Minh",42286536
"Biệt Thự Siêu Rẻ đất nền siêu đẹp KDC Hoàng Anh Minh Tuấn MT Đỗ Xuân Hợp, P. Phước Long B, Quận 9","12,69 tỷ",90 m²,N/A,N/A,"Quận 9, Hồ Chí Minh","Dự án Hoàng Anh Minh Tuấn, Đường Đỗ Xuân Hợp, Phường Phước Long B, Quận 9, Hồ Chí Minh",42478196
"Cần bán nhà phố Vạn Phúc, Quận Ba Đình. DT Sổ 90m2 x 4T, MT 6,3m. Vị trí đẹp, đường ô tô tránh nhau",35 tỷ,90 m²,N/A,N/A,"Ba Đình, Hà Nội","Phố Vạn Phúc, Phường Liễu Giai, Ba Đình, Hà Nội",41774395
Lê Trọng Tấn - 5.1 tỷ - 3 tầng- 4.5m x 14m,"5,1 tỷ","64,2 m²",3,3,"Tân Phú, Hồ Chí Minh","Đường Lê Trọng Tấn, Phường Sơn Kỳ, Tân Phú, Hồ Chí Minh",39189123
Chính chủ bán căn 3PN DT 85m2 - Full NT - Giá tốt tại toà Riverside Garden 349 Vũ Tông Phan,"5,5 tỷ",85 m²,3,2,"Thanh Xuân, Hà Nội","Riverside Garden, Vũ Tông Phan, Khương Đình, Thanh Xuân, Hà Nội",42272727
"Bán gấp nhà phố góc ngang 7m Senturia Nam Sài Gòn, nhận nhà ngay, sổ hồng trao tay, vị trí hiếm có","8,45 tỷ","77,9 m²",N/A,N/A,"Bình Chánh, Hồ Chí Minh","Dự án Senturia Nam Sài Gòn, Đường Nguyễn Văn Linh, Xã Bình Hưng, Bình Chánh, Hồ Chí Minh",42332051
Bán căn hộ 2PN giá sốc có 1-0-2 tại chung cư Ricca - Phường Phú Hữu - Quận 9,"2,7 tỷ","67,7 m²",2,2,"Quận 9, Hồ Chí Minh","Dự án Căn hộ Ricca Quận 9, Đường Gò Cát, Phường Phú Hữu, Quận 9, Hồ Chí Minh",42555147
"Bán nhà Dịch Vọng Hậu, Cầu Giấy 250 m2 x MT 29 m x giá 140 tỷ. Lô góc",140 tỷ,250 m²,6,6,"Cầu Giấy, Hà Nội","Phố Dịch Vọng Hậu, Phường Dịch Vọng Hậu, Cầu Giấy, Hà Nội",39774349
Phân lô quân đội - khu vip - oto tránh - thang máy - nhà đẹp như khách sạn. DT 47m2 x 7 tầng,"12,8 tỷ","46,38 m²",5,6,"Long Biên, Hà Nội","Đường Vũ Xuân Thiều, Phường Sài Đồng, Long Biên, Hà Nội",42541807
Bán nhà hẻm xe hơi Lê Trọng Tấn - 5 tầng- ngang 5.7m - nhỉnh 6 tỷ,"6,6 tỷ",70 m²,5,5,"Tân Phú, Hồ Chí Minh","Đường Lê Trọng Tấn, Phường Sơn Kỳ, Tân Phú, Hồ Chí Minh",42144722
"Đất Nguyễn Khiêm Ích - Trâu Quỳ, trung tâm,phân lô, vỉa hè,mặt phố kinh doanh 3 ô tô tránh, đầu tư.","63,9 tỷ",495 m²,N/A,N/A,"Gia Lâm, Hà Nội","Phố Nguyễn Khiêm Ích, Thị trấn Trâu Quỳ, Gia Lâm, Hà Nội",42163473
Bán nhanh căn hộ 2PN Thảo Điền Lumiere Riverside toà West view thành phố giá 8.6 tỷ. LH 0902 896 ***,"8,6 tỷ",70 m²,2,2,"Quận 2, Hồ Chí Minh","Dự án Lumiere Riverside, Đường Võ Nguyên Giáp, Phường An Phú, Quận 2, Hồ Chí Minh",40924397
Bán nhà 1/ hẻm xe hơi Tây Thạnh - 3 tầng mới - 5.8 tỷ,"5,8 tỷ",63 m²,4,3,"Tân Phú, Hồ Chí Minh","Đường Tây Thạnh, Phường Tây Thạnh, Tân Phú, Hồ Chí Minh",38158958
"Cần bán nhà ngõ 106 Phố Hoàng Quốc Việt, Cầu Giấy. DT 65m2 x 8T, MT 5m. Thang máy - KD sầm uất","24,8 tỷ",65 m²,N/A,N/A,"Cầu Giấy, Hà Nội","Ngõ 106, Đường Hoàng Quốc Việt, Phường Nghĩa Đô, Cầu Giấy, Hà Nội",38430977
"Bán nhà 58m2 Trần Đăng Ninh, Cầu Giấy, ngõ nông hai thoáng, ôtô, nội thất đẹp ở ngay, chỉ 9,05 tỷ","9,05 tỷ",58 m²,N/A,N/A,"Cầu Giấy, Hà Nội","Đường Trần Đăng Ninh, Phường Nghĩa Đô, Cầu Giấy, Hà Nội",42031182
Gần chợ Tân Hương - 3 tầng mới - DT 67m2 (6.7 x 10m) - Chỉ 6 tỷ nhỉnh,"6,5 tỷ",67 m²,3,4,"Tân Phú, Hồ Chí Minh","Đường Tân Hương, Phường Tân Quý, Tân Phú, Hồ Chí Minh",39542989
"Bán gấp! Kim Mã, dân xây, ngõ 3 gác, thông tứ tung, tặng full nội thất, mới ở ngay, 35m2*5T",Giá thỏa thuận,35 m²,3,3,"Ba Đình, Hà Nội","Phường Kim Mã, Ba Đình, Hà Nội",41806028
Bán lô góc TĐC VCN Phước Long 2 Vị trí đắc địa: Góc đường A3 (16m) & B9 (12m),Giá thỏa thuận,"68,5 m²",3,3,"Nha Trang, Khánh Hòa","Khu đô thị VCN Phước Long 2, Đường A3, Phường Phước Long, Nha Trang, Khánh Hòa",42577021
"Bán đất hẻm Bưng Ông Thoàn 52,5m2 (4,2x12,5m) P. Phú Hữu, Thủ Đức giá 3,4tỷ giá rẻ LH 0974 244 ***","3,4 tỷ","52,5 m²",N/A,N/A,"Quận 9, Hồ Chí Minh","Đường Bưng Ông Thoàn, Phường Phú Hữu, Quận 9, Hồ Chí Minh",42356925
"Bán gấp nền BT 300m2 MT 12m, đường 16m view vườn hoa. Địa chỉ KĐT Khai Sơn Thuận Thành. 50tr/m2",15 tỷ,300 m²,N/A,N/A,"Thuận Thành, Bắc Ninh","Xã Xuân Lâm, Thuận Thành, Bắc Ninh",40859850
"Bán lô đất 4,5mx18,5m, tặng căn nhà trệt, lầu, hẻm gần 4m thông, giá 5,65 tỷ TL","5,65 tỷ",82 m²,2,2,"Gò Vấp, Hồ Chí Minh","Đường Phan Huy Ích, Phường 12, Gò Vấp, Hồ Chí Minh",42509680
"Bán nhà phố Lạc Trung ô tô tránh, xây dựng 92m2, 5 tầng vị trí đẹp, siêu hiếm","29,5 tỷ",92 m²,5,4,"Hai Bà Trưng, Hà Nội","Phố Lạc Trung, Phường Vĩnh Tuy, Hai Bà Trưng, Hà Nội",42528062
DIC Victory City - tâm điểm giao thương - đầu mối kết nối - chuẩn sống xanh. Đầu tư chắc thắng,1 tỷ,95 m²,N/A,N/A,"Vị Thanh, Hậu Giang","Dự án DIC Victory City, Phường 4, Vị Thanh, Hậu Giang",42541615
"Chính chủ gửi bán 114m2 đất tại Phương Đông Green Valley Lương Sơn, Hoà Bình",Giá thỏa thuận,114 m²,N/A,N/A,"Lương Sơn, Hòa Bình","Dự án Phương Đông Green Valley, Xã Tân Vinh, Lương Sơn, Hòa Bình",42473151
"Bán gấp liền kề Vân Canh Hud, DT 110m2, 4 tầng, giá rẻ chỉ 16 tỷ",16 tỷ,110 m²,N/A,N/A,"Hoài Đức, Hà Nội","Khu đô thị Vân Canh, Xã Vân Canh, Hoài Đức, Hà Nội",42579758
Sổ Đỏ - Gần Phố Trạm - Ô Tô Đỗ - 36M2 - Sát Phân Lô TDC - Gần Đường 4 Ô Tô Tránh - Giá Rẻ 5 Tỷ Xíu,"5,65 tỷ",36 m²,N/A,N/A,"Long Biên, Hà Nội","Đường Phố Trạm, Phường Long Biên, Long Biên, Hà Nội",42579757
"Bán shophouse Vincom Biên Hòa, phường Tân Mai, 1 trệt 2 lầu sổ hồng hoàn công 124m2 giá tốt 14,7 tỷ","14,7 tỷ",124 m²,5,3,"Biên Hòa, Đồng Nai","Vincom Biên Hòa, Đường Phạm Văn Thuận, Phường Tân Mai, Biên Hòa, Đồng Nai",41745172
"Bán Tập Thể Tôn Đức Thắng - Văn Hương, nhà đẹp thoáng sang, ở luôn full đồ, 45m2 giá chì 1.85 tỷ","1,85 tỷ",45 m²,1,1,"Đống Đa, Hà Nội","Phố Tôn Đức Thắng, Phường Hàng Bột, Đống Đa, Hà Nội",42579823
"Chỉ 4,5 TỶ: NHÀ MẶT TIỀN gần sát BIỂN THANH KHÊ - ĐÀ NẴNG: 5m x 15m - 3 tầng 3 PN 3 WC","4,5 tỷ",75 m²,3,3,"Thanh Khê, Đà Nẵng","Đường Đặng Đình Vân, Phường Thanh Khê Đông, Thanh Khê, Đà Nẵng",39395424
"Bán nhà 1 trệt 2 lầu hẻm ô tô Lương Định Của 85,2m2 3tỷ500","3,5 tỷ","85,2 m²",3,2,"Nha Trang, Khánh Hòa","Phố Lương Định Của, Phường Ngọc Hiệp, Nha Trang, Khánh Hòa",42444731
Chuyển nhượng nhanh nhà xây thô 75/100m2 x 7 tầng thang máy kề Việt Hưng. Giá tốt,Giá thỏa thuận,75 m²,N/A,N/A,"Long Biên, Hà Nội","Phố Kẻ Tạnh, Phường Giang Biên, Long Biên, Hà Nội",42215363
Tổng quan dự án Gem Park Hải Phòng biểu tượng sống mới tại thành phố cảng,"2,73 tỷ",70 m²,3,2,"Hồng Bàng, Hải Phòng","Gem Park Hải Phòng, số 2A, Đường Hồng Bàng, Phường Sở Dầu, Hồng Bàng, Hải Phòng",42530388
3PN Skylinked- villa (xe hơi len tận nhà) khu Diamond Alnata - 190m2 giá 9ty5 - Celadon City,"9,5 tỷ",190 m²,3,N/A,"Tân Phú, Hồ Chí Minh","Dự án Celadon City, Đường N1, Phường Sơn Kỳ, Tân Phú, Hồ Chí Minh",42428101
Bán 4000m2 đường container gần đường tránh cao tốc Đà Nẵng - Huế,"6,85 tỷ",4.000 m²,N/A,N/A,"Hòa Vang, Đà Nẵng","Đường Vành Đai, Xã Hòa Nhơn, Hòa Vang, Đà Nẵng",39653422
Bán shophouse Celadon City liền kề 08 - 09 vuông vức mặt tiền 16m sổ hồng lâu dài giá 22 tỷ 229,"22,23 tỷ","241,4 m²",N/A,N/A,"Tân Phú, Hồ Chí Minh","Celadon City, Đường N1, Phường Sơn Kỳ, Tân Phú, Hồ Chí Minh",41055197
"Chỉ 7,29 tỷ: Đất biệt thự ở mặt tiền đường rộng 10m - gần sông Hàn và cầu Thuận Phước: 10x15m","7,29 tỷ",150 m²,N/A,N/A,"Sơn Trà, Đà Nẵng","Đường Lê Đức Thọ, Phường Nại Hiên Đông , Sơn Trà, Đà Nẵng",42073797
Bán chung cư 173 Xuân Thủy tòa Long Giang căn góc 100m 3PN full đồ giá tốt sẵn vào ở ngay,"6,8 tỷ",100 m²,3,2,"Cầu Giấy, Hà Nội","Tổ hợp 173 Xuân Thủy, Xuân Thủy, Dịch Vọng Hậu, Cầu Giấy, Hà Nội",42506464
"Thanh lý tài sản Việt Nam nhà đ. Nguyễn Trọng Tuyển, Phú Nhuận 54m2 siêu giá 2 tỷ 570 triệu","2,57 tỷ",54 m²,4,3,"Phú Nhuận, Hồ Chí Minh","Đường Nguyễn Trọng Tuyển, Phường 10, Phú Nhuận, Hồ Chí Minh",42579829
"Bán lô đất mặt tiền Nguyễn Đức An, DT 80m2 ngang 5m","6,8 tỷ",80 m²,N/A,N/A,"Sơn Trà, Đà Nẵng","Đường Nguyễn Đức An, Phường Phước Mỹ, Sơn Trà, Đà Nẵng",38969710
Bán gấp nhà mặt phố Văn Quán Dt: 72m2 x 10 tầng Mt: 5 mét vỉa hè kinh doanh thang máy giá 29 tỷ,29 tỷ,72 m²,N/A,N/A,"Hà Đông, Hà Nội","Đường Văn Quán, Phường Văn Quán, Hà Đông, Hà Nội",42514942
"CHÍNH CHỦ BÁN ĐẤT 102M FULL THỔ CƯ XÃ ĐÔNG YÊN, GẦN TL 421B GIÁ TỐT ĐẦU TƯ!","1,6 tỷ",102 m²,N/A,N/A,"Quốc Oai, Hà Nội","Xã Đông Yên, Quốc Oai, Hà Nội",42269635
Chủ rất cần bán Nhà Phú Xá Tây Hồ 40m2 6 tầng hơn 8 tỷ cách 10m ra đường lớn Ngõ thông dân xây đẹp,"8,9 tỷ",40 m²,6,5,"Tây Hồ, Hà Nội","Đường Phú Thượng, Phường Phú Thượng, Tây Hồ, Hà Nội",42472994
"Bán chung cư 173 Xuân Thủy, Cầu Giấy căn góc tầng cao 103,5m2 3PN view thoáng đẹp","7,04 tỷ","103,5 m²",3,2,"Cầu Giấy, Hà Nội","Tổ hợp 173 Xuân Thủy, Xuân Thủy, Dịch Vọng Hậu, Cầu Giấy, Hà Nội",42514674
BÁN NHÀ XUÂN ĐỈNH TÂY HỒ NGÕ OTO THÔNG THOÁNG NHÀ MỚI ĐẸP FULL NỘI THẤT VỊ TRÍ ĐỈNH CỦA CHÓP,"10,6 tỷ",45 m²,4,4,"Tây Hồ, Hà Nội","Đường Xuân Đỉnh, Phường Xuân La, Tây Hồ, Hà Nội",42579828
"Cần bán 5 lô đất DV Tây Tựu đường Tây Thăng Long. DT 60m2, 80m2",Giá thỏa thuận,80 m²,N/A,N/A,"Bắc Từ Liêm, Hà Nội","Đường Tây Thăng Long, Phường Tây Tựu, Bắc Từ Liêm, Hà Nội",42314436
"Khách sạn 4* hàng hiếm trong khu phố An Thượng gần sát biển Mỹ Khê: 300m2, 15mx20m 18 tầng 78 phòng",175 tỷ,300 m²,78,78,"Ngũ Hành Sơn, Đà Nẵng","Đường Võ Nguyên Giáp, Phường Mỹ An, Ngũ Hành Sơn, Đà Nẵng",41974481
"Bán lô đất đường 5.5m Nguyễn Xuân Khoát, đối lưng với Phạm Văn Đồng gần biển","9,5 tỷ",100 m²,N/A,N/A,"Sơn Trà, Đà Nẵng","Đường Nguyễn Xuân Khoát, Phường An Hải Bắc, Sơn Trà, Đà Nẵng",32491943
Bán gấp lô đất còn sót lại mặt phố Văn Quán Dt: 65m2 Mt: 4m vỉa hè kinh doanh không lỗi giá đầu tư,Giá thỏa thuận,65 m²,N/A,N/A,"Hà Đông, Hà Nội","Văn Quán, Hà Đông, Hà Nội",42512465
"Đất phân lô, mặt công viên Ngọc Thụy, đường rộng hơn phố, hiếm có 75m2, 2x tỷ",20 tỷ,75 m²,N/A,N/A,"Long Biên, Hà Nội","Đường Ngọc Thụy, Phường Ngọc Thụy, Long Biên, Hà Nội",42474103
Bán căn hộ tập thể ban tổ chức Trung Ương 195 Đội Cấn căn góc 110m2 3 thoáng nhà đẹp 4PN full đồ,"5,55 tỷ",110 m²,4,2,"Ba Đình, Hà Nội","195, Đường Đội Cấn, Phường Đội Cấn, Ba Đình, Hà Nội",42434048
"Phân lô Chùa Láng - ô tô tránh - vừa ở và kinh doanh, thang máy. DT 45m2, 6 tầng, giá 15 tỷ",15 tỷ,45 m²,4,6,"Đống Đa, Hà Nội","Phố Chùa Láng, Phường Láng Thượng, Đống Đa, Hà Nội",42550705
"Cần tiền bán nhanh căn hộ Happy Valley, cam kết giá rẻ nhất thị trường.LH: 0917 300 *** Em Hằng","7,7 tỷ",100 m²,3,2,"Quận 7, Hồ Chí Minh","Happy Valley, Nguyễn Văn Linh, Tân Phong, Quận 7, Hồ Chí Minh",42564104
Bán lô đất MT Phạm Vấn DT 100m2. Ngang 5m. Đường 7m5,"7,3 tỷ",100 m²,N/A,N/A,"Sơn Trà, Đà Nẵng","Đường Phạm Vấn, Phường Phước Mỹ, Sơn Trà, Đà Nẵng",32221447
"Cần tiền bán nhanh căn hộ Green Valley, PMH, Q7 nhà đẹp, vào ở ngay. LH: 0917 300 ***","6,6 tỷ",88 m²,2,2,"Quận 7, Hồ Chí Minh","Dự án Green Valley, Đường Tôn Dật Tiên, Phường Tân Phú, Quận 7, Hồ Chí Minh",42547047
Hàng hiếm mua ngay khách sạn 2 mặt tiền đường Phan Liêm - 130m2 ngang khủng 8m - 11 tầng 23 phòng,42 tỷ,130 m²,23,23,"Ngũ Hành Sơn, Đà Nẵng","Đường Phan Liêm, Phường Mỹ An, Ngũ Hành Sơn, Đà Nẵng",40488450
Nhà tại phố Lệ Mật - Việt Hưng - 44m2 x 6 tầng thang máy - lô góc 2 mặt ngõ - ô tô vào nhà,"8,8 tỷ",44 m²,4,4,"Long Biên, Hà Nội","Phố Lệ Mật, Phường Việt Hưng, Long Biên, Hà Nội",42413718
Cắt lỗ 800 triệu căn hộ góc 2 phòng ngủ cộng 1 phòng plus origami có nội thất giá chỉ 3tỷ2,"3,2 tỷ",70 m²,3,2,"Quận 9, Hồ Chí Minh","Dự án The Origami, Đường Phước Thiện, Phường Long Bình, Quận 9, Hồ Chí Minh",41876060
"Nhà đường 27 khu Tên Lửa - Bình Tân, cạnh nhà có 2 công viên lớn - diện tích: 4mx20m xây 3,5 lầu","9,6 tỷ",80 m²,4,5,"Bình Tân, Hồ Chí Minh","Đường 27, Phường Bình Trị Đông B, Bình Tân, Hồ Chí Minh",42445493
"Bán nhà 65 Mậu Thân , TP Phan Thiết, sát siêu thị Coop Mart 88m2 = 5,8 tỷ . Cách Biển 1km","5,8 tỷ",88 m²,1,1,"Phan Thiết, Bình Thuận","65 Đường Mậu Thân, Phường Bình Hưng, Phan Thiết, Bình Thuận",42577164
Bán nhà mặt phố tại đường Tô Ngọc Vân - Tây Hồ,110 tỷ,165 m²,N/A,N/A,"Tây Hồ, Hà Nội","Đường Tô Ngọc Vân, Phường Quảng An, Tây Hồ, Hà Nội",42579840
Nhà bán 1 lầu ngay chợ 640tr bao sang tên,640 triệu,20 m²,2,1,"Quận 12, Hồ Chí Minh","Đường Tô Ngọc Vân, Phường Thạnh Xuân, Quận 12, Hồ Chí Minh",37129477
"Cắt lỗ căn 1PN + 1 phân khu The Beverly Solari giá chỉ 2,350tỷ hỗ trợ vay ngân hàng 60% - 70%","2,35 tỷ","43,09 m²",1,1,"Quận 9, Hồ Chí Minh","Dự án The Beverly Solari - Vinhomes Grand Park, Phường Long Bình, Quận 9, Hồ Chí Minh",41777629
"Chính chủ cần bán đất thổ cư 926m2 (25x40) đường DT793, SHR","3,25 tỷ",926 m²,N/A,N/A,"Tây Ninh, Tây Ninh","Đường ĐT 793, Xã Tân Bình, Tây Ninh, Tây Ninh",42579773
"Bán nhanh lô đất mặt phố Văn Quán Dt: 45m2 nhà 2 mặt tiền vỉa hè kinh doanh cực hiếm giá 11,x tỷ",Giá thỏa thuận,45 m²,N/A,N/A,"Hà Đông, Hà Nội","Đường Văn Quán, Phường Văn Quán, Hà Đông, Hà Nội",42506564
"Giảm sốc 4.5 tỷ nhà mặt tiền Huỳnh Tấn Phát, Nhà Bè, nhà cấp 4 DT: 300m2 = 12 x 24m giá: 18.5 tỷ TL","18,5 tỷ",300 m²,2,N/A,"Nhà Bè, Hồ Chí Minh","Đường Huỳnh Tấn Phát, Xã Phú Xuân, Nhà Bè, Hồ Chí Minh",42366683
Bán gấp giá rẻ đất tại Bình Chánh 875m2 CLN giá 1.3ti,"1,3 tỷ",875 m²,N/A,N/A,"Bình Chánh, Hồ Chí Minh","Xã Tân Nhựt, Bình Chánh, Hồ Chí Minh",42579839
"BÁN CĂN GÓC ĐƠN LẬP 365M HỒ ĐIỀU HÒA, DỰ ÁN LIDECO BẮC 32, HOÀI ĐỨC, HÀ NỘI",55 tỷ,365 m²,N/A,N/A,"Hoài Đức, Hà Nội","Lideco, Đường Quốc lộ 32, Thị trấn Trạm Trôi, Hoài Đức, Hà Nội",42579838
"Căn nhà đường 30 khu Tên Lửa, vị trí trung tâm gần Coopmart, cạnh 2 công viên lớn","10,5 tỷ",98 m²,4,5,"Bình Tân, Hồ Chí Minh","Đường 30, Phường Bình Trị Đông B, Bình Tân, Hồ Chí Minh",42123239
"Suất nội bộ CĐT căn 3PN The Origami giá chỉ 4,2 tỷ view cầu vòng cực đẹp thanh toán trong 3 tháng","4,2 tỷ","81,5 m²",3,2,"Quận 9, Hồ Chí Minh","Dự án The Origami, Đường Phước Thiện, Phường Long Bình, Quận 9, Hồ Chí Minh",42239303
"Bán gấp nhà Tám Danh, Quận 8, 48m2, giá 4.5 tỷ, sổ đẹp, mặt tiền 3m","4,5 tỷ",48 m²,2,2,"Quận 8, Hồ Chí Minh","Đường Tám Danh, Phường 4, Quận 8, Hồ Chí Minh",41334214
Đất mặt tiền TX21 bán lỗ trả nợ ngân hàng,8 tỷ,200 m²,N/A,N/A,"Quận 12, Hồ Chí Minh","Đường Thạnh Xuân 21, Phường Thạnh Xuân, Quận 12, Hồ Chí Minh",38110628
Độc quyền nhà phố Mega Village 5x17m view hồ bơi. Nội thất đang cho thuê. Gọi ngay 0982 667 ***,"8,69 tỷ",85 m²,4,3,"Quận 9, Hồ Chí Minh","Dự án Mega Village, Đường Vành Đai 2, Phường Phú Hữu, Quận 9, Hồ Chí Minh",33516066
"Bán giá rẻ lô đất ven sông DT 2694 m2 gần Hương Lộ 2, An Hòa, Biên Hòa","9,5 tỷ",2.694 m²,N/A,N/A,"Biên Hòa, Đồng Nai","Đường Hương lộ 2, Phường An Hòa, Biên Hòa, Đồng Nai",41687547
"Chú Tám cần bán ngay nhà Nguyễn Xí BT chỉ 2,8Tỷ/60m2 SHR, 4PN, HĐT: 18tr/Tháng LH E ngay","2,8 tỷ",60 m²,4,3,"Bình Thạnh, Hồ Chí Minh","Đường Nguyễn Xí, Phường 26, Bình Thạnh, Hồ Chí Minh",41902969
"Biệt Thự Đang làm nhà trẻ , phù hợp ở hoặc cải tạo văn phòng , p. Hiệp Bình Chánh, Thủ Đức","25,5 tỷ",173 m²,5,5,"Thủ Đức, Hồ Chí Minh","Đường Số 25, Phường Hiệp Bình Chánh, Thủ Đức, Hồ Chí Minh",42578439
"Bán Đất Nguyễn Đóa Đường 7m5 Săn Sổ Hồng 3,59 tỷ, 100m2","3,59 tỷ",100 m²,N/A,N/A,"Cẩm Lệ, Đà Nẵng","Đường Nguyễn Đóa, Phường Hòa Xuân, Cẩm Lệ, Đà Nẵng",42579837
"Tin thật: BÁN GẤP LÔ ĐẤT 100M2 KHU PHÂN LÔ YÊN SỞ, XÂY Ở HAY LÀM VĂN PHÒNG SIÊU ĐẸP, GIÁ K ĐÂU RẺ =",18 tỷ,100 m²,N/A,N/A,"Hoàng Mai, Hà Nội","Yên Sở, Hoàng Mai, Hà Nội",42579867
Chính chủ bán liền kề 120m2 Nadyne full nội thất giá nhỉnh 30 tỷ. LH: 0931 686 ***,31 tỷ,120 m²,5,4,"Hà Đông, Hà Nội","Dự án ParkCity Hà Nội, Đường Lê Trọng Tấn, Phường La Khê, Hà Đông, Hà Nội",35520883
"Cực hiếm! Bán khuôn đất góc 2MT gần sông, đối diện công viên, Q2, DT: 8x20m, chỉ 185 triệu/m2","28,6 tỷ",155 m²,N/A,N/A,"Quận 2, Hồ Chí Minh","Phường Thạnh Mỹ Lợi, Quận 2, Hồ Chí Minh",42458315
"DUY NHẤT LÔ ĐẤT 62M2 VIEW SÔNG, CỰC HIẾM, CỰC THOÁNG TẠI CỔ ĐÔNG. GIÁ HƠN 1.5 TỶ. CẮT LỖ CỰC SÂU","1,54 tỷ","61,8 m²",N/A,N/A,"Sơn Tây, Hà Nội","Cổ Đông, Sơn Tây, Hà Nội",42571535
"Quá Hiếm! Bán gấp Mặt phố 19/5 Văn Quán, 45m2 x 5T KD cực đỉnh, chỉ 14,6 tỷ, 2 Thoáng, Gần Hồ","14,2 tỷ",47 m²,6,6,"Hà Đông, Hà Nội","Đường 19/5, Phường Văn Quán, Hà Đông, Hà Nội",40314703
"Bán nhà liền kề Ecopark, Thuỷ Nguyên, Hưng Yên. 87m2, thang máy full nội thất nhập khẩu, 18 tỷ.",18 tỷ,87 m²,N/A,N/A,"Văn Giang, Hưng Yên","Dự án Aqua Bay Sky Residences, Xã Xuân Quan, Văn Giang, Hưng Yên",42028728
Bán nhà Xuân La thang máy 38m x 6 tầng - nội thất nhập khẩu - sân để xe thoáng rộng,"8,55 tỷ",38 m²,4,4,"Tây Hồ, Hà Nội","Phường Xuân La, Tây Hồ, Hà Nội",42528686
"Quỹ căn liền kề, biệt thự phân khu VIP - chiết khấu lên tới 16%",Giá thỏa thuận,60 m²,N/A,N/A,"Phủ Lý, Hà Nam","Dự án Sun Urban City, Phường Lam Hạ, Phủ Lý, Hà Nam",42357227
"HOT! BÁN CĂN SIÊU PHẨM GIÁ CỰC TỐT CHỈ 3TỶ250 (TL)/51.7m2 - NGAY NGUYỄN CÔNG HOAN, P7, PHÚ NHUẬN","3,25 tỷ",52 m²,4,3,"Phú Nhuận, Hồ Chí Minh","Nguyễn Công Hoan, Phường 7, Phú Nhuận",42579865
"Giảm 300 triệu bán gấp nhà 2 mặt tiền đường Sương Nguyệt Ánh, 4x17, hoàn thiện mới 100% có nội thât","1,89 tỷ",100 m²,2,2,"Rạch Giá, Kiên Giang","Đường Sương Nguyệt Ánh, Phường Vĩnh Lạc, Rạch Giá, Kiên Giang",42043497
"BT liền kề Thủy Nguyên Ecopark, tiện ích bạt ngàn, trường quốc tế hồ công viên 100m2, giá 22 tỷ",22 tỷ,100 m²,N/A,N/A,"Văn Giang, Hưng Yên","Dự án Aqua Bay Sky Residences, Xã Xuân Quan, Văn Giang, Hưng Yên",42569094
"Chính chủ bán nhà phố Trung Kính, Cầu Giấy","8,2 tỷ",45 m²,9,9,"Cầu Giấy, Hà Nội","Ngõ 43, Phố Trung Kính, Phường Trung Hòa, Cầu Giấy, Hà Nội",39408228
"HÀNG HIẾM. SIÊU PHẨM MẶT ĐƯỜNG TỈNH LỘ 420 TẠI HOÀ LẠC, 100M2 MẶT TIỀN 5M, FULL THỔ. GIÁ CỰC RẺ",Giá thỏa thuận,100 m²,N/A,N/A,"Thạch Thất, Hà Nội","Đường 420, Xã Bình Yên, Thạch Thất, Hà Nội",42571653
Hạ Giá Cần Bán Gấp Nhà Mặt Tiền Đường Lũy Bán Bích Q.TP DT 18x30m trệt 3 lầu HĐT 220tr giá 60 tỷ,60 tỷ,540 m²,20,20,"Tân Phú, Hồ Chí Minh","Đường Lũy Bán Bích, Phường Tân Thành, Tân Phú, Hồ Chí Minh",42577913
"Bán nhà tiện CHDV 12x23m (240m2) hẻm 8m Xô Viết Nghệ Tĩnh, GPXD hầm trệt 5L sân thượng, giá 20.9 tỷ","20,9 tỷ",240 m²,3,4,"Bình Thạnh, Hồ Chí Minh","Đường Xô Viết Nghệ Tĩnh, Phường 25, Bình Thạnh, Hồ Chí Minh",37205845
"Bán căn hộ 2PN 2WC chung cư Swanlake The Onsen Ecopark. 72m2 view hồ sân golf tòa R2 giá 5,1 tỷ","5,1 tỷ",72 m²,2,2,"Văn Giang, Hưng Yên","Dự án Swan Lake Onsen, Xã Xuân Quan, Văn Giang, Hưng Yên",42547605
"Bán nhà 7tầng,phố Trạm,60m,thang máy,gara 2 ô tô,kinh doanh đa dạng,nội thất sang sịn,16xty","16,8 tỷ",60 m²,4,7,"Long Biên, Hà Nội","Đường Phố Trạm, Phường Long Biên, Long Biên, Hà Nội",42433088
"Bán nhà Trần Thái Tông, Nhà mới - Full nội thất, 5T - Hiện Đại, Giá: 6 tỷ",6 tỷ,30 m²,3,4,"Cầu Giấy, Hà Nội","Đường Trần Thái Tông, Phường Dịch Vọng Hậu, Cầu Giấy, Hà Nội",42579783
"Bán nhà rẻ nhất KV Yên Nghĩa, chỉ 3.25 tỷ sở hữu căn 4 tầng, 32m2 ngõ thông ô tô đỗ cửa. 0966 929 ***","3,25 tỷ",32 m²,4,4,"Hà Đông, Hà Nội","Phường Yên Nghĩa, Hà Đông, Hà Nội",42558967
"Tôi bán gấp: Căn 4T, DT: 109M2, MT:7M.Đ/C: KĐT Đặng Xá, Gia Lâm, HN. Cho thuê dòng tiền ổn định .",14 tỷ,109 m²,5,5,"Gia Lâm, Hà Nội","Dự án Lan Viên Villa, Đường Nguyễn Đức Thuận, Xã Đặng Xá, Gia Lâm, Hà Nội",36785196
"BÁN NHÀ 42M 4 TẦNG LÔ GÓC 5 NGỦ 5,x tỷ PHÚC LỢI LONG BIÊN","5,5 tỷ",42 m²,5,4,"Long Biên, Hà Nội","Đường Phúc Lợi, Phường Phúc Lợi, Long Biên, Hà Nội",42579885
Chuyên BĐS mua bán chung cư FPT Plaza 3 - Hỗ trợ tìm căn theo nhu cầu khách giá đầu tư,"1,95 tỷ",56 m²,2,2,"Ngũ Hành Sơn, Đà Nẵng","Dự án FPT Plaza 3, Đường Hoàng Minh Thắng, Phường Hòa Hải, Ngũ Hành Sơn, Đà Nẵng",42492234
"DA Century, cần bán lỗ ngh cặp đường lớn 22m thông DA vị trí cực đẹp, giá rẻ nhất DA. Ib e tư vấn ạ","1,65 tỷ",100 m²,N/A,N/A,"Long Thành, Đồng Nai","Dự án Century City, Đường ĐT 769, Xã Bình Sơn, Long Thành, Đồng Nai",42564237
"Gần phố Vũ Trọng Khánh, Mỗ Lao, Hà Đông CC gửi bán nhà diện tích 51m 4 tầng mặt ngõ, ô tô, hơn 7 tỷ",Giá thỏa thuận,51 m²,4,3,"Hà Đông, Hà Nội","Đường Vũ Trọng Khánh, Phường Mỗ Lao, Hà Đông, Hà Nội",42562902
"Liền kề 54m2 khu Vịnh Thiên Đường VHOP3, giá 8,6 tỷ - CK lên tới 20%, vay 70% miễn gốc lãi 30 tháng","8,6 tỷ",54 m²,N/A,N/A,"Văn Giang, Hưng Yên","The Crown - Vinhomes Ocean Park 3, Nghĩa Trụ, Văn Giang, Hưng Yên",42577250
"BÁN NHÀ LÊ VĂN HIẾN. 50M2, 2 TẦNG, LÔ GÓC, KINH DOANH. GIÁ 8.5 TỶ","8,5 tỷ",50 m²,4,4,"Bắc Từ Liêm, Hà Nội","Đường Lê Văn Hiến, Phường Đức Thắng, Bắc Từ Liêm, Hà Nội",42578620
"Chính chủ gửi bán nhà phố Tô Hiệu, Hà Đông DT 42m2, 4 tầng, ô tô đỗ cửa, chỉ nhỉnh 8 tỷ",Giá thỏa thuận,42 m²,4,3,"Hà Đông, Hà Nội","Đường Tô Hiệu, Phường Hà Cầu, Hà Đông, Hà Nội",42462462
Bán gấp căn hộ cao cấp Masteri Grand View 4PN View Kênh Đào Nhạc Nước Giá Đợt 1 Giỏ hàng hoa hậu,"18,63 tỷ","138,4 m²",N/A,N/A,"Quận 2, Hồ Chí Minh","Masteri Grand View, Liên Phường, An Phú, Quận 2, Hồ Chí Minh",42577609
"DA Century City, KH mua đất sang tên sổ đỏ cầm chắc trong tay. ĐT 0931 100 *** e tư vấn kỹ ạ","1,45 tỷ",100 m²,N/A,N/A,"Long Thành, Đồng Nai","Dự án Century City, Đường ĐT 769, Xã Bình Sơn, Long Thành, Đồng Nai",42564294
Cần bán gấp nhà phố Trịnh Đình Cửu 39m 4 tang 4.5mt 5.9 tỷ Hoàng Mai.,"5,9 tỷ",39 m²,4,4,"Hoàng Mai, Hà Nội","Phường Định Công, Hoàng Mai, Hà Nội",42579798
Căn Hộ Cao Cấp Masteri Grand View Quận 2 Mặt Tiền Liên Phường 3PN 2WC Góc 2 Mặt Tiền View Đẹp,"11,18 tỷ","113,5 m²",3,2,"Quận 2, Hồ Chí Minh","Masteri Grand View, Liên Phường, An Phú, Quận 2, Hồ Chí Minh",42577773
"Bán nhà khu giãn dân Mỗ Lao, Hà Đông, diện tích 45m2, 4 tầng, hơn 7 tỷ, cách ô tô tránh 20m",Giá thỏa thuận,45 m²,3,3,"Hà Đông, Hà Nội","Đường Vũ Trọng Khánh, Phường Mỗ Lao, Hà Đông, Hà Nội",42562181
"Bán nhà 3 tầng mặt tiền kinh doanh đường 2/4, P vĩnh Phước. Thuận tiện vừa kinh doanh buôn bán","7,8 tỷ","58,5 m²",3,3,"Nha Trang, Khánh Hòa","Đường 2/4, Phường Vĩnh Phước, Nha Trang, Khánh Hòa",42475086
"Bán nhà 4 tầng vị trí kim cương Đường Thanh Bình, Mỗ Lao - Hà Đông","12,5 tỷ",32 m²,3,4,"Hà Đông, Hà Nội","Đường Thanh Bình, Phường Mỗ Lao, Hà Đông, Hà Nội",42509478
"KĐG Ngô Thì Nhậm, Hà Đông 46m 5 tầng thang máy, Ô tô vào nhà Giá hơn 11 tỷ","11,29 tỷ",46 m²,6,4,"Hà Đông, Hà Nội","Đường Ngô Thì Nhậm, Phường Hà Cầu, Hà Đông, Hà Nội",42235690
"Bán Đất 41.433m2, có 1200m2 thổ cư, hẽm ô tô đường Tỉnh Lộ 765B, Sông Ray, Cẩm Mỹ, Đồng Nai","14,5 tỷ",41.433 m²,N/A,N/A,"Cẩm Mỹ, Đồng Nai","Đường Tỉnh lộ 765B, Xã Sông Ray, Cẩm Mỹ, Đồng Nai",42577479
"Chính chủ cần bán nhà phố Ngô Thì Nhậm, Hà Đông, DT 45m2, 4 tầng, ô tô, nhỉnh 8 tỷ",8 tỷ,45 m²,4,3,"Hà Đông, Hà Nội","Đường Ngô Thì Nhậm, Phường Hà Cầu, Hà Đông, Hà Nội",41385231
"Bán nhà MT Trần Quang Khải (4,6mx34m, 130m2), C4 giá 41 tỷ TL",41 tỷ,130 m²,1,1,"Quận 1, Hồ Chí Minh","Đường Trần Quang Khải, Phường Tân Định, Quận 1, Hồ Chí Minh",41759241
"Mặt phố chính Văn Phú, 79m2x5T nhỉnh 21 Tỷ, Hàng xóm La Casta, View CV, KD 24/7, Xe tải tránh",Giá thỏa thuận,79 m²,5,5,"Hà Đông, Hà Nội","Dự án KĐT Văn Phú, Phường Phú La, Hà Đông, Hà Nội",40876825
+ Bán nhà 6.2m2-3 tầng-CMT8 P13Q10--1.25 tỷ,"1,25 tỷ",6 m²,2,1,"Quận 10, Hồ Chí Minh","Đường Cách Mạng Tháng Tám, Phường 13, Quận 10, Hồ Chí Minh",42540600
Biệt thự Ecolaskes thô hai mặt tiền giảm sâu diện tích: 250m2 - ngang: 10m - sâu 25m,"4,4 tỷ",250 m²,4,4,"Bến Cát, Bình Dương","Dự án Ecolakes Mỹ Phước, Đường NE2, Phường Thới Hòa, Bến Cát, Bình Dương",42375569
"Bán shophouse Waterpoint giá tốt đối diện cụm căn hộ, trường học","5,3 tỷ",102 m²,6,4,"Bến Lức, Long An","Dự án Waterpoint, Đường Tỉnh lộ 824, Xã An Thạnh, Bến Lức, Long An",41673016
"ĐẸP LUNG LINH Căn đầu hồi chỉ 2,8 tỷ tại Kim Văn Kim Lũ- 53,5m2- 2N2VS- sổ đỏ- full nội thất","2,8 tỷ","53,5 m²",2,2,"Hoàng Mai, Hà Nội","Kim Văn Kim Lũ, Đường Nghiêm Xuân Yêm, Phường Đại Kim, Hoàng Mai, Hà Nội",42579173
Duy nhất căn hộ Đạt Gia 2PN 61m full nội thất luôn đồ điện bán giá tốt 1.7 tỷ - cho thuê được 8tr,"1,7 tỷ",61 m²,2,2,"Thủ Đức, Hồ Chí Minh","Dự án Đạt Gia Residence, Đường Cây Keo, Phường Tam Phú, Thủ Đức, Hồ Chí Minh",41409031
"Chính chủ, Bán gấp CH cao cấp Antonia, Phú Mỹ Hưng 2PN nhà mới 100%","7,3 tỷ",80 m²,2,2,"Quận 7, Hồ Chí Minh","Dự án The Antonia, Đường Nguyễn Lương Bằng, Phường Tân Phú, Quận 7, Hồ Chí Minh",42378345
"Bán nhà mặt phố tại đường Vườn Lài, Tân Thành, Tân Phú, 7.9x19m 132,3m2 đúc 3 tấm chỉ 26.5 tỷ TL","26,5 tỷ","132,3 m²",4,3,"Tân Phú, Hồ Chí Minh","Đường Vườn Lài, Phường Tân Thành, Tân Phú, Hồ Chí Minh",42333044
"Bán căn biệt thự Valy Of Dream, Ecolakes Mỹ Phước, full nội thất, giá 5 tỷ 2, giá giảm sâu","5,2 tỷ",300 m²,4,4,"Bến Cát, Bình Dương","Ecolakes Mỹ Phước, NE2, Thới Hòa, Bến Cát, Bình Dương",42356387
"Chỉ từ 500tr sở hữu ngay đất sổ đỏ Phùng Xá, Mỹ Đức. NH cho vay 70% LS 0% 6tháng, ân hạn gốc 2 năm",Giá thỏa thuận,"80,6 m²",N/A,N/A,"Mỹ Đức, Hà Nội","Đường Quốc lộ 21B, Xã Phùng Xá, Mỹ Đức, Hà Nội",41719414
"Bán lúa non, chung cư xã hội Định Hòa, lầu 4 sổ hồng 300 triệu (100% tiền) Sài Gòn mua được",300 triệu,38 m²,2,1,"Thủ Dầu Một, Bình Dương","Dự án Becamex Định Hòa, Phường Định Hòa, Thủ Dầu Một, Bình Dương",42276737
"Bán Nhà riêng tại Lê Thúc Hoạch, 5,7 tỷ, 44m2, 2PN, 2WC giá Còn Thương Lượng","5,7 tỷ",44 m²,2,2,"Tân Phú, Hồ Chí Minh","Đường Lê Thúc Hoạch, Phường Phú Thọ Hòa, Tân Phú, Hồ Chí Minh",42497179
"Giảm 10 Tỷ từ 68 tỷ còn 59,8 tỷ Bán xưởng APD 27 đường xe Contener","59,8 tỷ",1.700 m²,N/A,N/A,"Quận 12, Hồ Chí Minh","Đường An Phú Đông 27, Phường An Phú Đông, Quận 12, Hồ Chí Minh",42317200
Chủ gửi bán căn hộ Đạt Gia 1pn 1wc 47m giá 1.4 tỷ - Ngân hàng duyệt vay 820tr,"1,4 tỷ",47 m²,1,1,"Thủ Đức, Hồ Chí Minh","Dự án Đạt Gia Residence, Đường Cây Keo, Phường Tam Phú, Thủ Đức, Hồ Chí Minh",40835887
"Bán đất TĐC Ngọc Thụy, Long Biên, mặt đường chính, vỉa hè, ô tô tránh, 70m2, nhỉnh 21 tỷ","21,5 tỷ",70 m²,N/A,N/A,"Long Biên, Hà Nội","Đường Ngọc Thụy, Phường Ngọc Thụy, Long Biên, Hà Nội",42579112
"Cực đẹp bán nhà đường nhựa 12m kinh doanh hẻm VIP Gò Dầu 4x17m, trệt 2 lầu, giá chỉ 11.5 tỷ","11,5 tỷ",68 m²,4,N/A,"Tân Phú, Hồ Chí Minh","Đường Gò Dầu, Phường Tân Quý, Tân Phú, Hồ Chí Minh",42416823
"Bán đất đấu giá Hà Lỗ, 6m mặt tiền, 90m2 chính chủ giá siêu hời","8,19 tỷ",90 m²,N/A,N/A,"Đông Anh, Hà Nội","Liên Hà, Đông Anh, Hà Nội",42577355
"Chuyển nơi ở cần bán nhà NGUYỄN VĂN NGHI, PHƯỜNG 7, GÒ VẤP, Giá 3 tỷ 450, Diện tích 55m2","3,45 tỷ",55 m²,4,5,"Gò Vấp, Hồ Chí Minh","Đường Nguyễn Văn Nghi, Phường 7, Gò Vấp, Hồ Chí Minh",42579892
Mặt tiền Thống Nhất- Đại Lô Đông Tây gần 600m2 đối diện cụm chung cư đang cho thuê hđ 50tr/tháng,"46,8 tỷ",588 m²,3,5,"Dĩ An, Bình Dương","Đường Thống Nhất, Phường Bình An, Dĩ An, Bình Dương",42579429
"Bán biệt thự đơn lập Vườn Tùng Ecopark Hưng Yên. 362m view công viên, Đông Nam giá 60 tỷ bao phí",60 tỷ,362 m²,N/A,N/A,"Văn Giang, Hưng Yên","Dự án Ecopark, Đường Trúc, Xã Xuân Quan, Văn Giang, Hưng Yên",42459729
"Nhà 3 tầng sổ sẵn, dưới 3 tỷ tại Sun Casa Central","2,9 tỷ",100 m²,N/A,N/A,"Tân Uyên, Bình Dương","Sun Casa Central, Xã Vĩnh Tân, Tân Uyên, Bình Dương",42579891
"Nhà bán HXH 10m, có vỉa hè đường D2 - Nguyễn Gia Trí. DT: 12mx 25m, CN: 297m2. Giá: 54 tỷ TL",54 tỷ,297 m²,5,5,"Bình Thạnh, Hồ Chí Minh","Đường Nguyễn Gia Trí, Phường 25, Bình Thạnh, Hồ Chí Minh",40432247
"Cần bán lô đất LK1 - 14 tại khu đấu giá Văn Khê, Mê Linh, Hà Nội, diện tích 92,5m2, mặt tiền 5m",Giá thỏa thuận,"92,5 m²",N/A,N/A,"Mê Linh, Hà Nội","Xã Văn Khê, Mê Linh, Hà Nội",41955554
"Bán 1.8ha thổ cư mặt tiền biển Huỳnh Thúc Kháng, Hàm Tiến khu phố Tây giá tốt nhất thị trường",180 tỷ,18.000 m²,N/A,N/A,"Phan Thiết, Bình Thuận","Đường Huỳnh Thúc Kháng, Phường Hàm Tiến, Phan Thiết, Bình Thuận",41922554
"Bán nhà 1/ đường TKTQ, hẻm kinh doanh 12m thông, 4 tầng, 4.3m x 15m","7,3 tỷ",65 m²,4,5,"Bình Tân, Hồ Chí Minh","Đường Tân Kỳ Tân Quý, Phường Bình Hưng Hòa, Bình Tân, Hồ Chí Minh",42576693
Biệt thự đơn lập góc view sông DT đất 200m2 full nội thất. Sổ hồng riêng giá 21 tỷ ạ,21 tỷ,200 m²,3,3,"Quận 9, Hồ Chí Minh","Dự án Kikyo Residence, Đường Song Hành, Phường Phước Long B, Quận 9, Hồ Chí Minh",40730948
Nhà 855 Hương Lộ 2 Bình Tân 4.5x15m 4 tầng full nội thất,5 tỷ,"67,5 m²",4,5,"Bình Tân, Hồ Chí Minh","Đường Hương lộ 2, Phường Bình Trị Đông A, Bình Tân, Hồ Chí Minh",41926597
"Chú Long định cư bán nhà hẻm 5,5m. Giá 3,25 tỷ. Duy Tân, Phường 15, Phú Nhuận. 0765 369 ***. SHR",Giá thỏa thuận,"60,2 m²",4,4,"Phú Nhuận, Hồ Chí Minh","Đường Duy Tân, Phường 15, Phú Nhuận, Hồ Chí Minh",41889722
Nhà 4 tầng dân xây phân lô Lê Hồng Phong gần UBND quận Hải An - 65m2 - Tây Tứ Trạch,"7,1 tỷ",65 m²,4,4,"Hải An, Hải Phòng","Đường Trần Hoàn, Phường Đằng Hải, Hải An, Hải Phòng",42193818
"Đất Thanh Lâm, Mê Linh, Hà Nội; DT 81,6m2; MT 3,90m=hậu; đường to thông thoáng đất kinh doanh đẹp","3,5 tỷ","81,6 m²",N/A,N/A,"Mê Linh, Hà Nội","Phú Hữu, Xã Thanh Lâm, Mê Linh, Hà Nội",42482209
Bán biệt thự góc 2 mặt tiền Verosa park - Q9. DT 196m2. DT sàn 330m2. Sổ hồng sẵn. Giá 23 tỷ,23 tỷ,196 m²,5,5,"Quận 9, Hồ Chí Minh","Dự án Verosa Park, Đường Liên Phường, Phường Phú Hữu, Quận 9, Hồ Chí Minh",39624630
"Bán căn 80m2 liền kề Belhomes - Trục đường thông. Đón sóng cầu Nguyễn Trãi. Giá: 4,8 tỷ","4,8 tỷ",80 m²,4,3,"Thủy Nguyên, Hải Phòng","Dự án Belhomes Hải Phòng, Xã An Lư, Thủy Nguyên, Hải Phòng",37634574
"Bán nhà riêng tại đường Võ Chí Công dt: 380m2, giá: 120 tỷ. Tây Hồ",120 tỷ,380 m²,N/A,N/A,"Tây Hồ, Hà Nội","Đường Võ Chí Công, Phường Xuân La, Tây Hồ, Hà Nội",42579908
"Đất Tiền Phong, Mê Linh, Hà Nội đẹp như viên gạch. Diện tích 72,5m2 mặt tiền 4,30m, đường rộng 4m",4 tỷ,"72,5 m²",N/A,N/A,"Mê Linh, Hà Nội","Xã Tiền Phong, Mê Linh, Hà Nội",42557736
"Chính chủ bán căn Shophouse 5 tầng Phúc Đồng, Long Biên giá đầu tư LH: 0922 969 ***",Giá thỏa thuận,"142,4 m²",N/A,N/A,"Long Biên, Hà Nội","Dự án The Diamond Point, Đường Nguyễn Lam, Phường Phúc Đồng, Long Biên, Hà Nội",41322962
Bán Gấp Toà Building Lô Góc Mặt Phố Nguyễn Thanh Bình - Vạn Phúc - 120M - 8 Tầng - Mặt Tiền 12M !,"44,5 tỷ",120 m²,6,7,"Hà Đông, Hà Nội","Phố Vạn Phúc, Phường Vạn Phúc, Hà Đông, Hà Nội",42517747
"Chung cư mini Hoàng Đạo Thành - Thanh Xuân 80m2, 8T, thang máy, 26pn khép kín, ngõ thông 21,5 tỷ","21,5 tỷ",80 m²,26,26,"Thanh Xuân, Hà Nội","Đường Hoàng Đạo Thành, Phường Hạ Đình, Thanh Xuân, Hà Nội",42534517
"Bán liền kề 75m2 đô thị Centa City - Cửa ngõ Vinhomes Vũ Yên. Giá: 3,9 tỷ. Bao thuế phí","3,9 tỷ",75 m²,4,5,"Thủy Nguyên, Hải Phòng","Dự án Centa City Hải Phòng, Đường 359C, Xã Dương Quan, Thủy Nguyên, Hải Phòng",36547489
"View sông 2 mặt tiền 164m2 khu dân Vĩnh Phú, đường nhựa 6m - làm việc chính chủ","3,6 tỷ",90 m²,N/A,N/A,"Thuận An, Bình Dương","Đường Quốc Lộ 13, Phường Vĩnh Phú, Thuận An, Bình Dương",42537293
"Thông tin ko thể nào thật hơn - Căn hộ sân vườn 15,7 tỷ - tầng trệt - DT 171m2 +20m2 sân vườn","15,7 tỷ",190 m²,3,4,"Quận 2, Hồ Chí Minh","Dự án The Estella, Đường Xa Lộ Hà Nội, Phường An Phú, Quận 2, Hồ Chí Minh",36966572
"MTKD CHDV BÀU CÁT 7, 12M x 20M, DOANH THU KHỦNG, THU NÉT VỀ TAY.",70 tỷ,240 m²,40,40,"Tân Bình, Hồ Chí Minh","Đường Bàu Cát 7, Phường 14, Tân Bình, Hồ Chí Minh",42322365
Lô đất ngay trung tâm thị trấn Vĩnh Cửu 35 tỷ/6600m2,35 tỷ,6.600 m²,N/A,N/A,"Vĩnh Cửu, Đồng Nai","Đường 767, Thị trấn Vĩnh An, Vĩnh Cửu, Đồng Nai",42233017
"Hot nhiều nền 120m2 sổ hồng riêng. Đường Trần Đại Nghĩa, Tân Nhựt, Bình Chánh. Giá 1tỷ050",Giá thỏa thuận,120 m²,N/A,N/A,"Bình Chánh, Hồ Chí Minh","Đường Trần Đại Nghĩa, Xã Tân Nhựt, Bình Chánh, Hồ Chí Minh",41364973
"BÁN NHÀ NGUYỄN KHANG Ô TÔ 45M MT 5,1M XÂY 5 TẦNG FULL NỘI THẤT NHỈNH 6 TỶ.",6 tỷ,45 m²,4,4,"Cầu Giấy, Hà Nội","Phường Dịch Vọng, Cầu Giấy, Hà Nội",42575177
"Bán nhanh các lô: T, S, M diện tích 5x20m( 100m2) đường 12m tại KDC Sở Văn Hoá giá bán 63tr/m2","6,3 tỷ",100 m²,N/A,N/A,"Quận 9, Hồ Chí Minh","Khu dân cư Sở Văn Hóa Thông Tin, Đường Bưng Ông Thoàn, Phường Phú Hữu, Quận 9, Hồ Chí Minh",42579388
"Bán đất Tô Ngọc Vân Tây Hồ 103 m2 x MT 7.5 m x giá nhỉnh 40 tỷ. Xây toà cực đỉnh, vỉa hè, gần hồ",47 tỷ,103 m²,1,1,"Tây Hồ, Hà Nội","Đường Tô Ngọc Vân, Phường Quảng An, Tây Hồ, Hà Nội",41732142
Bán gấp lô nền 80m2/SHR. Ngay KDC Tân Phú Trung đường 12m. Giá chỉ 750chịu,Giá thỏa thuận,80 m²,N/A,N/A,"Củ Chi, Hồ Chí Minh","Xã Tân Phú Trung, Củ Chi, Hồ Chí Minh",42514875
Cần bán gấp shophouse 163m2 * 5 tầng trục đại lộ Tây Thăng Long rộng 60 giá đầu tư LH: 0922 969 ***,Giá thỏa thuận,148 m²,N/A,N/A,"Bắc Từ Liêm, Hà Nội","Dự án Sunshine Capital Tây Thăng Long, Đường Tây Thăng Long, Phường Tây Tựu, Bắc Từ Liêm, Hà Nội",33147100
"Bán cặp đất mặt tiền Đỗ Bí, khu phố Tây An Thượng, cách biển 100m","25,5 tỷ",162 m²,N/A,N/A,"Ngũ Hành Sơn, Đà Nẵng","Đường Đỗ Bí, Phường Mỹ An, Ngũ Hành Sơn, Đà Nẵng",42565243
"Chính chủ cần bán nhanh căn hộ Hưng Phát 1, 2PN đã có sổ","2,7 tỷ",70 m²,2,2,"Nhà Bè, Hồ Chí Minh","Dự án Hưng Phát, Đường Lê Văn Lương, Xã Phước Kiển, Nhà Bè, Hồ Chí Minh",41983689
"Bán nhà biệt thự đẹp nhiều tiện ích tại Sunshine Capital Tây Thăng Long, giá thỏa thuận, 315m2",Giá thỏa thuận,315 m²,N/A,N/A,"Bắc Từ Liêm, Hà Nội","Dự án Sunshine Capital Tây Thăng Long, Đường Tây Thăng Long, Phường Tây Tựu, Bắc Từ Liêm, Hà Nội",41665072
"BÁN ĐẤT LONG THỌ, NHƠN TRẠCH - ~13Ha - GIÁ ĐẦU TƯ!",650 tỷ,130.000 m²,N/A,N/A,"Nhơn Trạch, Đồng Nai","Long Thọ, Nhơn Trạch, Đồng Nai",42571828
"Ngộp vốn bán gấp căn Nguyễn Văn Bá, Phước Long,Quận 9 giá 3tỷ400tr sổ riêng LH 0766 372 *** xem nhà","3,4 tỷ",56 m²,3,3,"Thủ Đức, Hồ Chí Minh","Đường Nguyễn Văn Bá, Phường Phước Long A, Thủ Đức, Hồ Chí Minh",42579931
"Bán nhà mặt tiền ngang 6m5 đường Phạm Cự Lượng, phố kinh doanh","12,5 tỷ",103 m²,2,2,"Sơn Trà, Đà Nẵng","Đường Phạm Cự Lượng, Phường An Hải Nam, Sơn Trà, Đà Nẵng",42551829
"Chính chủ kẹt tiền cần bán 2PN - 78m2 Kingdom 101, giá 5.7 tỷ, đã có sổ hồng, LH 0933 752 ***","5,7 tỷ",78 m²,2,2,"Quận 10, Hồ Chí Minh","Dự án Kingdom 101, Đường Tô Hiến Thành, Phường 14, Quận 10, Hồ Chí Minh",42434587
"Cần bán lô đất khách sạn Bãi Trường 6500m2, xây 19 tầng, hotline: 0982 219 ***",Giá thỏa thuận,6.500 m²,N/A,N/A,"Phú Quốc, Kiên Giang","Dự án Sonasea Villas & Resort, Đường Bãi Trường, Xã Dương Tơ, Phú Quốc, Kiên Giang",19070610
Cần bán shophouse 96m2 * 5 tầng có hầm tại dự án Golden River vừa ở và kinh doanh LH: 0922 969 ***,Giá thỏa thuận,96 m²,N/A,N/A,"Tây Hồ, Hà Nội","Khu đô thị Nam Thăng Long - Ciputra, Lạc Long Quân, Phú Thượng, Tây Hồ, Hà Nội",41954405
Bán nhà riêng Đường Nguyễn Văn Cừ diện tích 42m2,"10,2 tỷ",42 m²,3,4,"Long Biên, Hà Nội","Đường Nguyễn Văn Cừ, Phường Bồ Đề, Long Biên, Hà Nội",42421826
"BÁN LÔ ĐẤT HAI MẶT TIỀN GẦN BIỀN MỸ KHÊ, THÍCH HỢP XÂY KHÁCH SẠN","70,7 tỷ","465,2 m²",N/A,N/A,"Sơn Trà, Đà Nẵng","Đường Lê Văn Quý, Phường An Hải Bắc, Sơn Trà, Đà Nẵng",42438147
Chính chủ định cư nước ngoài bán gấp căn nhà cực tốt|Đ.Thích Quảng Đức P5 Q.Phú Nhuận|SHR|DT 42m2,"1,95 tỷ",42 m²,3,3,"Phú Nhuận, Hồ Chí Minh","Đường Thích Quảng Đức, Phường 5, Phú Nhuận, Hồ Chí Minh",42579928
"Bán Nhà riêng 3PN, 3WC,lô góc dân xây, 40m2, giá 3,64 tỷ tại Tả Thanh Oai, Thanh Trì, Hà Nội","3,64 tỷ",40 m²,3,3,"Thanh Trì, Hà Nội","Đường Tả Thanh Oai, Xã Tả Thanh Oai, Thanh Trì, Hà Nội",42579836
NHÀ ĐẸP BỒ ĐỀ GIÁ TỐT LONG BIÊN HÀ NỘI 40m2,"7,6 tỷ",40 m²,5,4,"Long Biên, Hà Nội","Đường Bồ Đề, Phường Bồ Đề, Long Biên, Hà Nội",42579927
"Bán Đất Dịch vụ Khu B Yên Nghĩa, Hà Đông.DT 50m. Giá 9.65 tỷ","9,65 tỷ",50 m²,N/A,N/A,"Hà Đông, Hà Nội","Yên Nghĩa, Hà Đông, Hà Nội",42243355
"Chính Chủ Bán Nền E4, DT: 5 x 15m, Thắng Lợi Central Hill, Sổ Riêng, Giá 1tỷ450 Có Phí Giới Thiệu.","1,45 tỷ",75 m²,N/A,N/A,"Bến Lức, Long An","Dự án KDC Thắng Lợi Central Hill, Đường ĐT 835C, Xã Phước Lợi, Bến Lức, Long An",38279662
"Cắt lỗ 190 triệu căn hộ Akari City MT Võ Văn Kiệt, 75m2 (có sổ) giá: 3tỷ199 Vay được 70%.0906 651 ***","3,2 tỷ",75 m²,2,2,"Bình Tân, Hồ Chí Minh","Dự án Akari City Nam Long, Đường Võ Văn Kiệt, Phường An Lạc, Bình Tân, Hồ Chí Minh",39275544
Bán nhà khu đấu giá 6.9 Vân Canh lô góc kinh doanh tuyệt vời. 50m2 giá 10 tỷ,10 tỷ,50 m²,4,3,"Hoài Đức, Hà Nội","Xã Vân Canh, Hoài Đức, Hà Nội",42246740
"CẦN BÁN ĐƯỜNG VÕ NGUYÊN GIÁP, CÁCH BIỂN MỸ KHÊ 300M, VỀ TRUNG TÂM , THÍCH HỢP XÂY KHÁCH SẠN ,CĂN HỘ","16,9 tỷ",155 m²,N/A,N/A,"Ngũ Hành Sơn, Đà Nẵng","Đường Võ Nguyên Giáp, Phường Khuê Mỹ, Ngũ Hành Sơn, Đà Nẵng",42572957
"Bán biệt thự Vườn Đào Lạc Long Quân Tây Hồ 300 m2 x 4 T X MT 20 m x giá 210 tỷ. Lô góc, vị trí đỉnh",210 tỷ,300 m²,5,4,"Tây Hồ, Hà Nội","Đường Lạc Long Quân, Phường Xuân La, Tây Hồ, Hà Nội",38441326
"Cần ra đi đất 10x26m - Diện tích 264m2 thổ cư, Mỹ Hạnh Nam, Đức Hoà, Long An. LH 0798 758 ***",3 tỷ,264 m²,N/A,N/A,"Đức Hòa, Long An","Xã Mỹ Hạnh Nam, Đức Hòa, Long An",36828920
CẦN BÁN NHÀ TẠI HOÀNG NHƯ TIẾP-BỒ ĐỀ-LONG BIÊN 50m2x7tầng thang máy.,"11,5 tỷ",50 m²,4,4,"Long Biên, Hà Nội","Phường Bồ Đề, Quận Long Biên, Hà Nội",42579864
"Chính chủ gửi bán nhanh biệt thự đảo Ecopark The Island 500m2 hướng Hồ Đông Nam, giá tốt",Giá thỏa thuận,500 m²,5,5,"Văn Giang, Hưng Yên","Dự án Ecopark Grand, Xã Xuân Quan, Văn Giang, Hưng Yên",42067916
BÁN NHÀ KIM GIANG - 6 TẦNG MỚI THANG MÁY - 20M RA Ô TÔ - 36M2 - NHỈNH 8 TỶ,"8,15 tỷ",36 m²,3,4,"Hoàng Mai, Hà Nội","Đường Kim Giang, Phường Đại Kim, Hoàng Mai, Hà Nội",42579861
92.7m2 đất TĐC Đằng Hải 2 tuyến 2 Trần Hoàn - Ngang 4.5m - Đường 11m,"6,03 tỷ","92,7 m²",N/A,N/A,"Hải An, Hải Phòng","Đường Trần Hoàn, Phường Đằng Hải, Hải An, Hải Phòng",42115704
Xoay vốn bán nhà đường Lạc Long Quận P8 Tân Bình 50m2 Giá 3ty350 lh 0932 861 *** Vân,"3,35 tỷ",50 m²,3,2,"Tân Bình, Hồ Chí Minh","Đường Lạc Long Quân, Phường 8, Tân Bình, Hồ Chí Minh",42579956
"7,x tỷ bán căn Nhà Vườn 3 tầng + Đất: 10x17,5=175m2 - Cửa Lò Beach Villa - Đối diện VIN WONDER",Giá thỏa thuận,175 m²,N/A,N/A,"Cửa Lò, Nghệ An","Dự án Cửa Lò Beach Villa, Đường Bình Minh, Phường Nghi Hương, Cửa Lò, Nghệ An",41290762
"1541m2 Đất mặt tiền Phan Văn Đáng, cách SG chỉ 1 con sông, ngay sát đường Liên Cảng sắp khởi công",Giá thỏa thuận,1.541 m²,N/A,N/A,"Nhơn Trạch, Đồng Nai","Đường Phan Văn Đáng, Xã Phú Hữu, Nhơn Trạch, Đồng Nai",42039305
BÁN TOÀ CHDV - 7 TẦNG THANG MÁY - 18 CĂN HỘ FULL NỘI THẤT - DÒNG TIỀN 1.2 TỶ/ NĂM - GIÁ ĐẦU TƯ,"17,3 tỷ",60 m²,18,18,"Nam Từ Liêm, Hà Nội","Mễ Trì Thượng, Phường Mễ Trì, Nam Từ Liêm, Hà Nội",42267347
"Bán nhà mặt tiền kinh doanh phường Đông Hoà thành phố Dĩ An, giáp Làng Đại Học Thủ Đức, giá 10.5 tỷ","10,5 tỷ",173 m²,N/A,N/A,"Dĩ An, Bình Dương","Phường Đông Hòa, Dĩ An, Bình Dương",42485446
"Nhà 2 tầng đường Sử Hy Nhan-Vĩnh Hoà-Nha Trang - cách biển chỉ 300m - giá 4,8 tỷ - 75m2 ngang 5,2m","4,8 tỷ",75 m²,2,1,"Nha Trang, Khánh Hòa","Đường Sử Hy Nhan, Phường Vĩnh Hòa, Nha Trang, Khánh Hòa",41122706
"Bán đất Đinh Bộ Lĩnh, Phước Hội, La Gi, Bình Thuận, 2 tỷ, 65.7m2, giá cực chất",2 tỷ,"65,7 m²",N/A,N/A,"La Gi, Bình Thuận","Đường Đinh Bộ Lĩnh, Phường Phước Hội, La Gi, Bình Thuận",42369786
"Siêu rẻ!! Bán lô góc 2 mặt tiền 100m2 đại đô thị TP Thanh Hóa giá chỉ 1,7x tỷ","1,78 tỷ",100 m²,N/A,N/A,"Đông Sơn, Thanh Hóa","Đường Quốc lộ 47, Thị trấn Rừng Thông, Đông Sơn, Thanh Hóa",42572923
"Bán shophouse 122,5m2 Đại Lộ Ngọc Trai Vinhomes Ocean Park 2, giá 23 tỷ | LH: 0909 769 ***",23 tỷ,"122,5 m²",N/A,N/A,"Văn Giang, Hưng Yên","The Empire - Vinhomes Ocean Park 2, Long Hưng, Văn Giang, Hưng Yên",42575517
Cần bán nhanh đất nền Hưng Phú giá 7 tỷ,7 tỷ,90 m²,N/A,N/A,"Quận 9, Hồ Chí Minh","Dự án Hưng Phú 1, Đường Liên Phường, Phường Phước Long B, Quận 9, Hồ Chí Minh",38426834
"Đất Cổ Loa Đông Anh - gần Vinhomes - ngõ thông oto ngủ đất 50m2, giá chỉ 3,x tỷ","3,98 tỷ",50 m²,N/A,N/A,"Đông Anh, Hà Nội","Đường Cổ Loa, Xã Cổ Loa, Đông Anh, Hà Nội",42550756
Bán lô góc 2 mặt tiền xã Diên Thạnh Diên Khánh,"2,2 tỷ","137,3 m²",N/A,N/A,"Diên Khánh, Khánh Hòa","Đường Nguyễn Trãi, Xã Diên Thạnh, Diên Khánh, Khánh Hòa",42546534
"2 phòng ngủ Đảo Kim Cương view trực diện sông, hướng Đông nam, tầng cao, giá cực chất 9.5 tỷ - 96m2","9,5 tỷ",96 m²,2,2,"Quận 2, Hồ Chí Minh","Dự án Diamond Island, Phường Bình Trưng Tây, Quận 2, Hồ Chí Minh",42408246
"Căn hộ tại ParkHill, KĐT Times City","6,5 tỷ",76 m²,2,2,"Hai Bà Trưng, Hà Nội","Dự án Times City - Park Hill, Đường Minh Khai, Phường Vĩnh Tuy, Hai Bà Trưng, Hà Nội",42563548
"Bán nhà HXH Lý Thường Kiệt phường 14,Q.10 DT:4x16m 3 tầng giá chỉ 16 tỷ TL",16 tỷ,64 m²,N/A,N/A,"Quận 10, Hồ Chí Minh","Đường Lý Thường Kiệt, Phường 14, Quận 10, Hồ Chí Minh",42572858
"Bán nhà đường Tam Trinh, p Mai Động, Hoàng Mai, diện tích 30m2 5 tầng","5,35 tỷ",30 m²,3,4,"Hoàng Mai, Hà Nội","Đường Tam Trinh, Phường Mai Động, Hoàng Mai, Hà Nội",40687389
"Đất The Diamond cực rẻ, TT Đức Hòa, DT 90m2, sổ hồng riêng, chủ bán lỗ lô A3 -21",Giá thỏa thuận,90 m²,N/A,N/A,"Đức Hòa, Long An","Dự án Quốc Linh Diamond City, Đường ĐT 824, Xã Hựu Thạnh, Đức Hòa, Long An",38047579
Ngộp NH 5.5 tỷ cần bán gấp đất TC 100% 254m2 12.5x25 quy hoạch 3 mặt tiền đường 16m giá 9.7 tỷ SH,"9,7 tỷ",254 m²,N/A,N/A,"Nhà Bè, Hồ Chí Minh","Đường Lê Văn Lương, Xã Nhơn Đức, Nhà Bè, Hồ Chí Minh",41501665
"Bán nhà Minh Khai - 52,5m2 x 5 tầng, thang máy, ngõ thông, ngay sát times city lh 0989 212 ***",10 tỷ,"52,5 m²",5,6,"Hai Bà Trưng, Hà Nội","Đường Minh Khai, Phường Minh Khai, Hai Bà Trưng, Hà Nội",42501744
"Bán đất thổ cư Vân Phúc, Phúc Thọ đường oto tránh 80m2 giá 2x tr/m2",2 tỷ,80 m²,N/A,N/A,"Phúc Thọ, Hà Nội","Đường Quốc lộ 32, Xã Vân Phúc, Phúc Thọ, Hà Nội",42446022
Chính chủ bán 54m2 đất Tái Định Cư Quyết Tiến 3. Đường 9m vỉa hè 2 mét,Giá thỏa thuận,54 m²,N/A,N/A,"Hoài Đức, Hà Nội","Đại lộ Thăng Long, Vân Côn, Hoài Đức, Hà Nội",41262175
"Bán gấp đất nền 60m2 tại Hồ Sĩ Dương, Vĩnh Hòa, Nha Trang giá cực chất 2,9 tỷ","2,9 tỷ",60 m²,N/A,N/A,"Nha Trang, Khánh Hòa","Đường Hồ Sĩ Dương, Phường Vĩnh Hòa, Nha Trang, Khánh Hòa",41869473
"Bán Nhà Mặt Phố Phùng Hưng, 52 tỷ, 1369m2, 5PN, 5WC, Hà Đông, HN. Siêu đầu tư. 0981 715 ***",52 tỷ,1.369 m²,5,5,"Hà Đông, Hà Nội","89 Phùng Hưng, Phố Phùng Hưng, Phường Phúc La, Hà Đông, Hà Nội",42270374
"Bán nhà An Trai - Vân Canh 7 T thang máy gara ô tô ngõ thông - K/D 40m2 - 7,8 tỷ","7,8 tỷ",40 m²,4,3,"Hoài Đức, Hà Nội","Đường An Trai, Xã Vân Canh, Hoài Đức, Hà Nội",42437147
"Cần bán gấp nhà 4 tầng, 64,5m2 lô góc phố Tây Trà - Hoàng Mai - Hà Nội","10,85 tỷ",65 m²,6,7,"Hoàng Mai, Hà Nội","Đường Tây Trà, Phường Trần Phú, Hoàng Mai, Hà Nội",41816742
Bán căn hộ 143m2 tòa M2 mã căn 11,23 tỷ,143 m²,4,3,"Ba Đình, Hà Nội","Dự án Vinhomes Metropolis - Liễu Giai, Phố Liễu Giai, Phường Ngọc Khánh, Ba Đình, Hà Nội",36160431
"1.7 tỷ, 5x11m, đường bê tông 6m, ra Lê Thị Trung 300m, SHR, Giá còn thương lượng","1,7 tỷ",55 m²,N/A,N/A,"Thuận An, Bình Dương","Đường Bình Chuẩn 63, Phường Bình Chuẩn, Thuận An, Bình Dương",42579872
"Chính chủ bán lô góc dự án Cát Tường Park House 111m2 giá 2 tỷ, thanh toán chậm đến t6/27",2 tỷ,111 m²,N/A,N/A,"Chơn Thành, Bình Phước","Dự án Cát Tường Phú Thành (Cát Tường Park House), Đường Nguyễn Văn Linh, Phường Hưng Long, Chơn Thành, Bình Phước",40800300
"Chính chủ căn nhà phố N2 - 19, 1 trệt 3 The Meadow Bình Chánh, 105m2, sổ hồng riêng, giá 6 tỷ 6","6,6 tỷ",105 m²,3,3,"Bình Chánh, Hồ Chí Minh","The Meadow Bình Chánh, Trần Văn Giàu, Vĩnh Lộc B, Bình Chánh, Hồ Chí Minh",41809671
Bán khách sạn xây thô 20 tầng mặt tiền Phạm Văn Đồng View trực diện biển 130tỷ,130 tỷ,231 m²,76,76,"Nha Trang, Khánh Hòa","Đường Phạm Văn Đồng, Phường Vĩnh Hòa, Nha Trang, Khánh Hòa",42579955
"Chung cư Bình Minh Garden 72m2 2 phòng ngủ/2WC tầng cao thoáng mát giá 4,7 tỷ","4,7 tỷ",72 m²,2,2,"Long Biên, Hà Nội","Dự án Bình Minh Garden, Đường Đức Giang, Phường Đức Giang, Long Biên, Hà Nội",42476253
"Vị trí siêu đẹp - MT Trường Sơn, Tân Bình - 13x25m - HĐ thuê 200 triệu - giá 75 tỷ",75 tỷ,325 m²,N/A,N/A,"Tân Bình, Hồ Chí Minh","Đường Trường Sơn, Phường 2, Tân Bình, Hồ Chí Minh",40502650
Bán nhà Lạc Long Quân nối Hoàng Quốc Việt - Thuỵ Khuê thang máy - 112m2 - 7T 5.5m MT - nhỉnh 36tỷ,"36,5 tỷ",112 m²,7,7,"Cầu Giấy, Hà Nội","Đường Lạc Long Quân, Phường Nghĩa Đô, Cầu Giấy, Hà Nội",40708947
"Chỉ còn 1 căn! Phân lô Hoàng Cầu, 2 ô tô tránh đỗ trước nhà, vỉa hè 2m, kinh doanh. 64m2. 7 tầng.","21,3 tỷ",63 m²,6,6,"Đống Đa, Hà Nội","Phố Hoàng Cầu, Phường Ô Chợ Dừa, Đống Đa, Hà Nội",42580129
"Nhà view Hồ Tây đẳng cấp, thang máy xịn sò, mới đẹp ở ngay, 10 tỷ",10 tỷ,47 m²,3,4,"Tây Hồ, Hà Nội","Đường Trích Sài, Phường Bưởi, Tây Hồ, Hà Nội",42543950
"Bán biệt thự tại Phú Diễn, Bắc Từ Liêm, Hà Nội, giá cực chất 16,2 tỷ, 47 m2","16,2 tỷ",47 m²,N/A,N/A,"Bắc Từ Liêm, Hà Nội","Phường Phú Diễn, Bắc Từ Liêm, Hà Nội",42577112
"Bán đất tại đường An Đào E, thị trấn Trâu Quỳ, Gia Lâm, Hà Nội, DT: 62m2, MT: 5.8m, giá: 6.2tỷ","6,2 tỷ",62 m²,N/A,N/A,"Gia Lâm, Hà Nội","Đường An Đào E, Thị trấn Trâu Quỳ, Gia Lâm, Hà Nội",42105643
"Bán căn hộ 2PN, 1WC tại The Sapphire - Vinhomes Smart City, 3,2 tỷ, 54,8m2, Nam Từ Liêm, Hà Nội","3,2 tỷ","54,8 m²",2,1,"Nam Từ Liêm, Hà Nội","Dự án The Sapphire - Vinhomes Smart City, Phường Tây Mỗ, Nam Từ Liêm, Hà Nội.",41983750
"BÁN CĂN 2 PN, S= 65 có đồ. Gía 3.x tỷ. Dự án Chung cư Xuân Mai complex Dương Nội",Giá thỏa thuận,65 m²,2,1,"Hà Đông, Hà Nội","Dự án Xuân Mai Complex, Đường Tố Hữu, Phường Yên Nghĩa, Hà Đông, Hà Nội",38632005
Chính chủ - bán nhà mặt tiền Thủ Khoa Huân 122m2 trung tâm Sơn Trà - giá hot,Giá thỏa thuận,122 m²,N/A,N/A,"Sơn Trà, Đà Nẵng","Đường Thủ Khoa Huân, Phường Phước Mỹ, Sơn Trà, Đà Nẵng",42515662
"Bán biệt thự đẹp Đường số 53, An Phú, Quận 2, diện tích 8.2 x 19m, giá 30 tỷ",30 tỷ,"173,5 m²",N/A,N/A,"Quận 2, Hồ Chí Minh","Đường Số 53, Phường An Phú, Quận 2, Hồ Chí Minh",42563217
"Siêu phẩm nhà đẹp Bùi Xương Trạch 35M nhỉnh 6tỷ. Xe ba gác chạy hết tốc độ, tiện ích bạt ngàn...","6,7 tỷ",35 m²,3,N/A,"Thanh Xuân, Hà Nội","Đường Bùi Xương Trạch, Phường Khương Đình, Thanh Xuân, Hà Nội",42580031
"Bán nhà Tây Hồ - Yên Hoa nối Yên Phụ - Nghi Tàm - Tòa nhà mới xây 10T, 85m2, MT 6.2m - 59.x tỷ",Giá thỏa thuận,85 m²,10,9,"Tây Hồ, Hà Nội","Phố Yên Hoa, Phường Yên Phụ, Tây Hồ, Hà Nội",41137761
Đất Hoà Lạc giá rẻ nhất bắt đáy ở còn lô nào rẻ hơn,"1,7 tỷ",89 m²,N/A,N/A,"Thạch Thất, Hà Nội","Xã Bình Yên, Thạch Thất, Hà Nội",42516838
SIÊU PHẨM ĐẸP KHU PHÂN LÔ ĐÔNG BỘ Khu VIPĐƯỜNG 12M ĐỐI DIỆN TRƯỜNG HỌC Đường Phạm Văn Chiêu Gò Vấp,"9,9 tỷ",60 m²,4,5,"Gò Vấp, Hồ Chí Minh","Đường Phạm Văn Chiêu, Phường 14, Gò Vấp, Hồ Chí Minh",42580127
"Hai mặt tiền kinh doanh đường 10m5 Tiểu La, Đà Nẵng. 140m2 ngang 6m 2 tầng. Chính chủ bán","14,9 tỷ",140 m²,4,3,"Hải Châu, Đà Nẵng","Đường Tiểu La, Phường Hòa Thuận Tây, Hải Châu, Đà Nẵng",41784885
BÁN ĐẤT BIỂN PHAN THIẾT VỊ TRÍ ĐẸP THÍCH HỢP ĐẦU TƯ NGHỈ DƯỠNG,Giá thỏa thuận,3.500 m²,N/A,N/A,"Phan Thiết, Bình Thuận","Đường Nguyễn Cơ Thạch, Phường Mũi Né, Phan Thiết, Bình Thuận",42580112
"Bán nhà kiệt ô tô Nguyễn Công Trứ - diện tích khủng 186m2 mặt tiền 12m - Giá: 7,x TL",Giá thỏa thuận,186 m²,N/A,N/A,"Sơn Trà, Đà Nẵng","Đường Nguyễn Công Trứ, Phường Phước Mỹ, Sơn Trà, Đà Nẵng",42517175
"Chính chủ bán đất MT đường Nguyễn Huy Tưởng, Liên Chiểu, Đà Nẵng. Gần bến xe sầm uất KD 120m2, 5 tỷ",5 tỷ,120 m²,N/A,N/A,"Liên Chiểu, Đà Nẵng","Đường Nguyễn Huy Tưởng, Phường Hòa Minh, Liên Chiểu, Đà Nẵng",42540394
"Cần bán căn góc T06, góc Đông Bắc view nhạc thoáng","8,5 tỷ",110 m²,3,2,"Hai Bà Trưng, Hà Nội","Dự án Times City, Đường Minh Khai, Phường Vĩnh Tuy, Hai Bà Trưng, Hà Nội",38993110
"Nhà mặt phố Nguyễn Quý Đức, Thanh Xuân. Diện tích 90m2, mặt tiền 5m2, lô góc 3 mặt thoáng, KD đỉnh","25,5 tỷ",90 m²,4,4,"Thanh Xuân, Hà Nội","Đường Nguyễn Quý Đức, Phường Thanh Xuân Bắc, Thanh Xuân, Hà Nội",41537611
"9 căn Sunwah Pearl, thân chủ nhà, giá cạnh tranh, giảm sâu khách cọc nhanh thanh toán sớm ko vay","11,3 tỷ",87 m²,2,N/A,"Bình Thạnh, Hồ Chí Minh","Sunwah Pearl, Đường Nguyễn Hữu Cảnh, Phường 22, Bình Thạnh, Hồ Chí Minh",42384047
"Bán nhà Khu đô thị Văn Quán, Hà Đông","20,8 tỷ",84 m²,5,N/A,"Hà Đông, Hà Nội","Dự án KĐT Văn Quán, Phường Văn Quán, Hà Đông, Hà Nội",42554084
Bán 3 căn 160m2 trục 09 tháp B Keangnam tầng cao hàng chuẩn 0974 681 ***,Giá thỏa thuận,160 m²,4,2,"Nam Từ Liêm, Hà Nội","Dự án Keangnam, Đường Phạm Hùng, Phường Mễ Trì, Nam Từ Liêm, Hà Nội",42491111
"Bán nhà mặt phố Trần Quốc Thảo, 17 tỷ, 43.12m2, 3PN, 3WC, Q3, HCM",17 tỷ,"43,12 m²",3,3,"Quận 3, Hồ Chí Minh","Đường Trần Quốc Thảo, Phường 9, Quận 3, Hồ Chí Minh",42267303
"QUỸ CĂN NGOẠI GIAO ĐẶC BIỆT VIEW HỒ GIÁ TỐT NHẤT: 2PN - 83m2 , 3PN - 106m2 - Giá rẻ nhất thị trường",Giá thỏa thuận,87 m²,N/A,N/A,"Ba Đình, Hà Nội","The Nelson Private Residences, Láng Hạ, Thành Công, Ba Đình, Hà Nội",42364793
Quận 9: Bán biệt thự Liên Phường ngang 15m 5PN 5WC full nội thất thiết kế cao cấp,33 tỷ,270 m²,5,5,"Quận 9, Hồ Chí Minh","Đường Liên Phường, Phường Phước Long B, Quận 9, Hồ Chí Minh",42450974
"Bán lô đất mặt tiền đường TT Đức Hoà, phù hợp đầu tư kinh doanh",810 triệu,90 m²,N/A,N/A,"Đức Hòa, Long An","Đường Đại lộ Long An, Thị trấn Đức Hòa, Đức Hòa, Long An",42004227
"Bán nhà HXH đường Thành Thái Quận 10, ngang lớn 8m có 12 phòng HĐT ổn định 650tr/năm, 15.5 tỷ TL","15,5 tỷ",98 m²,12,12,"Quận 10, Hồ Chí Minh","Đường Thành Thái, Phường 14, Quận 10, Hồ Chí Minh",42392591
"D'Edge Thảo Điền: Căn 3PN, lầu cao, 147 m2. Đang có HĐ thuê 70 trd net/tháng. Giá bán 17 tỷ",17 tỷ,147 m²,3,3,"Quận 2, Hồ Chí Minh","Dự án D'Edge Thảo Điền, Đường Nguyễn Văn Hưởng, Phường Thảo Điền, Quận 2, Hồ Chí Minh",41636708
"Giá 1.85 tỷ sở hữu ngay lô đất 100m2 Full thổ cư, nở hậu phong thuỷ cực tốt tại Minh Phú Sóc Sơn","1,85 tỷ",100 m²,N/A,N/A,"Sóc Sơn, Hà Nội","Đường 35, Xã Minh Phú, Sóc Sơn, Hà Nội",42476767
"Khi BĐS đang ở giai đoạn chuyển giao, đâu sẽ là giải pháp khả thi với quyết định ĐT của bạn?!","4,6 tỷ",60 m²,N/A,N/A,"Thường Tín, Hà Nội","Xã Duyên Thái, Thường Tín, Hà Nội",41737592
Chính chủ cần bán căn 69m2 2ng 2vs full nội thất tại trung tâm quận Nam Từ Liêm giá chỉ 3.1x Tỷ,"3,15 tỷ",69 m²,2,2,"Nam Từ Liêm, Hà Nội","Dự án Athena Complex, Đường 70, Phường Phương Canh, Nam Từ Liêm, Hà Nội",42506827
"Sở hữu nhà dòng tiền khủng, TT Cầu Giấy, 45m2*6T*11p KK, TM, ngõ thoáng gần ô tô GPXD & PCCC đầy đủ",Giá thỏa thuận,45 m²,11,11,"Cầu Giấy, Hà Nội","Phường Dịch Vọng, Cầu Giấy, Hà Nội",40806912
"Bán gấp lô đất nghỉ dưỡng lô góc đất ngoài quy hoạch mà đẹp phải nói, giá siêu tốt",Giá thỏa thuận,1.685 m²,N/A,N/A,"Quốc Oai, Hà Nội","Xã Đông Xuân, Quốc Oai, Hà Nội",41966091
"Nắm 100% giỏ hàng các sản phẩm đang bán tại KDC Nam Long, P Phước Long B, giá bán từ 80tr/m2","9,5 tỷ",90 m²,N/A,N/A,"Quận 9, Hồ Chí Minh","KDC Nam Long, Đường Đỗ Xuân Hợp, Phường Phước Long B, Quận 9, Hồ Chí Minh",42579400
"Chung cư dự án mới Green Home Phương Đông 80m2 3PN/2WC full nội thất đẹp giá 4,950 tỷ","4,95 tỷ",80 m²,3,2,"Long Biên, Hà Nội","Dự án Phương Đông Green Home, Đường Phan Văn Đáng, Phường Đức Giang, Long Biên, Hà Nội",42137662
"Bán nhà riêng tại Nguyễn Thiện Thuật, 5,2 tỷ, 30m2, nhà 3 tầng. Giá rẻ nhất khu vực","5,2 tỷ",30 m²,2,2,"Quận 3, Hồ Chí Minh","Đường Nguyễn Thiện Thuật, Phường 2, Quận 3, Hồ Chí Minh",42550958
"Bán đất hàng hiếm Mặt tiền đường Nguyễn Văn Cừ, Xã Phước An, Nhơn Trạch, Đồng Nai. 9,88 tỷ/491 m2","9,88 tỷ",491 m²,N/A,N/A,"Nhơn Trạch, Đồng Nai","Đường Nguyễn Văn Cừ, Xã Phước An, Nhơn Trạch, Đồng Nai",42555615
"Bán BT đẹp, nhiều tiện ích tại Lideco, Quốc lộ 32, Trạm Trôi, Hoài Đức, 26,5 tỷ, 220m2","26,5 tỷ",220 m²,N/A,N/A,"Hoài Đức, Hà Nội","Lideco, Đường Quốc lộ 32, Thị trấn Trạm Trôi, Hoài Đức, Hà Nội",42559036
"Tôi bán 2 lô 6x18m 1/ ĐT769 Lộc An, Long Thành, 0931 641 ***",Giá thỏa thuận,108 m²,N/A,N/A,"Long Thành, Đồng Nai","Đường ĐT 769, Xã Lộc An, Long Thành, Đồng Nai",42515275
"Bán nhà Tam Trinh 75m2, ngõ ô tô, gần phố, nhà 4 tầng chắc chắn, tiện ích đầy đủ, SĐCC, 8.5 tỷ","8,5 tỷ",75 m²,4,4,"Hoàng Mai, Hà Nội","Đường Tam Trinh, Phường Yên Sở, Hoàng Mai, Hà Nội",42326406
"Bán nhà mặt phố phường Quang Trung, Hà Đông, mặt phố kinh doanh 140m2 x 5,5 mặt tiền",50 tỷ,140 m²,N/A,N/A,"Hà Đông, Hà Nội","Đường Quang Trung, Phường Quang Trung, Hà Đông, Hà Nội",38944908
"Nhà khu Cityland Park Hills khu Lotte Mart, giá rẻ nhất khu vực đang cho thuê 40 triệu/tháng","16,8 tỷ",100 m²,8,6,"Gò Vấp, Hồ Chí Minh","Dự án CityLand Park Hills, Đường Phan Văn Trị, Phường 10, Gò Vấp, Hồ Chí Minh",39010317
"B.Á.N TÒA NHÀ VP VŨ TÔNG PHAN X 80M2 - VIEW HỒ TRƯỚC SAU, LÔ GÓC, 3 MẶT THOÁNG - THANG MÁY - 5 Ô TÔ","21,8 tỷ",80 m²,N/A,N/A,"Thanh Xuân, Hà Nội","Phố Vũ Tông Phan, Phường Khương Đình, Thanh Xuân, Hà Nội",42580064
"Bán đất biệt thự Nguyễn Đình Thi, Hoà Xuân, Cẩm Lệ, Đà Nẵng",Giá thỏa thuận,300 m²,N/A,N/A,"Cẩm Lệ, Đà Nẵng","Đường Nguyễn Đình Thi, Phường Hòa Xuân, Cẩm Lệ, Đà Nẵng",41954180
"Chỉ 36,8 tỷ sở hữu 1 siêu dòng tiền 2 tỷ/năm tại Cầu Giấy 100m2- 8 tầng- 20 phòng- lô góc- ôtô đỗ","36,8 tỷ",100 m²,20,20,"Cầu Giấy, Hà Nội","Đường Cầu Giấy, Phường Quan Hoa, Cầu Giấy, Hà Nội",42550701
"Chính chủ tôi cần sang gấp 1 lô đất đường Liên Phường, Quận 9, TPHCM. SHR",Giá thỏa thuận,"81,3 m²",N/A,N/A,"Quận 9, Hồ Chí Minh","Đường Liên Phường, Phường Phú Hữu, Quận 9, Hồ Chí Minh",41586292
NHÀ NHẬT - GIÁ VIỆT | BIỆT THỰ SONG LẬP MY1-18 DỰ ÁN MIYABI,"18,3 tỷ",189 m²,N/A,N/A,"Thủy Nguyên, Hải Phòng","Vinhomes Royal Island, Phường Thủy Hà, Thủy Nguyên, Hải Phòng",42580063
"Bán căn 2PN, 2WC, 63m2 tại CBD Premium Home, Gia 2,48 tỷ, Thạnh Mỹ Lợi, Q2, HCM","2,48 tỷ",63 m²,2,2,"Quận 2, Hồ Chí Minh","The CBD Premium Home, Đường Đồng Văn Cống, Phường Thạnh Mỹ Lợi, Quận 2, Hồ Chí Minh",42215884
Nhà cấp 4 vị trí đẹp ngay trung tâm phường Linh Chiểu - đường nhựa 5m - Dt 72m2( ngang 5) hiếm,"5,7 tỷ",72 m²,2,1,"Thủ Đức, Hồ Chí Minh","Đường Số 19, Phường Linh Chiểu, Thủ Đức, Hồ Chí Minh",42580159
"(Chính chủ) tôi cần bán nhà mặt hồ Linh Quang, Q Đống Đa, Dt 70 m2 x 7 T, MT 5,5 m, giá 21,5 tỷ","21,5 tỷ",70 m²,N/A,N/A,"Đống Đa, Hà Nội","Đường Hồ Văn Chương, Phường Văn Chương, Đống Đa, Hà Nội",42484717
"Bán gấp biệt thự tại Lideco, Quốc lộ 32, Hoài Đức, 26,5 tỷ, 144m2","26,5 tỷ",144 m²,N/A,N/A,"Hoài Đức, Hà Nội","Lideco, Đường Quốc lộ 32, Thị trấn Trạm Trôi, Hoài Đức, Hà Nội",42438103
"Bán nhà 2 mặt tiền Lê Duẩn thông thoáng, vị trí sầm uất, Thanh Khê, Đà Nẵng","29,5 tỷ",101 m²,3,2,"Thanh Khê, Đà Nẵng","Đường Lê Duẩn, Phường Thạc Gián, Thanh Khê, Đà Nẵng",42510427
"Bán nhà Khuyến Lương, lô góc KD, ô tô đỗ cửa, ngõ thông, TK đẹp, 3 tầng, 43.5m2, MT 6.5m, 4.35 tỷ","4,35 tỷ","43,5 m²",2,2,"Hoàng Mai, Hà Nội","Đường Khuyến Lương, Phường Trần Phú, Hoàng Mai, Hà Nội.",39723168
"Siêu dòng tiền Đống Đa 18,3tỷ, 7 tâng, dòng tiền siêu tốt, ngõ thông thoáng, full phòng cho thuê","18,3 tỷ",80 m²,13,13,"Đống Đa, Hà Nội","Phố Vũ Ngọc Phan, Phường Láng Hạ, Đống Đa, Hà Nội",42537191
"Giá rẻ! CCMN Yên Hòa xây mới, 55m2 x 6T x 14p KK, lô góc, TM xịn, có PCCC, DT đỉnh 900tr/năm","12,5 tỷ",55 m²,14,14,"Cầu Giấy, Hà Nội","Đường Hạ Yên Quyết, Phường Yên Hòa, Cầu Giấy, Hà Nội",38039642
"Chung cư mini - gần chợ Định Công, Hoàng Mai, diện tích 52m2, 5T giá nhỉnh 7 tỷ","7,17 tỷ",52 m²,7,N/A,"Hoàng Mai, Hà Nội","Đường Định Công, Phường Định Công, Hoàng Mai, Hà Nội",42566272
"Bán nhà 5 tầng diện tích 94.4m2 mặt tiền 6m Khu N1 Nguyễn Hoàng Tôn, Tây Hồ, Hà Nội","39,7 tỷ","94,4 m²",4,5,"Tây Hồ, Hà Nội","đường Nguyễn Hoàng Tôn, Phường Xuân La, Tây Hồ, Hà Nội",42463043
"BÁN NHÀ PHỐ HƯNG THỊNH, VỈA HÈ Ô TÔ TRÁNH, THANG MÁY NHẬP KHẨU, 5 TẦNG ĐẸP MÊ LY, 52M2, 11.6 TỶ","11,6 tỷ",52 m²,6,6,"Hoàng Mai, Hà Nội","Đường Hưng Thịnh, Phường Yên Sở, Hoàng Mai, Hà Nội",40268898
Cần tiền bán gấp nhà ở xã hội chung cư HH linh đàm giá tốt lh 0967 070 ***,"2,62 tỷ",72 m²,2,2,"Hoàng Mai, Hà Nội","HH1 Linh Đàm, Đường Linh Đường, Phường Hoàng Liệt, Hoàng Mai, Hà Nội",42580087
"Bán đất đẹp Liên Mạc, Quận Bắc Từ Liêm ô tô vào tận nơi, 50m2 hơn 4 tỷ",5 tỷ,50 m²,N/A,N/A,"Bắc Từ Liêm, Hà Nội","đường Liên Mạc, Phường Liên Mạc, Bắc Từ Liêm, Hà Nội",42355010
"Nhà 5 tầng view Hồ Tây bán, gara, 5 ngủ cách Hồ 30m",33 tỷ,54 m²,5,6,"Tây Hồ, Hà Nội","Phố Quảng Khánh, Phường Quảng An, Tây Hồ, Hà Nội",42351803
"Chính chủ em bán căn hộ chung cư Iris Garden, Trần Hữu Dực, Cầu Diễn, 61.7m2. Lh 0357 536 ***",Giá thỏa thuận,"61,7 m²",2,2,"Nam Từ Liêm, Hà Nội","Dự án Iris Garden, Đường Trần Hữu Dực, Phường Cầu Diễn, Nam Từ Liêm, Hà Nội.",41884641
"Giá đầu tư, nhà Yên Sở, ngay sát X2B, Gamuda, thoáng trước sau, view hồ lộng gió, 45m2, 5,35 tỷ","5,35 tỷ",45 m²,3,3,"Hoàng Mai, Hà Nội","Đường Yên Sở, Phường Yên Sở, Hoàng Mai, Hà Nội",40342133
Song lập Villa Park thô đơn giá tốt nhất 110tr/m2,"18,7 tỷ",170 m²,N/A,N/A,"Quận 9, Hồ Chí Minh","Dự án Villa Park, Đường Bưng Ông Thoàn, Phường Phú Hữu, Quận 9, Hồ Chí Minh",42478917
"Nhà 40m2 x 4 tầng Đại Mỗ, gần UBND phường Đại Mỗ, ngõ nông, ô tô gần, giá 6.5 tỷ, LH 0988 175 ***","6,5 tỷ",39 m²,4,3,"Nam Từ Liêm, Hà Nội","Phường Đại Mỗ, Nam Từ Liêm, Hà Nội",42580174
"Chính chủ: Bán gấp lô đất 76,9m2 cách TL420 khoảng 200m 5' di chuyển đến ĐH FPT, CNC. Giá 2.19 tỷ","2,19 tỷ","76,9 m²",N/A,N/A,"Thạch Thất, Hà Nội","Đường 420, Xã Bình Yên, Thạch Thất, Hà Nội",42447491
Chính chủ bán lô đất sát đường Lý Thường Kiệt Dĩ An dân cư ở kín - xây dựng tự do đi Vincom 2p,"2,85 tỷ",88 m²,N/A,N/A,"Dĩ An, Bình Dương","Phố Lý Thường Kiệt, Phường Dĩ An, Dĩ An, Bình Dương",41783982
Bán đất khu công nghệ cao Hoà Lạc giá rẻ đất đẹp tiền năng tăng giá cao đây ạ,Giá thỏa thuận,103 m²,N/A,N/A,"Thạch Thất, Hà Nội","Phố 8/3, Xã Hạ Bằng, Thạch Thất, Hà Nội",42225727
"Em Toàn cần bán căn hộ chung cư 3PN tại Florence Mỹ Đình giá tốt, vị trí đẹp. LH 0357 536 ***",Giá thỏa thuận,124 m²,3,3,"Nam Từ Liêm, Hà Nội","Dự án Florence Mỹ Đình, Đường Trần Hữu Dực, Phường Cầu Diễn, Nam Từ Liêm, Hà Nội.",41327826
"(Chính chủ) cần bán nhà MP, Hàng Cót, Q Hoàn Kiếm, HN, DT 220m x 6T, MT 16m, giá 155 tỷ",155 tỷ,220 m²,N/A,N/A,"Hoàn Kiếm, Hà Nội","Phố Hàng Cót, Phường Hàng Mã, Hoàn Kiếm, Hà Nội",41194334
"Bán nhà đẹp 44m2 x 3 tầng, 4pn, Phạm Văn Chí, Quận 6, giá 6,5 tỷ","6,5 tỷ",44 m²,4,3,"Quận 6, Hồ Chí Minh","Đường Phạm Văn Chí, Phường 8, Quận 6, Hồ Chí Minh",42556293
"Chính chủ: Bán nhanh lô đất rẻ hơn thị trường 300tr trục chính Khoang Mái-Đồng Trúc.Giá 47,5tr/m2","2,85 tỷ",60 m²,N/A,N/A,"Thạch Thất, Hà Nội","Đường Đại lộ Thăng Long, Xã Đồng Trúc, Thạch Thất, Hà Nội",42407825
"Bán Nhà Riêng 6PN, 6WC, 51m2 tại Khương Trung, 10,5 tỷ","10,5 tỷ",51 m²,6,6,"Thanh Xuân, Hà Nội","Phường Khương Trung, Thanh Xuân, Hà Nội",42580171
Nhỉnh 120 triệu/m2 mở bán lô đất gần ĐH Hutech (4.2x21m) CTXD hầm 5 tầng tiện xây CHDV P26,"12,2 tỷ",97 m²,1,1,"Bình Thạnh, Hồ Chí Minh","Đường Nguyễn Xí, Phường 26, Bình Thạnh, Hồ Chí Minh",42430986
Gia đình em cần bán căn nhà 75m2 khu trung tâm Hà Đông,"15,5 tỷ",75 m²,5,5,"Hà Đông, Hà Nội","Đường Chu Văn An, Phường Quang Trung, Hà Đông, Hà Nội",42477726
"Giá từ 2,8 tỷ - 225m2 đến 28 tỷ - 7659 m2. Bán vài lô đất mặt tiền đường Tỉnh Lộ 3, Phước Đồng",Giá thỏa thuận,1.787 m²,N/A,N/A,"Nha Trang, Khánh Hòa","Đường Tỉnh lộ 3, Xã Phước Đồng, Nha Trang, Khánh Hòa",42475213
"Nhà Hồ Tây ngõ xe hơi tránh nhau bán. Căn nhà 4 tầng khu Quảng An, gần Hồ Tây vị trí đắc địa",14 tỷ,40 m²,3,4,"Tây Hồ, Hà Nội","Đường Đặng Thai Mai, Phường Quảng An, Tây Hồ, Hà Nội",42193072
"Gia đình tôi cần bán gấp lô đất 100m2 mặt QL17 - Huyện Gia Bình, Bắc Ninh - Vị trí đón sóng sân bay","5,2 tỷ",100 m²,N/A,N/A,"Gia Bình, Bắc Ninh","Đường Quốc Lộ 17, Xã Bình Dương, Gia Bình, Bắc Ninh",42527562
"Bán gấp đất Tô Ngọc Vân, Quảng An, Tây Hồ, Hà Nội. Diện tích 192m, 2 thoáng, ô tô vào, giá 71.9 tỷ","71,9 tỷ",192 m²,N/A,N/A,"Tây Hồ, Hà Nội","Đường Tô Ngọc Vân, Phường Quảng An, Tây Hồ, Hà Nội",42416372
Cần tiền bán gấp mặt biển Hoà Bình Hàm Tiến,28 tỷ,800 m²,N/A,N/A,"Phan Thiết, Bình Thuận","Đường Hòa Bình, Phường Hàm Tiến, Phan Thiết, Bình Thuận",41131137
"Bán nhà phố Kim Mã, Ba Đình, dt 49m2, 6 tầng, ngõ to cách vài nhà ra mặt phố. Giá 15.8 tỷ","15,8 tỷ",49 m²,N/A,N/A,"Ba Đình, Hà Nội","Phố Kim Mã, Phường Kim Mã, Ba Đình, Hà Nội",40402570
"Chính chủ bán nhà Lạc Long Quân 72m2, ô tô tránh, gara, lô góc 10.9 tỷ","10,9 tỷ",72 m²,4,5,"Cầu Giấy, Hà Nội","Đường Lạc Long Quân, Phường Nghĩa Đô, Cầu Giấy, Hà Nội",41785015
"Bán nhà riêng Trích Sài Tây Hồ, 45m2 5 tầng 10m ra Hồ Tây, giá 16.5 tỷ","16,5 tỷ",45 m²,N/A,N/A,"Tây Hồ, Hà Nội","Đường Trích Sài, Phường Bưởi, Tây Hồ, Hà Nội",39570864
"Đất nền trung tâm TP Bắc Giang không yêu cầu xây dựng ,sổ đỏ sẵn sang tên ngay","3,6 tỷ",90 m²,N/A,N/A,"Bắc Giang, Bắc Giang","Dự án BV Bavella Green Park, Đường Nguyễn Chí Thanh, Xã Dĩnh Trì, Bắc Giang, Bắc Giang",42255413
"Nhà 81,6m2-7,5 tỷ, hẻm ô tô, phù hợp xây mới CHDV, tặng GPXD, thiết kế 18 phòng, dòng tiền 65tr/th","7,5 tỷ","81,6 m²",N/A,N/A,"Gò Vấp, Hồ Chí Minh","25/33/73 Đường Bùi Quang Là, Phường 12, Gò Vấp, Hồ Chí Minh",42449061
"Bán nhà ngõ 399 Âu Cơ - quận Tây Hồ - 1 nhà ra phố, lô góc, KD, 105m2*5 tầng, MT 8m, giá 16 tỷ",16 tỷ,105 m²,N/A,N/A,"Tây Hồ, Hà Nội","Ngõ 399, Đường Âu Cơ, Phường Xuân La, Tây Hồ, Hà Nội",42180889
"Bán tòa nhà 6 tầng DT 803 m2 Đằng Lâm, Hải An",120 tỷ,803 m²,6,6,"Hải An, Hải Phòng","Đường Ngô Gia Tự, Phường Đằng Lâm, Hải An, Hải Phòng",41721431
BÁN NHÀ VIP LÝ NAM ĐẾ 75M2 - 39 TỶ - OTO ĐỖ CỬA - 3 MẶT THOÁNG - FULL NỘI THẤT SIÊU SANG.,39 tỷ,75 m²,N/A,N/A,"Hoàn Kiếm, Hà Nội","Đường Lý Nam Đế, Phường Cửa Đông, Hoàn Kiếm, Hà Nội",42580196
"Tôi kẹt vốn KD sang gấp nhà HXH 5,5m CMT8, P13, Q10,Giá 3tỷ1/ 53,9m2, SHR, BTCT, LH: 0907 631 ***","3,1 tỷ","53,9 m²",4,3,"Quận 10, Hồ Chí Minh","Đường Cách Mạng Tháng Tám, Phường 13, Quận 10, Hồ Chí Minh",41505466
"Nhà Giảng Võ, Ba Đình 109/120m2, 10 tầng thang máy, MT 5m, giá 85 tỷ",85 tỷ,109 m²,18,19,"Ba Đình, Hà Nội","Phố Giảng Võ, Phường Kim Mã, Ba Đình, Hà Nội",41196195
"Rẻ nhất trung tâm xã Minh Thắng, thị xã Chơn Thành BP - cách Quốc Lộ 14 tầm 200 mét 0906 625 ***",399 triệu,180 m²,N/A,N/A,"Chơn Thành, Bình Phước","Đường Số 1, Xã Minh Thắng, Chơn Thành, Bình Phước",40834546
Chào bán lô bê tông kiệt chính rất đẹp gần chợ Điện nam bắc,"1,55 tỷ",160 m²,N/A,N/A,"Điện Bàn, Quảng Nam","Điện Nam Bắc, Điện Bàn, Quảng Nam",42580103
"Bán nhà riêng phố Võng Thị 45m2, 10m ra ô ô, tặng toàn bộ nội thất giá 10.1 tỷ","10,1 tỷ",45 m²,4,4,"Tây Hồ, Hà Nội","đường Võng Thị, Phường Bưởi, Tây Hồ, Hà Nội",42071543
"Bán nhanh - Căn Hiếm còn lại: Bcons Green View 51m2, 2PN 2WC, chỉ 1 tỷ 660 sổ đỏ sẵn, sẵn NTCB","1,66 tỷ",51 m²,2,2,"Dĩ An, Bình Dương","Bcons Green View, Quốc lộ 1K, Đông Hòa, Dĩ An, Bình Dương",42580195
"Bán nhà mỗ lao hà đông, lô góc kinh doanh , xây tòa văn phòng 80m giá 19x","19,3 tỷ",80 m²,N/A,N/A,"Hà Đông, Hà Nội","Khu đô thị Mỗ Lao, Mỗ Lao, Hà Đông, Hà Nội",42162989
"Mặt tiền Nguyễn Sơn, ngang 4x14 nhỉnh 8 tỷ, Quận Tân Phú",Giá thỏa thuận,56 m²,1,1,"Tân Phú, Hồ Chí Minh","Đường Nguyễn Sơn, Phường Phú Thọ Hòa, Tân Phú, Hồ Chí Minh",42472179
"CHCC Việt Hưng 89m2 3PN, 2WC có thang máy, tầng trung thoáng mát giá 3,950 tỷ","3,95 tỷ",89 m²,3,2,"Long Biên, Hà Nội","Dự án Việt Hưng, Phường Giang Biên, Long Biên, Hà Nội",42315810
Chuyên CH Masteri Thảo Điền - cam kết báo giá thật - bao giá thấp nhất thị trường - hỗ trợ vay 80%,Giá thỏa thuận,74 m²,2,2,"Quận 2, Hồ Chí Minh","Dự án Masteri Thảo Điền, Đường Xa Lộ Hà Nội, Phường Thảo Điền, Quận 2, Hồ Chí Minh",38623445
"Cần bán mảnh đất 423m2 gần chợ Đông Tảo mặt tiền 24m giá đầu tư, LH 0961 694 ***","8,2 tỷ",423 m²,N/A,N/A,"Khoái Châu, Hưng Yên","Xã Đông Tảo, Khoái Châu, Hưng Yên",42531575
"Nền góc sổ cá nhân ngay chung cư D1, DT: 308.2m2 (12x20m) đường 10m, khu đông đúc, sầm uất","12,95 tỷ","308,2 m²",N/A,N/A,"Quận 8, Hồ Chí Minh","Đường Phạm Thế Hiển, Phường 7, Quận 8, Hồ Chí Minh",40728984
"Bán nhanh nửa sàn căn hộ Sài Gòn Pearl Sapphire 1 căn lớn thông tường 4 căn, DT 480m2",33 tỷ,480 m²,N/A,N/A,"Bình Thạnh, Hồ Chí Minh","Saigon Pearl, 92, Đường Nguyễn Hữu Cảnh, Phường 22, Bình Thạnh, Hồ Chí Minh",39600782
"Bán nhà nát tại Bùi Thị Xuân, giá 4,5 tỷ/42m2, giá ưu đãi, sổ riêng, XDTD, thổ cư 100%, bớt lộc",Giá thỏa thuận,63 m²,1,1,"Tân Bình, Hồ Chí Minh","Đường Bùi Thị Xuân, Phường 1, Tân Bình, Hồ Chí Minh",42468943
"Bán nhà Bằng A Bằng Liệt, Hoàng Liệt, Hoàng Mai, HN 35m2 x 4 tầng nhà LH 0983 860 ***","4,25 tỷ",35 m²,4,3,"Hoàng Mai, Hà Nội","Đường Bằng Liệt, Phường Hoàng Liệt, Hoàng Mai, Hà Nội",40770404
Cần bán căn nhà phố vịnh đảo Sky Oasis 104m2 giá 25.5 tỷ Lh 0961 694 ***,"25,5 tỷ",104 m²,4,4,"Văn Giang, Hưng Yên","Dự án Ecopark, Đường Trúc, Xã Xuân Quan, Văn Giang, Hưng Yên",42555972
"Bán đất MT đường Bầu Năng 12 Liên Chiểu, Đà Nẵng. 100m2. 4tỷ2x cách biển 1.5km, view công viên đẹp","4,25 tỷ",100 m²,N/A,N/A,"Liên Chiểu, Đà Nẵng","Đường Bầu Năng 12, Phường Hòa Minh, Liên Chiểu, Đà Nẵng",42495786
"Cần bán căn 2 phòng ngủ Sky Forest 74m2 giá 3.8 tỷ, LH 0961 694 ***","3,8 tỷ",74 m²,2,2,"Văn Giang, Hưng Yên","Dự án Sky Forest Residences , Xã Xuân Quan, Văn Giang, Hưng Yên",42568504
Cần tiền bán nhanh 316 m2 lô góc Yên Bình mặt tiền hậu hơn 10m giá rẻ,Giá thỏa thuận,316 m²,N/A,N/A,"Thạch Thất, Hà Nội","Xã Yên Bình, Thạch Thất, Hà Nội",42430476
"Bán nhà P.6, Quận 3 MT đường Võ Thị Sáu giáp NKKN, hầm 3 tầng giá 250 tỷ, 19x30m",250 tỷ,570 m²,N/A,N/A,"Quận 3, Hồ Chí Minh","Đường Võ Thị Sáu, Phường 6, Quận 3, Hồ Chí Minh",39600825
Chính chủ cần bán 3 ngủ 2 vs tòa HH Linh Đàm,"2,4 tỷ",82 m²,3,N/A,"Hoàng Mai, Hà Nội","Dự án HH2 Linh Đàm, Phường Hoàng Liệt, Hoàng Mai, Hà Nội",41609453
"Bán nhà 7 tầng 40m2 - phố Quan Hoa, Cầu Giấy - giá 14.7 tỷ (ôtô vào nhà, 15m ra mặt phố)","14,7 tỷ",40 m²,3,6,"Cầu Giấy, Hà Nội","Đường Quan Hoa, Phường Quan Hoa, Cầu Giấy, Hà Nội",42544257
"Cần bán căn 2 phòng ngủ Onsen ban công Đông Nam giá 4.68 tỷ, LH 0961 694 ***","4,68 tỷ",65 m²,2,2,"Văn Giang, Hưng Yên","Dự án Swan Lake Onsen, Xã Xuân Quan, Văn Giang, Hưng Yên",42569166
Cần bán căn biệt thự đảo Ecopark 300m2 giá 6x tỷ bao phí LH 0961 694 ***,65 tỷ,300 m²,4,4,"Văn Giang, Hưng Yên","Dự án Ecopark Grand, Xã Xuân Quan, Văn Giang, Hưng Yên",42470621
Cần bán căn 3 ngủ khu Skyforest 91m2 view biệt thự đảo giá 5.8 tỷ bao phí LH 0961 694 ***,"5,8 tỷ",91 m²,3,2,"Văn Giang, Hưng Yên","Dự án Sky Forest Residences , Xã Xuân Quan, Văn Giang, Hưng Yên",42463476
Bán nhà lớn mặt tiền Nguyễn Hữu Cảnh đối diện Landmark 81 - Bình Thạnh. DT 20 x 40m nở hậu 36m,440 tỷ,1.050 m²,N/A,N/A,"Bình Thạnh, Hồ Chí Minh","Đường Nguyễn Hữu Cảnh, Phường 22, Bình Thạnh, Hồ Chí Minh",39600864
"Căn hộ 91m2 tại Vung Tau Centre Point, thanh toán 4,3 tỷ, 3PN, 2WC chính sách tốt","4,3 tỷ",91 m²,3,2,"Vũng Tàu, Bà Rịa Vũng Tàu","Vung Tau Centre Point, Đường Nguyễn Hữu Cảnh, Phường Nguyễn An Ninh, Vũng Tàu, Bà Rịa Vũng Tàu",42507737
Bán biệt thự 135m2 tại VSIP Từ Sơn Bắc Ninh,"8,7 tỷ",135 m²,N/A,N/A,"Từ Sơn, Bắc Ninh","Dự án Centa City, Đường Hữu Nghị, Phường Phù Chẩn, Từ Sơn, Bắc Ninh.",42539241
"Hiếm! Nhà cực đẹp 35m2x6T thang máy. Đầy đủ nội thất, cách phố 50m phố Thụy Khuê, Hoàng Hoa Thám","7,38 tỷ",35 m²,4,5,"Tây Hồ, Hà Nội","Đường Thụy Khuê, Phường Thụy Khuê, Tây Hồ, Hà Nội",42497106
"Chính chủ tôi bán căn hộ Vườn Xuân - 71 Nguyễn Chí Thanh - 76,1m2 có 2 phòng ngủ full đồ","5,3 tỷ","76,1 m²",2,1,"Đống Đa, Hà Nội","Dự án Vườn Xuân - 71 Nguyễn Chí Thanh, Đường Nguyễn Chí Thanh, Phường Láng Hạ, Đống Đa, Hà Nội",42234465
"Bán nhanh chung cư Việt Hưng 75m 2PN/1WC ban công Đông Nam giá 3,15 tỷ","3,15 tỷ",75 m²,2,1,"Long Biên, Hà Nội","Dự án Việt Hưng, Phường Đức Giang, Long Biên, Hà Nội",38422895
"Bán gấp nhà phố full nội thất tại KĐT Lakeview City DT 5X20m 1 trệt 3 lầu giá 19,3 tỷ LH 0902 872 ***","19,3 tỷ",100 m²,4,5,"Quận 2, Hồ Chí Minh","Lakeview City, Đường Song Hành, Phường An Phú, Quận 2, Hồ Chí Minh",42482030
"Bán nhà phân lô La Khê, Hà Đông, view triệu đô, 2 MT ô tô, 45m2 đường hoa Phong Linh, vị trí đẹp","7,2 tỷ",45 m²,N/A,N/A,"Hà Đông, Hà Nội","Đường Tố Hữu, Phường La Khê, Hà Đông, Hà Nội",42580138
"Chính chủ bán hơn 2000m2 đất xã Trung An, Huyện Củ Chi, sổ đỏ riêng","5,5 tỷ",2.250 m²,N/A,N/A,"Củ Chi, Hồ Chí Minh","Xã Trung An, Củ Chi, Hồ Chí Minh",39750499
Siêu phẩm căn góc 62 m2 view hồ tại chung cư Hateco Xuân Phương giá chỉ 3.75 tỷ sổ đỏ trao tay,"3,75 tỷ",62 m²,3,2,"Nam Từ Liêm, Hà Nội","Dự án Hateco Apollo, Đường 70, Phường Phương Canh, Nam Từ Liêm, Hà Nội",42309494
"Vị trí siêu đẹp - 2MT Lê Quang Định, Bình Thạnh - 12x35m - 2 tầng - HĐT 200 triệu - giá 85 tỷ",85 tỷ,420 m²,N/A,N/A,"Bình Thạnh, Hồ Chí Minh","Đường Lê Quang Định, Phường 11, Bình Thạnh, Hồ Chí Minh",42560615
"Bán lô đất MT Chính Hữu sát Loseby DT 130m2, ngang 5m","9,6 tỷ",130 m²,N/A,N/A,"Sơn Trà, Đà Nẵng","Đường Chính Hữu, Phường An Hải Bắc, Sơn Trà, Đà Nẵng",42231008
Bán nhanh studio suất đầu tư siêu hời khai thác ngay,"1,62 tỷ",30 m²,1,1,"Quận 9, Hồ Chí Minh","Dự án The Beverly Solari - Vinhomes Grand Park, Phường Long Bình, Quận 9, Hồ Chí Minh",42181861
"Bán nhà HXH Sư Vạn Hạnh, P12, Q10 DT: 3.x14m 3tầng mới giá chỉ 12 tỷ bớt lộc",12 tỷ,42 m²,N/A,N/A,"Quận 10, Hồ Chí Minh","Đường Sư Vạn Hạnh, Phường 10, Quận 10, Hồ Chí Minh",42573103
"Bán gấp căn nhà phố Nguyễn Sơn - Bồ Đề, 83m2, đường rộng 2 ôtô tránh kinh doanh đa ngành nghề","20,5 tỷ",83 m²,N/A,N/A,"Long Biên, Hà Nội","158, Đường Nguyễn Sơn, Phường Bồ Đề, Long Biên, Hà Nội",38064589
"BÁN GẤP CĂN HỘ RIVERSIDE RESIDENCE, NHÀ ĐẸP, VIEW SÔNG.","13,5 tỷ",130 m²,4,3,"Quận 7, Hồ Chí Minh","Riverside Residence, Nguyễn Lương Bằng, Tân Phú, Quận 7, Hồ Chí Minh",42476040
Bán gấp đất mặt phố Chính Trung Trâu Quỳ/DT:110m2 /MT:7m/ đường 16m/ giá :160tr/m2/ kinh doanh đep,"17,6 tỷ",110 m²,N/A,N/A,"Gia Lâm, Hà Nội","Đường Chính Trung, Thị trấn Trâu Quỳ, Gia Lâm, Hà Nội",41570003
"Hiếm! Nhà cực đẹp 35m2x6T thang máy. Đầy đủ nội thất, cách mặt phố 50m phố Văn Cao, Hoàng Hoa Thám.","7,48 tỷ",35 m²,4,5,"Ba Đình, Hà Nội","Đường Văn Cao, Phường Liễu Giai, Ba Đình, Hà Nội",42496704
"Quỹ hot Shophouse Đại Lộ Hừng Đông 75-90-98-167 mặt tiền 5m, trục đường 25m thông QL5A và QL5B",11 tỷ,75 m²,6,6,"Văn Giang, Hưng Yên","Dự án The Crown - Vinhomes Ocean Park 3, Xã Nghĩa Trụ, Văn Giang, Hưng Yên",42091663
"Bán nhà Nguyễn Thị Định, Mazda CX5 vào nhà, gần hồ, 47m2, 6 tầng, giá 18.3 tỷ","18,3 tỷ",52 m²,N/A,N/A,"Cầu Giấy, Hà Nội","Đường Nguyễn Thị Định, Phường Trung Hòa, Cầu Giấy, Hà Nội",42562066
"Bán mặt phố Hàng Điếu, quận HK. DT 55m2 x 4T MT 4,8m, gần chợ Hàng Da, hồ Hoàn Kiếm","40,5 tỷ",55 m²,N/A,N/A,"Hoàn Kiếm, Hà Nội","Phố Hàng Điếu, Phường Hàng Bông, Hoàn Kiếm, Hà Nội",42117843
"Toà nhà VP, Cầu Giấy, quá hiếm, 270m2*8 tầng thang máy, MT siêu rộng trên 10m, đủ GPXD, hoàn công",135 tỷ,270 m²,N/A,N/A,"Cầu Giấy, Hà Nội","Phố Nghĩa Đô, Phường Nghĩa Đô, Cầu Giấy, Hà Nội",42478001
"Chỉ 3,1x tỷ lô đất thổ cư 44m2 tặng kèm 14m2 lưu không tại xã An Thượng",Giá thỏa thuận,44 m²,N/A,N/A,"Hoài Đức, Hà Nội","Xã An Thượng, Hoài Đức, Hà Nội",42560537
"Căn góc 2PN + 1 ban công Đông Nam siêu đẹp, chỉ có 1 căn duy nhất","3,25 tỷ",75 m²,2,2,"Ngũ Hành Sơn, Đà Nẵng","Dự án FPT Plaza 3, Đường Hoàng Minh Thắng, Phường Hòa Hải, Ngũ Hành Sơn, Đà Nẵng",42467705
"Bán nhà đẹp (5,5 x 10) 2 tầng - quận 1 - giá 7,8 tỷ","7,8 tỷ",55 m²,2,3,"Quận 1, Hồ Chí Minh","Đường Trần Hưng Đạo, Phường Cầu Kho, Quận 1, Hồ Chí Minh",42564200
"Cực hiếm căn góc chung cư Việt Hưng 87m2 3PN/2WC ban công Đông Nam giá 3,99 tỷ","3,99 tỷ",87 m²,3,2,"Long Biên, Hà Nội","Dự án Việt Hưng, Phường Đức Giang, Long Biên, Hà Nội",39105046
"Bán Gấp CC The CBD Premium Home, 3 PN, 2 WC 2,5 tỷ, 80m2, view đẹp tại Đồng Văn Cống, Quận 2","2,5 tỷ",80 m²,3,2,"Quận 2, Hồ Chí Minh","The CBD Premium Home, Đường Đồng Văn Cống, Phường Thạnh Mỹ Lợi, Quận 2, Hồ Chí Minh",42466582
"Bán CHCC mini Thanh Xuân, bagac đỗ, 2 thoáng, 45m*6T*10Ph KK full đồ, thang máy, SDCC",10 tỷ,45 m²,10,10,"Thanh Xuân, Hà Nội","Đường Nguyễn Trãi, Phường Khương Đình, Thanh Xuân, Hà Nội",40694199
"Căn nhà tuyệt đẹp hiện đại, ngõ xe hơi vào thoải mái, thanh bình và cực kỳ tiện lợi",49 tỷ,143 m²,4,6,"Tây Hồ, Hà Nội","Đường Đặng Thai Mai, Phường Quảng An, Tây Hồ, Hà Nội",42310173
"Bán nhà riêng tại Cách Mạng Tháng Tám, 9 tỷ, ô tô đến cửa (60m2) 3 tầng",9 tỷ,60 m²,3,3,"Quận 3, Hồ Chí Minh","Đường Cách Mạng Tháng Tám, Phường 11, Quận 3, Hồ Chí Minh",42563365
"Bán gấp đất nghỉ dưỡng 3000m2, view cao, đất nở hậu, thích hợp nghỉ dưỡng, đầu tư sinh lời",Giá thỏa thuận,3.000 m²,N/A,N/A,"Thạch Thất, Hà Nội","Xã Tiến Xuân, Thạch Thất, Hà Nội",42074249
"Nhà 1 lầu mặt tiền đường Nguyễn Du, P7, Quận - GV","11,65 tỷ",67 m²,3,2,"Gò Vấp, Hồ Chí Minh","Đường Nguyễn Du, Phường 7, Gò Vấp, Hồ Chí Minh",40174535
"Quá đẹp! TT đường Cầu Giấy, xây mới 91m2*6T*20p KK, full đồ, ngõ nông, đủ GPXD & PCCC, SĐCC đẹp",Giá thỏa thuận,91 m²,20,20,"Cầu Giấy, Hà Nội","Đường Cầu Giấy, Phường Quan Hoa, Cầu Giấy, Hà Nội",41412019
"Cực hiếm căn hộ chung cư sát Việt Hưng 52m2 2PN, 1WC thoáng mát giá 2,55 tỷ","2,55 tỷ",52 m²,2,1,"Long Biên, Hà Nội","Dự án Việt Hưng, Phường Giang Biên, Long Biên, Hà Nội",42291428
"Bán liền kề, biệt thự Vinhomes Đan Phượng, diện tích 88m2, 96m2, Đa tiện ích, chiết khấu cao",22 tỷ,88 m²,N/A,N/A,"Đan Phượng, Hà Nội","Dự án Vinhomes Wonder Park, Xã Tân Hội, Đan Phượng, Hà Nội",41808695
SỞ HỮU 14.500M² BIỆT THỰ VƯỜN NGHỈ DƯỠNG CẠNH ĐƯỜNG VÀNH ĐAI 5 & KHU NGHỈ DƯỠNG LỚN NHẤT LƯƠNG SƠN!,Giá thỏa thuận,9.000 m²,N/A,N/A,"Lương Sơn, Hòa Bình","Xã Liên Sơn, Lương Sơn, Hòa Bình",42511301
Conic Boulevard căn 2PN - 85m2 thanh toán 15% nhận nhà ở ngay - hỗ trợ 0% lãi vay trong 18 tháng,"2,95 tỷ",85 m²,2,2,"Bình Chánh, Hồ Chí Minh","Dự án Conic Boulevard, Đường Huỳnh Bá Chánh, Xã Tân Kiên, Bình Chánh, Hồ Chí Minh",41378245
"Tòa CHDV Cầu Giấy, mới 55m2*6T*15p KK, TM, full đồ, logoc, ngõ thoáng, 50m ôtô tránh, PCCC & GPXD",Giá thỏa thuận,55 m²,15,15,"Cầu Giấy, Hà Nội","Đường Hạ Yên Quyết, Phường Yên Hòa, Cầu Giấy, Hà Nội",38643927
Cách thị trấn Châu Thành chỉ 5p bán gấp lô đất 820m2(14x58)ngay DT781 cạnh trường THCS sổ hồng,790 triệu,820 m²,N/A,N/A,"Châu Thành, Tây Ninh","Xã Thành Long, Châu Thành, Tây Ninh",42311191
"Bán căn góc 2 mặt tiền quận 1 hẻm xe tải 5 mét . Chiều ngang 10 mét, nhà 3 tầng. Giá chỉ 9,8 tỷ","9,8 tỷ",50 m²,3,3,"Quận 1, Hồ Chí Minh","Đường Trần Hưng Đạo, Phường Cầu Kho, Quận 1, Hồ Chí Minh",42551146
"Dương Văn Bé - Hai Bà Trưng. Siêu phẩm gần phố ngõ rộng,hàng xóm TimeCyti.Ở sướng, xây CCMN cực đẹp","12,6 tỷ",120 m²,N/A,N/A,"Hai Bà Trưng, Hà Nội","Đường Dương Văn Bé, Phường Vĩnh Tuy, Hai Bà Trưng, Hà Nội",42573150
Chính chủ bán nhanh lô đất ở Hương Mạc - Từ Sơn diện tích 56m2,"1,1 tỷ",56 m²,N/A,N/A,"Từ Sơn, Bắc Ninh","Phường Hương Mạc, Từ Sơn, Bắc Ninh",42505602
MẶT PHỐ ĐƯỜNG LÁNG - VỈA HÈ KINH DOANH - MỘT MẶT PHỐ - MỘT MẶT NGÕ OTO - THANG MÁY,27 tỷ,45 m²,4,5,"Đống Đa, Hà Nội","Phường Láng Thượng, Đống Đa, Hà Nội",42580049
Chỉ 4950 triệu nhận ngay căn 3ng full nội thất tại trung tâm Mỹ Đình sổ đỏ trao tay LH: 0973 351 ***,"4,95 tỷ",85 m²,3,2,"Nam Từ Liêm, Hà Nội","Mỹ Đình I, Đường Trần Hữu Dực, Phường Cầu Diễn, Nam Từ Liêm, Hà Nội",42506892
"Bán nhà mặt phố An Dương Vương, 13,9 tỷ, 50m2, giá tốt, Tây Hồ, Hà Nội","13,9 tỷ",50 m²,N/A,N/A,"Tây Hồ, Hà Nội","Đường An Dương Vương, Phường Phú Thượng, Tây Hồ, Hà Nội",41995988
Mặt tiền Cityland Trần Thị Nghỉ (5x20m) - 1 trệt - 4 lầu,23 tỷ,100 m²,6,5,"Gò Vấp, Hồ Chí Minh","Dự án Cityland Center Hills, Đường Nguyễn Oanh, Phường 7, Gò Vấp, Hồ Chí Minh",42032863
Nhà mới dân xây thiết kế 4pn thoáng mát trung tâm P Thạch Bàn,"7,2 tỷ",50 m²,4,4,"Long Biên, Hà Nội","Đường Thạch Bàn, Phường Thạch Bàn, Long Biên, Hà Nội",42580164
"(Chính chủ). Tôi cần bán tòa vp, phố Hoàng Ngân, Q Cầu Giấy, DT 420m2 x 10 T, MT 17 m, giá 250 tỷ",250 tỷ,420 m²,N/A,N/A,"Cầu Giấy, Hà Nội","Đường Hoàng Ngân, Phường Trung Hòa, Cầu Giấy, Hà Nội",41761949
"Biệt thự khu vực Láng Hạ, Hà Nội 124m2, 5 tầng, MT 12,4m, giá 75 tỷ",75 tỷ,124 m²,3,3,"Ba Đình, Hà Nội","Phố Láng Hạ, Phường Thành Công, Ba Đình, Hà Nội",41047846
"Bán nhà nhỏ nhỏ xinh xinh ở Trần Bình Trọng, Bình Thạnh/ SHR",Giá thỏa thuận,"18,55 m²",2,2,"Bình Thạnh, Hồ Chí Minh","Đường Trần Bình Trọng, Phường 5, Bình Thạnh, Hồ Chí Minh",42546749
"Bán nhà Khuyến Lương 31m2, 5 tầng, oto đỗ cửa, ở + kinh doanh nhỏ, View công viên, 4.85 tỷ","4,85 tỷ",31 m²,3,3,"Hoàng Mai, Hà Nội","Đường Khuyến Lương, Phường Trần Phú, Hoàng Mai, Hà Nội",40758266
Bán nhà phố Ngụy Như Kon Tum 75.2m2* 6 tầng thang máy. Hoàn thiện đẹp vị trí kinh doanh chỉ 28 tỷ,28 tỷ,"75,2 m²",5,5,"Thanh Xuân, Hà Nội","Phố Ngụy Như Kon Tum, Phường Nhân Chính, Thanh Xuân, Hà Nội",42542916
"Bán cả căn nhà 6 tầng, thang máy, hầm để xe view tuyệt đẹp, 2 mặt phố và đi lại thuận tiện",135 tỷ,420 m²,6,7,"Tây Hồ, Hà Nội","Đường Âu Cơ, Phường Nhật Tân, Tây Hồ, Hà Nội",40279209
Nhà phố khu Cityland Park Hills Lotte Mart (5x20m) đang cho thuê 42tr/tháng,"16,3 tỷ",100 m²,8,5,"Gò Vấp, Hồ Chí Minh","Dự án CityLand Park Hills, Đường Phan Văn Trị, Phường 10, Gò Vấp, Hồ Chí Minh",38794727
Căn hộ 1PN + quỹ căn ngoại giao + view biển + pháo hoa,"2,9 tỷ",46 m²,1,N/A,"Ngũ Hành Sơn, Đà Nẵng","Dự án Newtown Diamond Đà Nẵng , Đường Trường Sa, Phường Hòa Hải, Ngũ Hành Sơn, Đà Nẵng",42554758
"Bán đất tại Đông Dư, Bát Tràng, Gia Lâm, Hà Nội, 3,9 tỷ, 86m2, giá cực chất hot","3,9 tỷ",86 m²,N/A,N/A,"Gia Lâm, Hà Nội","Đường Đông Dư, Xã Bát Tràng, Gia Lâm, Hà Nội",42531494
"Nhà TK đẹp như trong tranh, ngõ Tam Trinh, 4 tầng, cách mặt phố 80m, 45m2, 5 tỷ",5 tỷ,45 m²,3,3,"Hoàng Mai, Hà Nội","Đường Tam Trinh, Phường Yên Sở, Hoàng Mai, Hà Nội",39578676
"Cần trả nợ ngân hàng bán gấp căn nhà đường Xô Viết Nghệ Tĩnh, quận Bình Thạnh. Giá 4tỷ850. SHR","4,85 tỷ",28 m²,2,2,"Bình Thạnh, Hồ Chí Minh","Đường Xô Viết Nghệ Tĩnh, Phường 21, Bình Thạnh, Hồ Chí Minh",41551395
"Chính chủ bán căn hộ chung cư The Zenpark 2,73 tỷ, 49 m2","2,73 tỷ",49 m²,1,1,"Gia Lâm, Hà Nội","Dự án The Zenpark, Đường Đông Dư, Thị trấn Trâu Quỳ, Gia Lâm, Hà Nội",42507716
"CHDV Mỹ Đình xây mới 50m2x7T 12P KK, TM, 2 thoáng, oto đỗ cửa, GPXD & PCCC đầy đủ. dòng tiền khủng",12 tỷ,50 m²,12,12,"Nam Từ Liêm, Hà Nội","đường Mỹ Đình, Phường Mỹ Đình 1, Nam Từ Liêm, Hà Nội",39355200
"Nhà 2 lầu HXH, đường Hồng Lạc, P.11, quận - TB","8,9 tỷ",61 m²,5,5,"Tân Bình, Hồ Chí Minh","Đường Hồng Hạc, Phường 11, Tân Bình, Hồ Chí Minh",41196178
Chính chủ cần bán gấp lô đất Hiệp Bình Chánh. 90m2/SHR LH: 0931 641 ***,Giá thỏa thuận,90 m²,N/A,N/A,"Thủ Đức, Hồ Chí Minh","Phường Hiệp Bình Chánh, Thủ Đức, Hồ Chí Minh",42503988
"HÀNG HIẾM PHỐ TRẦN DUY HƯNG 27,3TỶ _11TẦNG _MT/7M _DÒNG TIỀN 150TR/THÁNG_20M RA MẶT PHỐ _VÍP","27,3 tỷ",90 m²,20,20,"Cầu Giấy, Hà Nội","Đường Trần Duy Hưng, Phường Trung Hòa, Cầu Giấy, Hà Nội",42572510
"Bán nhà K347 Cách Mạng Tháng 8, Hoà Thọ Đông, Cẩm Lệ, Đà Nẵng. Cách đường chính 50m","2,5 tỷ",55 m²,2,2,"Cẩm Lệ, Đà Nẵng","K347 Cách Mạng Tháng Tám, Phường Hòa Thọ Đông, Cẩm Lệ, Đà Nẵng",42562567
"Bán nhà mặt hồ Quảng An, Tây Hồ 300m2 đường ô tô view thoáng vĩnh viễn, giá 50 tỷ",50 tỷ,300 m²,5,5,"Tây Hồ, Hà Nội","Đường Âu Cơ, Phường Quảng An, Tây Hồ, Hà Nội",42363402
"Bán nhà xưởng, Quận 12, Hồ Chí Minh. Long An mặt tiền Phường Hiệp Thành",12 tỷ,232 m²,N/A,5,"Quận 12, Hồ Chí Minh","Đường Hiệp Thành 26, Phường Hiệp Thành, Quận 12, Hồ Chí Minh",42435812
"Chính chủ bán căn hộ tại Riverside Garden giá tốt chỉ 5 tỷ, 70m2, 2pn, 2PT",5 tỷ,70 m²,2,2,"Thanh Xuân, Hà Nội","Dự án Riverside Garden, Phố Vũ Tông Phan, Phường Khương Đình, Thanh Xuân, Hà Nội",41365918
"Chung cư Việt Hưng 84m2 3PN/2WC nhà đẹp về ở ngay giá 3,9 tỷ","3,9 tỷ",84 m²,4,2,"Long Biên, Hà Nội","Dự án Việt Hưng, Phường Giang Biên, Long Biên, Hà Nội",42337265
"(Chính chủ) cần bán toà KS phố Hàng Buồm, Q Hoàn Kiếm, Hn, DT 330 m2 x 7,5T, MT 10m, giá 252 tỷ",252 tỷ,350 m²,48,N/A,"Hoàn Kiếm, Hà Nội","Phố Hàng Buồm, Phường Hàng Buồm, Hoàn Kiếm, Hà Nội",41481966
"Vị trí vàng ngay trung tâm 1 trục Hoàng Hoa Thám P. 5 Bình Thạnh, 4.2x20m, 4 tầng đúc - nhỉnh 12tỷ","12,8 tỷ",80 m²,7,7,"Bình Thạnh, Hồ Chí Minh","Đường Hoàng Hoa Thám, Phường 5, Bình Thạnh, Hồ Chí Minh",41672638
"Bán Đất Nền Dự Án tại Phú Xuân Cảng Sài Gòn, 55 triệu / m2, 117.5 m2, view đẹp","6,46 tỷ","117,5 m²",N/A,N/A,"Nhà Bè, Hồ Chí Minh","Phú Xuân Cảng Sài Gòn, Đường Huỳnh Tấn Phát, Xã Phú Xuân, Nhà Bè, Hồ Chí Minh",42580093
"Chính chủ: Bán mảnh đất DT 222m2, MT gần 10m tạI Hòa Thạch - Quốc Oai. Giá 16,5 tr/m2","3,66 tỷ",222 m²,N/A,N/A,"Quốc Oai, Hà Nội","Xã Hòa Thạch, Quốc Oai, Hà Nội",42561866
Cần bán gấp 2 căn officetel Asiana Capella,Giá thỏa thuận,33 m²,N/A,N/A,"Quận 6, Hồ Chí Minh","Dự án Asiana Capella, Đường Trần Văn Kiểu, Phường 10, Quận 6, Hồ Chí Minh",38493520
"Cần bán lô đất đường Bưng Ông Thoàn quận 9 gần Villa Park. DT 50m ngang 4m giá chỉ 3,95 tỷ.","3,95 tỷ","50,2 m²",N/A,N/A,"Quận 9, Hồ Chí Minh","Đường Bưng Ông Thoàn, Phường Phú Hữu, Quận 9, Hồ Chí Minh",42580091
"Bán nhà Tam Trinh, ô tô đỗ cổng, 30m ra phố, thiết kế đẹp, 5 ngủ, 36/65m2, 5.98 tỷ","5,98 tỷ",65 m²,5,4,"Hoàng Mai, Hà Nội","Đường Tam Trinh, Phường Yên Sở, Hoàng Mai, Hà Nội",41997944
Bán lô đất 200m2 ngang 10m thổ cư 100% đường Cao Bá Quát phường Dĩ An,7 tỷ,200 m²,N/A,N/A,"Dĩ An, Bình Dương","Đường Cao Bá Quát, Phường Dĩ An, Dĩ An, Bình Dương",42580088
"VẠN PHÚC, HÀ ĐÔNG Ô TÔ NGỦ TRONG NHÀ 45M 10.3 TỶ SỔ NỞ HẬU 2 THOÁNG TRƯỚC SAU","10,3 tỷ",45 m²,N/A,N/A,"Hà Đông, Hà Nội","Phường Vạn Phúc, Hà Đông, Hà Nội",42512212
"Phân Lô phố Lạc Trung, nhà dân 6 tầng, mặt tiền 6m cực đẹp phù hợp mọi loại hình",24 tỷ,80 m²,7,6,"Hai Bà Trưng, Hà Nội","Phố Lạc Trung, Phường Vĩnh Tuy, Hai Bà Trưng, Hà Nội",42510991
"Bán đất Vạn Phước, 1,25 tỷ, 189,6 m2, giá tốt","1,25 tỷ","189,6 m²",N/A,N/A,"Vạn Ninh, Khánh Hòa","Xã Vạn Phước, Vạn Ninh, Khánh Hòa",42563353
"Chính chủ: Bán gấp lô đất 329m2 gần trục chính Phú Mãn Quốc Oai Hà Nội. Giá 8,9tr/m2, có gia lộc","2,93 tỷ",329 m²,N/A,N/A,"Quốc Oai, Hà Nội","Xã Phú Mãn, Quốc Oai, Hà Nội",42539092
"Bán Nhà mới 100%, 58.6m2, 3PN, 4WC, 1T2L, đường 9m, KDC Đ. Long Thuận, gần Vinhomes Quận 9","4,3 tỷ","58,6 m²",3,3,"Quận 9, Hồ Chí Minh","Đường Long Thuận, Phường Long Phước, Quận 9, Hồ Chí Minh",42160098
"Chính chủ bán đất đấu giá X1 Đông Hội, Mai Lâm, Đông Anh, gần Vinhomes Cổ Loa. Kinh doanh sầm uât",12 tỷ,80 m²,N/A,N/A,"Đông Anh, Hà Nội","Thôn Đông Hội, Xã Mai Lâm, Đông Anh, Hà Nội",42500331
"Đất đường betong 6m Cẩm Châu, song song MT Cửa Đại","2,2 tỷ",90 m²,N/A,N/A,"Hội An, Quảng Nam","Đường Nguyễn Trãi, Phường Cẩm Châu, Hội An, Quảng Nam",42438654
"Siêu hiếm CHCC Việt Hưng 150m 4 phòng ngủ ban công Đông Nam giá 6,45 ỷ","6,5 tỷ",150 m²,4,2,"Long Biên, Hà Nội","Khu đô thị Việt Hưng, Giang Biên, Long Biên, Hà Nội",42155792
"ĐỘC QUYỀN! QUỸ NGOẠI GIAO CĐT MELODY LINH ĐÀM CHỈ 54TR/M2,CHIẾT KHẤU 8%,TẶNG 1 CÂY VÀNG,VIEW HỒ ĐẸP","3,6 tỷ",68 m²,2,2,"Hoàng Mai, Hà Nội","Dự án Hà Nội Melody Residences, Đường Bằng Liệt, Phường Hoàng Liệt, Hoàng Mai, Hà Nội",
"BÁN ĐẤT NỀN 180M2 TẠI NGUYỄN VĂN KÝ, LONG PHƯỚC, LONG THÀNH, ĐỒNG NAI, GIÁ ƯU ĐÃI 2,8 TỶ","2,8 tỷ",180 m²,N/A,N/A,"Long Thành, Đồng Nai","Đường Nguyễn Văn Ký, Xã Long Phước, Long Thành, Đồng Nai",
BÁN CẶP CĂN SIÊU VIP ĐẠI LỘ SAN HÔ VINHOMES OCEAN PARK 2,61 tỷ,300 m²,N/A,N/A,"Văn Giang, Hưng Yên","Dự án The Empire - Vinhomes Ocean Park 2, Xã Long Hưng, Văn Giang, Hưng Yên",
"MỞ BÁN QUỸ CĂN VỊ TRÍ ĐẸP VÀ GIÁ RẺ NHẤT, KHÁCH HÀNG LIÊN HỆ SỚM ĐỂ CHỌN CĂN ƯNG Ý","19,5 tỷ",75 m²,N/A,N/A,"Đông Anh, Hà Nội","Dự án Vinhomes Cổ Loa, Đường Cổ Loa, Xã Đông Hội, Đông Anh, Hà Nội",
ĐƠN GIÁ TỪ 148TR/M2 ĐẾN 160TR/M2. GỌI 0942 906 *** ĐỂ ĐƯỢC TƯ VẤN CHỌN ĐƯỢC CĂN ĐẸP VÀ GIÁ RẺ Ạ,Giá thỏa thuận,96 m²,N/A,N/A,"Đan Phượng, Hà Nội","Dự án Vinhomes Wonder City, Xã Tân Hội, Đan Phượng, Hà Nội",
"QUỸ CĂN NGOẠI GIAO VỊ TRÍ ĐẸP, GIÁ RẺ NHẤT DỰ ÁN, KÝ HĐ TRỰC TIẾP CĐT. LH: 0937 996 ***",19 tỷ,80 m²,N/A,N/A,"Đông Anh, Hà Nội","Vinhomes Cổ Loa, Đường Cổ Loa, Xã Đông Hội, Huyện Đông Anh, Hà Nội",
"TIN GIÁ THẬT. EM HIỆP CHUYÊN BÁN CĂN HỘ LUMIERE RIVERSIDE, QUẬN 2. ĐÃ CÓ SỔ HỒNG","8,9 tỷ","74,2 m²",2,2,"Quận 2, Hồ Chí Minh","Dự án Lumiere Riverside, Đường Võ Nguyên Giáp, Phường An Phú, Quận 2, Hồ Chí Minh",
"NHẬN NHÀ Ở HOẶC CHO THUÊ NGAY, CHIẾT KHẤU LÊN ĐẾN 12% GTCH. GIÁ TRỰC TIẾP TỪ CHỦ ĐẦU TƯ PHÚ ĐÔNG","2,72 tỷ","68,2 m²",2,2,"Dĩ An, Bình Dương","Dự án Phú Đông Sky Garden, Đường An Bình, Phường An Bình, Dĩ An, Bình Dương",
BÁN LÔ BIỆT THỰ 120M2 VIEW TRỰC DIỆN BỂ BƠI VÀ VƯỜN HOA KHU KHÉP KÍN BÌNH MINH AN NINH 24/24,Giá thỏa thuận,120 m²,N/A,N/A,"Đan Phượng, Hà Nội","Vinhomes Wonder City, Tân Hội, Đan Phượng, Hà Nội",
"CỰC SỐC! CĂN 2 PHÒNG NGỦ GIÁ RẺ ORIGAMI CHỈ 2,5 TỶ VIEW HỒ BƠI,NHÀ MỚI TINH,MUA TRỰC TIẾP CĐT","2,5 tỷ",59 m²,2,N/A,"Quận 9, Hồ Chí Minh","Dự án The Origami, Đường Phước Thiện, Phường Long Bình, Quận 9, Hồ Chí Minh",
"ĐỘC QUYỀN 10 CĂN TẦNG TRUNG VIEW HỒ, STUDIO - 1PN - 2PN-3PN, CHIẾT KHẤU NGAY 18,5% KÝ TRỰC TIẾP CĐT",Giá thỏa thuận,60 m²,2,2,"Đông Anh, Hà Nội","Dự án Imperia Cổ Loa, Xã Đông Hội, Đông Anh, Hà Nội",
"1PN-2PN-3PN VINHOMES Q9 CẮT LỖ 500-1.2 TỶ, CAM KẾT GIÁ RẺ HƠN 100 - 200TR LH 0931 896 *** XEM NHÀ","2,65 tỷ",60 m²,2,2,"Quận 9, Hồ Chí Minh","Dự án Vinhomes Grand Park, Phường Long Thạnh Mỹ, Quận 9, Hồ Chí Minh",
"(TIN THẬT) CỰC HIẾM, BÁN NHÀ QUẬN TÂN BÌNH, MT 6M, PHÂN LÔ VỈA HÈ, Ô TÔ TRÁNH, KHÔNG LỖI, XÂY CCMN","12,5 tỷ",121 m²,3,3,"Tân Bình, Hồ Chí Minh","Đường Phạm Văn Bạch, Phường 14, Tân Bình, Hồ Chí Minh",
"CHỦ CẦN BÁN LÔ GEM SKY WORLD VIEW CÔNG VIÊN, K LỖI PHONG THỦY, SỔ RIÊNG CÁ NHÂN THỔ CƯ 100%","2,15 tỷ",100 m²,N/A,N/A,"Long Thành, Đồng Nai","Xã Long Đức, Long Thành, Đồng Nai",
"BÁN CĂN 2N2VS 65M2, FULL ĐỒ, HƯỚNG ĐÔNG BẮC MÁT MẺ, GIÁ CHỈ 3.06 TỶ","3,06 tỷ",65 m²,2,2,"Gia Lâm, Hà Nội","Dự án Vinhomes Ocean Park Gia Lâm, Xã Dương Xá, Gia Lâm, Hà Nội",
"HOT! TỔNG HỢP RỔ HÀNG CHUYỂN NHƯỢNG SWANBAY MỚI NHẤT T3/2025, NHIỀU CĂN GIÁ TỐT NHẤT, VỊ TRÍ ĐẸP",18 tỷ,320 m²,3,3,"Nhơn Trạch, Đồng Nai","Dự án Swan Bay, Xã Đại Phước, Nhơn Trạch, Đồng Nai",
"BÁN ĐẤT NỀN KHU ĐÔ THỊ DIC VICTORY CITY, TRUNG TÂM TP VỊ THANH, HẬU GIANG, GIÁ CHỈ TỪ 10,5 TRIỆU/M2","997,5 triệu",95 m²,N/A,N/A,"Vị Thanh, Hậu Giang","Dự án DIC Victory City, Đường Đại lộ Võ Nguyên Giáp, Phường 4, Vị Thanh, Hậu Giang",
"BÁN CĂN HỘ CHUNG CƯ TẠI VINHOMES OCEAN PARK GIA LÂM, 2,48 TỶ, 48M2, HÀNG HIẾM GIÁ SIÊU HỜI","2,48 tỷ",48 m²,1,1,"Gia Lâm, Hà Nội","Dự án Vinhomes Ocean Park Gia Lâm, Xã Dương Xá, Gia Lâm, Hà Nội",
"MỞ BÁN PHÂN KHU DIAMOND, TT20% CÒN LẠI GÓP 3 NĂM 0% LS, LH EM ĐỂ CÓ ƯU ĐÃI TỐT NHẤT - 0935 686 ***","4,4 tỷ",85 m²,2,2,"Tân Phú, Hồ Chí Minh","Dự án Celadon City, Đường N1, Phường Sơn Kỳ, Tân Phú, Hồ Chí Minh",
"CHÍNH CHỦ BÁN LÔ SÁT FPT DT 143M2 GIÁ 3,9 TỶ LHCC 0905 696 ***","3,9 tỷ",143 m²,N/A,N/A,"Điện Bàn, Quảng Nam","KĐT số 3 Điện Nam Điện Ngọc, Phường Điện Ngọc, Điện Bàn, Quảng Nam",
CĐT MỞ BÁN 10 SUẤT ƯU TIÊN MUA BIỆT THỰ LIỀN KỀ 88 - 96 M2 CHIẾT KHẤU TỚI 22% GIÁ TỪ 150 TR/M2,Giá thỏa thuận,88 m²,4,Không có thông tin WC,"Đan Phượng, Hà Nội","Xã Tân Hội, Đan Phượng, Hà Nội",
"QUỸ CĂN NGOẠI GIAO HÀNG VIP VỊ TRÍ ĐẸP, GIÁ TỐT TẠI VINHOMES WONDER CITY, ĐAN PHƯỢNG.",Giá thỏa thuận,88 m²,Không có thông tin phòng ngủ,Không có thông tin WC,"Đan Phượng, Hà Nội","Xã Tân Hội, Đan Phượng, Hà Nội",
CENTA RIVERSIDE - ĐÔ THỊ SINGAPORE ĐẦU TIÊN TẠI ĐẤT VUA KINH BẮC - MỞ BÁN PHÂN KHU MỚI. GIÁ GỐC CĐT,"7,7 tỷ",120 m²,3,4,"Từ Sơn, Bắc Ninh","Hữu Nghị, Phù Chẩn, Từ Sơn, Bắc Ninh",
"QUỸ 15 CĂN NGOẠI GIAO KHU HỪNG ĐÔNG, BÌNH MINH VIN ĐAN PHƯỢNG GIÁ TỪ 17 TỶ CHIẾT KHẤU 10,5% + 11%",Giá thỏa thuận,88 m²,4,5,"Đan Phượng, Hà Nội","Xã Tân Hội, Đan Phượng, Hà Nội",
CẬP NHẬT QUỸ CĂN CHUYỂN NHƯỢNG GOLDEN RIVER - CIPUTRA GIÁ TỐT NHẤT THÁNG 02/2025,12 tỷ,141 m²,3,2,"Tây Hồ, Hà Nội","Phường Phú Thượng, Tây Hồ, Hà Nội",
"TRỰC TIẾP CĐT GAMUDALAND: MỞ BÁN TÒA A4 ĐẸP NHẤT EATON PARK, TT CHỈ 5% KÝ HĐMB - CK ĐẾN 10%","6,5 tỷ",56 m²,1,1,"Quận 2, Hồ Chí Minh","Mai Chí Thọ, Phường An Phú, Quận 2, Hồ Chí Minh",
BÁN CĂN NHẬT NGUYỆT 2 - 17 TỶ HƠN - ĐÔNG NAM - GẦN VINCOM VÀ TRƯỜNG HỌC - VINHOMES CỔ LOA,"17,3 tỷ","62,5 m²",5,5,"Đông Anh, Hà Nội","Cổ Loa, Xã Đông Hội, Đông Anh, Hà Nội",
"CĂN HỘ VEN SÔNG HÀN SUN SYMPHONY ĐÀ NẴNG TÒASS23, CĂN 3PN VIEW TRỰC DIỆN SÔNG HÀN, GIÁ CĐT, CK 21%","10,58 tỷ","102,8 m²",3,3,"Sơn Trà, Đà Nẵng"," Trần Hưng Đạo, Phường Nại Hiên Đông , Sơn Trà, Đà Nẵng",
"DUY NHẤT 01 CĂN **GIÃN XÂY 96M2** SIÊU HOT: ""HD2X-0X"" - GIÁ GỐC ĐỢT 1 RẺ + VỐN ĐẦU TƯ ÍT.",Giá thỏa thuận,96 m²,Không có thông tin phòng ngủ,Không có thông tin WC,"Đan Phượng, Hà Nội","Xã Tân Hội, Đan Phượng, Hà Nội",
CĂN HỘ ĐÀ NẴNG SYMPHONY NGAY SÔNG HÀN PHÁO HOA QUỐCTẾ GIÁ GỐC CĐT CHIẾT KHẤU CAO 21% SỞ HỮU LÂU DÀI,"4,95 tỷ",96 m²,3,2,"Sơn Trà, Đà Nẵng","Trần Hưng Đạo, Phường Nại Hiên Đông , Sơn Trà, Đà Nẵng",
"SIÊU PHẨM 3PHÒNG NGỦ NHƯ 1CĂN PENTHOUSE VIEW TRỰC DIỆN SÔNG HÀN, PHÁO HOA DIFF CHIẾT KHẤU KHỦNG 21%","8,9 tỷ","98,3 m²",3,3,"Sơn Trà, Đà Nẵng","Trần Hưng Đạo, Phường Nại Hiên Đông , Sơn Trà, Đà Nẵng",
ĐỘC QUYỀN SHOPHOUSE MẶT ĐƯỜNG LỚN 25M GIÁ SIÊU TỐT CHỈ TỪ 233TRIỆU/M2 TẠI VINHOMES CỔ LOA,"18,64 tỷ",80 m²,6,6,"Đông Anh, Hà Nội"," Cổ Loa, Xã Đông Hội, Đông Anh, Hà Nội",
BÁN MASTERI THẢO ĐIỀN - CẬP NHẬT NHANH CHÓNG GIỎ HÀNG GIÁ TỐT NHẤT THỊ TRƯỜNG. HƯƠNG: 0937 886 ***,Giá thỏa thuận,70 m²,2,2,"Quận 2, Hồ Chí Minh"," Xa Lộ Hà Nội, Phường Thảo Điền, Quận 2, Hồ Chí Minh",
"NỀN 100M DỰ ÁN SỞ VĂN HÓA TT GIÁ 3,8 TỶ GIÁ TỐT CẠNH TRANH NHẤT THỊ TRƯỜNG","3,8 tỷ",100 m²,Không có thông tin phòng ngủ,Không có thông tin WC,"Quận 9, Hồ Chí Minh"," Liên Phường, Phường Phú Hữu, Quận 9, Hồ Chí Minh",
GẦN PHÁO HOA DIFF GIỎ HÀNG ĐỘC QUYỀN CĐT SUN GR QUỸ CĂN 2PN CHIẾT KHẤU CÒN 4.6TỶ VÀ 3PN CÒN 5.8 TỶ,Giá thỏa thuận,89 m²,2,2,"Ngũ Hành Sơn, Đà Nẵng"," Trần Thị Lý, Phường Mỹ An, Ngũ Hành Sơn, Đà Nẵng",
QUỸ CĂN NGOẠI GIAO DIỆN TÍCH TỪ 88M2 - 96M2 - 120M2 - 136M2 VINHOMES ĐAN PHƯỢNG,Giá thỏa thuận,96 m²,3,5,"Đan Phượng, Hà Nội","Xã Tân Hội, Đan Phượng, Hà Nội",
"BÁN GẤP SHOPHOUSE VINHOMES OCEAN PARK 3 DIỆN TÍCH SỬ DỤNG GẦN 300M2 SÀN, ĐƠN GIÁ CHỈ 122TR/M2","9,2 tỷ",75 m²,5,5,"Văn Giang, Hưng Yên","Xã Nghĩa Trụ, Văn Giang, Hưng Yên",
CHÍNH CHỦ BÁN CĂN LK 96M2 RẺ NHẤT DỰ ÁN VINHOMES WONDER CITY ĐAN PHƯỢNG LH:0987 758 ***,Giá thỏa thuận,96 m²,Không có thông tin phòng ngủ,Không có thông tin WC,"Đan Phượng, Hà Nội","Xã Tân Hội, Đan Phượng, Hà Nội",
"DỰ ÁN MỚI ĐH QUỐC GIA NGAY VÒNG XOAY NGUYỄN DUY TRINH (SÁT MELOSA), GLOBAL CITY 200M GIÁ 38 TR/M","7,37 tỷ",189 m²,Không có thông tin phòng ngủ,Không có thông tin WC,"Quận 9, Hồ Chí Minh","Phường Phú Hữu, Quận 9, Hồ Chí Minh",
"MỞ BÁN BIỆT THỰ TỨ LẬP ÁNH DƯƠNG VIEW TRỰC DIỆN BIỂN HỒ, HTLS 30 THÁNG, NHẬN NHÀ Ở NGAY, SỔ LÂU DÀI","17,7 tỷ",120 m²,5,3,"Văn Giang, Hưng Yên","Xã Nghĩa Trụ, Văn Giang, Hưng Yên",
Chính chủ bán căn hộ có HĐMB 75m2 2PN CC Cao cấp Garden Gate Phú Nhuận,"5,4 tỷ",75 m²,2,2,"Phú Nhuận, Hồ Chí Minh","Garden Gate, 8 Đường Hoàng Minh Giám, Phường 9, Phú Nhuận, Hồ Chí Minh",
"Lô đất Siêu đẹp, Siêu hot tọa lại ngay tại khu phố Giải trí của Đà Nẵng",10 tỷ,99 m²,Không có thông tin,Không có thông tin,"Hải Châu, Đà Nẵng","Đường Bình Minh 3, Phường Bình Thuận, Hải Châu, Đà Nẵng",
Mở Booking Villa 3 Mặt sông siêu hiếm đẳng cấp nhất khu đô thị quốc tế The Global City - Đã có Sổ,60 tỷ,338 m²,Không có thông tin,Không có thông tin,"Quận 2, Hồ Chí Minh","Đường Đỗ Xuân Hợp, Phường An Phú, Quận 2, Hồ Chí Minh",
Chuyển nhượng căn 2PN tầng 18 view trực diện biển Mỹ Khê Đà Nẵng,"4,9 tỷ","82,5 m²",2,2,"Ngũ Hành Sơn, Đà Nẵng","Dự án The Sang Residence, Đường Phạm Kiệt, Phường Khuê Mỹ, Ngũ Hành Sơn, Đà Nẵng.",
"Đẳng cấp biệt thự view sông Đồng Nai, vị trí đắc địa, toạ lạc ngay trung tâm thành phố Biên Hoà!",48 tỷ,660 m²,Không có thông tin,Không có thông tin,"Biên Hòa, Đồng Nai","Phường Thống Nhất, Biên Hòa, Đồng Nai",
"Bán đất tặng nhà C4, ngõ oto vào, cách 80m ra đường 1A, và 80m ra đường Vũ Lăng nối dài, xây VP","6,6 tỷ","69,9 m²",Không có thông tin,Không có thông tin,"Thanh Trì, Hà Nội","Đường 1A, Xã Liên Ninh, Thanh Trì, Hà Nội",
"Bán gấp căn 2N 69,9m2 toà Thăng Long Capital, full nội thất nhập cạnh Vinsmart, có slot ô tô hầm",3 tỷ,"69,9 m²",2,2,"Hoài Đức, Hà Nội","Dự án Thăng Long Capital, Xã An Khánh, Hoài Đức, Hà Nội",
"Bán giá tốt! Feliz En Vista - 3PN, 133m2, giá 14 tỷ 504 all in - có sổ","14,5 tỷ",133 m²,3,Không có thông tin,"Quận 2, Hồ Chí Minh","Feliz En Vista, Phan Văn Đáng, Thạnh Mỹ Lợi, Quận 2, Hồ Chí Minh",
Long Hoàng Investment cập nhật giỏ hàng đất vườn ven biển Bắc Bình - Bình Thuận T03 dưới 500 triệu,60 triệu,1.000 m²,Không có thông tin,Không có thông tin,"Bắc Bình, Bình Thuận","Đường Hòa Thắng - Hòa Phú, Xã Phan Rí Thành, Bắc Bình, Bình Thuận",
"Trực tiếp CĐT Khải Hoàn Prime - Nhận đăng ký giữ chỗ tháp Vinci, Mika, rổ hàng giá rẻ, đẹp nhất","2,56 tỷ","45,8 m²",1,1,"Nhà Bè, Hồ Chí Minh","Dự án Khải Hoàn Prime, Đường Lê Văn Lương, Xã Nhơn Đức, Nhà Bè, Hồ Chí Minh",
"Mặt tiền Lô góc - Cực hiếm - Lạc Long Quân Q11 - 4,1x12 - Giá còn 13.x còn TL","13,5 tỷ",49 m²,2,2,"Quận 11, Hồ Chí Minh","Đường Lạc Long Quân, Phường 5, Quận 11, Hồ Chí Minh",
"Bán nhà mặt Hồ Tây phố Từ Hoa, lô góc 225m2, 8 tầng, MT 10 m. Vuông đẹp nhất phố Từ Hoa",160 tỷ,225 m²,10,10,"Tây Hồ, Hà Nội","Phố Từ Hoa, Phường Quảng An, Tây Hồ, Hà Nội",
QUỸ CĂN NHÀ TẠI KHU A GELEXIMCO CHỦ NHÀ THIỆN CHÍ BÁN CHỈ TỪ 153TR/M2 CẢ NHÀ,Giá thỏa thuận,240 m²,5,4,"Hoài Đức, Hà Nội","Khu A, D - Geleximco Lê Trọng Tấn, Lê Trọng Tấn, An Khánh, Hoài Đức, Hà Nội",
"Bán biệt thự tứ lập phân khu Ánh Dương, 120m2 xây 4 tầng 287m2 giá từ 17 tỷ, mặt công viên, Sát góc",17 tỷ,120 m²,6,5,"Văn Giang, Hưng Yên","The Crown - Vinhomes Ocean Park 3, Nghĩa Trụ, Văn Giang, Hưng Yên",
Gia đình đang cần bán căn nhà tại KĐT Văn phú. Nhà 75m2 đường rộng 24m.,"20,8 tỷ",75 m²,5,5,"Hà Đông, Hà Nội","Đường Văn Phú, Phường Phú La, Hà Đông, Hà Nội",
(Giỏ hàng 30 căn) Giá tốt nhất - căn hộ Galleria Residence - Metropole,"8,99 tỷ",50 m²,1,1,"Quận 2, Hồ Chí Minh","Dự án The Galleria Residence, Đường Đại Lộ Vòng Cung, Phường An Khánh, Quận 2, Hồ Chí Minh",
"Bán gấp biệt thự đẹp tại Gamuda Gardens, 25 tỷ, 95 m2, 4PN, 4WC",25 tỷ,95 m²,4,4,"Hoàng Mai, Hà Nội","Gamuda Gardens, Phường Trần Phú, Hoàng Mai, Hà Nội",
"Chính chủ bán biệt thự Văn Phú 200m2, view công viên. Giá 32 tỷ. Sổ đỏ. LH 0944 960 ***",32 tỷ,200 m²,Không có thông tin,Không có thông tin,"Hà Đông, Hà Nội","Dự án KĐT Văn Phú, Đường Lê Trọng Tấn, Phường Phú La, Hà Đông, Hà Nội",
"(Đức Duy Land) chuyển nhượng hàng đầu tại Green Park, tổng hợp quỹ căn hộ 2 - 3 - PN giá tốt nhất","3,8 tỷ",55 m²,2,2,"Hoàng Mai, Hà Nội","Green Park Trần Thủ Độ, Trần Thủ Độ, Hoàng Liệt, Hoàng Mai, Hà Nội",
Nhanh tay sở hữu ngay - shophouse Vinhomes TP3 - 80 - chốt lợi nhuận cao - chỉ cần 30%,"4,5 tỷ","77,5 m²",Không có thông tin,Không có thông tin,"Móng Cái, Quảng Ninh","Dự án Vinhomes Golden Avenue Móng Cái, Phường Hải Hòa, Móng Cái, Quảng Ninh",
Nhanh tay sở hữu ngay - shophouse Vinhomes TP3 - 80 - chốt lợi nhuận cao - chỉ cần 30%,"4,5 tỷ","77,5 m²",Không có thông tin,Không có thông tin,"Móng Cái, Quảng Ninh","Dự án Vinhomes Golden Avenue Móng Cái, Phường Hải Hòa, Móng Cái, Quảng Ninh",
"Cần bán nhà mặt tiền đường quốc lộ 1A đường rộng 30m, nằm sát ngã tư đèn đỏ, vị trí đắc địa","4,8 tỷ",125 m²,10,11,"Tư Nghĩa, Quảng Ngãi","Thị trấn La Hà, Tư Nghĩa, Quảng Ngãi",
"CẦN BÁN NHANH CĂN BIỆT THỰ LÔ GÓC VINHOMES THƯỢNG LÝ, HỒNG BÀNG, HẢI PHÒNG 247M, MẶT TIỀN 15M,",36 tỷ,247 m²,6,8,"Hồng Bàng, Hải Phòng","Vinhomes Imperia Hải Phòng, Đường Bạch Đằng, Phường Thượng Lý, Hồng Bàng, Hải Phòng",
Lô hoa hậu tái định cư Linh Sơn Bình Yên,4 tỷ,100 m²,Không có thông tin,Không có thông tin,"Thạch Thất, Hà Nội","Bình Yên, Thạch Thất, Hà Nội",
Sở hữu ngay nhà mới full nội thất DT 54m2 - sang trọng ngay phố Hoàng Quốc Việt ô tô đỗ tận cửa,"17,33 tỷ",54 m²,Không có thông tin,Không có thông tin,"Cầu Giấy, Hà Nội","Đường Hoàng Quốc Việt, Phường Nghĩa Đô, Cầu Giấy, Hà Nội",
Chính chủ cần bán FPT Plaza 2 giá 2.250 liên hệ 0906 565 ***,"2,25 tỷ",72 m²,2,2,"Ngũ Hành Sơn, Đà Nẵng","FPT Plaza 2, Đường Hoàng Minh Thắng, Phường Hòa Hải, Quận Ngũ Hành Sơn, Đà Nẵng",
"SIÊU PHẨM QUỲNH ĐÔ, THANH TRÌ, GARA Ô TÔ, 6 TẦNG, THANG MÁY, NỘI THẤT SANG TRỌNG, ĐẲNG CẤP!!!","9,7 tỷ",100 m²,6,7,"Thanh Trì, Hà Nội","Xã Vĩnh Quỳnh, Thanh Trì, Hà Nội",
Duy nhất căn hộ vị trí góc 62m2 tầng trung giá tốt nhất dự án chung cư Tecco Thái Nguyên,"1,43 tỷ",62 m²,2,2,"Thái Nguyên, Thái Nguyên","Tecco Elite City, Quang Trung, Thịnh Đán, Thái Nguyên, Thái Nguyên",
Chủ nhà đi Mỹ bán rẻ căn Mezza KĐT Ecopark hoàn thiện nội thất 2 tầng 3 phòng ngủ 2WC giá 6tỷ300,"6,3 tỷ",101 m²,3,2,"Văn Giang, Hưng Yên","Ecopark Grand - The Island , Xuân Quan, Văn Giang, Hưng Yên",
"Bán đất nền sổ sẵn DIC Victory City đối diện tỉnh ủy Hậu Giang, 1 tỷ/nền 95m2,",1 tỷ,95 m²,Không có thông tin,Không có thông tin,"Vị Thanh, Hậu Giang","DIC Victory City, 4, Vị Thanh, Hậu Giang",
"1PN- CÓ BAN CÔNG- GIÁ TỪ 1,9 TỶ. GIỎ HÀNG ĐỘC QUYỀN THE EMERAL 68 - LH 0903 091 *** MS NGA PKD CĐT",Giá thỏa thuận,35 m²,1,1,"Thuận An, Bình Dương","The Emerald 68, Vĩnh Phú 16, Vĩnh Phú, Thuận An, Bình Dương",
Đất giá rẻ trung tâm TP. Thủ Đức (Quận 2) Thạnh Mỹ Lợi LH: 0933 883 *** Mr. Hiếu,"28,8 tỷ",160 m²,Không có thông tin,Không có thông tin,"Quận 2, Hồ Chí Minh","Dự án Thạnh Mỹ Lợi, Phường Thạnh Mỹ Lợi, Quận 2, Hồ Chí Minh",
"Chuyên mua bán đất nền dự án Sở Văn Hóa, Phú Hữu, Quận 9 giá tốt nhất thị trường 0903 838 ***","6,3 tỷ",90 m²,Không có thông tin,Không có thông tin,"Quận 9, Hồ Chí Minh","Khu dân cư Sở Văn Hóa Thông Tin, Bưng Ông Thoàn, Phú Hữu, Quận 9, Hồ Chí Minh",
"Cập nhật giỏ hàng mới Feliz En Vista: 1-2-3-4PN, duplex, penthouse nhà đẹp giá tốt. LH 0938 693 ***","16,5 tỷ",173 m²,4,4,"Quận 2, Hồ Chí Minh","Feliz En Vista, Đồng Văn Cống, Thạnh Mỹ Lợi, Quận 2, Hồ Chí Minh",
"Mới Coong! Bán căn hộ 3PN2VS/85,3m2 Eurowindow Cổ Loa Ntcb Giá 46tr/m2 Ở Ngay + Đầu Tư 0967 565 ***","4,3 tỷ","82,1 m²",3,2,"Đông Anh, Hà Nội","Eurowindow River Park, Đường 5, Xã Đông Hội, Đông Anh, Hà Nội",
"Bán CC tại Riverside sang xịn (Smart Home, điều khiển bằng giọng nói) 15 tỷ",15 tỷ,129 m²,3,2,"Quận 7, Hồ Chí Minh","Dự án Riverside Residence, Đường Nguyễn Lương Bằng, Phường Tân Phú, Quận 7, Hồ Chí Minh",
ĐẤT NINH XUÂN - NINH HOÀ KHÁNH HOÀ GIÁ ĐẦU TƯ - VIEW SÔNG GẦN NÚT GIAO CAO TỐC BẮC NAM VÀ QL26,399 triệu,114 m²,Không có thông tin,Không có thông tin,"Ninh Hòa, Khánh Hòa","Xã Ninh Xuân, Thị xã Ninh Hòa, Khánh Hòa",
"Bán nhà 5 tầng đẹp đường 7m, ô tô đỗ cửa, gần Nguyễn Chí Thanh sổ đỏ chính chủ","7,1 tỷ",25 m²,3,4,"Đống Đa, Hà Nội","Đường Huỳnh Thúc Kháng, Phường Láng Hạ, Đống Đa, Hà Nội",
Chính chủ bán lại căn 2PN 54m2 giá đợt 1 không chênh tòa VIP SP dự án The Senique,"4,5 tỷ",54 m²,2,Không có thông tin,"Gia Lâm, Hà Nội","Dự án Chung cư The Senique Hanoi , Xã Dương Xá, Gia Lâm, Hà Nội",
"BÁN NHÀ PHỐ HỒNG TIẾN , DT 35 M2 * M TIỀN 6M * 5 TẦNG THANG MÁY , CHỈ 10M RA MẶT PHỐ CHO THUÊ 10TR",7 tỷ,34 m²,Không có thông tin,Không có thông tin,"Long Biên, Hà Nội","Phố Hồng Tiến, Phường Ngọc Lâm, Long Biên, Hà Nội",
Bán đất nền tại Khu đô thị Cầu Trúc Sông Công DT 105m giá chỉ 16tr/m. LH: 0983 663 ***,"1,68 tỷ",105 m²,Không có thông tin,Không có thông tin,"Sông Công, Thái Nguyên","Khu đô thị Cầu Trúc Sông Công, Cách Mạng Tháng Mười, Bách Quang, Sông Công, Thái Nguyên",
"CHÍNH CHỦ CẦN BÁN NHANH DT : 275 ngay Hồ Đại Lải,cách 100 mét...",935 tỷ,275 m²,Không có thông tin,Không có thông tin,"Phúc Yên, Vĩnh Phúc","Đường Lê Duẩn, Xã Ngọc Thanh, Phúc Yên, Vĩnh Phúc",
"Bán nhà góc 2MT hẻm 8m đường Kênh 26/3, gần Eon Mall Tân Phú, 7.7x14, 3 lầu, 5pn, 12.2 tỷ","12,2 tỷ",110 m²,5,5,"Tân Phú, Hồ Chí Minh","Đường 26/3, Phường Sơn Kỳ, Tân Phú, Hồ Chí Minh",
"+ Bán nhà Cự Khối -Long Biên. DT 104m Mt 5,3-H 5,4m x3tầng ô tô vào sân- Giá 8,8 tỷ","8,8 tỷ",104 m²,3,4,"Long Biên, Hà Nội","Đường Cự Khối, Phường Cự Khối, Long Biên, Hà Nội",
Chính chủ cần tiền bán gấp đất tặng nhà 52m mặt 8m 3tầng đường 3 ô tô tránh Kd luôn,7 tỷ,52 m²,3,3,"Hoài Đức, Hà Nội","Đường Liên Xã, Xã Đông La, Hoài Đức, Hà Nội",
"Chính chủ gửi bán đất dịch vụ An Khánh Hoài Đức giáp đại lộ Thăng Long, DT 60m2 - 143m2",Giá thỏa thuận,60 m²,Không có thông tin,Không có thông tin,"Hoài Đức, Hà Nội","Xã An Khánh, Hoài Đức, Hà Nội",
"Có 102! Bán nhà phố Trung Kính, lô góc, 2 thoáng, ô tô tránh, TM, KD cực đỉnh 65m2*6T, MT 5.5m.",25 tỷ,65 m²,4,4,"Cầu Giấy, Hà Nội","Phố Trung Kính, Phường Yên Hòa, Cầu Giấy, Hà Nội",
"Bán CC Eaton Park, Mai Chí Thọ, An Phú, Q2, HCM, 12 tỷ, 75m2 thanh toán siêu nhẹ full nội thất",12 tỷ,75 m²,2,2,"Quận 2, Hồ Chí Minh","Dự án Eaton Park, Đường Mai Chí Thọ, Phường An Phú, Quận 2, Hồ Chí Minh",
"Bán biệt thự DT147m2, MT7,03m, 5T, ôtô tránh tại Phùng Khoang, Trung Văn, SĐCC, giá bán 31tỷ TL sâu",31 tỷ,147 m²,6,4,"Nam Từ Liêm, Hà Nội","Phùng Khoang, ngõ 67, Đường Phùng Khoang, Phường Trung Văn, Nam Từ Liêm, Hà Nội",
Bán Đất Mặt Tiền Đường 7.5m Trần Quý Hai - Hoà Thọ Đông Thuận Tiện Kinh Doanh Buôn Bán,"3,63 tỷ",90 m²,Không có thông tin,Không có thông tin,"Cẩm Lệ, Đà Nẵng","Đường Trần Quý Hai, Phường Hòa Thọ Đông, Cẩm Lệ, Đà Nẵng",
"Chính chủ gửi bán đất đấu giá X1 Đông Cao, Tráng Việt. Giá tốt, thương lương nhẹ",Giá thỏa thuận,100 m²,Không có thông tin,Không có thông tin,"Mê Linh, Hà Nội","Xã Tráng Việt, Mê Linh, Hà Nội",
"Bán nhà ngõ 308 Tây Sơn, Đống Đa DT106m2, MT5m, 5tầng, 6PN, ôtô đỗ, SĐCC, giá bán 29tỷ có TL sâu",29 tỷ,106 m²,6,5,"Đống Đa, Hà Nội","Ngõ 308, Đường Tây Sơn, Phường Thịnh Quang, Đống Đa, Hà Nội",
"Bán Nhà ôtô đậu sảnh, Huỳnh Văn Bánh, DT: 63m2 (4,1m x 16m), 3 lầu, giá 11,9 tỷ","11,9 tỷ",63 m²,5,4,"Phú Nhuận, Hồ Chí Minh","Đường Huỳnh Văn Bánh, Phường 13, Phú Nhuận, Hồ Chí Minh",
Chính thức ra mắt SOLA Đảo Ánh Dương phân khu bán đảo villa vườn tại The Global City,Giá thỏa thuận,133 m²,Không có thông tin,Không có thông tin,"Quận 2, Hồ Chí Minh","The Global City, Đường Đỗ Xuân Hợp, Phường An Phú, Quận 2, Hồ Chí Minh",
"Bán căn CCMN tại Xuân Đỉnh, ngõ thông ô tô qua, 19 phòng khép kín, dòng tiền 100tr/tháng, giá 25 tỷ",25 tỷ,108 m²,19,19,"Bắc Từ Liêm, Hà Nội","Đường Xuân Đỉnh, Phường Xuân Đỉnh, Bắc Từ Liêm, Hà Nội",
Khu đô thị Izumi City - mở bán giỏ hàng trực tiếp CĐT - chiết khấu cực hấp dẫn - Hotline 0932 661 ***,"5,53 tỷ",117 m²,4,4,"Biên Hòa, Đồng Nai","Dự án Izumi City, Đường Hương lộ 2, Xã Long Hưng, Biên Hòa, Đồng Nai",
CẦN BÁN NHANH 73M - Ô TÔ ĐỖ CỬA - LẠI ĐÀ ĐÔNG HỘI ĐÔNG ANH HÀ NỘI,"8,1 tỷ",73 m²,Không có thông tin,Không có thông tin,"Đông Anh, Hà Nội","Xã Đông Hội, Đông Anh, Hà Nội",
Bán gấp & cho thuê CH An Gia Sky Line 3PN đầy đủ nội thất giá cực tốt. LH: 0987 253 *** Hân Hân,Giá thỏa thuận,108 m²,3,2,"Quận 7, Hồ Chí Minh","Phường Phú Thuận, Quận 7, Hồ Chí Minh",
Mizuki Park - Mở bán giỏ hàng Panorama mua trực tiếp chủ đầu tư căn hộ view sông - PKD 0932 661 ***,"3,2 tỷ",61 m²,2,1,"Bình Chánh, Hồ Chí Minh","Dự án Mizuki Park, Đường Nguyễn Văn Linh, Xã Bình Hưng, Bình Chánh, Hồ Chí Minh",
"Bán lô đất liền kề DT 71m2 MT 5,4m gần mặt đường 70 khu Cầu Bươu Kiến Hưng, SĐCC, giá 190tr/m có TL","13,49 tỷ",71 m²,Không có thông tin,Không có thông tin,"Hà Đông, Hà Nội","Đường 70, Phường Kiến Hưng, Hà Đông, Hà Nội",
"Shophouse Ý mặt tiền 7.5m, giá cực tốt",Giá thỏa thuận,135 m²,Không có thông tin,Không có thông tin,"Hoài Đức, Hà Nội","Dự án Kim Chung Di Trạch, Đường 32, Xã Di Trạch, Hoài Đức, Hà Nội",
"Bán nhà Tân Sơn Nhì, 4x16m, 2 lầu, ST, 4PN, 4WC, nhà đang ở đẹp, 7.8 tỷ","7,8 tỷ",64 m²,4,4,"Tân Phú, Hồ Chí Minh","Đường Tân Sơn Nhì, Phường Tân Sơn Nhì, Tân Phú, Hồ Chí Minh",
"Giỏ hàng chuyển nhượng Bcons Plaza 1PN-2PN, Làng Đại học giá 1.5-1.750 tỷ. LH tư vấn 0767 500 *** ạ","1,75 tỷ",51 m²,2,2,"Dĩ An, Bình Dương","Bcons Plaza, Thống Nhất, Đông Hòa, Dĩ An, Bình Dương",
Chỉ 9.6 tỷ sở hữu ngay nhà 2 MTKD sầm uất 91 Hàn Hải Nguyên P.2 Quận 11.,"9,6 tỷ","65,2 m²",2,1,"Quận 11, Hồ Chí Minh","Đường Hàn Hải Nguyên, Phường 2, Quận 11, Hồ Chí Minh",
Bán Lô Đất Sụp Hầm Đường Đỗ Thuận - Hoà Minh,"3,9 tỷ",90 m²,Không có thông tin,Không có thông tin,"Liên Chiểu, Đà Nẵng","Phố Đỗ Nhuận, Phường Hòa Minh, Liên Chiểu, Đà Nẵng",
"BÁN NHÀ PHÂN LÔ PHỐ NGUYỄN NGỌC NẠI 40M, 6 TẦNG, Ô TÔ VÀO NHÀ, THANG MÁY, 10 xxx TỶ - THANH XUÂN.",16 tỷ,40 m²,5,6,"Thanh Xuân, Hà Nội","Đường Nguyễn Ngọc Nại, Phường Khương Trung, Thanh Xuân, Hà Nội",
Biệt thự 3PN trên đồi ôm trọn tầm view biển tại Ixora Hồ Tràm với lịch thanh toán trong 7 năm,"30,13 tỷ",351 m²,3,4,"Xuyên Mộc, Bà Rịa Vũng Tàu","Dự án Ixora Hồ Tràm , Xã Phước Thuận, Xuyên Mộc, Bà Rịa Vũng Tàu",
Chính Thức Mở Bán Nhận Booking Siêu Dự Án Masteri Trinity Square Ocean Park 2 chỉ 5xtr/m2,Giá thỏa thuận,60 m²,2,1,"Văn Giang, Hưng Yên","Mega Complex - Vinhomes Ocean Park 2, Nghĩa Trụ, Văn Giang, Hưng Yên",
"Víp! PHÁO ĐÀI LÁNG 33M,MT 4,2M 5TẦNG NHÀ MỚI 2 THOÁNG CÁCH OTO 20M, 7,2 TỶ ( có thương lượng).",7 tỷ,33 m²,5,5,"Đống Đa, Hà Nội","Phố Pháo Đài Láng, Phường Láng Thượng, Đống Đa, Hà Nội",
"Nhanh tay sở hữu ngay nhà MT KD Lò Siêu, P.8, Quận 11.","10,38 tỷ","146,5 m²",3,3,"Quận 11, Hồ Chí Minh","Đường Lò Siêu, Phường 8, Quận 11, Hồ Chí Minh",
"ĐẤT TĐC NGHI HƯƠNG, CỬA LÒ ĐƯỜNG 30M SÁT ĐƯỜNG 72M TIỀM NĂNG","4,8 tỷ",270 m²,Không có thông tin,Không có thông tin,"Cửa Lò, Nghệ An","ĐƯỜNG 30M, Tái định cư Nghi Hương, Cửa Lò, Nghệ An",
"Bán nhà 4 tầng hẻm 8m Nguyễn Gia Trí, Bình Thạnh. 4PN, 4WC, sổ hồng riêng. Giá chỉ 8,8 tỷ TL","8,8 tỷ",40 m²,4,4,"Bình Thạnh, Hồ Chí Minh","Đường Nguyễn Gia Trí, Phường 25, Bình Thạnh, Hồ Chí Minh",
"Bán Lô Đất 375M2 Mặt Tiền Đường ""Trần Đại Nghĩa"" Rộng 48 Mét - Giá Cực Đầu Tư","13,5 tỷ",375 m²,Không có thông tin,Không có thông tin,"Ngũ Hành Sơn, Đà Nẵng","Phố Trần Đại Nghĩa, Phường Hòa Hải, Ngũ Hành Sơn, Đà Nẵng",
Duy nhất hai lô đẹp nhất Song Phương còn sót lại. 60; 74m đầu đường 26m. Cơ hội đầu tư k thể bỏ lỡ,Giá thỏa thuận,"61,2 m²",Không có thông tin,Không có thông tin,"Hoài Đức, Hà Nội","Đường Song Phương, Xã Song Phương, Hoài Đức, Hà Nội",
"Chính chủ bán mặt tiền KD NA2 sát cổng KCN MP3 16x27m, full TC, chỉ 15,5 tỷ, đt 0908 194 *** Nga","15,5 tỷ",425 m²,2,2,"Bến Cát, Bình Dương","Đường NA2, Phường Thới Hòa, Bến Cát, Bình Dương",
"Bán toà căn hộ 9 phòng ngủ mặt phố, dòng tiền thu nhập ổn định","8,5 tỷ",90 m²,9,10,"Ngũ Hành Sơn, Đà Nẵng","Đường Trương Văn Hiến, Phường Khuê Mỹ, Ngũ Hành Sơn, Đà Nẵng",
"Bán đất đường Thích Quảng Đức, 7, 8, 13m và góc khu đô thị Lê Hồng Phong II, liên hệ 0977 667 ***","9,35 tỷ","107,5 m²",Không có thông tin,Không có thông tin,"Nha Trang, Khánh Hòa","Dự án KĐT Lê Hồng Phong II, Đường Thích Quảng Đức, Phường Phước Hải, Nha Trang, Khánh Hòa",
Em bán quỹ căn đầy đủ nhất CC Indochina 2PN-3PN-4PN-Penthouse với giá tốt nhất thị trường T3/2025,"13,78 tỷ",145 m²,3,2,"Cầu Giấy, Hà Nội","Indochina Plaza, 241, Đường Xuân Thủy, Phường Dịch Vọng Hậu, Cầu Giấy, Hà Nội",
Cần bán nhanh căn hộ 1PN hướng ĐÔNG NAM - View hồ thoáng mát - full nội thất đẹp,"2,3 tỷ",41 m²,1,1,"Gia Lâm, Hà Nội","The Sapphire 1 - Vinhomes Ocean Park, Xã Đa Tốn, Gia Lâm, Hà Nội",
Bán căn hộ STown Phúc An tại Dĩ An Bình Dương đã có sổ hồng - hổ trợ vay 80% - thanh toán 250 triệu,"1,3 tỷ",55 m²,2,2,"Dĩ An, Bình Dương","Dự án Stown Phúc An, Đường N3, Phường Dĩ An, Dĩ An, Bình Dương",
"Bán Nhà Mặt Phố Quan Hoa, 59 tỷ, 110m2, 12PN, 8WC, 9Tầng, Mặt Tiền 6m",59 tỷ,110 m²,12,8,"Cầu Giấy, Hà Nội","Đường Quan Hoa, Phường Quan Hoa, Cầu Giấy, Hà Nội",
"Bán lô 62 m mặt đường 2 oto tránh nhau, đường thông tứ phía, vị trí trung tâm sầm uất, giá 2.950 ty","2,95 tỷ",62 m²,Không có thông tin,Không có thông tin,"Từ Sơn, Bắc Ninh","KĐT Hương Mạc, Đường ĐT 271, Phường Hương Mạc, Từ Sơn, Bắc Ninh",
"Bán liền kề Trần Phú, ô tô tránh, vỉa hè, kinh doanh văn phòng, 100m","6,2 triệu",100 m²,6,6,"Từ Sơn, Bắc Ninh","Đường Trần Phú, Phường Đình Bảng, Từ Sơn, Bắc Ninh",
"Tổng hợp quỹ căn mới nhất tại Starlake tháng 3/2025 căn góc 2 - 3 - 4PN đẹp, giá 12 tỷ/căn full đồ",12 tỷ,91 m²,2,2,"Tây Hồ, Hà Nội","Dự án KĐT Tây Hồ Tây - Starlake Hà Nội, Phường Xuân La, Tây Hồ, Hà Nội",
Liên Khu 4-5 nhà mới 5 tầng - 85m2 ngang 5m - hẻm 7m thông - ngộp bán 6 tỷ hơn,"6,98 tỷ",85 m²,4,4,"Bình Tân, Hồ Chí Minh","Phường Bình Hưng Hòa B, Bình Tân, Hồ Chí Minh",
NHÀ ĐẦU TƯ THUỘC TÂN MỸ ĐÂU HẾT RỒI? CƠ HỘI VÀNG ĐANG Ở TRƯỚC MẮT ĐỪNG ĐỂ LỠ!,"2,56 tỷ",80 m²,Không có thông tin,Không có thông tin,"Bắc Giang, Bắc Giang","Khu đô thị mới 379 Tân Mỹ, Đường Tỉnh Lộ 295B, Xã Tân Mỹ, Bắc Giang, Bắc Giang",
"1% HH! CHỦ ĐẤT MỜI MÔI GIỚI HỖ TRỢ BÁN ĐẤT KHU DÂN CƯ PHÚ NHUẬN LÔ P21, PHƯỜNG PHƯỚC LONG B, QUẬN 9","28,8 tỷ",384 m²,Không có thông tin,Không có thông tin,"Quận 9, Hồ Chí Minh","KDC Phú Nhuận - Phước Long B, Phước Long B, Quận 9, Hồ Chí Minh",
"Bán BT sân vườn, Lưu Hữu Phước, Mỹ Đình 2, Nam Từ Liêm DT 200m2x4T MT 10m vỉa hè ô tô tránh dừng đỗ","47,5 tỷ",200 m²,5,5,"Nam Từ Liêm, Hà Nội","Đường Lưu Hữu Phước, Phường Mỹ Đình 2, Nam Từ Liêm, Hà Nội",
Biệt thự đơn lập và song lập tại Xanh Villas 2 - Đón đầu tuyến đường Metro số 5 Văn Cao - Hòa Lạc,"14,5 tỷ",260 m²,4,3,"Thạch Thất, Hà Nội","Hà Nội Tropical Garden, Đường ĐCT08(Hòa Lạc), Xã Yên Bình, Thạch Thất, Hà Nội",
"Chung cư 25 Lê Văn Lương, Bán căn hộ 3PN, 3WC, 144m2, chỉ từ 15. X tỷ. LH: 0963 805 ***",Giá thỏa thuận,144 m²,3,3,"Thanh Xuân, Hà Nội","The Diamond Residence, 25, Đường Lê Văn Lương, Phường Nhân Chính, Thanh Xuân, Hà Nội",
Bán gấp nhà khu VIP Lữ Gia P.15 Quận 11.,"14,5 tỷ","198,7 m²",3,3,"Quận 11, Hồ Chí Minh","Đường Cư Xá Lữ Gia, Phường 15, Quận 11, Hồ Chí Minh",
"Cần bán lô đất Mặt Tiền Nguyễn Huệ thuộc phân khu 8, khu kinh tế Vân Phong","14,63 tỷ",1.330 m²,Không có thông tin,Không có thông tin,"Vạn Ninh, Khánh Hòa","Đường Nguyễn Huệ, Xã Vạn Khánh, Vạn Ninh, Khánh Hòa",
Bán nhà 4 tầng sổ hồng chính chủ,"4,6 tỷ","53,8 m²",3,3,"Thủ Đức, Hồ Chí Minh","Đường 12, Phường Trường Thạnh, Thủ Đức, Hồ Chí Minh",
"Bán nhà Vạn Phúc CiTy Thủ Đức diện tích 5m x 20m, 6 x 17m, 7 x 20m, 9 x 20m giá từ 18 đến 32 tỷ","19,2 tỷ","102,5 m²",Không có thông tin,Không có thông tin,"Thủ Đức, Hồ Chí Minh","Khu đô thị Vạn Phúc City, Quốc Lộ 13, Hiệp Bình Phước, Thủ Đức, Hồ Chí Minh",
"Cho con học Thụy Sỹ bán 1 căn view đẹp 68m2, 2PN + 1, 2WC 3,6tỷ sổ hồng, ở ngay xem nhà 0909 719 ***","3,6 tỷ",68 m²,3,2,"Bình Tân, Hồ Chí Minh","Dự án The Privia, Đường An Dương Vương, Phường An Lạc, Bình Tân, Hồ Chí Minh",
"BÁN NHÀ ĐƯỜNG TRƯỜNG SƠN, P.YÊN THẾ, PKEIKU","7,9 tỷ",637 m²,Không có thông tin,Không có thông tin,"Plei Ku, Gia Lai","Đường Trường Sơn, Phường Yên Thế, Plei Ku, Gia Lai",
"Có Nhà Cấp 4 Tại Nguyên Khê, Đông Anh, Đường Lê Hữu Tựu. 86,4m2 Lô Góc 2 Mặt Tiền. Giá 5,299 tỷ","5,3 tỷ","86,4 m²",Không có thông tin,Không có thông tin,"Đông Anh, Hà Nội","Nguyên Khê, Đông Anh, Hà Nội",
Bán gấp nhà Nguyễn Bỉnh Khiêm ngay Gem Center - DT 12x15m - trệt 3 lầu - cho thuê 105tr/th - 39 tỷ,39 tỷ,170 m²,11,11,"Quận 1, Hồ Chí Minh","Đường Nguyễn Bỉnh Khiêm, Phường Đa Kao, Quận 1, Hồ Chí Minh",
"Ra nhanh CHCC Gold View Q4 căn đẹp view thoáng mát 2PN2WC 81m Giá THẬT 4,8 tỷ LH: 0944 904 *** Lý","4,8 tỷ",81 m²,2,2,"Quận 4, Hồ Chí Minh","Dự án The Gold View, Đường Bến Vân Đồn, Phường 1, Quận 4, Hồ Chí Minh",
"Bán nhà riêng tại đường hàng cây sà cừ Yên Nghĩa 50m2, giá thỏa thuận, tầng hầm, thang máy 8PN, 8WC",Giá thỏa thuận,50 m²,8,8,"Hà Đông, Hà Nội","Đường Nghĩa Lộ, Phường Yên Nghĩa, Hà Đông, Hà Nội",
"Ra nhanh CHCC Gold View Q4 căn đẹp view thoáng mát 2PN2WC 81m Giá THẬT 4,8 tỷ LH: 0944 904 *** Lý","4,8 tỷ",81 m²,2,2,"Quận 4, Hồ Chí Minh","Dự án The Gold View, Đường Bến Vân Đồn, Phường 1, Quận 4, Hồ Chí Minh",
"Bán nhà riêng tại đường hàng cây sà cừ Yên Nghĩa 50m2, giá thỏa thuận, tầng hầm, thang máy 8PN, 8WC",Giá thỏa thuận,50 m²,8,8,"Hà Đông, Hà Nội","Đường Nghĩa Lộ, Phường Yên Nghĩa, Hà Đông, Hà Nội",
Vốn nhỉnh 1 tỷ có ngay nhà Vin- ngân hàng hỗ trợ hơn 2 tỷ Chiết khấu như TT sớm LH 0396 369 ***,"3,15 tỷ",75 m²,5,5,"Móng Cái, Quảng Ninh","Vinhomes Golden Avenue Móng Cái, Phường Hải Hòa, Móng Cái, Quảng Ninh",
"Sở hữu ngay căn hộ dòng thu 1,4 tỷ/ năm tại Trâu Quỳ","31,3 tỷ",210 m²,58,58,"Gia Lâm, Hà Nội","Đường Trâu Quỳ, Thị trấn Trâu Quỳ, Gia Lâm, Hà Nội",
"Bán nhà 4 tầng, hẻm 5m, Bình Lợi, Phường 13, Bình Thạnh, 70m2, nhỉnh 8 tỷ.","8,9 tỷ",70 m²,5,3,"Bình Thạnh, Hồ Chí Minh","Đường Bình Lợi, Phường 13, Bình Thạnh, Hồ Chí Minh",
CDT MỞ BÁN QUỸ CĂN PENHOUSE DUPLEX DT 160M-190M-230M-270M-350M VIEW HỒ TÂY,36 tỷ,200 m²,4,4,"Tây Hồ, Hà Nội","Heritage West Lake, Lạc Long Quân, Phú Thượng, Tây Hồ, Hà Nội",
"Nền đất cần bán giá tốt cạnh tranh nhất thị trường 2/2025 dự án ĐH Bách Khoa sổ đỏ Phú Hữu, Quận 9","10,01 tỷ",182 m²,Không có thông tin,Không có thông tin,"Quận 9, Hồ Chí Minh","Dự án Bách Khoa, Đường Đỗ Xuân Hợp, Phường Phú Hữu, Quận 9, Hồ Chí Minh",
Bán căn góc 2 mặt tiền đường lớn tổng 540m2 đất giá 95 tỷ,95 tỷ,540 m²,12,12,"Tân Phú, Hồ Chí Minh","Đường Vườn Lài, Phường Phú Thọ Hòa, Tân Phú, Hồ Chí Minh",
Chính chủ bán đất 1ha đất xây nhà xưởng giá rẻ tại KCN Bàu Bàng Bình Dương (76x130m),"41,5 tỷ",10.000 m²,Không có thông tin,Không có thông tin,"Bàu Bàng, Bình Dương","Thị trấn Lai Uyên, Bàu Bàng, Bình Dương",
"Sống Đẳng Cấp Tại Diamond Celadon City - 20% Nhận Nhà, 0% Lãi Suất - Gọi NGAY 0936 459 ***.","6,45 tỷ",86 m²,2,2,"Tân Phú, Hồ Chí Minh","Diamond Centery, N1, Sơn Kỳ, Tân Phú, Hồ Chí Minh",
Nhà Lô Góc Sát Phố Kim Giang Đại Kim Hoàng Mai 51m 10Tỷ 4Tầng Mt6m Ở Sướng Đầu Tư Tốt,10 tỷ,51 m²,4,4,"Hoàng Mai, Hà Nội","Đường Kim Giang, Phường Đại Kim, Hoàng Mai, Hà Nội",
"Tổng hợp những căn nhà đáng mua nhất tại An Đồng, An Dương, Hải Phòng 3 tầng xây mới giá hơn 2 tỷ",Giá thỏa thuận,60 m²,3,3,"An Dương, Hải Phòng","Đường Máng Nước, Xã An Đồng, An Dương, Hải Phòng",
"Em bán căn 186m gồm 4PN3WC full nội thất nhập khẩu, tầng trung view thoáng có sổ đỏ có slot oto vip","11,2 tỷ",186 m²,4,3,"Nam Từ Liêm, Hà Nội","Dolphin Plaza, 28, Phố Trần Bình, Phường Mỹ Đình 2, Nam Từ Liêm, Hà Nội",
Ngộp ngân hàng! Bán nhà MT Bùi Thị Xuân - 6.5x27m - nhà mới 8 lầu - HDT 250 triệu/th - 65 tỷ,65 tỷ,"175,5 m²",Không có thông tin,Không có thông tin,"Quận 1, Hồ Chí Minh","Đường Bùi Thị Xuân, Phường Phạm Ngũ Lão, Quận 1, Hồ Chí Minh",
"CĐT Nam Long mở bán Khu Nam Long II, nền nhà phố vườn, biệt thự đơn lập 0909 425 ***",Giá thỏa thuận,90 m²,Không có thông tin,Không có thông tin,"Cái Răng, Cần Thơ","Dự án Nam Long II Central Lake, Phường Hưng Thạnh, Cái Răng, Cần Thơ",
"Chủ đầu tư Nam Long bán nhà phố vườn, shophouse dự án Izumi City giá 6.080 tỷ, 0909 425 ***","6,08 tỷ",111 m²,3,3,"Biên Hòa, Đồng Nai","Dự án Izumi City, Đường Long Hưng - Phước Tân, Xã Long Hưng, Biên Hòa, Đồng Nai",
"Bán căn hộ trệt Ehome Southgate 88m2, có thể kinh doanh mua bán 3.5 tỷ",Giá thỏa thuận,51 m²,1,1,"Bến Lức, Long An","Dự án Ehome Southgate, Đường ĐT 830, Xã An Thạnh, Bến Lức, Long An",
"Đất vuông, hướng Nam, view hồ. Xung quanh nhiều tiện ích. Dân giàu và phát triển.","3,2 tỷ","105,9 m²",Không có thông tin,Không có thông tin,"Khoái Châu, Hưng Yên","Xã Dạ Trạch, Khoái Châu, Hưng Yên",
30.5 tỷ mặt tiền Cityland Nguyễn Văn Lượng (5x20m) 1 trệt - 4 lầu cho thuê 60tr/tháng,"30,5 tỷ",100 m²,8,6,"Gò Vấp, Hồ Chí Minh","Dự án CityLand Park Hills, Đường Nguyễn Văn Lượng, Phường 10, Gò Vấp, Hồ Chí Minh",
"RẺ RẺ, Cần bán căn 2pn+1,2vs 64m tại chung cư VinSmart City Tây Mỗ Giá 3,9x tỷ","3,9 tỷ",64 m²,2,2,"Nam Từ Liêm, Hà Nội","The Sapphire-Vinhomes Smart City, Tây Mỗ, Nam Từ Liêm, Hà Nội",
"Chính chủ cần bán căn 4PN, 2WC, 142m, căn góc, toà mới N01T6 Ngoại Giao Đoàn, 16 tỷ, 0393 755 ***",16 tỷ,142 m²,4,3,"Bắc Từ Liêm, Hà Nội","Khu Ngoại Giao Đoàn, Xuân Đỉnh, Xuân Đỉnh, Bắc Từ Liêm, Hà Nội",
Nhà đẹp Ngọc Lâm - Nguyễn Văn Cừ - Long Biên 45m2 6 tầng thang máy gara ô tô,"8,9 tỷ",45 m²,4,4,"Long Biên, Hà Nội","Đường Nguyễn Văn Cừ, Phường Ngọc Lâm, Long Biên, Hà Nội",
"Cơ Hội Vàng: Giỏ Hàng Cuối Celadon City - Shophouse Thuê Lại 5 Năm, Skyline, Căn hộ - Chỉ 200 căn.","6,45 tỷ",86 m²,2,2,"Tân Phú, Hồ Chí Minh","Diamond Centery, N1, Sơn Kỳ, Tân Phú, Hồ Chí Minh",
The Privia - rổ hàng bán căn hộ 1PN - 2PN - 3PN giá nét bán nhanh,"3,97 tỷ",69 m²,2,2,"Bình Tân, Hồ Chí Minh","Dự án The Privia, Đường An Dương Vương, Phường An Lạc, Bình Tân, Hồ Chí Minh",
"Nhà nằm ngay vị trí đẹp Sư Vạn Hạnh P12 Q10 giá 3tỷ050tr DT 42.9m2, đang cho thuê 15tr/tháng","3,05 tỷ","42,9 m²",4,5,"Quận 10, Hồ Chí Minh","Đường Sư Vạn Hạnh, Phường 12, Quận 10, Hồ Chí Minh",
"Bán biệt thự đơn lập, lô góc 3 mặt thoáng, tại Đường Sa Đôi, Đại Mỗ, diện tích 206m2, giá 63,5 tỷ","63,5 tỷ",206 m²,4,6,"Nam Từ Liêm, Hà Nội","Đường Sa Đôi, Phường Đại Mỗ, Nam Từ Liêm, Hà Nội",
Bán căn hộ chung cư Quận Gò Vấp giá rẻ 1 tỷ 680 - full nội thất chiết khấu lên đến 5% + 3 chỉ vàng,"1,68 tỷ",44 m²,2,1,"Gò Vấp, Hồ Chí Minh","Đường Trần Bình Trọng, Phường 1, Gò Vấp, Hồ Chí Minh",
"Bán đất tại Xã Bàu Cạn giá ( ngộp) 2ty1, siêu đẹp trên đất có 100m thổ cư","2,1 tỷ","344,9 m²",Không có thông tin,Không có thông tin,"Long Thành, Đồng Nai","Đường Bàu Cạn, Xã Bàu Cạn, Long Thành, Đồng Nai",
"Siêu Hiếm Triều Khúc Thanh Trì 270m2 mặt tiền 10m, vỉa hè ô tô, giá chỉ 60 tỷ, xây tòa nhà VIP",60 tỷ,270 m²,2,2,"Thanh Trì, Hà Nội","Xã Tân Triều, Thanh Trì, Hà Nội",
"Chính chủ cần bán căn hộ cao cấp 3PN, 2WC tại The Prince Residence, giá 8.5 tỷ, 110m2, Q Phú Nhuận","8,5 tỷ",110 m²,3,2,"Phú Nhuận, Hồ Chí Minh","Dự án The Prince Residence, Đường Nguyễn Văn Trỗi, Phường 12, Phú Nhuận, Hồ Chí Minh",
"Hoàng 3333 giá thật, nói không với căn ảo mất thời gian. Căn 2N từ 4 tỷ 550, căn 3N từ 5 tỷ 9, SĐ","5,9 tỷ",95 m²,3,2,"Thanh Trì, Hà Nội","Eco Green City, 286, Đường Nguyễn Xiển, Xã Tân Triều, Thanh Trì, Hà Nội",
Bán lô đất ninh hiệp ninh hoà cách quảng trường 500m,"6,93 tỷ","407,7 m²",Không có thông tin,Không có thông tin,"Ninh Hòa, Khánh Hòa","Đường 2/4, Phường Ninh Hiệp, Ninh Hòa, Khánh Hòa",
"Nhà HXH đường Linh Đông 149m2 3 tầng 12,6 tỷ","12,6 tỷ",149 m²,3,3,"Thủ Đức, Hồ Chí Minh","Đường Linh Đông, Phường Linh Đông, Thủ Đức, Hồ Chí Minh",
"XANH ISLAND CÁT BÀ 34m2 view vịnh Lan Hạ, full nội thất, đóng trước 650tr vay miễn lãi 30th","1,8 tỷ",34 m²,1,1,"Cát Hải, Hải Phòng","Xanh Island Cát Bà, Đường 1/4, Thị trấn Cát Bà, Cát Hải, Hải Phòng",
"Giá thật! Cập nhật giỏ hàng những căn rẻ nhất Sài Gòn Intela. 2PN chỉ từ 1,450 tỷ!","1,45 tỷ",50 m²,2,2,"Bình Chánh, Hồ Chí Minh","Dự án Sài Gòn Intela, Đường Nguyễn Văn Linh, Xã Phong Phú, Bình Chánh, Hồ Chí Minh",
Tổng kho dự án Dragon Castle - 99 căn chuyển nhượng giá tốt nhất 2PN giá 1.45 tỷ,"1,45 tỷ",57 m²,2,2,"Hạ Long, Quảng Ninh","Dự án The Dragon Castle, Đường Cái Lân, Phường Bãi Cháy, Hạ Long, Quảng Ninh",
BÁN LÔ ĐẤT LỚN MẶT TIỀN 446.8M2 ĐƯỜNG SỐ 44 P. HIỆP BÌNH CHÁNH THỦ ĐỨC,"19,5 tỷ",447 m²,Không có thông tin,Không có thông tin,"Thủ Đức, Hồ Chí Minh","Đường Số 44, Phường Hiệp Bình Chánh, Thủ Đức, Hồ Chí Minh",
Duy nhất một căn 6.9 tỷ có nhà + VAT. Sẵn HĐMB công chứng ngay. Nhận nhà ngay. HL 0901 353 ***,"6,9 tỷ",160 m²,Không có thông tin,Không có thông tin,"Biên Hòa, Đồng Nai","Dự án Aqua City, Xã Long Hưng, Biên Hòa, Đồng Nai",
"Độc quyền rổ hàng Melosa Garden căn 5x17m thô 7,95 tỷ, 6x18m nội thất 9,5 tỷ Biệt thự 8x18m 12,8 tỷ","7,95 tỷ",85 m²,4,4,"Quận 9, Hồ Chí Minh","Dự án Melosa Garden, Đường Vành Đai Trong, Phường Phú Hữu, Quận 9, Hồ Chí Minh",
ĐỘC QUYỀN 200 CĂN LIỀN KỀ- BIỆT THỰ PHÚ THỊ RIVERSIDE-GIÁ TỪ 10 TỶ- VAY LS 0% -SỔ ĐỎ LÂU DÀi,10 tỷ,90 m²,Không có thông tin,Không có thông tin,"Gia Lâm, Hà Nội","Đường Quốc Lộ 17, Xã Phú Sơn, Gia Lâm, Hà Nội",
"Nhà phố 140m2 hầm 4 tầng Vạn Phúc City mẫu nhà đẹp nhà cao cửa rộng hiện đại, vị trí đẹp giá 31tỷ",31 tỷ,140 m²,Không có thông tin,Không có thông tin,"Thủ Đức, Hồ Chí Minh","Dự án KĐT Vạn Phúc City, Đường Số 7, Phường Hiệp Bình Phước, Thủ Đức, Hồ Chí Minh",
CÒN ĐÚNG DUY NHẤT MỘT CĂN 3PN ( 89M2) DÒNG LIMITED VIEW SÔNG. GIÁ 7 TỶ CÓ VAT. GỌI EM 0901 353 ***,7 tỷ,89 m²,3,2,"Quận 2, Hồ Chí Minh","Victoria Village, Đồng Văn Cống, Thạnh Mỹ Lợi, Quận 2, Hồ Chí Minh",
BÁN CĂN HỘ CAO CẤP 3 PHÒNG NGỦ TẠI Q2 FRASER THẢO ĐIỀN,"12,2 tỷ",100 m²,3,2,"Quận 2, Hồ Chí Minh","Q2 Thảo Điền, Võ Trường Toản, Thảo Điền, Quận 2, Hồ Chí Minh",
"Bán căn hộ Sunshine Sky City suất SPA 7,4 tỷ, 132m2, 4PN, 3WC liền kề Phú Mỹ Hưng LH 0357 313 ***","7,4 tỷ",132 m²,4,3,"Quận 7, Hồ Chí Minh","Sunshine Sky City , Phú Thuận, Tân Phú, Quận 7, Hồ Chí Minh",
"Cập nhật Quỹ Căn Chuyển Nhượng dự án Heritage Westlake Lạc Long Quân, Tây Hồ",15 tỷ,150 m²,3,3,"Tây Hồ, Hà Nội","Endless Skyline West Lake, Võ Chí Công, Phú Thượng, Tây Hồ, Hà Nội",
BÁN ĐẤT HAI MẶT TIỀN SÁT ĐƯỜNG PHẠM VĂN ĐỒNG,"6,8 tỷ",80 m²,Không có thông tin,Không có thông tin,"Thủ Đức, Hồ Chí Minh","Đường Số 9, Phường Linh Tây, Thủ Đức, Hồ Chí Minh",
"Bán gấp mảnh đất 500m2 biệt thự khu Ấp Búng Gội, Cửa Dương, Phú Quốc, giá chỉ 2,5 tỷ, xây 5 tầng","2,5 tỷ",500 m²,Không có thông tin,Không có thông tin,"Phú Quốc, Kiên Giang","Đường Búng Gội, Xã Cửa Dương, Phú Quốc, Kiên Giang",
Duy nhất 1 căn liền kề Sapphire Gem 110m2 - Gần ngay trung tâm hành chính - giá cực tốt,"5,83 tỷ",110 m²,Không có thông tin,Không có thông tin,"Thủy Nguyên, Hải Phòng","Sapphire Gem Hải Phòng, Thủy Đường, Thủy Nguyên, Hải Phòng",
"HOT HOT HOT Bán nhà Đ. Cầm Bá Thước, Phú Nhuận. 9,3x19,5m, Diện tích 192m2, full thổ cư",28 tỷ,192 m²,Không có thông tin,Không có thông tin,"Phú Nhuận, Hồ Chí Minh","Đường Cầm Bá Thước, Phường 7, Phú Nhuận, Hồ Chí Minh",
"Bán đất Tiến Thành, Kê Gà, đường Lạc Long Quân, 719B, Hàm Kiệm, Hòn Lan, 719. LH: 0986 707 ***",Giá thỏa thuận,1.000 m²,Không có thông tin,Không có thông tin,"Phan Thiết, Bình Thuận","Đường Lạc Long Quân, Xã Tiến Thành, Phan Thiết, Bình Thuận",
Kẹt tiền bán lỗ căn 57m2 2pn 2wc giá chỉ 1ty390 bao thuế phí,"1,39 tỷ",57 m²,2,2,"Quận 8, Hồ Chí Minh","Dream Home Riverside, Nguyễn Văn Linh, 7, Quận 8, Hồ Chí Minh",
"Chính chủ bán căn hộ chung cư Imperia Garden 100m2, góc 3 phòng ngủ tầng trung đồ cơ bản giá tốt",Giá thỏa thuận,100 m²,3,2,"Thanh Xuân, Hà Nội","Imperia Garden, 203, Đường Nguyễn Huy Tưởng, Phường Thanh Xuân Trung, Thanh Xuân, Hà Nội",
"Em bán quỹ căn 2PN - 3PN mới nhất đầy đủ nhất tháng 3/2025, cam kết chính chủ, sổ đỏ lâu dài","7,7 tỷ","88,1 m²",2,2,"Cầu Giấy, Hà Nội","Tràng An Complex, Phùng Chí Kiên, Nghĩa Đô, Cầu Giấy, Hà Nội",
"Bán nhà mới 3 tầng Thanh Lương 11, Phường Hoà Xuân, Quận Cẩm Lệ, DT: 5mx20m, 3 lầu. Giá 5,25 tỷ","5,25 tỷ",100 m²,Không có thông tin,Không có thông tin,"Cẩm Lệ, Đà Nẵng","Dự án KĐT Hòa Xuân mở rộng, Đường Thanh Lương 11, Phường Hòa Xuân, Cẩm Lệ, Đà Nẵng",
"Thanh toán chỉ 10% kí HĐMB với lịch thanh toán kéo dài, nhận nhà có thể cho thuê ngay","2,6 tỷ",61 m²,2,1,"Thủ Dầu Một, Bình Dương","Midori Park The Glory, Đường Bùi Thị Xuân, Phường Hòa Phú, Thủ Dầu Một, Bình Dương",
"Bán Đất nền dự án tại Gia Hòa, Đường 4, Phường Phước Long B, Quận 9, TP.HCM, 10,6 tỷ, 100m2","10,6 tỷ",100 m²,Không có thông tin,Không có thông tin,"Quận 9, Hồ Chí Minh","Gia Hòa, Đường 4, Phường Phước Long B, Quận 9, Hồ Chí Minh",
DUY NHẤT! Lô đất đẹp trung tâm TT Liên Quan Mặt đường Đồng Cam,10 tỷ,91 m²,Không có thông tin,Không có thông tin,"Thạch Thất, Hà Nội","Đường Đồng Cam, Thị trấn Liên Quan, Thạch Thất, Hà Nội",
Bán đất chính chủ 110m tại đông yên Quốc Oai,23 triệu,110 m²,Không có thông tin,Không có thông tin,"Quốc Oai, Hà Nội","Xã Đông Yên, Quốc Oai, Hà Nội",
"Còn 2 suất nội bộ nhà phố thương mại 5F The Aura Bàu Bàng 150m2 Sổ sẵn, cho thuê đất 5-8tr/tháng.","1,5 tỷ",150 m²,Không có thông tin,Không có thông tin,"Bàu Bàng, Bình Dương","Đường D7, Thị trấn Lai Uyên, Bàu Bàng, Bình Dương",
"Cần bán lô đất DT 70m2, sổ hồng riêng, full thổ cư giá 1 tỷ 250 triệu, xây dựng tự do","1,25 tỷ",70 m²,Không có thông tin,Không có thông tin,"Đức Hòa, Long An","Dự án Dragon Pearl, Đường Tỉnh Lộ 10, Xã Đức Hoà Đông, Đức Hòa, Long An",
"Bán nhà Liền kề tại Đường 422, Thị trấn Trạm Trôi, Hoài Đức, Hà Nội, giá cực chất 9 tỷ, 80m2",9 tỷ,90 m²,Không có thông tin,Không có thông tin,"Hoài Đức, Hà Nội","Đường 422, Thị trấn Trạm Trôi, Hoài Đức, Hà Nội",
Tổng hợp hàng THỊ TRẤN PHƯỚC HẢI Từ 1000m2 - 5000m2 - gần biển - view núi - sổ sẵn thổ cư,"2,7 tỷ",1.000 m²,Không có thông tin,Không có thông tin,"Long Đất, Bà Rịa Vũng Tàu","Đường 44A, Xã Long Mỹ, Đất Đỏ, Bà Rịa Vũng Tàu",
Độc quyền 50m2-1Tỷ470 - Bao thuế phí 55m2 - 1Tỷ580 Trả trước 600tr - Nhận nhà ngay. Hỗ trợ vay 70%,"1,47 tỷ",50 m²,2,2,"Bình Chánh, Hồ Chí Minh","Dự án Sài Gòn Intela, Đường Nguyễn Văn Linh, Xã Phong Phú, Bình Chánh, Hồ Chí Minh.",
"CHÍNH CHỦ GỬI BÁN CĂN HỘ 3PN (93 - 96m2), 2WC, FULL NỘI THẤT, SẴN SỔ. LH 0986 936 *** XEM NHÀ NGAY",6 tỷ,72 m²,2,2,"Nam Từ Liêm, Hà Nội","Mỹ Đình Pearl, Đường Châu Văn Liêm, Phường Phú Đô, Nam Từ Liêm, Hà Nội",
BĐS Quảng Yên -QN LÔ GÓC 2 MẶT TIỀN 235M TẠI XÃ TIỀN AN TÀI CHÍNH 10 TRIỆU/M,"2,35 tỷ",235 m²,Không có thông tin,Không có thông tin,"Quảng Yên, Quảng Ninh","Tiền An, Quảng Yên, Quảng Ninh",
"Bán đất tại Trâu Quỳ, Gia Lâm - giá tốt nhất chỉ 120 triệu/m2, 57.6m2, MT 8m","6,91 tỷ","57,6 m²",Không có thông tin,Không có thông tin,"Gia Lâm, Hà Nội","Trâu Quỳ, Gia Lâm, Hà Nội",
"Cần bán gấp Biệt thự Thanh Liên tại Vườn Vua Resort, DT 322,5m2 full nội thất . Hotline: 0936 383 ***",7 tỷ,"322,6 m²",3,3,"Thanh Thủy, Phú Thọ","Vườn Vua Resort & Villas, Đồng Trung, Thanh Thủy, Phú Thọ",
"Bán nhà riêng, Lê Văn Lương, Nhơn Đức, Nhà Bè, HCM, 7,8 tỷ, 267m2","7,8 tỷ",267 m²,7,7,"Nhà Bè, Hồ Chí Minh","Đường Lê Văn Lương, Xã Nhơn Đức, Nhà Bè, Hồ Chí Minh",
"Bán CC 2PN, 1WC, D4, Bửu Long, Biên Hòa, 1,2 tỷ, 50m2","1,2 tỷ",50 m²,2,1,"Biên Hòa, Đồng Nai","Đường D4, Phường Bửu Long, Biên Hòa, Đồng Nai",
Sở hữu ngay căn liền kế Chà Là Vinhomes Oceanpark 2 64m2 Đông Nam nằm giữa 2 cụm Công viên,8 tỷ,64 m²,Không có thông tin,Không có thông tin,"Văn Giang, Hưng Yên","The Empire - Vinhomes Ocean Park 2, Long Hưng, Văn Giang, Hưng Yên",
"Bán biệt thự Geleximco Lê Trọng Tấn, Hà Đông giá chỉ từ 16 tỷ, khu B_C_D, pháp lý đầy đủ 0981 046 ***",16 tỷ,95 m²,Không có thông tin,Không có thông tin,"Hà Đông, Hà Nội","Geleximco Lê Trọng Tấn, Đường Lê Trọng Tấn, Phường Dương Nội, Hà Đông, Hà Nội",
"BÁN NHANH LÔ ĐẤT DT : 144,5 + 141 ngay chân dốc dự án Thung Lũng - Thanh Xuân..","1,81 tỷ","144,5 m²",Không có thông tin,Không có thông tin,"Phúc Yên, Vĩnh Phúc","Đường Nguyễn Văn Cừ, Xã Ngọc Thanh, Phúc Yên, Vĩnh Phúc",
"Khu TDC Phước Thiện, Đất sổ hồng lâu dài 55m2, đối diện Vin chỉ 3.3 tỷ","3,3 tỷ",55 m²,Không có thông tin,Không có thông tin,"Quận 9, Hồ Chí Minh","Khu dân cư Phước Thiện, Phước Thiện, Long Bình, Quận 9, Hồ Chí Minh",
Chung cư 275 Nguyễn Trãi tòa A Golden Land Hoàng Huy,"6,45 tỷ","95,1 m²",2,2,"Thanh Xuân, Hà Nội","Đường Nguyễn Trãi, Phường Thanh Xuân Trung, Thanh Xuân, Hà Nội",
"Bán đất biệt thự góc tại khu đô thị Hà Phong, hướng Tây và Bắc, giá rẻ nhất khu vực",Giá thỏa thuận,353 m²,Không có thông tin,Không có thông tin,"Mê Linh, Hà Nội","Dự án Hà Phong, Đường Hà Phong, Xã Tiền Phong, Mê Linh, Hà Nội",
"Chủ nhà gửi bán nhanh căn 3 ngủ diện tích từ 95 -100m2 chung cư coma 6 tây mỗ, Nam từ liêm ,HN",Giá thỏa thuận,95 m²,3,2,"Nam Từ Liêm, Hà Nội","Dream Town, đường Tây Mỗ, Phường Tây Mỗ, Nam Từ Liêm, Hà Nội",
Bán lô đất tặng nhà mặt tiền DT7,4 tỷ,"674,7 m²",Không có thông tin,Không có thông tin,"Ninh Hòa, Khánh Hòa","Đường Tỉnh Lộ 7, Xã Ninh Thọ, Ninh Hòa, Khánh Hòa",
Giỏ hàng cập nhật - loại biệt thự từ 162m2 - 200 - 300m2 (có sân vườn riêng) - Giá T03/2025 (new),"25,5 tỷ",200 m²,Không có thông tin,Không có thông tin,"Nhà Bè, Hồ Chí Minh","Dự án Zeitgeist City, Đường Nguyễn Hữu Thọ, Xã Phước Kiển, Nhà Bè, Hồ Chí Minh",
"Chính chủ bán đất tặng biệt thự, mặt tiền đường Hà Huy Giáp, giá giảm sâu chỉ còn 27 tỷ 0975 714 ***",27 tỷ,1.355 m²,Không có thông tin,Không có thông tin,"Dĩ An, Bình Dương","Đường Hà Huy Giáp, Phường Đông Hòa, Dĩ An, Bình Dương",
Chính chủ cần bán gấp căn hộ chung cư cao cấp 4PN nội thất cơ bản tòa N01T8,"12,38 tỷ",136 m²,4,3,"Bắc Từ Liêm, Hà Nội","Dự án N01-T8 Ngoại Giao Đoàn, Phường Xuân Tảo, Bắc Từ Liêm, Hà Nội",
"Chinh chu: Bán căn hộ đặc biệt 163m2, bancong 7met 3PN, 3WC tại Sunrise City Quận 7 giá 9.9 tỷ","9,9 tỷ",163 m²,3,3,"Quận 7, Hồ Chí Minh","Dự án Sunrise City, Đường Nguyễn Hữu Thọ, Phường Tân Hưng, Quận 7, Hồ Chí Minh",
"Quỹ căn ngoại giao (118m2, duplex 145m2) giá tốt nhất siêu hời, quỹ ẩn trực tiếp CĐT, LH 0966 088 ***","9,68 tỷ",118 m²,4,4,"Thanh Xuân, Hà Nội","Viha Complex, số 107, Đường Nguyễn Tuân, Phường Thanh Xuân Trung, Thanh Xuân, Hà Nội",
"Chính chủ bán căn góc liền kề 90m2, giá tốt",Giá thỏa thuận,90 m²,4,3,"Hoài Đức, Hà Nội","Dự án Vinhomes Thăng Long, Xã An Khánh, Hoài Đức, Hà Nội",
"Chính chủ bán lô biệt thự 1/Liên Phường KDC Kiến Á, DT: 20x21m, Giá 79tr/m","33,18 tỷ",420 m²,Không có thông tin,Không có thông tin,"Quận 9, Hồ Chí Minh","Dự án KDC Kiến Á, Đường Liên Phường, Phường Phước Long B, Quận 9, Hồ Chí Minh",
"Chuyển nhượng Kho Nhà Xưởng Khu Công Nghiệp Quang Minh DT:9000, 1,4ha ,1,7ha sẵn kho nhà xưởng vip",Giá thỏa thuận,9.000 m²,Không có thông tin,Không có thông tin,"Mê Linh, Hà Nội","KCN Quang Minh, Đường Cao tốc Thăng Long Nội Bài, Thị trấn Quang Minh, Mê Linh, Hà Nội",
"Bán nhà 3PN, 3WC, 100m2 tại Khuê Mỹ,ngay gần Đoàn Khuê+Bùi Tá Hán, Đà Nẵng, giá 6,7 tỷ","6,7 tỷ",100 m²,3,3,"Ngũ Hành Sơn, Đà Nẵng","Phường Khuê Mỹ, Ngũ Hành Sơn, Đà Nẵng",
"Tin thật 100% - cập nhật giỏ hàng căn hộ The Estella 2 - 3PN, penthouse, sân vườn giá bán siêu rẻ",8 tỷ,104 m²,Không có thông tin,Không có thông tin,"Quận 2, Hồ Chí Minh","Dự án The Estella, Đường Xa Lộ Hà Nội, Phường An Phú, Quận 2, Hồ Chí Minh",
"Chính chủ bán căn góc - 108m2 - 3PN, 2WC, view thoáng full nội thất toà Hà Nội Paragon, giá 6,5 tỷ","6,5 tỷ",108 m²,3,2,"Cầu Giấy, Hà Nội","Dự án Hà Nội Paragon, Phường Dịch Vọng Hậu, Cầu Giấy, Hà Nội",
Gia đình em bán căn góc 198m2 3PN+1 - 2WC ban công hướng Nam full nội thất Dolphin Plaza giá 10.6tỷ,"10,6 tỷ",198 m²,3,2,"Nam Từ Liêm, Hà Nội","Dolphin Plaza, Phố Trần Bình, Phường Mỹ Đình 2, Nam Từ Liêm, Hà Nội",
"Chính chủ bán CH 78m2 - 2PN ban công Đông Nam, view thoáng full nội thất ở Roman Plaza giá 4,6 tỷ","4,6 tỷ",78 m²,2,2,"Nam Từ Liêm, Hà Nội","Dự án Roman Plaza, Đường Tố Hữu, Phường Đại Mỗ, Nam Từ Liêm, Hà Nội",
"Bán liền kề 110m trục đường 21m giá siêu tốt. Ngay TTHC mới Hải Phòng. chỉ 6,1x tỷ bao thuế phí","6,16 tỷ",110 m²,Không có thông tin,Không có thông tin,"Thủy Nguyên, Hải Phòng","Dự án Sapphire Gem Hải Phòng, Đường 9C, Xã Thủy Đường, Thủy Nguyên, Hải Phòng",
Cnc Hoà Lạc-TĐC VAI RÉO -100m2- Mặt tiền 6-nằm trong tổ hợp nghiên cứu- giá rẻ nhất thị trường,Giá thỏa thuận,100 m²,Không có thông tin,Không có thông tin,"Quốc Oai, Hà Nội","Xã Phú Cát, Quốc Oai, Hà Nội",
"BÁN NHÀ TRUNG TÂM QUẬN 1 HẺM XE HƠI NGUYỄN TRÃI CHỈ 6,4TỶ","6,4 tỷ","34,1 m²",Không có thông tin,Không có thông tin,"Quận 1, Hồ Chí Minh","Hẻm 214, Đường Nguyễn Trãi, Phường Nguyễn Cư Trinh, Quận 1, Hồ Chí Minh",
"Bán biệt thự đơn lập Swanbay căn góc vị trí đẹp, sổ hồng riêng, mặt tiền đường lớn. Chính chủ",36 tỷ,402 m²,Không có thông tin,Không có thông tin,"Nhơn Trạch, Đồng Nai","Dự án Swan Bay, Đường Quốc Lộ 51, Xã Đại Phước, Nhơn Trạch, Đồng Nai",
"Chính chủ! Bán biệt thự Song lập Swanbay căn góc, vị trí đẹp, sổ hồng cầm tay. LH: 0938 652 ***","22,5 tỷ",323 m²,4,3,"Nhơn Trạch, Đồng Nai","Swan Bay , Đường Quốc Lộ 51, Xã Đại Phước, Huyện Nhơn Trạch, Đồng Nai",
"Vốn ban đầu chỉ cần từ 3.9 tỷ/căn shophouse đường 25m, nhà 5 tầng tại Vin 3","10,8 tỷ",75 m²,4,4,"Văn Giang, Hưng Yên","Dự án The Crown - Vinhomes Ocean Park 3, Xã Nghĩa Trụ, Văn Giang, Hưng Yên",
Nhà 1 trệt 1 lầu đường ô tô phường Phú Thọ- Thủ Dầu Một - Giá 1.99tỷ.,"1,99 tỷ","63,3 m²",2,2,"Thủ Dầu Một, Bình Dương","Đường Lê Hồng Phong, Phường Phú Thọ, Thủ Dầu Một, Bình Dương",
"Hoàng Villa - Chuyên chuyển nhượng biệt thự Phú Mỹ Hưng, Quận 7, cập nhật 24/7, LH: 0898 999 ***",72 tỷ,280 m²,Không có thông tin,Không có thông tin,"Quận 7, Hồ Chí Minh","Dự án Phú Mỹ Hưng, Phường Tân Phong, Quận 7, Hồ Chí Minh",
"BẮT ĐÁY Bất động sản dòng tiền, siêu nhà phố kính doanh 6t. Gần Công viên, chúng cư, vincom ocp2","20,79 tỷ",109 m²,Không có thông tin,Không có thông tin,"Văn Giang, Hưng Yên","The Empire - Vinhomes Ocean Park 2, Long Hưng, Văn Giang, Hưng Yên",
"Cần bán đất 2 mặt tiền đường nhựa gần sân bay tại xã Láng Dài, Huyện Long Đất, Bà Rịa - Vũng Tàu",95 tỷ,50.000 m²,Không có thông tin,Không có thông tin,"Long Đất, Bà Rịa Vũng Tàu","Đường Lộc An, Xã Láng Dài, Long Đất, Bà Rịa Vũng Tàu",
"Cần bán đất 2 mặt tiền đường nhựa gần sân bay tại xã Láng Dài, Huyện Long Đất, Bà Rịa - Vũng Tàu",95 tỷ,50.000 m²,Không có thông tin,Không có thông tin,"Long Đất, Bà Rịa Vũng Tàu","Đường Lộc An, Xã Láng Dài, Long Đất, Bà Rịa Vũng Tàu",
"[Slot cuối cùng] Chỉ 3,x tỷ có căn 2PN view pháo hoa tầng cao, Căn hộ cao cấp biển Mỹ Khê Đà Nẵng","3,67 tỷ","82,5 m²",2,2,"Ngũ Hành Sơn, Đà Nẵng","The Sang Residence, Đường Phạm Kiệt, Phường Khuê Mỹ, Ngũ Hành Sơn, Đà Nẵng",
"Cắt lỗ 25% căn shop lâu dài, MT 6m tại San Hô OCP2 gần biển và phố Hongkong. 14,x tỷ. LH 0966 659 ***","14,6 tỷ",84 m²,Không có thông tin,Không có thông tin,"Văn Giang, Hưng Yên","The Empire - Vinhomes Ocean Park 2, Long Hưng, Văn Giang, Hưng Yên",
"ĐHG chuyên Opal Boulevard đã 4 năm, bán 2PN 75.4m2, 2,75 tỷ có sổ hồng, công chứng ngay 0931 866 ***","2,75 tỷ","75,4 m²",2,2,"Dĩ An, Bình Dương","Dự án Opal Boulevard, Đường Kha Vạn Cân, Phường An Bình, Dĩ An, Bình Dương",
"Chính chủ gửi bán CH 97m2 giá 6,2 tỷ (btp) tầng cao, hướng mát sẵn sổ giao dịch ngay cạnh Vinhomes","6,2 tỷ",97 m²,3,2,"Long Biên, Hà Nội","Le Grand Jardin Sài Đồng, Huỳnh Văn Nghệ, Sài Đồng, Long Biên, Hà Nội",
"Song lập TM lâu dài gần Vincom OCP2, trục chính mở 51 m. LH 0966 659 ***",31 tỷ,150 m²,Không có thông tin,Không có thông tin,"Văn Giang, Hưng Yên","Dự án The Empire - Vinhomes Ocean Park 2, Xã Long Hưng, Văn Giang, Hưng Yên",
Chính Chủ cần bán Một số Lô đất Nền Shophouse tại Khu đô thị Danko City Thái Nguyên,"2,59 tỷ",96 m²,Không có thông tin,Không có thông tin,"Thái Nguyên, Thái Nguyên","Dự án KĐT Danko City, Đường Quốc lộ 1B, Xã Cao Ngạn, Thái Nguyên, Thái Nguyên.",
"Bán quỹ CH rẻ nhất thị trường DT 133-152-164-191_198m2 Dolphin Plaza, Phố Trần Bình LH: 0906 241 ***","7,5 tỷ",152 m²,3,2,"Nam Từ Liêm, Hà Nội","Dự án Dolphin Plaza, Phố Trần Bình, Phường Mỹ Đình 2, Nam Từ Liêm, Hà Nội",
"3,4 tỷ giảm còn 3 tỷ 190. Bán gấp căn 64m2 Võ Văn Tần gần chợ Vườn Chuối. Xây 1 trệt 4 lầu, hẻm 6m.","3,19 tỷ",64 m²,5,5,"Quận 3, Hồ Chí Minh","Đường Võ Văn Tần, Phường Võ Thị Sáu, Quận 3, Hồ Chí Minh",
"Bán nhà liền kề KĐT Đại Kim - Nguyễn Cảnh Dị, DT 54m2, 4,5 tầng lô góc LH 0989 604 ***","16,5 tỷ",54 m²,Không có thông tin,Không có thông tin,"Hoàng Mai, Hà Nội","KĐT Đại Kim, Đường Nghiêm Xuân Yêm, Phường Đại Kim, Hoàng Mai, Hà Nội",
KĐT Hà Quang 2 giá đầu tư tốt nhất hiện nay,"4,1 tỷ",100 m²,Không có thông tin,Không có thông tin,"Nha Trang, Khánh Hòa","Dự án KĐT Lê Hồng Phong II, Đường Số 2C, Phường Phước Hải, Nha Trang, Khánh Hòa",
Chính chủ e bán 317m full thổ cư Thanh Sơn - Lương Sơn - Hoà Bình,850 triệu,317 m²,Không có thông tin,Không có thông tin,"Lương Sơn, Hòa Bình","Xã Thanh Sơn, Lương Sơn, Hòa Bình",
"Căn Hộ Eco Xuân: Bán 2PN 68m2 - 1,70 tỷ, 3PN 86m2 - 1.9x tỷ, 1PN 47m2 1,2 tỷ Thuận An - Bình Dương","1,7 tỷ",68 m²,2,2,"Thuận An, Bình Dương","Dự án Eco Xuân, Đường Quốc Lộ 13, Phường Lái Thiêu, Thuận An, Bình Dương",
"SIÊU HIẾM! NHÀ ĐẸP PHỐ TRẠM - 5 TẦNG - VỈA HÈ RỘNG 31M2,VỊ TRÍ ĐẮC ĐỊA! Đừng bỏ lỡ","7,66 tỷ",31 m²,3,4,"Long Biên, Hà Nội","Đường Phố Trạm, Phường Long Biên, Long Biên, Hà Nội",
Bán lô mặt ngoài giãn dân Phú Sơn Hưng Long Mỹ Hào 90m2 chỉ 5 tỷ 850tr. kinh doanh sầm uất hiện hữu,"5,85 tỷ",90 m²,Không có thông tin,Không có thông tin,"Mỹ Hào, Hưng Yên","Đường Phạm Ngũ Lão, Xã Hưng Long, Mỹ Hào, Hưng Yên",
Bán suất ngoại giao NOXH gần Hồ Linh Đàm giá siêu tốt,"3,04 tỷ",69 m²,2,2,"Hoàng Mai, Hà Nội","Dự án Tây Nam Hồ Linh Đàm, Đường Bằng A, Phường Hoàng Liệt, Hoàng Mai, Hà Nội",
Cần bán lại căn 2PN lớn tầng cao hiếm Lancaster Quận 1 rẻ hơn 20% so với CDT,Giá thỏa thuận,90 m²,2,2,"Quận 1, Hồ Chí Minh","Dự án Lancaster Legacy, Đường Nguyễn Trãi, Phường Nguyễn Cư Trinh, Quận 1, Hồ Chí Minh",
CHÀO BÁN VÀI LÔ BIỆT THỰ VÀ LÔ ỐNG GIÁ RẺ NHẤT TẠI KHU ĐÔ THỊ ĐIỆN NGỌC.LIỀN KỀ ĐẠI HỌC FPT CITY,"3,8 tỷ",270 m²,Không có thông tin,Không có thông tin,"Điện Bàn, Quảng Nam","Khu đô thị số 3 Điện Nam Điện Ngọc, Điện Ngọc, Điện Bàn, Quảng Nam",
"Bán nhà chính chủ sát mặt tiền Hoàng Hoa Thám, Bình Thạnh, 6tỷ8, 4 tầng, 36m2, 4PN, 3WC 0964 589 ***","6,8 tỷ",36 m²,4,3,"Bình Thạnh, Hồ Chí Minh","Đường Hoàng Hoa Thám, Phường 6, Bình Thạnh, Hồ Chí Minh",
"Chuyên căn hộ Masteri An Phú, giá rẻ nhất thị trường, liên hệ 0906 920 *** Ms. Phương (Mia)",6 tỷ,70 m²,2,2,"Quận 2, Hồ Chí Minh","Dự án Masteri An Phú, Đường Xa Lộ Hà Nội, Phường Thảo Điền, Quận 2, Hồ Chí Minh",
"Chuyên căn hộ Masteri An Phú, giá rẻ nhất thị trường, liên hệ 0906 920 *** Ms. Phương (Mia)",6 tỷ,70 m²,2,2,"Quận 2, Hồ Chí Minh","Dự án Masteri An Phú, Đường Xa Lộ Hà Nội, Phường Thảo Điền, Quận 2, Hồ Chí Minh",
"[Cắt Lỗ]Căn Góc Dự án STC Long Thành tại Bình Sơn, Long Thành, Đồng Nai",5 tỷ,172 m²,Không có thông tin,Không có thông tin,"Long Thành, Đồng Nai","STC Long Thành, Bình Sơn, Long Thành, Đồng Nai",
"Bán nhà hẻm 1 sẹc Huỳnh Tấn Phát P. Phú Thuận Q7 giá 2tỷ650tr DT 69.46m2, đang cho thuê 12tr/tháng","2,65 tỷ","69,46 m²",4,4,"Quận 7, Hồ Chí Minh","Đường Huỳnh Tấn Phát, Phường Phú Thuận, Quận 7, Hồ Chí Minh",
Rổ hàng chuyển nhượng giá tốt nhất Aqua City. Có hỗ trợ vay ngân hàng,"5,4 tỷ",120 m²,Không có thông tin,Không có thông tin,"Biên Hòa, Đồng Nai","Dự án Aqua City, Xã Long Hưng, Biên Hòa, Đồng Nai",
Chỉ 3.7 tỷ sở hữu BĐS dòng tiền 540 triệu/năm-Lô kế lô góc L.Duẩn -N.Gia.Tự - giá 12.2 tỷ đồng,"12,2 tỷ",41 m²,Không có thông tin,Không có thông tin,"Hải Châu, Đà Nẵng","Đường Lê Duẩn, Phường Thạch Thang, Hải Châu, Đà Nẵng",
"Gửi đến quý anh/chị giá sang nhượng T3/2025 các căn 2PN từ 2tỷ380, hỗ trợ vay bank 4,5%năm","2,45 tỷ",65 m²,2,2,"Bình Chánh, Hồ Chí Minh","Dự án Lovera Vista, Đường Trịnh Quang Nghị, Xã Phong Phú, Bình Chánh, Hồ Chí Minh",
"Ngân hàng cần thanh lý đất đường 10,5m khu đô thị số 4 thông FPT Đà Nẵng",Giá thỏa thuận,171 m²,Không có thông tin,Không có thông tin,"Điện Bàn, Quảng Nam","Dự án Khu đô thị số 4, Phường Điện Ngọc, Điện Bàn, Quảng Nam",
NGUYỄN KIM QUẬN 10 - 50M2 HẺM XE TẢI THÔNG - NGANG GẦN 5M GIÁ CHỈ 7.9T,"7,9 tỷ",40 m²,3,3,"Quận 10, Hồ Chí Minh","Đường Nguyễn Kim, Phường 7, Quận 10, Hồ Chí Minh",
"Bán Shophouse tại Phú Mỹ Hưng, 37 tỷ, 195m2, hàng hot!",37 tỷ,195 m²,Không có thông tin,Không có thông tin,"Quận 7, Hồ Chí Minh","Phú Mỹ Hưng, Đường Raymondienne, Phường Tân Phong, Quận 7, Hồ Chí Minh",
"Cực đẹp, nhà mới Cầu Giấy, 20m ra phố, ngõ to thông, tặng nội thất, cực thoáng, 38m2 x 4 tầng",7 tỷ,38 m²,5,5,"Cầu Giấy, Hà Nội","Đường Xuân Thủy, Phường Dịch Vọng Hậu, Cầu Giấy, Hà Nội",
"Bán tòa nhà 6 tấm -120tr/th ngay đường Nơ Trang Long, Quận Bình Thạnh chỉ 21 tỷ còn TL",21 tỷ,158 m²,Không có thông tin,Không có thông tin,"Bình Thạnh, Hồ Chí Minh","Phường 12, Bình Thạnh, Hồ Chí Minh",
Bán Gấp penthouse Mỹ Tú 1 Phú Mỹ Hưng khu trung tâm,21 tỷ,297 m²,6,4,"Quận 7, Hồ Chí Minh","Mỹ Tú 1, Lý Long Tường, Tân Phong, Quận 7, Hồ Chí Minh",
"Nhận Booking bán đợt 2 Khải Hoàn Prime chuẩn resort 55-63tr/m2 tặng 1 năm PQL, chiết khấu 3%","4,46 tỷ",81 m²,3,Không có thông tin,"Nhà Bè, Hồ Chí Minh","Khải Hoàn Prime, 1578, Đường Lê Văn Lương, Xã Nhơn Đức, Nhà Bè, Hồ Chí Minh",
"(Căn mới) quỹ căn hộ đang rao bán tại WB. DT 65m2, 85m, 90m, 110m, 129m: Giá chỉ từ 5.6 tỷ - 11 tỷ",Giá thỏa thuận,65 m²,2,2,"Nam Từ Liêm, Hà Nội","Dự án Vinhomes West Point, Đường Phạm Hùng, Phường Mễ Trì, Nam Từ Liêm, Hà Nội",
"Bán Gấp Liền Kề Mặt Phố Nguyễn Xiển, Lô Góc 3 Mặt Tiền, Diện Tích 117m, 6 Tầng, Chỉ 40 Tỷ có TL",40 tỷ,117 m²,5,5,"Thanh Trì, Hà Nội","Rue De Charme, Đường Nguyễn Xiển, Xã Tân Triều, Thanh Trì, Hà Nội",
"Shophouse (nhà phố thương mại) 2 mặt tiền, view sông lớn, giá tốt nhât thị trường, cho trả chậm.",Giá thỏa thuận,490 m²,Không có thông tin,4,"Quận 7, Hồ Chí Minh","The Panorama, Đường Tôn Dật Tiên, Phường Tân Phong, Quận 7, Hồ Chí Minh",
Hot! Suất Ngoại Giao căn góc - mặt tiền 20m - giá 255 tr/m2 tại Jade Square Phạm Văn Đồng,"49,98 tỷ",196 m²,7,7,"Bắc Từ Liêm, Hà Nội","Dự án Jade Square, Đường Nguyễn Đình Tứ, Phường Xuân Đỉnh, Bắc Từ Liêm, Hà Nội",
"Bán căn 58m2 (2PN 1WC), để lại vài nội thất. Giá chỉ 3,1 tỷ","3,1 tỷ",58 m²,2,1,"Bình Chánh, Hồ Chí Minh","Dự án Mizuki Park, Đường Nguyễn Văn Linh, Xã Bình Hưng, Bình Chánh, Hồ Chí Minh",
"Giảm mạnh 400 triệu bán gấp nhà giá 3 tỷ 250 triệu Nguyễn Đình Chiểu, Phường 5, Quận 3, DT 67,5m2","3,25 tỷ","67,5 m²",4,5,"Quận 3, Hồ Chí Minh","Đường Nguyễn Đình Chiểu, Phường 5, Quận 3, Hồ Chí Minh",
"Quỹ căn duplex mới nhất tại PentStudio Tây Hồ: 4.9 tỷ/căn nhỏ - 6 tỷ/căn to đủ đồ, có sổ lâu dài",6 tỷ,76 m²,Không có thông tin,Không có thông tin,"Tây Hồ, Hà Nội","Dự án PentStudio, Đường Lạc Long Quân, Phường Phú Thượng, Tây Hồ, Hà Nội",
"Giảm mạnh 400 triệu bán gấp nhà giá 3 tỷ 250 triệu Nguyễn Đình Chiểu, Phường 5, Quận 3, DT 67,5m2","3,25 tỷ","67,5 m²",4,5,"Quận 3, Hồ Chí Minh","Đường Nguyễn Đình Chiểu, Phường 5, Quận 3, Hồ Chí Minh",
"Quỹ căn duplex mới nhất tại PentStudio Tây Hồ: 4.9 tỷ/căn nhỏ - 6 tỷ/căn to đủ đồ, có sổ lâu dài",6 tỷ,76 m²,Không có thông tin,Không có thông tin,"Tây Hồ, Hà Nội","Dự án PentStudio, Đường Lạc Long Quân, Phường Phú Thượng, Tây Hồ, Hà Nội",
Bán đất biển Mũi Né giá tốt LH 0986 707 ***,12 tỷ,398 m²,Không có thông tin,Không có thông tin,"Phan Thiết, Bình Thuận","Đường Xuân Thủy, Phường Mũi Né, Phan Thiết, Bình Thuận",
"BÁN BIỆT THỰ XÂY THÔ 3 TẦNG 266,4M2 MẶT TIỀN ĐƯỜNG TRẦN HƯNG ĐẠO TRUNG TÂM THÀNH PHỐ","7,3 tỷ","266,4 m²",Không có thông tin,Không có thông tin,"Lào Cai, Lào Cai","Phường Bắc Lệnh, Lào Cai, Lào Cai",
"Bán Gấp CHCC Richstar Lầu Cao View Đông Mát - 84m2 3PN Giá Thật 3,4 tỷ LH: 0944 904 *** Lý (View đẹp)","3,4 tỷ",84 m²,3,2,"Tân Phú, Hồ Chí Minh","RichStar, 239 - 241 - 278, Đường Hòa Bình, Phường Hiệp Tân, Tân Phú, Hồ Chí Minh",
"Tài Sản Khan Hiếm Đường Số 4 Mặt Tiền Khu Cư Xá Đô Thành, P4, Quận 3 (DT:5,9x15m) Giá 22,5Tỷ TL","22,5 tỷ",71 m²,8,8,"Quận 3, Hồ Chí Minh","Đường Số 4 Cư xá Đô Thành, Phường 4, Quận 3, Hồ Chí Minh",
Bán quỹ căn đẹp dự án Him Lam Central Park An Hồng. Gía gốc từ chủ đầu tư. LH ngay 0369 863 ***,Giá thỏa thuận,60 m²,4,3,"Hồng Bàng, Hải Phòng","Him Lam Central Park An Hồng, Đường 10, Phường An Hồng, Hồng Bàng, Hải Phòng",
Nhận booking quỹ độc quyền shophouse mặt biển Cát Bà Xanh Island chỉ từ 50tr HTLS 70% lên đến 3 năm,Giá thỏa thuận,135 m²,3,2,"Cát Hải, Hải Phòng","Dự án Xanh Island Cát Bà, Thị trấn Cát Bà, Cát Hải, Hải Phòng",
"Bán Aqua City - The Suite 8x20m nhận nhà ở ngay giá 7.3 tỷ, ngay Quảng trường sông, đã có pháp lý","6,8 tỷ",160 m²,3,Không có thông tin,"Biên Hòa, Đồng Nai","Aqua City, Long Hưng, Biên Hòa, Đồng Nai",
"Hạ giá từ 6,5 tỷ còn 5,9 tỷ cho lô đất khu số 5 An Sơn Đà Lạt cần bán gấp","5,9 tỷ",76 m²,Không có thông tin,Không có thông tin,"Đà Lạt, Lâm Đồng","Đường An Sơn, Phường 4, Đà Lạt, Lâm Đồng",
"Bán BT Vip tại Mỹ Đình, diện tích 200m2 xây 4 tầng MT 10m, giá chỉ 60 tỷ.",60 tỷ,200 m²,3,5,"Nam Từ Liêm, Hà Nội","Đường Hoài Thanh, Phường Mỹ Đình 2, Nam Từ Liêm, Hà Nội",
"VĨNH HỒ CĂN HỘ TT SỔ 25M, SD 60M, 3 NGỦ, GIÁ 2.88 TỶ.","2,88 tỷ",25 m²,3,1,"Đống Đa, Hà Nội","Đường Vĩnh Hồ, Phường Thịnh Quang, Đống Đa, Hà Nội",
"Cần thanh khoản 5 lô đất KĐT Golden Hills, sổ hồng trao tay, vị trí đẹp","2,38 tỷ",125 m²,Không có thông tin,Không có thông tin,"Liên Chiểu, Đà Nẵng","Dự án Golden Hills City, Phường Hòa Hiệp Nam, Liên Chiểu, Đà Nẵng",
"Chủ cần tiền gửi bán dự án LK11, LK18, LK09, LK20 Phương Đông, DT 87,5m2 giá từ 1,7 tỷ","1,7 tỷ","87,5 m²",Không có thông tin,Không có thông tin,"Vân Đồn, Quảng Ninh","Dự án Khu đô thị Phương Đông, Xã Đông Xá, Vân Đồn, Quảng Ninh",
"Bán nhà 2MT Lê Trọng Tấn, 6.6x14m, 1 lầu, 3PN, vị trí kinh doanh, 15 tỷ",15 tỷ,92 m²,3,2,"Tân Phú, Hồ Chí Minh","Đường Lê Trọng Tấn, Phường Tây Thạnh, Tân Phú, Hồ Chí Minh",
"Hàng Hiếm. Bán Biệt Thự Thành Phố Giao Lưu 220m2 xây 4 tầng, mặt tiền 12m, vỉa hè 8m, đường 40m",Giá thỏa thuận,220 m²,Không có thông tin,Không có thông tin,"Bắc Từ Liêm, Hà Nội","Thành phố Giao Lưu, Phạm Văn Đồng, Cổ Nhuế 1, Bắc Từ Liêm, Hà Nội",
"BÁN CĂN GẤP SHOPHOUSE TẠI TOÀ C2 XUÂN ĐỈNH DIỆN TÍCH 190M2 giá 8,5 tỷ 0967 555 ***","8,5 tỷ",190 m²,2,2,"Bắc Từ Liêm, Hà Nội","Megastar Tây Hồ, Phố Đỗ Nhuận, Phường Xuân Đỉnh, Bắc Từ Liêm, Hà Nội",
"đất view đẹp - thoáng mát - giả rê sẵn thổ cư tại Xã Quảng Lập, Huyện Đơn Dương, Tỉnh Lâm Đồng",365 triệu,130 m²,Không có thông tin,Không có thông tin,"Đơn Dương, Lâm Đồng","Xã Quảng Lập, Đơn Dương, Lâm Đồng",
Chính chủ gửi bán lô đất mặt đường Ngô Gia Tự đoạn ngã 3 Lũng Đông 132m2 ngang 5m giá 72 triệu/m2,Giá thỏa thuận,132 m²,Không có thông tin,Không có thông tin,"Hải An, Hải Phòng","Đường Ngô Gia Tự, Phường Đằng Hải, Hải An, Hải Phòng",
"Cc bán lô đất hơn 4 tỷ tại vườn sen từ sơn, đã có sổ hồng, rẻ gơn thụ trường 200tr.lh 0326 569 ***",Giá thỏa thuận,"101,6 m²",Không có thông tin,Không có thông tin,"Từ Sơn, Bắc Ninh",Vườn sen,
"Cc bán lô đất hơn 4 tỷ tại vườn sen từ sơn, đã có sổ hồng, rẻ gơn thụ trường 200tr.lh 0326 569 ***",Giá thỏa thuận,"101,6 m²",Không có thông tin,Không có thông tin,"Từ Sơn, Bắc Ninh",Vườn sen,
7 TẦNG THANG MÁY -- ĐẲNG CẤP HIMLAM -- MẶT TIỀN KHỦNG -- SÁT CHUNG CƯ -- SIÊU SIÊU VIP,"22,5 tỷ",75 m²,6,6,"Hà Đông, Hà Nội","Him Lam Vạn Phúc, Đường Tố Hữu, Phường Vạn Phúc, Hà Đông, Hà Nội",
114m full thổ cư đường thông khu đông dân cư tiện ích đầy đủ cách chợ và trường học các cấp chỉ 500,16 triệu,114 m²,Không có thông tin,Không có thông tin,"Sóc Sơn, Hà Nội","Xã Minh Phú, Sóc Sơn, Hà Nội",
"Tìm kiếm chủ nhân DANH GIÁ cho BIỆT THỰ TẦNG KHÔNG- DUAL FRONT The Symphony Đà Nẵng, CK lên đến 21%","23,52 tỷ",98 m²,Không có thông tin,Không có thông tin,"Sơn Trà, Đà Nẵng","Sun Symphony Residence, Trần Hưng Đạo, Nại Hiên Đông , Sơn Trà, Đà Nẵng",
"Chính chủ bán mảnh đất thị trấn Hồ, Thuận Thành, Bắc Ninh","1,8 tỷ",72 m²,Không có thông tin,Không có thông tin,"Thuận Thành, Bắc Ninh","Thị trấn Hồ, Thuận Thành, Bắc Ninh",
"FULL 35 CĂN VILLA PARK, HOT 160m2-18T, BTSL 108tr/m2","17,5 tỷ",160 m²,5,Không có thông tin,"Quận 9, Hồ Chí Minh","Dự án Villa Park, Đường Bưng Ông Thoàn, Phường Phú Hữu, Quận 9, Hồ Chí Minh",
"71,3 tỷ - 268m2 - Căn góc - Bán biệt thự Jade Square, Bắc Từ Liêm, Hà Nội","71,3 tỷ",268 m²,Không có thông tin,Không có thông tin,"Bắc Từ Liêm, Hà Nội","Jade Square, Đường Nguyễn Đình Tứ, Phường Xuân Đỉnh, Bắc Từ Liêm, Hà Nội",
Bán siêu mặt tiền trung tâm Huế,110 tỷ,400 m²,Không có thông tin,Không có thông tin,"Huế, Thừa Thiên Huế","Đường Lê Quý Đôn, Phường Phú Hội, Huế, Thừa Thiên Huế",
"Nhà 3 tầng, 56m2(4.2mx13.4m) Đường Lê Liễu, Tân Quý, gần Aeon Mall Tân Phú 6.05 tỷ thương lượng","6,05 tỷ",56 m²,3,3,"Tân Phú, Hồ Chí Minh","Lê Liễu, Tân Quý, Tân Phú, Hồ Chí Minh",
2 Lô Đất giá f0 cho các nhà đầu tư Tân Yên-Hồng Kỳ-Sóc Sơn,790 triệu,100 m²,Không có thông tin,Không có thông tin,"Sóc Sơn, Hà Nội","Xã Hồng Kỳ, Huyện Sóc Sơn, Hà Nội",
"Đất biển Mỹ Khê sát đường Phạm Văn Đồng, sát Biển giá chỉ hơn 50 triệu/m2","9,2 tỷ",172 m²,4,3,"Sơn Trà, Đà Nẵng","Đường Đinh Thị Hòa, Phường An Hải Bắc, Sơn Trà, Đà Nẵng",
Cần bán căn hộ lô góc - hướng mát- nhiều nắng- 93m2 - 3 ngủ - khu dự án Thạch Bàn Q. Long Biên.,"4,3 tỷ","92,2 m²",3,2,"Long Biên, Hà Nội","Dự án Thạch Bàn, Phường Thạch Bàn, Long Biên, Hà Nội",
Chỉ còn 1 căn giá rẻ tại phân khu Ánh Dương - Vinhomes Cổ Loa 80m2 - mặt tiền: 5m,"17,6 tỷ",80 m²,4,3,"Đông Anh, Hà Nội","Dự án Vinhomes Cổ Loa, Đường Cổ Loa, Xã Đông Hội, Đông Anh, Hà Nội",
"Mặt tiền CX Chu Văn An 4,5 x 12m - Bình Thạnh - căn góc - nhà 4 tầng - HDT 29triệu - giá: 10,9 tỷ","10,9 tỷ",39 m²,6,4,"Bình Thạnh, Hồ Chí Minh","Đường 6, Phường 26, Bình Thạnh, Hồ Chí Minh",
"Bán đất nền rẻ nhất dự án 132m2, 41,5 triệu/m2 tại Centana Điền Phúc Thành,P Long Trường, Quận 9","5,48 tỷ",132 m²,Không có thông tin,Không có thông tin,"Quận 9, Hồ Chí Minh","Centana City Điền Phúc Thành, Phường Long Trường, Quận 9, Hồ Chí Minh",
"Gấp Gấp! Bán nhà 3 tỷ 150 xây 69m2 Đào Duy Anh, P9, Phú Nhuận. Gần trường Hồ Văn Huê, hẻm oto 6m.","3,15 tỷ",69 m²,4,5,"Phú Nhuận, Hồ Chí Minh","Đường Đào Duy Anh, Phường 9, Phú Nhuận, Hồ Chí Minh",
"Chính chủ: Bán nhà mặt tiền đường Chợ Lớn, phường 11, Quận 6, 160m2, giá 31,5 tỉ","31,5 tỷ",160 m²,4,4,"Quận 6, Hồ Chí Minh","Đường Chợ Lớn, Phường 11, Quận 6, Hồ Chí Minh",
"Căn hộ Phạm Văn Đồng kế sân bay 1,52 tỷ/2PN sẵn nội thất, ở ngay - 0703 501 ***","1,52 tỷ",52 m²,2,2,"Gò Vấp, Hồ Chí Minh","Đường Phạm Văn Đồng, Phường 1, Gò Vấp, Hồ Chí Minh",
Lk Văn Phú - sát quận uỷ Hà Đông - 200m ra Metro - nhà đẹp long lanh - giá tuyệt vời,"19,9 tỷ",96 m²,5,5,"Hà Đông, Hà Nội","Dự án KĐT Văn Phú, Đường Hoàng Đôn Hòa, Phường Phú La, Hà Đông, Hà Nội",
"Đất Khu dân cư Thanh Phú,an cư lạc nghiệp.Sổ hồng riêng,xây tự do,5x19 chỉ 1,8 tỷ.LH: 0936 063 ***","1,42 tỷ",95 m²,Không có thông tin,Không có thông tin,"Bến Lức, Long An","King Hill Residences, Xã Thanh Phú, Bến Lức, Long An",
Mới! Chủ nhà tin tưởng nhiệt tình gửi bán nhiều căn hộ 2N3N4N được cập nhật liên tục trong T2/2025,"6,5 tỷ",118 m²,3,2,"Nam Từ Liêm, Hà Nội","Dự án Golden Palace, đường Mễ Trì, Phường Mễ Trì, Nam Từ Liêm, Hà Nội",
"Chính chủ gửi bán độc quyền đất nền LK và BT KĐT Cienco5 Mê Linh, sát cạnh trường ĐH TCNH, sổ đỏ CC",3 tỷ,100 m²,Không có thông tin,Không có thông tin,"Mê Linh, Hà Nội","Dự án Cienco 5 Mê Linh, Xã Tiền Phong, Mê Linh, Hà Nội",
49m mt8m khu giãn dân Quan Zai,40 triệu,149 m²,Không có thông tin,Không có thông tin,"Thạch Thất, Hà Nội","Xã Đồng Trúc, Thạch Thất, Hà Nội",
"Bán đất nền dự án tại Khu Đô Thị Đông Bình Dương giá 880 triệu, 80 m2.",880 triệu,80 m²,Không có thông tin,Không có thông tin,"Dĩ An, Bình Dương","Khu đô thị Đông Bình Dương, Đường Nguyễn Thị Minh Khai, Phường Tân Bình, Dĩ An, Bình Dương",
MỞ BÁN ĐẤT NỀN TMS PHÚC YÊN NHỈNH 3 TY - tài chính này đang khan hàng - 70m2 lh 0968 781 ***,Giá thỏa thuận,70 m²,Không có thông tin,Không có thông tin,"Phúc Yên, Vĩnh Phúc","TMS Grand City Phúc Yên, Hùng Vương, Phúc Yên, Vĩnh Phúc",
"Bán đất Đông Dư Gia Lâm, ô tô tránh, kinh doanh, 350m2, mặt tiền 11m, giá chỉ 25 tỷ",25 tỷ,350 m²,Không có thông tin,Không có thông tin,"Gia Lâm, Hà Nội","Đường Giáp Hải, Xã Đa Tốn, Gia Lâm, Hà Nội",
Chính chủ cần bán căn hộ 2 ngủ 1 wc full đồ mới đẹp ở toà Thiên Niên Kỉ đối diện bưu điện Hà Đông,"4,25 tỷ","54,5 m²",2,1,"Hà Đông, Hà Nội","Tòa Tháp Thiên Niên Kỷ, số 04, Đường Quang Trung, Phường Quang Trung, Hà Đông, Hà Nội",
"BÁN 50M ĐẤT TẶNG NHÀ 2 TẦNG. 1 TUM. , DỰ ÁN SIÊU HÓT CẦU TỨ LIÊN TẠI THÔN LÊ XÁ , MAI LÂM .","4,2 tỷ","50,5 m²",3,2,"Đông Anh, Hà Nội","Xã Mai Lâm, Đông Anh, Hà Nội",
Cần bán nhà Cổ Linh Thạch Bàn Long Biên Hà Nội,"15,5 tỷ",55 m²,4,4,"Long Biên, Hà Nội","Đường Cổ Linh, Phường Thạch Bàn, Long Biên, Hà Nội",
Bán đất Trong Đê - Đường thông - Thái Bình - Mai Lâm - Đông Anh - Hà Nội . Giá chốt 3.260 tỷ .,"3,26 tỷ","52,3 m²",Không có thông tin,Không có thông tin,"Đông Anh, Hà Nội","Xã Mai Lâm, Đông Anh, Hà Nội",
Hoa Hồng 150tr - Bán nhà mặt tiền Trịnh Thị Tho - Tân Phú - 62m2 - 5T - 10.8 Tỷ,"10,8 tỷ",62 m²,6,7,"Tân Phú, Hồ Chí Minh","Đường Trịnh Thị Tho, Phường Hiệp Tân, Tân Phú, Hồ Chí Minh",
"Bán nhanh căn hộ Riverside Residence 180m2 3PN, 3WC, view đẹp, 14,5 tỷ. LH 0902 944 ***","14,5 tỷ",180 m²,3,3,"Quận 7, Hồ Chí Minh","Dự án Riverside Residence, Đường Nguyễn Lương Bằng, Phường Tân Phú, Quận 7, Hồ Chí Minh",
Chính chủ cần bán biệt thự và liền kề dự án ParkCity Hà Đông,Giá thỏa thuận,120 m²,Không có thông tin,Không có thông tin,"Hà Đông, Hà Nội","Dự án ParkCity Hà Nội, Đường Lê Trọng Tấn, Phường La Khê, Hà Đông, Hà Nội",
"Tổng hợp các căn hộ chung cư Văn Khê 3 phòng ngủ, 2 phòng ngủ giá rẻ - 0982 753 ***","3,65 tỷ",74 m²,2,2,"Hà Đông, Hà Nội","Dự án Văn Khê, Phường La Khê, Hà Đông, Hà Nội",
"Giỏ hàng căn hộ CC Flemington, Quận 11, DT: 117m2, 220m2, 87m2, 97m2: Lh: 0907 970 ***, giá 6,550 tỷ","6,55 tỷ",117 m²,3,2,"Quận 11, Hồ Chí Minh","Dự án The Flemington, Đường Lê Đại Hành, Phường 15, Quận 11, Hồ Chí Minh",
"Tổng hợp giỏ hàng đất nền biệt thự FPT City Đà nẵng, giá tốt vị trí đẹp T3.2025 chuyên KĐT FPT","3,25 tỷ",102 m²,Không có thông tin,Không có thông tin,"Ngũ Hành Sơn, Đà Nẵng","Dự án FPT City Đà Nẵng, Đường Võ Chí Công, Phường Hòa Hải, Ngũ Hành Sơn, Đà Nẵng",
Bán đất rẻ nhất Hải Phong gần sát Vin Dương Kinh chắc chắn lãi,999 triệu,50 m²,Không có thông tin,Không có thông tin,"Dương Kinh, Hải Phòng","Đường Hải Phong, Phường Hòa Nghĩa, Dương Kinh, Hải Phòng",
Lĩnh Nam dân xây chất 50m2 5 tầng giá 6tỷ,6 tỷ,50 m²,4,Không có thông tin,"Hoàng Mai, Hà Nội","Đường Lĩnh Nam, Phường Lĩnh Nam, Hoàng Mai, Hà Nội",
"Cắt lỗ căn 2PN2VS góc 69,1 m2 Đông Bắc phân khu cao cấp Metropolitan view thoáng đẹp, giá 3,55 tỷ","3,55 tỷ","69,1 m²",2,2,"Gia Lâm, Hà Nội","Dự án The Zurich - Vinhomes Ocean Park, Xã Đa Tốn, Gia Lâm, Hà Nội",
Chính Chủ tôi cần bán 418m có 100m thổ cư wieu cánh đồng tại cao sơn lương sơn hoà bình,Giá thỏa thuận,418 m²,Không có thông tin,Không có thông tin,"Lương Sơn, Hòa Bình","Đường Liên Xã, Xã Cao Sơn, Lương Sơn, Hòa Bình",
"Cắt lỗ căn 2PN2VS góc 69,1 m2 Đông Bắc phân khu cao cấp Metropolitan view thoáng đẹp, giá 3,55 tỷ","3,55 tỷ","69,1 m²",2,2,"Gia Lâm, Hà Nội","Dự án The Zurich - Vinhomes Ocean Park, Xã Đa Tốn, Gia Lâm, Hà Nội",
Chính Chủ tôi cần bán 418m có 100m thổ cư wieu cánh đồng tại cao sơn lương sơn hoà bình,Giá thỏa thuận,418 m²,Không có thông tin,Không có thông tin,"Lương Sơn, Hòa Bình","Đường Liên Xã, Xã Cao Sơn, Lương Sơn, Hòa Bình",
"Bán khách sạn thu nhập 65trieu/tháng tại Vissip1 Bình Dương, giấy phép đầu đủ ạ. 0366 236 ***","10,8 tỷ",150 m²,22,22,"Thuận An, Bình Dương","Phường Thuận Giao, Thuận An, Bình Dương",
"Bán gấp nhà riêng 4PN, 3WC, 41m2 giá cực chất tại Nguyễn Chính, Tân Mai, Hoàng Mai, Hà Nội","5,8 tỷ",41 m²,4,3,"Hoàng Mai, Hà Nội","Đường Nguyễn Chính, Phường Tân Mai, Hoàng Mai, Hà Nội",
"Bán đất tại đường 8, phường Long Phước, Quận 9, Hồ Chí Minh, 2,15 tỷ, 59m2 giá ưu đãi","2,15 tỷ",59 m²,Không có thông tin,Không có thông tin,"Quận 9, Hồ Chí Minh","Đường 8, Phường Long Phước, Quận 9, Hồ Chí Minh",
"Đất Nền Dự Án Nam Long II Cần Thơ Chính Thức Bán giá chỉ từ 3,1 tỷ/nền nhà phố và 6 tỷ/nền Biệt Thự","3,1 tỷ",90 m²,Không có thông tin,Không có thông tin,"Cái Răng, Cần Thơ","Nam Long II Central Lake, Hưng Thạnh, Cái Răng, Cần Thơ",
"Siêu phẩm 110m2 cạnh đại học fpt , giá nhỉnh 2 tỷ đầu tư xây trọ được luôn ,tân xã bình yên hà nội","2,6 tỷ",110 m²,Không có thông tin,Không có thông tin,"Thạch Thất, Hà Nội","Đường 419, Xã Tân Xã, Thạch Thất, Hà Nội",
"Bán nhà Mặt tiền đ.số Lý Phục Man Q7, 4 tầng, 5x13, nhỉnh 10T","10,8 tỷ",65 m²,4,4,"Quận 7, Hồ Chí Minh","Đường Lý Phục Man, Phường Bình Thuận, Quận 7, Hồ Chí Minh",
"Chính chủ bán đất, đường oto tránh nhau","2,55 tỷ",80 m²,Không có thông tin,Không có thông tin,"Chương Mỹ, Hà Nội","Xã Phụng Châu, Chương Mỹ, Hà Nội",
"Nhà Phân lô,Gara Ô tô, Th.máy, Kiến trúc sư xây, K.doanh,TT Q.Hoàng Mai, 50m x 5 tầng, Chào 10,5 Tỷ","10,5 tỷ",50 m²,Không có thông tin,Không có thông tin,"Hoàng Mai, Hà Nội","Đường Tam Trinh, Phường Mai Động, Hoàng Mai, Hà Nội",
New City Update 15/03 giỏ hàng bán 1PN 2PN 3PN đa dạng diện tích vay 80% LH Sinh 0923 939 ***,"6,35 tỷ",85 m²,3,2,"Quận 2, Hồ Chí Minh","Dự án New City Thủ Thiêm, Đường Mai Chí Thọ, Phường Bình Khánh, Quận 2, Hồ Chí Minh",
"Kiều Trinh - 314 chủ nhà cần tiền bán nhanh rẻ hơn thị trường chỉ 1,620 tỷ, cho thuê ngay 9 triệu","1,62 tỷ",52 m²,1,2,"Nha Trang, Khánh Hòa","Mường Thanh Viễn Triều, Phạm Văn Đồng, Vĩnh Phước, Nha Trang, Khánh Hòa",
"Cập nhật quỹ căn chuyển nhượng tại Xanh villa giá tốt, làm việc chính chủ, hỗ trợ giấy tờ hồ sơ",15 tỷ,250 m²,Không có thông tin,Không có thông tin,"Thạch Thất, Hà Nội","Xanh Villas, Đường Đại lộ Thăng Long, Xã Tiến Xuân, Thạch Thất, Hà Nội",
"Bán nhà riêng tại đường Lĩnh Nam, Hoàng Mai, Hà Nội, 5 tỷ, 40 m2",5 tỷ,40 m²,Không có thông tin,Không có thông tin,"Hoàng Mai, Hà Nội","Đường Lĩnh Nam, Phường Lĩnh Nam, Hoàng Mai, Hà Nội",
"Cặp lô MT Trần Minh Tông, Hoà Minh, Liên Chiểu thuận tiện xây căn hộ dịch vụ 105m giá 5.45 Tỷ Tl","5,45 tỷ",105 m²,Không có thông tin,Không có thông tin,"Liên Chiểu, Đà Nẵng","Đường Trần Minh Tông, Phường Hòa Minh, Liên Chiểu, Đà Nẵng",
"nhà liền kề 3,5 tầng ở trung tâm thành phố Hải Phòng chỉ 3tỷ đồng",3 tỷ,60 m²,Không có thông tin,Không có thông tin,"Hồng Bàng, Hải Phòng","Him Lam Central Park An Hồng, Đường 10, Phường An Hồng, Hồng Bàng, Hải Phòng",
MẢNH ĐẤT VÀNG - KHU HIẾM NHÀ BÁN- RẤT THÍCH HỢP XÂY TOÀ CC-. KINH DOANH ĐỈNH- VỈA HÈ RỘNG.,210 tỷ,487 m²,3,4,"Đống Đa, Hà Nội","Đường Đoàn Thị Điểm, Phường Cát Linh, Đống Đa, Hà Nội",
"Siêu phẩm 61m2 x 6tầng, 14 phòng, thang máy, doanh thu 70 triệu/tháng. T.Tâm Hoàng Mai, chào 14,8tỷ","14,86 tỷ",61 m²,14,15,"Hoàng Mai, Hà Nội","Đường Giáp Bát, Phường Giáp Bát, Hoàng Mai, Hà Nội",
BÁN NHÀ KDC NAM KHANG 1462 NGUYỄN DUY TRINH P. LONG TRƯỜNG Q9 CẠNH KINGFOOD,"5,5 tỷ",56 m²,4,4,"Quận 9, Hồ Chí Minh","Đường Nguyễn Duy Trinh, Phường Long Trường, Quận 9, Hồ Chí Minh",
"Bán lô đất 409m2 gần trục chính Yên Bình, Thạch Thất, ô tô tới nơi, 15tr/m2, sổ đỏ đầy đủ","6,14 tỷ",409 m²,Không có thông tin,Không có thông tin,"Thạch Thất, Hà Nội","Đường Yên Bình, Xã Yên Bình, Thạch Thất, Hà Nội",
CƠ HỘI SỞ HỮU CĂN HỘ CAO CẤP MASTERI TRINITY SQUARE | ĐẶT CHỖ NGAY HÔM NAY | VINHOMES OCEAN PARK 2.,"3,19 tỷ",59 m²,2,2,"Văn Giang, Hưng Yên","The Empire - Vinhomes Ocean Park 2, Long Hưng, Văn Giang, Hưng Yên",
"Rẻ nhất Ngọc Thuỵ: 107,3m2 MT 6m - đất phân lô Ngọc Thuỵ - vỉa hè - view vườn hoa","20,39 tỷ","107,3 m²",Không có thông tin,Không có thông tin,"Long Biên, Hà Nội","Đường Ngọc Thụy, Phường Ngọc Thụy, Long Biên, Hà Nội",
"Bán Liền Kề Vinhomes Đan Phượng, Quỹ căn độc quyền Chủ Đầu tư VINHOMES, giá tốt nhất thị trường.",17 tỷ,88 m²,Không có thông tin,Không có thông tin,"Đan Phượng, Hà Nội","Vinhomes Wonder Park, Xã Tân Hội, Đan Phượng, Hà Nội",
"Bán Nhà Riêng 2PN, 2WC tại Mai Đăng Chơn, Hòa Hải, Ngũ Hành Sơn, Đà Nẵng, giá siêu hời","2,9 tỷ",84 m²,2,2,"Ngũ Hành Sơn, Đà Nẵng","Đường Mai Đăng Chơn, Phường Hòa Hải, Ngũ Hành Sơn, Đà Nẵng",
2600m2 đất ruộng gần dự án Phú Mỹ Hưng và đường nối quận 2 tại Nhơn Trạch,Giá thỏa thuận,2.600 m²,Không có thông tin,Không có thông tin,"Nhơn Trạch, Đồng Nai","Đường Cát Lái, Xã Phú Đông, Nhơn Trạch, Đồng Nai",
CƠ HỘI ĐẦU TƯ TẠI ĐỒNG MÔ B - NGAY SÁT GA METRO 5 HÒA LẠC,"4,83 tỷ",254 m²,Không có thông tin,Không có thông tin,"Ba Vì, Hà Nội","Xã Yên Bài, Ba Vì, Hà Nội",
"Bán nhà riêng 5PN, 3WC, 38m2 tại Hồ Tùng Mậu, Cầu Giấy, Hà Nội, giá cực chất chỉ với 7,5 tỷ","7,5 tỷ",38 m²,5,3,"Cầu Giấy, Hà Nội","Đường Hồ Tùng Mậu, Phường Mai Dịch, Cầu Giấy, Hà Nội",
"Nhà 60m2 Chu Văn An, Bình Thạnh - Gần Học viện Cán bộ. Giá 2 tỷ 690. Xây 1 trệt 2 lầu. Hẻm oto 6m","2,69 tỷ",60 m²,4,3,"Bình Thạnh, Hồ Chí Minh","Đường Chu Văn An, Phường 26, Bình Thạnh, Hồ Chí Minh",
"BÁN ĐẤT TÂN THÀNH, CÀNH CHẼ, XÓM MÁNG GIÁP KHU QUY HOẠCH VIN HẠ LONG XANH","5,5 tỷ",300 m²,Không có thông tin,Không có thông tin,"Quảng Yên, Quảng Ninh","Đường Cành Chẽ, Xã Hoàng Tân, Quảng Yên, Quảng Ninh",
"Bán căn hộ chính chủ 2PN,3PN chung cư Hoàng Thành Pearl - giá tốt nhất T3,hỗ trợ A-Z .LH 0888 989 ***","5,8 tỷ",80 m²,2,2,"Nam Từ Liêm, Hà Nội","Hoàng Thành Pearl, Nguyễn Văn Giáp, Cầu Diễn, Nam Từ Liêm, Hà Nội",
"Chỉ hơn 3tỷ sở hữu ngay Biệt Thự giá gốc CĐT F0,tại Dự án Centa RVS Park View ngay cạnh Long Biên",11 tỷ,180 m²,6,6,"Từ Sơn, Bắc Ninh","Centa Riverside, Đường Hữu Nghị, Phường Phù Chẩn, Từ Sơn, Bắc Ninh",
"BT, Thạch Bàn, Cổ Linh, Long Biên, 150m2 lô góc MT18m, vỉa hè kinh doanh vô đối tương lai x3",30 tỷ,150 m²,8,8,"Long Biên, Hà Nội","Thạch Bàn, Đường Thạch Bàn, Phường Thạch Bàn, Long Biên, Hà Nội",
"Bảng giá căn hộ Mizuki Park MP6 7 8 giá bán tháng 3/2025 (2PN 2.95tỷ), (2PN 3.6tỷ) - Đã có sổ hồng","2,95 tỷ",58 m²,2,1,"Bình Chánh, Hồ Chí Minh","Dự án Mizuki Park, Đường Nguyễn Văn Linh, Xã Bình Hưng, Bình Chánh, Hồ Chí Minh",
Bán biệt thự Thảo Điền gần khu Tropic Garden phường Thảo Điền có sân vườn,"53,5 tỷ",308 m²,4,Không có thông tin,"Quận 2, Hồ Chí Minh","Đường Nguyễn Văn Hưởng, Phường Thảo Điền, Quận 2, Hồ Chí Minh",
"Building VP đẹp sang MT Tô Hiến Thành, P15, Q10 ngang 6x20m CN 120m2 H 6 tầng HĐT 150tr/th",30 tỷ,120 m²,Không có thông tin,Không có thông tin,"Quận 10, Hồ Chí Minh","Đường Tô Hiến Thành, Phường 15, Quận 10, Hồ Chí Minh",
"Bán quỹ căn giá tốt nhất T3/2025 diện tích từ 133-186-198m toà DolphinPlaza, pháp lý sổ đỏ, full đồ",8 tỷ,133 m²,2,2,"Nam Từ Liêm, Hà Nội","Dự án Dolphin Plaza, 28 Phố Trần Bình, Phường Mỹ Đình 2, Nam Từ Liêm, Hà Nội",
"BÁN CĂN 3PN 2WC, VINBÁN CĂN 3PN 2WC, VINHOMES CENTRAL PARK, NỘI THẤT MỚI SANG TRỌNG. LH: 0931 772 ***","13,25 tỷ",108 m²,3,2,"Bình Thạnh, Hồ Chí Minh","Vinhomes Central Park, Đường Điện Biên Phủ, Phường 22, Bình Thạnh, Hồ Chí Minh",
Cần bán nhà Nguyễn Sơn Long Biên Hà Nội,"22,8 tỷ",60 m²,5,4,"Long Biên, Hà Nội","Đường Nguyễn Sơn, Phường Bồ Đề, Long Biên, Hà Nội",
"Khương Đình 6T*40 thang máy xịn sò, chủ đầu tư uy tín, thiết kế hiện đại và tâm huyết.",9 tỷ,40 m²,3,Không có thông tin,"Thanh Xuân, Hà Nội","Đường Khương Đình, Phường Hạ Đình, Thanh Xuân, Hà Nội",
"Bán gấp căn góc đối diện Vincom, chỉ 29,236 tỷ đường 30m, S: 96m2 KD 3 mặt thoáng. Mua là lãi ngay","29,24 tỷ",96 m²,5,5,"Đông Anh, Hà Nội","Dự án Vinhomes Cổ Loa, Đường Cổ Loa, Xã Đông Hội, Đông Anh, Hà Nội",
CCMN Nguyễn Trãi - 6 tầng - thang máy - PCCC - 20 phòng full đồ - doanh thu 100tr/tháng - ngõ thông,"17,2 tỷ",65 m²,20,Không có thông tin,"Thanh Xuân, Hà Nội","Đường Nguyễn Trãi, Phường Thanh Xuân Trung, Thanh Xuân, Hà Nội",
"Bán gấp Chính Chủ F0 , Lô Góc DT 33m2, View Hồ Cực Phẩm, Sát Sân Bóng Hộ Khẩu Hà Đông,","3,58 tỷ",33 m²,3,4,"Hà Đông, Hà Nội","Đường An Thắng, Phường Biên Giang, Hà Đông, Hà Nội",
QUÁ HIẾM! Lô góc mặt phố Nguyễn Văn Trỗi Thanh Xuân DT 91m2 với 8 tầng thang máy,36 tỷ,91 m²,Không có thông tin,Không có thông tin,"Thanh Xuân, Hà Nội","Đường Nguyễn Văn Trỗi, Phường Phương Liệt, Thanh Xuân, Hà Nội",
Cần bán gấp căn hộ 2PN trống mới tại Vinhomes Grand Park giá chỉ 2.4 tỷ,"2,4 tỷ",59 m²,Không có thông tin,Không có thông tin,"Thủ Đức, Hồ Chí Minh",Vinhomes Grand Park Q9 TP Thủ Đức,
Cần bán gấp biệt thự liền kề Lavila full nội thất 13.5 tỷ,"13,5 tỷ","105,6 m²",4,4,"Nhà Bè, Hồ Chí Minh","Dự án Lavila Kiến Á - Nhà Bè, Đường Nguyễn Hữu Thọ, Xã Phước Kiển, Nhà Bè, Hồ Chí Minh",
"BÁN GẤP CẶP NHÀ PHỐ ÂU CƠ PARK CITY - 2 LÔ LIỀN NHAU, CHỈ 5,6 TỶ, 120M TẠI TRƯỜNG CHINH,PHÚ THỌ","5,6 tỷ",120 m²,Không có thông tin,Không có thông tin,"Phú Thọ, Phú Thọ","Âu Cơ Park City, Đường Trường Chinh, Phường Âu Cơ, Phú Thọ, Phú Thọ",
"Một căn duy nhất trong phân khúc, 120m2, 4 tầng, mặt tiền 9.6m, ô tô tránh, vỉa hè, kinh doanh.",31 tỷ,125 m²,4,3,"Hoàng Mai, Hà Nội","Đường Nguyễn Cảnh Dị, Phường Đại Kim, Hoàng Mai, Hà Nội",
"Chính chủ bán nhà Mega Village Khang Điền 5x15m 6.95tỷ, 7,5x12 8.5 tỷ, 9x15 12 tỷ, 10x15m 12.2 tỷ","6,95 tỷ",75 m²,3,4,"Quận 9, Hồ Chí Minh","Dự án Mega Village, Đường Vành Đai 2, Phường Phú Hữu, Quận 9, Hồ Chí Minh",
Chủ xoay vốn cần bán gấp nhà 52m2 giá 2tỷ150 triệu đường Dương Bá Trạc Phường 1 Quận 8. Hẻm ô tô 6m,"2,15 tỷ",52 m²,4,4,"Quận 8, Hồ Chí Minh","Đường Dương Bá Trạc, Phường 1, Quận 8, Hồ Chí Minh",
"Bán gấp lô đường Thuỷ Sơn 5, khu biển Sơn Thuỷ, Ngũ Hành Sơn, DT: 125m2","5,6 tỷ",125 m²,Không có thông tin,Không có thông tin,"Ngũ Hành Sơn, Đà Nẵng","Đường Thuỷ Sơn 5, Phường Hòa Quý, Ngũ Hành Sơn, Đà Nẵng",
"Bán đất tại Tân Thành, Dương Kinh, Hải Phòng, tiện kinh doanh, tiện xây nhà lớn, mặt tiền 10m",Giá thỏa thuận,180 m²,Không có thông tin,Không có thông tin,"Dương Kinh, Hải Phòng","Đường Vũ Thị Ngọc Toàn, Phường Tân Thành, Dương Kinh, Hải Phòng",
"Bán lô góc 90m2 thôn Ba Lương - Song Phương, oto đỗ cửa cách đại lô 150m gần VDD4, giá tốt ạ",Giá thỏa thuận,90 m²,Không có thông tin,Không có thông tin,"Hoài Đức, Hà Nội","Đường Đại lộ Thăng Long, Xã Song Phương, Hoài Đức, Hà Nội",
"Nhà riêng Huỳnh Thúc Kháng, Thành Công, 60m2 cạnh khu chung cư cũ sắp xây lại 40 tầng",Giá thỏa thuận,60 m²,Không có thông tin,Không có thông tin,"Ba Đình, Hà Nội","Đường Huỳnh Thúc Kháng, Phường Thành Công, Ba Đình, Hà Nội",
"Hoàng Văn Thái: Phân lô otto tránh, xây toà VP cực Vip 160m2 * 9m nói không vs QH","45,5 tỷ",160 m²,4,3,"Thanh Xuân, Hà Nội","Đường Hoàng Văn Thái, Phường Khương Mai, Thanh Xuân, Hà Nội",
"Cần tìm chủ mới cho căn Duplex Pentstudio 58m giá net 4.85 tỷ, xem nhà LH 0986 314 ***","4,85 tỷ",58 m²,1,2,"Tây Hồ, Hà Nội","Dự án PentStudio, Đường Lạc Long Quân, Phường Phú Thượng, Tây Hồ, Hà Nội",
"Bán đất trung tâm P.Đa Mai, TP Bắc Giang. S 91m2- mt 5,5, vỉa hè 4,5m, mặt cắt đường 16,5m","2,46 tỷ",91 m²,Không có thông tin,Không có thông tin,"Bắc Giang, Bắc Giang","Xã Đa Mai, Bắc Giang, Bắc Giang",
"Bán 2 lô đất tại 41m va 42m Ngọc Liệp Quốc Oai -Hà Nội, ngay sát Viện nhi TW và phụ Sản Cơ Sở 2",Giá thỏa thuận,"41,42 m²",Không có thông tin,Không có thông tin,"Quốc Oai, Hà Nội","Đường Đồng Bụt, Xã Ngọc Liệp, Quốc Oai, Hà Nội",
"Chủ kẹt cần bán nhanh lô đất Tân Phú Trung 80m2, sổ hồng riêng","1,95 tỷ",80 m²,Không có thông tin,Không có thông tin,"Củ Chi, Hồ Chí Minh","Xã Tân Phú Trung, Củ Chi, Hồ Chí Minh",
"Cần bán nhà phố đường Phạm Như Xương, phường Điện Ngọc, sát cạnh Đà Nẵng","14,7 tỷ",325 m²,10,6,"Điện Bàn, Quảng Nam","Phố Chợ Điện Ngọc, Đường Phạm Như Xương, Phường Điện Ngọc, Điện Bàn, Quảng Nam",
"Bán gấp nhà phố Bùi Xương Trạch,Thanh Xuân, tặng nội thất, DT 46M2, 4 tầng, mặt tiền 4M, nhỉnh 8 tỷ","8,99 tỷ",46 m²,4,3,"Thanh Xuân, Hà Nội","Phường Khương Đình, Thanh Xuân, Hà Nội",
"Bán gấp nhà phố Bùi Xương Trạch,Thanh Xuân, tặng nội thất, DT 46M2, 4 tầng, mặt tiền 4M, nhỉnh 8 tỷ","8,99 tỷ",46 m²,4,3,"Thanh Xuân, Hà Nội","Phường Khương Đình, Thanh Xuân, Hà Nội",
Bán nhà ngô đình mẫn phân lô ô tô đỗ cửa -40m giá 7.38 Tỷ lh:0947 128 ***,"7,38 tỷ",40 m²,4,4,"Hà Đông, Hà Nội","Đường Ngô Đình Mẫn, Phường La Khê, Hà Đông, Hà Nội",
"Bán đất nền 150m2 Trương Minh Giảng, 5,2 ti, Đà Nẵng giá ưu đãi hot","5,2 tỷ",150 m²,Không có thông tin,Không có thông tin,"Ngũ Hành Sơn, Đà Nẵng","Đường Trương Minh Giảng, Phường Hòa Hải, Ngũ Hành Sơn, Đà Nẵng",
"Muốn mua SaigonRoyal giá rẻ nhất phải gọi 0931 785 *** studio 2tỷ57, 1+1PN 4tỷ1, 2PN 5tỷ9, 3PN 12.5tỷ","5,85 tỷ",84 m²,2,2,"Quận 4, Hồ Chí Minh","Dự án Saigon Royal Residence, Đường Bến Vân Đồn, Phường 12, Quận 4, Hồ Chí Minh",
Nhà mới 40m2 xây 4 tầng.SĐCC.Ngay chân cầu Quán Gánh.2 thoáng. LH:0979 837 ***,"4,19 tỷ",40 m²,5,4,"Thanh Trì, Hà Nội","Minh Việt Ngọc Hồi, Đường Quốc lộ 1A, Xã Ngọc Hồi, Thanh Trì, Hà Nội",
"CƠ HỘI ĐẦU TƯ VÀ AN CƯ TẠI BA VÌ - LÔ ĐẤT VÀNG TẠI THÔN 9, BA TRẠI. Với diện tích 1555,6. Mt 24 m","4,8 tỷ","1.555,6 m²",Không có thông tin,Không có thông tin,"Ba Vì, Hà Nội","Đường Tỉnh lộ 414, Xã Ba Trại, Ba Vì, Hà Nội",
"Toà CCMN Hào Nam, Cát Linh 80m2*8T, PCCC, GPXD, thoát hiểm riêng, 16Pkk dòng tiền 110tr/ th","14,8 tỷ",80 m²,16,16,"Đống Đa, Hà Nội","Phố Hào Nam, Phường Cát Linh, Đống Đa, Hà Nội",
"Cực Hot! Căn hộ Bcons Plaza 2PN2WC Giá chỉ từ 1ty75, sổ hồng riêng, bao sang tên!","1,75 tỷ","51,33 m²",2,2,"Dĩ An, Bình Dương","Bcons Plaza, Thống Nhất, Đông Hòa, Dĩ An, Bình Dương",
HÀNG HÓT.Dt 56m. Hẻm 6m NGAY BÌNH TÂN . ĐƯỜNG SỐ 4. HẺM THÔNG TỨ TUNG. RA GÒ SOÀI. Cạnh LÊ VĂN QUỚI,"2,35 tỷ",56 m²,Không có thông tin,Không có thông tin,"Bình Tân, Hồ Chí Minh","Đường 4, Phường Bình Hưng Hòa A, Bình Tân, Hồ Chí Minh",
"Cần bán gấp lô đất F0, sẵn sổ,full thổ cư","1,59 tỷ",172 m²,Không có thông tin,Không có thông tin,"Giao Thủy, Nam Định","Giao Phong, Giao Thủy, Nam Định",
"Bán căn hộ Grand Marina Saigon, DT 56m2, 1PN, 1WC, Q1, HCM, giá tốt nhất giỏ hàng",20 tỷ,56 m²,1,1,"Quận 1, Hồ Chí Minh","Dự án Grand Marina Saigon, Phố Tôn Đức Thắng, Phường Bến Nghé, Quận 1, Hồ Chí Minh",
"Chính chủ nhà em bán căn hộ 86m2 3n, Samsora Hà Đông, sẵn sổ, full nội thất dọn về ở ngay, cực lộc","4,6 tỷ",86 m²,3,2,"Hà Đông, Hà Nội","Samsora Premier, 105, Đường Chu Văn An, Phường Quang Trung, Hà Đông, Hà Nội",
Chính chủ suất NG bán căn góc 140m2 ban công 2 mặt Đông - Nam tòa Paragon Cầu Giấy,"8,3 tỷ",146 m²,3,2,"Cầu Giấy, Hà Nội","Hà Nội Paragon, số 86, Đường Duy Tân, Phường Dịch Vọng Hậu, Cầu Giấy, Hà Nội",
"Nhà mới 2 lầu, 2.95 tỷ (có bớt), đường 13m, 2 PN, SHR","2,95 tỷ",60 m²,2,3,"Thuận An, Bình Dương","Đường ĐT 743, Phường Bình Chuẩn, Thuận An, Bình Dương",
"CHIẾT KHẤU 500tr - FULL TIỀN TẶNG GÓI NỘI THẤT 200tr - SỞ HỮU LÔ ĐẤT 102,5m - GIÁ : 2,5tỷ ( ERA )","2,56 tỷ","102,5 m²",Không có thông tin,Không có thông tin,"Thái Thuỵ, Thái Bình","Dự án Khu đô thị Nguyễn Đức Cảnh, Đường Quốc Lộ 39A, Thị trấn Diêm Điền, Thái Thuỵ, Thái Bình",
"Biệt thự ven đô - dưới 10 tỷ, xây thô hoàn thiện mặt ngoài, căn góc đẹp view hồ tại Legacy Hill","7,1 tỷ",316 m²,4,5,"Lương Sơn, Hòa Bình","Legacy Hill, Tân Vinh, Lương Sơn, Hòa Bình",
"Bán đất tại Phú Mãn, Quốc Oai, Hà Nội, 16,5 triệu / m2, 312,5 m2 Hot!","5,16 tỷ","312,5 m²",Không có thông tin,Không có thông tin,"Quốc Oai, Hà Nội","Phú Mãn, Quốc Oai, Hà Nội",
"Nhà rộng nội thất đẹp nhiều phòng ngủ, ngõ rộng gần phố, GT đi lại thuận tiện, tiện ích bạt ngàn","7,65 tỷ",42 m²,4,3,"Hai Bà Trưng, Hà Nội","Đường Minh Khai, Phường Minh Khai, Hai Bà Trưng, Hà Nội",
Bán Đất Hàng Bè Kiến Hưng 52m2 mặt tiền 4m hơn 11 tỷ Dịch vụ PhânLô ôtô tránh Vỉa è LHCC 0961 318 ***,"11,3 tỷ",52 m²,Không có thông tin,Không có thông tin,"Hà Đông, Hà Nội","Mipec City View, Đường Hoàng Công, Phường Kiến Hưng, Hà Đông, Hà Nội",
"SIÊU HIẾM ! BÁN NHÀ MẶT PHỐ TRẦN QUỐC TOẢN, QUẬN HOÀN KIẾM. DIỆN TÍCH 315M2, MT 12M, 1 SỔ 1 CHỦ.",265 tỷ,315 m²,Không có thông tin,Không có thông tin,"Hoàn Kiếm, Hà Nội","Đường Trần Quốc Toản, Phường Trần Hưng Đạo, Hoàn Kiếm, Hà Nội",
"Siêu phẩm lô góc 118m2 tại đấu giá Phạm Hồng Thái (Hàm Tử, Khoái Châu) chỉ với 50tr/m2","5,9 tỷ",118 m²,Không có thông tin,Không có thông tin,"Khoái Châu, Hưng Yên","Hàm Tử, Khoái Châu, Hưng Yên",
HOT! BÁN CẮT L.Ỗ CĂN 2N2VS CHUNG CƯ NEW LIFE HẠ LONG,"1,85 tỷ",68 m²,2,2,"Hạ Long, Quảng Ninh","New Life Tower, Đường Hoàng Quốc Việt, Phường Bãi Cháy, Hạ Long, Quảng Ninh",
"Bán nhà riêng, 5 tầng, có thang máy tại đường Cách Mạng Tháng Tám, 104m2, hẻm xe tải, chỉ 16,5 tỷ","16,5 tỷ",104 m²,5,5,"Quận 10, Hồ Chí Minh","Đường Cách Mạng Tháng Tám, Phường 15, Quận 10, Hồ Chí Minh",
"Bán căn hộ 2PN, 1WC, 55m2 tại The Sapphire 1, Đa Tốn, Gia Lâm, Hà Nội, giá 2,75 tỷ LH 0923/468/678","2,75 tỷ",55 m²,2,1,"Gia Lâm, Hà Nội","The Sapphire 1 - Vinhomes Ocean Park, Đa Tốn, Gia Lâm, Hà Nội",
"Bán nhanh 1 PN Vinhomes Central Park, full nội thất cao cấp view thoáng mát","4,3 tỷ",54 m²,1,1,"Bình Thạnh, Hồ Chí Minh","Dự án Vinhomes Central Park, Đường Điện Biên Phủ, Phường 22, Bình Thạnh, Hồ Chí Minh",
"BT Garden City Thạch Bàn, Cổ Linh, Long Biên, biệt thự sân vườn 233m x 4T mt13m, đầu tư tiềm năng","48,6 tỷ",233 m²,7,6,"Long Biên, Hà Nội","Garden City, Đường Thạch Bàn, Phường Thạch Bàn, Long Biên, Hà Nội",
"Bán biệt thự góc - Legacy Hill Hòa Bình, view suối hướng mát, phong thủy vượng địa, chỉ 6.1 tỷ","6,1 tỷ",270 m²,4,5,"Lương Sơn, Hòa Bình","Legacy Hill, Tân Vinh, Lương Sơn, Hòa Bình",
Chính chủ bán căn hộ 2 ngủ 94m2 tại chung cư Bình Vượng tầng trung thoáng mát sổ đỏ lâu dài,"3,99 tỷ",94 m²,2,2,"Hà Đông, Hà Nội","Bình Vượng 200 Quang Trung, Đường Quang Trung, Phường Quang Trung, Hà Đông, Hà Nội",
"Chính chủ. Bán biệt thự M09 - 05 An Khang Villas Nam Cường. Vị trí đẹp, view chung cư. sổ đỏ sẵn",37 tỷ,225 m²,Không có thông tin,Không có thông tin,"Hà Đông, Hà Nội","Dự án An Khang Villa, Đường Tố Hữu, Phường La Khê, Hà Đông, Hà Nội",
"HÀNG NGỘP BÁN TOPAZ ELITE 79M2 2PN 2WC view Q7 nhà trống 3,340TỶ FULL NỘI THẤT 3,45TỶ LH 0964 161 ***","3,34 tỷ",79 m²,2,2,"Quận 8, Hồ Chí Minh","Dự án Topaz Elite, Đường Cao Lỗ, Phường 4, Quận 8, Hồ Chí Minh",
"Bán biệt thự An Vượng Villa C01 - 54, mặt sau hồ công viên, sổ đỏ sẵn. Giá bán 33 tỷ. 0989 695 ***",33 tỷ,180 m²,Không có thông tin,Không có thông tin,"Hà Đông, Hà Nội","Dự án An Vượng Villa, Đường Tố Hữu, Phường Dương Nội, Hà Đông, Hà Nội",
"Suất ngoại giao vip F09 - 16 biệt thự An Quý lô góc 3 mặt đường. Đẹp, rẻ nhất thị trường 0914 102 ***",33 tỷ,226 m²,Không có thông tin,Không có thông tin,"Hà Đông, Hà Nội","Dự án An Quý Villa - KĐT Dương Nội, Phường Dương Nội, Hà Đông, Hà Nội",
Căn góc đơn lập 3 mặt đường biệt thự An Phú Shop. Dt 303m2. Vừa ở vừa kinh doanh đỉnh. Sổ đỏ sẵn,43 tỷ,303 m²,Không có thông tin,Không có thông tin,"Hà Đông, Hà Nội","Dự án An Phú Shop Villa, Phường Dương Nội, Hà Đông, Hà Nội",
"Nhà Chợ Phúc Lơi 32,6m xây 5 tầng oto đỗ cổng 3,95 tỷ","3,95 tỷ","32,6 m²",3,4,"Long Biên, Hà Nội","Đường Phúc Lợi, Phường Phúc Lợi, Long Biên, Hà Nội",
"Cực hiếm! Chính chủ hạ giá bán gấp nhà 64,7m2 Võ Văn Tần, P5, Q3. Xây 4 tầng. Giá chỉ 3tỷ390 sổ sẵn","3,39 tỷ","64,7 m²",Không có thông tin,Không có thông tin,"Quận 3, Hồ Chí Minh","5, Quận 3, Hồ Chí Minh",
"ĐẦU TƯ SHOPHOUSE LỢI NHUẬN NHÂN ĐÔI, GIÁ TRỊ NHÂN BA SIÊU KHỦNG TỪ LÃI SUẤT KÉP","5,7 tỷ",52 m²,Không có thông tin,Không có thông tin,"Quận 9, Hồ Chí Minh","The Beverly Solari - Vinhomes Grand Park, Phường Long Bình, Quận 9, Hồ Chí Minh",
"Chính chủ Gia đình có việc cần bán gấp mảnh đất Số 4 ngõ 15 Châu Đài Thượng Cát, Bắc Từ Liêm, H N","10,22 tỷ",269 m²,Không có thông tin,Không có thông tin,"Bắc Từ Liêm, Hà Nội","Phố Thượng Cát, Phường Thượng Cát, Bắc Từ Liêm, Hà Nội",
"Bán nhà MP Xuân La: 312m2 MT 12m, lô góc, GPXD 10 tầng, giá đầu tư, Ba bước chạm Hồ Tây, QH ổn định",Giá thỏa thuận,312 m²,Không có thông tin,Không có thông tin,"Tây Hồ, Hà Nội","Đường Xuân La, Phường Xuân La, Tây Hồ, Hà Nội",
"Bán nhà MP Nguyễn Du 210m2, MT 9,5m, 9T, Có GPXD PCCC và HOÀN CÔNG, gần hồ Thiền Quang, Quang Trung",Giá thỏa thuận,210 m²,Không có thông tin,Không có thông tin,"Hai Bà Trưng, Hà Nội","Đường Nguyễn Du, Phường Bùi Thị Xuân, Hai Bà Trưng, Hà Nội",
"PHỐ DUY TÂN - CẦU GIẤY TOÀ NHÀ 850M-13TẦNG, MT:18M 320 TỶ",320 tỷ,850 m²,70,76,"Cầu Giấy, Hà Nội","Đường Duy Tân, Phường Dịch Vọng Hậu, Cầu Giấy, Hà Nội",
"Bán nhà Tân Phú- Lũy Bán Bích HXH 8m thông, gần mặt tiền, 68m2(5.2 x 15m), 3 tầng BTCT, Chỉ 6.3 tỷ","6,3 tỷ",68 m²,4,3,"Tân Phú, Hồ Chí Minh","Đường Lũy Bán Bích, Phường Phú Thạnh, Tân Phú, Hồ Chí Minh",
"Nhà view sông Sài Gòn, Landmark - phường Hiệp Bình Chánh, Thủ Đức, 176m2, 3 tầng, 6PN, 21 Tỷ.",21 tỷ,176 m²,6,5,"Thủ Đức, Hồ Chí Minh","Đường 17, Phường Hiệp Bình Chánh, Thủ Đức, Hồ Chí Minh",
"BQL Sài Gòn Mia bán căn hộ 1PN 2PN 3PN 2,8 tỷ - 4 tỷ full nội thất, LH BQL 0935 375 ***",4 tỷ,76 m²,3,2,"Bình Chánh, Hồ Chí Minh","Dự án Sài Gòn Mia, Đường Số 9A, Xã Bình Hưng, Bình Chánh, Hồ Chí Minh",
"Cắt lỗ CH cao cấp M2 Masteri Waterfront Vinhomes Ocean Park, 42m2, dưới T15, nội thất full, 3 tỷ",3 tỷ,42 m²,1,1,"Gia Lâm, Hà Nội","Masteri Water Front, Đường Quốc Lộ 5B, Xã Đa Tốn, Gia Lâm, Hà Nội",
"Bán gấp nhà mặt phố Xuân Diệu. 75m2 mặt tiền 5.5m, nở hậu, có dòng tiền. Giá chào 44 tỷ",Giá thỏa thuận,75 m²,Không có thông tin,Không có thông tin,"Tây Hồ, Hà Nội","Đường Xuân Diệu, Phường Quảng An, Tây Hồ, Hà Nội",
Bán mảnh đất 75m2 full thổ cư mặt tiền hơn 6m tại Huyện Quốc Oai Khu Đô Thị Vệ Tinh Hòa Lạc,"1,7 tỷ",75 m²,Không có thông tin,Không có thông tin,"Quốc Oai, Hà Nội","Đường 21, Xã Phú Mãn, Quốc Oai, Hà Nội",
"Cập nhật giỏ hàng chuyển nhượng mới nhất Aqua City tháng 3/2025. Nhà phố 100m2 chỉ 4,6 tỷ Full","4,4 tỷ",100 m²,3,4,"Biên Hòa, Đồng Nai","Aqua City, Long Hưng, Biên Hòa, Đồng Nai",
"Bán nhà mặt phố Dương Đình Nghệ, 9,9 tỷ, 67m2, 4PN, 5WC","9,9 tỷ",67 m²,4,5,"Sơn Trà, Đà Nẵng","Đường Dương Đình Nghệ, Phường An Hải Bắc, Sơn Trà, Đà Nẵng",
"Bán đơn lập góc San Hô 1 với 4 mặt công viên, bể bơi, đối diện Ktown, căn Vip độc LH 0946 455 ***",80 tỷ,128 m²,5,5,"Văn Giang, Hưng Yên","Dự án The Empire - Vinhomes Ocean Park 2, Đường San Hô 1, Xã Long Hưng, Văn Giang, Hưng Yên",
"BÁN NHÀ LÔ GÓC SIÊU ĐẸP TẠI CỰ KHỐI Ô TÔ VÀO NHÀ, TRƯỚC NHÀ HỒ NƯỚC PHONG THỦY GIÁ CHỈ HƠN 6 TỶ","6,2 tỷ",34 m²,3,4,"Long Biên, Hà Nội","Đường Bát Khối, Phường Cự Khối, Long Biên, Hà Nội",
Chính chủ bán đất vị trí đẹp khu vực Sơn Trà và Ngũ Hành Sơn,51 tỷ,375 m²,Không có thông tin,Không có thông tin,"Sơn Trà, Đà Nẵng","Phường An Hải Bắc, Sơn Trà, Đà Nẵng",
Em Huy Bắc được chủ nhà gửi bán quỹ căn hộ 2 - 3 phòng ngủ giá cực tốt tại FLC Complex - Phạm Hùng,"4,8 tỷ",70 m²,2,2,"Nam Từ Liêm, Hà Nội","FLC Complex 36 Phạm Hùng, Phạm Hùng, Mỹ Đình 2, Nam Từ Liêm, Hà Nội",
"Bán Khách Sạn Mặt Đường Nguyễn Bỉnh Khiêm, Đằng Hải, Hải An, Hải Phòng, 1236m2, 5 tầng, 1236.15m",100 tỷ,1.236 m²,39,40,"Hải An, Hải Phòng","Đường Nguyễn Bỉnh Khiêm, Phường Đằng Hải, Hải An, Hải Phòng",
Bán đất mặt tiền TL8 Ninh Tân thị xã Ninh Hòa,"3,5 tỷ",1.640 m²,Không có thông tin,Không có thông tin,"Ninh Hòa, Khánh Hòa","Đường ĐT 8, Xã Ninh Tân, Ninh Hòa, Khánh Hòa",
"Bán nhà riêng tại đường Bùi Xương Trạch, Khương Đình, Thanh Xuân, Hà Nội, 8,99 tỷ, 46m2","8,99 tỷ",46 m²,Không có thông tin,Không có thông tin,"Thanh Xuân, Hà Nội","Đường Bùi Xương Trạch, Phường Khương Đình, Thanh Xuân, Hà Nội",
Booking tặng 3 chỉ vàng PNJ - Chiết khấu 15% căn hộ Orchard Heights Sycamore đến từ Capital Land,"3,63 tỷ",75 m²,2,2,"Thủ Dầu Một, Bình Dương","Dự án Orchard Heights - Sycamore, Đường Hùng Vương, Phường Phú Mỹ, Thủ Dầu Một, Bình Dương",
"Bán nhà Ngọc Thụy, 4 tầng 50m, ô tô qua nhà, 50m ra vườn hoa Khai Sơn. 6,7 tỷ","6,69 tỷ",50 m²,3,4,"Long Biên, Hà Nội","Đường Ngọc Thụy, Phường Ngọc Thụy, Long Biên, Hà Nội",
"Bán ngay lô đất siêu đẹp ở Quất Lâm, Giao Thủy, Nam Định, vị trí đẹp, đáng để đầu tư","2,3 tỷ",92 m²,Không có thông tin,Không có thông tin,"Giao Thủy, Nam Định","Thị trấn Quất Lâm, Giao Thủy, Nam Định",
"Tòa nhà CHDV DT 8x28 đúc 4 tấm, 20p full NTCC, có thang máy. Thu nhập 160tr/th NB 10m Cộng Hòa, P13",40 tỷ,211 m²,20,21,"Tân Bình, Hồ Chí Minh","Đường Lê Tấn Quốc, Phường 13, Tân Bình, Hồ Chí Minh",
Cần tiền bán nhanh căn Sam Tower có hỗ trợ vay liên hệ 0906 565 ***,"4,2 tỷ",55 m²,1,2,"Hải Châu, Đà Nẵng","SAM Towers, Đường Như Nguyệt, Phường Thuận Phước, Hải Châu, Đà Nẵng",
"Bán CC River Garden, 9,5 tỷ, 131m2, 2PN, 2WC 0908 947 ***","9,5 tỷ",131 m²,2,2,"Quận 2, Hồ Chí Minh","River Garden, Nguyễn Văn Hưởng, Thảo Điền, Quận 2, Hồ Chí Minh",
"Bán căn 2 ngủ the pride , tố hữu , la khê, hà đông","3,2 tỷ",70 m²,2,2,"Hà Đông, Hà Nội","The Pride, Tố Hữu, La Khê, Hà Đông, Hà Nội",
"(Chú ý) căn hộ Florita giá tốt T3/2025. OT 2 tỷ. 2PN 3,6 tỷ. 3PN 4,8 tỷ. LH 0921 055 *** Giang","3,6 tỷ",70 m²,2,2,"Quận 7, Hồ Chí Minh","Dự án Căn hộ Florita, Đường D4, Phường Tân Hưng, Quận 7, Hồ Chí Minh",
BÁN NHÀ ĐƯỜNG GIẢI PHÓNG - NGỌC HỒI - PHÂN LÔ Ô TÔ - LÔ GÓC - NGÕ Ô TÔ TRÁNH.,"7,4 tỷ",34 m²,4,4,"Hoàng Mai, Hà Nội","Đường Ngọc Hồi, Phường Hoàng Liệt, Hoàng Mai, Hà Nội",
"Bán tòa nhà 4,2x15,5m, 5 lầu Lê Văn Khương ngay Cổng nhà máy Pepsi Việt Nam, quận 12","7,9 tỷ",65 m²,4,6,"Quận 12, Hồ Chí Minh","Phường Thới An, Quận 12, Hồ Chí Minh",
"Bán nhanh miếng đất nền đẹp rẻ, đường Kênh Ngang hơn nửa công tại ấp 3, Tam Hiệp, CT, Tiền Giang",720 triệu,579 m²,Không có thông tin,Không có thông tin,"Châu Thành, Tiền Giang","Ấp 3, Đường Kênh Ngang, Xã Tam Hiệp, Châu Thành, Tiền Giang",
Vị trí vàng - kinh doanh sầm uất - ô tô tránh dừng đỗ - phân lô quân đội ae nhanh tay,"13,8 tỷ",64 m²,8,4,"Thanh Xuân, Hà Nội","Đường Hoàng Văn Thái, Phường Khương Trung, Thanh Xuân, Hà Nội",
Chính chủ bán lô 91.4 Vụ Bản- Minh Trí- Sóc Sơn- Hà nội Giá 1.5 tỷ,"1,5 tỷ","91,4 m²",Không có thông tin,Không có thông tin,"Sóc Sơn, Hà Nội","Minh Trí, Sóc Sơn, Hà Nội",
"BQL tổng hợp quỹ căn mới nhất: 2PN và 3PN, 4PN giá tốt - Full NT và đủ slot ô tô! LH: 0961 846 ***","5,8 tỷ",64 m²,Không có thông tin,Không có thông tin,"Thanh Xuân, Hà Nội","Dự án Legend Tower 109 Nguyễn Tuân, Đường Nguyễn Tuân, Phường Thanh Xuân Trung, Thanh Xuân, Hà Nội",
"Bán chung cư mini Cổ Nhuế, 55m2*6T 14PKK, 20m oto kinh doanh, ngõ thoáng, đủ PCCC, GPXD, DT 70tr/th","10,9 tỷ",55 m²,14,14,"Bắc Từ Liêm, Hà Nội","Đường Cổ Nhuế, Phường Cổ Nhuế 2, Bắc Từ Liêm, Hà Nội",
"Cần bán nhà hàng, trạm dừng nghỉ trên quốc lộ 1A Lạng Sơn giáp cửa khẩu với giá đầu tư","45,9 tỷ",2.700 m²,2,2,"Lạng Sơn, Lạng Sơn","Đường Quốc lộ 1A, Phường Đông Kinh, Lạng Sơn, Lạng Sơn",
"Bán gấp giá rẻ phố Thuỵ Khuê, Tây Hồ, với 24 tỷ có nhà 90m2 mặt phố",24 tỷ,90 m²,1,1,"Tây Hồ, Hà Nội","Đường Thụy Khuê, Phường Thụy Khuê, Tây Hồ, Hà Nội",
30 suất nội bộ giá CĐT cho căn hộ mặt tiền Lê Văn Lương chỉ thanh toán trước 560tr được ck đến 15%,"2,8 tỷ",46 m²,1,1,"Nhà Bè, Hồ Chí Minh","Dự án Khải Hoàn Prime, Đường Lê Văn Lương, Xã Nhơn Đức, Nhà Bè, Hồ Chí Minh",
Bán biệt thự 2 mặt tiền 4 tầng tọa lạc KĐT Vĩnh Điềm Trung vị trí siêu đắc địa giá 22 tỷ,22 tỷ,146 m²,4,4,"Nha Trang, Khánh Hòa","Dự án Vĩnh Điềm Trung, Đường A1, Xã Vĩnh Hiệp, Nha Trang, Khánh Hòa",
"Bán đất khu CNC Hòa Lạc, ngay ngã 4 thành phố Hòa Lạc, Diện tích: 100 m2. Full thổ cư. Giá tốt nhất","4,5 tỷ",100 m²,Không có thông tin,Không có thông tin,"Quốc Oai, Hà Nội","Xã Phú Cát, Quốc Oai, Hà Nội",
"(Chính chủ) bán lô đất nền đẹp tại thôn Muỗi, xã Yên Bài, Ba Vì, Hà Nội","25,3 tỷ",5.867 m²,Không có thông tin,Không có thông tin,"Ba Vì, Hà Nội","Xã Yên Bài, Ba Vì, Hà Nội",
Chính chủ bán biệt thự 427m2 mặt đường Đại Lộ Bình Dương.,40 tỷ,427 m²,4,5,"Thủ Dầu Một, Bình Dương","Đường Đại Lộ Bình Dương, Phường Hiệp Thành, Thủ Dầu Một, Bình Dương",
"Giỏ hàng Happy One Central T3/2025: 1PN 1,7 tỷ | 2PN 2,3 tỷ. Đã có sổ, giá tốt nhất thị trường",Giá thỏa thuận,70 m²,2,2,"Thủ Dầu Một, Bình Dương","Dự án Happy One Central, Đường 30/4, Phường Phú Hòa, Thủ Dầu Một, Bình Dương",
"Chính chủ cần bán gấp căn hộ DT 86m2, 3PN Full đồ đẹp ở CC An Bình City số 232 PVĐ. Giá bán 6,4 tỷ","6,4 tỷ",86 m²,3,2,"Bắc Từ Liêm, Hà Nội","An Bình City, số 232, Đường Phạm Văn Đồng, Phường Cổ Nhuế 1, Bắc Từ Liêm, Hà Nội",
"Bán nhà chính chủ gia đình xây tâm huyết 5T - 45m2 - MT 4,1 trung tâm Hà Đông, đường 2 ô tô tránh",11 tỷ,45 m²,4,3,"Hà Đông, Hà Nội","Đường Nhuệ Giang, Phường Quang Trung, Hà Đông, Hà Nội",
"Song lập compound, bất ngờ giảm giá sâu, vị trí đẹp nhất khu compound","26,99 tỷ",200 m²,5,5,"Quận 9, Hồ Chí Minh","Dự án The Manhattan Glory, Đường Nguyễn Xiển, Phường Long Bình, Quận 9, Hồ Chí Minh",
"5,48tỷ 3tầng 4PN Quang Trung Vincom P10GV nở 5m ngang.","5,48 tỷ",40 m²,4,3,"Gò Vấp, Hồ Chí Minh","Đường Quang Trung, Phường 10, Gò Vấp, Hồ Chí Minh",
"Chính chủ cần bán nhà mặt tiền 83 đường Trần Thị Kỷ p Ngô Mây tp Quy Nhơn, Bình Định",7 tỷ,"58,43 m²",5,3,"Quy Nhơn, Bình Định","Đường Trần Thị Kỳ, Phường Ngô Mây, Quy Nhơn, Bình Định",
"Ban quản lý cập nhật quỹ 100 căn hộ 2PN-3PN giá 5,7 tỷ đến 7,2 tỷ tốt nhất dự án Hoàng Thành Pearl","6,06 tỷ",80 m²,2,Không có thông tin,"Nam Từ Liêm, Hà Nội","Dự án Hoàng Thành Pearl, Đường Nguyễn Văn Giáp, Phường Cầu Diễn, Nam Từ Liêm, Hà Nội",
"Bán đất Huy Hoàng cặp 5x20m 195tr, 8x20m 170tr,MT Trương Văn Bang 6 tầng 210tr, có nhiều vị trí....","23,1 tỷ",110 m²,Không có thông tin,Không có thông tin,"Quận 2, Hồ Chí Minh","Thạnh Mỹ Lợi, Đường Trương Văn Bang, Phường Thạnh Mỹ Lợi, Quận 2, Hồ Chí Minh",
"Bán CC EHome 3, 1PN, 1WC, 50m2, giá chốt 1,65 tỷ ở Hồ Học Lãm, Bình Tân, HCM. LH: 0915 318 ***","1,65 tỷ",50 m²,1,1,"Bình Tân, Hồ Chí Minh","Khu căn hộ EHome 3, Hồ Học Lãm, An Lạc, Bình Tân, Hồ Chí Minh",
"Chính chủ gửi bán gấp căn 52,5m2 giá 2 tỷ 190 triệu đường Lê Lai, Phường 3, Gò Vấp. Hẻm xe hơi 5m","2,19 tỷ","52,5 m²",4,4,"Gò Vấp, Hồ Chí Minh","Đường Lê Lai, Phường 3, Gò Vấp, Hồ Chí Minh",
Quỹ căn chuyển nhượng cắt lỗ giá rẻ nhất thị trường tại Sunshine Green Iconic - Em Long 0355 863 ***,"13,8 tỷ",165 m²,2,Không có thông tin,"Long Biên, Hà Nội","Dự án Sunshine Green Iconic, Phường Phúc Đồng, Long Biên, Hà Nội",
"Góc 3MT đường Nguyễn An - Nguyễn Văn Kỉnh - đường số 59, 395m2 - XD hầm 7 tầng khan hiếm giá 185 tỷ",185 tỷ,395 m²,7,7,"Quận 2, Hồ Chí Minh","Đường Nguyễn Văn Kỉnh, Phường Thạnh Mỹ Lợi, Quận 2, Hồ Chí Minh",
Siêu phẩm đất nền khu đô thị Nam Hòa Xuân Đà Nẵng,Giá thỏa thuận,100 m²,Không có thông tin,Không có thông tin,"Ngũ Hành Sơn, Đà Nẵng","Dự án Han River Village (Nam Hòa Xuân), Đường Minh Mạng, Phường Hòa Quý, Ngũ Hành Sơn, Đà Nẵng",
"Bán nhà riêng tại 500/4 Nguyễn Chí Thanh, Quận 10, TP.HCM giá 16,5 tỷ, Diện tích 110m2.","16,5 tỷ",110 m²,Không có thông tin,Không có thông tin,"Quận 10, Hồ Chí Minh","Đường Nguyễn Chí Thanh, Phường 7, Quận 10, Hồ Chí Minh",
Vị Trí Kinh Doanh Đỉnh. Nhà Trong Chợ Lạc Quang - Tân Thới Nhất - Quận 12. Hẻm Oto Tải. 2 Lầu. 85m2,6 tỷ,85 m²,2,2,"Quận 12, Hồ Chí Minh","Đường Tân Thới Nhất 1, Phường Tân Thới Nhất, Quận 12, Hồ Chí Minh",
05 căn góc/xẻ khe cuối cùng của Sapphire Gem HP - giá không tăng - chiết khấu cao nhất thị trường,"6,9 tỷ",141 m²,Không có thông tin,Không có thông tin,"Thủy Nguyên, Hải Phòng","Dự án Sapphire Gem Hải Phòng, Phường Thủy Đường, Thủy Nguyên, Hải Phòng",
"BÁN NHÀ AN TRAI - VÂN CANH 7 T THANG MÁY GARA Ô TÔ NGÕ THÔNG - K/D 40M2 -7,8 TỶ .","7,8 tỷ",40 m²,4,3,"Hoài Đức, Hà Nội","Đường An Trai, Xã Vân Canh, Hoài Đức, Hà Nội",
"Bán nhà mặt phố Đường Thạch Thị Thanh, Tân Định, Quận 1, 19,9 tỷ, 76,5m2","19,9 tỷ",119 m²,3,2,"Quận 1, Hồ Chí Minh","Đường Thạch Thị Thanh, Phường Tân Định, Quận 1, Hồ Chí Minh",
Chính chủ bán nhà số 41 ngõ 164 Vương Thừa Vũ quận Thanh Xuân,13 tỷ,48 m²,Không có thông tin,Không có thông tin,"Thanh Xuân, Hà Nội","Số 41 ngõ 164, Đường Vương Thừa Vũ, Phường Khương Trung, Thanh Xuân, Hà Nội",
"Bán căn hộ Depot Metro Tham Lương, Tân Thới Nhất, Quận 12 với 3 phòng ngủ giá 3.5 tỷ","3,5 tỷ",88 m²,3,2,"Quận 12, Hồ Chí Minh","Dự án Depot Metro Tham Lương, Đường Tân Thới Nhất 17, Phường Tân Thới Nhất, Quận 12, Hồ Chí Minh",
Chính chủ cần bán lô góc 308m2 trục chính Mễ Sở - Văn Giang đối diện vành đai 4 giá đầu tư,"12,63 tỷ",308 m²,Không có thông tin,Không có thông tin,"Văn Giang, Hưng Yên","Xã Mễ Sở, Văn Giang, Hưng Yên",
"Xuất đầu tư giá chỉ từ 2,xtỷ rẻ nhất dự án sổ sẵn, cách Ngã Tư Sở 33km tại KĐT Centre Ville",Giá thỏa thuận,100 m²,Không có thông tin,Không có thông tin,"Lương Sơn, Hòa Bình","Dự án Centre Ville Lương Sơn, Xã Tân Vinh, Lương Sơn, Hòa Bình",
"Tốt nhất trung tâm Sài Gòn, bán Hotel 4 sao Fusion Suites, thu nhập 5-6 tỷ/th, pháp lý chuẩn 100%",850 tỷ,"914,3 m²",Không có thông tin,Không có thông tin,"Quận 1, Hồ Chí Minh","3 - 3A - 3B - 5, Đường Sương Nguyệt Ánh, Phường Bến Thành, Quận 1, Hồ Chí Minh",
"Tốt nhất trung tâm Sài Gòn, bán Hotel 4 sao Fusion Suites, thu nhập 5-6 tỷ/th, pháp lý chuẩn 100%",850 tỷ,"914,3 m²",Không có thông tin,Không có thông tin,"Quận 1, Hồ Chí Minh","3 - 3A - 3B - 5, Đường Sương Nguyệt Ánh, Phường Bến Thành, Quận 1, Hồ Chí Minh",
Chính chủ cần bán nhà phân lô phố Nghĩa Đô 2 mặt ngõ ô tô tránh 6 tầng thang máy 70m2 giá 33 tỷ,33 tỷ,70 m²,6,Không có thông tin,"Cầu Giấy, Hà Nội","Phố Nghĩa Đô, Phường Nghĩa Đô, Cầu Giấy, Hà Nội",
"NHÀ PHỐ BIỂN! Nhà 4 tầng ,căn góc ,2 mặt tiền ,2 giếng trời , bếp 2 mặt tiền. Tổng diện tích 273m2.",8 tỷ,273 m²,5,3,"Phan Rang - Tháp Chàm, Ninh Thuận","Lô 18 , dãy N3 Đường Võ Giới Sơn, Phường Mỹ Hải, Phan Rang - Tháp Chàm, Ninh Thuận",
Chỉ 46 Tỷ Có Toà BUIDINH Trung Kính Dt108m 8T Mt6m 2 Thoáng trước sau Vỉa hè oto tránh Kd ngày đêm,46 tỷ,108 m²,Không có thông tin,Không có thông tin,"Cầu Giấy, Hà Nội","Phường Trung Hòa, Cầu Giấy, Hà Nội",
"Bán lô đất nằm sát khu CNC Hoà Lạc, giá chỉ 25 triệu/m, 2 mặt tiền thông thoáng","24,75 triệu",100 m²,Không có thông tin,Không có thông tin,"Thạch Thất, Hà Nội","Đường 420, Xã Bình Yên, Thạch Thất, Hà Nội",
"Bán CC Mizuki Park, giá cực chất 3,4 tỷ, 72m2, 2PN, 2WC, đầy đủ nội thất tại Bình Hưng BC","3,4 tỷ",72 m²,2,2,"Bình Chánh, Hồ Chí Minh","Dự án Mizuki Park, Đường Nguyễn Văn Linh, Xã Bình Hưng, Bình Chánh, Hồ Chí Minh",
"Chuyển nhượng căn hộ giá tốt còn lại tại Sudico DT: 57m2, 65m2, 85m2, 100m2, 105m2, 132m2, 207m2",Giá thỏa thuận,132 m²,4,3,"Nam Từ Liêm, Hà Nội","Dự án Sudico Mỹ Đình, Đường Phạm Hùng, Phường Mỹ Đình 1, Nam Từ Liêm, Hà Nội",
"Nhà mới xây dụng 1 trệt 1 lầu 3PN đường ô tô 2 chiều, An Hòa Bình, Sa Đức, Đồng Tháp",2 tỷ,110 m²,3,2,"Sa Đéc, Đồng Tháp","Phường An Hòa, Sa Đéc, Đồng Tháp",
"Bán nhà mặt phố 67m2, giá 35 tỷ tại Huỳnh Khương Ninh, Đa Kao, Q1, HCM",35 tỷ,320 m²,6,7,"Quận 1, Hồ Chí Minh","Đường Huỳnh Khương Ninh, Phường Đa Kao, Quận 1, Hồ Chí Minh",
"Chung cư Sunrise City view block B view full Q1, nhà full nội thất, nhà đẹp vào ở liền","3,8 tỷ",65 m²,2,2,"Quận 7, Hồ Chí Minh","Dự án Sunrise City, Đường Nguyễn Hữu Thọ, Phường Tân Hưng, Quận 7, Hồ Chí Minh",
Villa Park - Full giỏ hàng - Giá tốt nhất - Sổ riêng hoàn công - 18 tỷ đến 42 tỷ,17 tỷ,160 m²,3,3,"Quận 9, Hồ Chí Minh","Dự án Villa Park, Đường Bưng Ông Thoàn, Phường Phú Hữu, Quận 9, Hồ Chí Minh",
Giá thật! - Hàng hiếm - Tầng đẹp- Savills vận hành chuyên nghiệp,"2,45 tỷ",65 m²,2,2,"Bình Chánh, Hồ Chí Minh","Dự án Lovera Vista, Đường Trịnh Quang Nghị, Xã Phong Phú, Bình Chánh, Hồ Chí Minh",
"Bán nhà MT 187 Nguyễn Văn Trỗi P10 Phú Nhuận ,DT:20x35 cn 650m2- 3 tầng-HDT 800Tr/tháng giá 220 Tỷ",220 tỷ,666 m²,Không có thông tin,Không có thông tin,"Phú Nhuận, Hồ Chí Minh","Đường Nguyễn Văn Trỗi, Phường 10, Phú Nhuận, Hồ Chí Minh",
"Bán căn hộ chung cư tại Thụy Khuê, Tây Hồ, Hà Nội, giá cực chất 100 triệu / m2, 178 m2","17,8 tỷ",178 m²,Không có thông tin,Không có thông tin,"Tây Hồ, Hà Nội","Phường Thụy Khuê, Tây Hồ, Hà Nội",
"Bán nhanh căn 3PN (68m2) tại KĐT Sun Urban City Hà Nam, chính sách và ưu đãi tốt nhất thị trường","1,82 tỷ",68 m²,3,2,"Phủ Lý, Hà Nam","Dự án Sun Urban City, Phường Lam Hạ, Phủ Lý, Hà Nam",
"Full giá chỉ 5,x tỷ sở hữu ngay ""Siêu phẩm"" Shophose - liền kề khu đô thị nghỉ dưỡng Sun Urban City","6,22 tỷ",60 m²,6,6,"Phủ Lý, Hà Nam","Sun Urban City, Phường Lam Hạ, Phủ Lý, Hà Nam",
"CẦN BÁN NHANH CĂN HỘ 67M2,2N,2WC HD MON HÀM NGHI - LH. 0946 989 ***",5 tỷ,67 m²,2,2,"Nam Từ Liêm, Hà Nội","Mon City - Hải Đăng City, Đường Hàm Nghi, Phường Mỹ Đình 2, Nam Từ Liêm, Hà Nội",
"Gia đình bán căn hộ tại Thanh Xuân Complex 3 pn, 122m2, full đồ đẹp, ban công Tây Bắc, sổ đỏ",10 tỷ,122 m²,3,2,"Thanh Xuân, Hà Nội","Dự án Thanh Xuân Complex, Phố Lê Văn Thiêm, Phường Thanh Xuân Trung, Thanh Xuân, Hà Nội",
Chính chủ gửi bán nhanh căn biệt thự song lập Starlake Tây Hồ Tây. Giá chỉ 390tr/m2. Không tiếp MG,"93,6 tỷ",240 m²,4,3,"Tây Hồ, Hà Nội","KĐT Tây Hồ Tây - Starlake Hà Nội, Xuân La, Tây Hồ, Hà Nội",
Bán nhà mặt phố Lê Lợi Hà Đông 60/100m2 4T Mặt tiền 5m hơn 32 tỷ kinh doanh ô tô tránh vỉa hè CC,"32,8 tỷ",60 m²,4,4,"Hà Đông, Hà Nội","Đường Lê Lợi, Phường Nguyễn Trãi, Hà Đông, Hà Nội",
"Bán đất phân lô 363m2 - mặt tiền 16m - tại Tân Tiến - Chương Mỹ - Hà Nội, chỉ 4 tỷ",4 tỷ,363 m²,Không có thông tin,Không có thông tin,"Chương Mỹ, Hà Nội","Xã Tân Tiến, Chương Mỹ, Hà Nội",
Cần bán căn hộ penthouse Masteri Thảo Điền suất spa chuyển nhượng được cho người nước ngoài,18 tỷ,"189,5 m²",3,3,"Quận 2, Hồ Chí Minh","Dự án Masteri Thảo Điền, Đường Xa Lộ Hà Nội, Phường Thảo Điền, Quận 2, Hồ Chí Minh",
Cần chuyển nhượng 1422m sổ đỏ lâu dài.. Rất phù hợp kinh doanh mọi ngành nghề nhà hàng kho bãi,"15,65 tỷ",1.423 m²,Không có thông tin,Không có thông tin,"Thuận Thành, Bắc Ninh","Đường Quốc Lộ 17, Xã An Bình, Thuận Thành, Bắc Ninh",
Cắt lỗ gần 300tr-tầng trung - 2 phòng 2WC - có ban công - 1 tỷ 355tr - view Phạm Thế Hiển - Giá rẻ,"1,36 tỷ",57 m²,2,2,"Quận 8, Hồ Chí Minh","Dream Home Riverside, Nguyễn Văn Linh, 7, Quận 8, Hồ Chí Minh",
TOÀ NHÀ ILA NGAY NGUYỄN THỊ MINH KHAI - HẦM 7 TẦNG,250 tỷ,200 m²,7,7,"Quận 1, Hồ Chí Minh","Đường Mạc Đĩnh Chi, Phường Bến Nghé, Quận 1, Hồ Chí Minh",
"Hàng cực hiếm! Bán nhanh căn hộ Seasons Avenue, dt 117m2, full đồ đẹp, giá 7 tỷ, hướng mát, SHLD",7 tỷ,117 m²,3,2,"Hà Đông, Hà Nội","Dự án Seasons Avenue, Phường Mỗ Lao, Hà Đông, Hà Nội",
"Bán gấp đất đấu giá sổ đỏ đường 33m khu Lideco, Hoài Đức, Hà Nội. LH: 0913 380 ***",Giá thỏa thuận,69 m²,Không có thông tin,Không có thông tin,"Hoài Đức, Hà Nội","Đường Quốc lộ 32, Thị trấn Trạm Trôi, Hoài Đức, Hà Nội",
"Bán căn hộ River Panorama (55m2, 2PN, 3.1tỷ); (64m2, 2PN, 3.55tỷ); (90m, 3PN, 4.8 tỷ), có nhiều căn","3,1 tỷ",55 m²,2,Không có thông tin,"Quận 7, Hồ Chí Minh","River Panorama, 20, Đường Lê Thị Chợ, Phường Phú Thuận, Quận 7, Hồ Chí Minh",
"Bán đất dịch vụ tại TT Trôi - Vị trí đẹp, tiềm năng kinh doanh. LH: 0966 615 ***",Giá thỏa thuận,73 m²,Không có thông tin,Không có thông tin,"Hoài Đức, Hà Nội","Thị trấn Trạm Trôi, Hoài Đức, Hà Nội",
"SIÊU PHẨM HIẾM CĂN XẺ KHE MẶT ĐƯỜNG 25M, ĐẠI LỘ HỪNG ĐÔNG GIÁ CHỈ 15 TỶ",15 tỷ,105 m²,Không có thông tin,Không có thông tin,"Văn Giang, Hưng Yên","The Crown - Vinhomes Ocean Park 3, Nghĩa Trụ, Văn Giang, Hưng Yên",
"VIP - Giga Mall - Khu Bên Sông Hiệp Bình Chánh, Thủ Đức - Nhà 5 lầu, 96m2 chỉ 9,68 tỷ - TL","9,68 tỷ",90 m²,Không có thông tin,Không có thông tin,"Thủ Đức, Hồ Chí Minh","Phường Hiệp Bình Chánh, Thủ Đức, Hồ Chí Minh",
"Bán đất tái định cư Vai Réo, Phú Cát, Quốc Oai - Cơ hội đầu tư vàng tại khu CNC Hòa Lạc","3,05 tỷ",60 m²,Không có thông tin,Không có thông tin,"Quốc Oai, Hà Nội","Đường Vai Réo, Xã Phú Cát, Quốc Oai, Hà Nội",
Siêu phẩm mặt phố Nguyễn Trãi 200m2x11T. MT: 10m. Lô góc 2 mặt tiền. KD vô đối dòng tiền 7tỷ/năm,110 tỷ,200 m²,8,9,"Thanh Xuân, Hà Nội","Đường Nguyễn Trãi, Phường Hạ Đình, Thanh Xuân, Hà Nội",
"Nhận cọc 5 suất nội bộ KĐT LA Home được miễn gốc lãi 24th, giá từ 2,9 tỷ/căn, CK 15%, bank 70%",Giá thỏa thuận,100 m²,3,4,"Bến Lức, Long An","Dự án LA Home Long An, Xã Lương Hòa, Bến Lức, Long An",
Cần bán căn hộ Mezza siêu độc tại The Wisteria - Giá siêu tốt - Liên hệ ngay 0979 198 ***,Giá thỏa thuận,175 m²,Không có thông tin,Không có thông tin,"Hoài Đức, Hà Nội","Xã Di Trạch, Hoài Đức, Hà Nội",
"Chính chủ cần thanh khoản gấp lô đất 107m2 đường Tân Mai, cạnh dự án Louis City Hoàng Mai.","26,2 tỷ",107 m²,Không có thông tin,Không có thông tin,"Hoàng Mai, Hà Nội","Đường Tân Mai, Phường Hoàng Văn Thụ, Hoàng Mai, Hà Nội",
"Đã có sổ - có ban công - tầng trung - Tara Residence - 68m2 2PN 2WC 3 tỷ 150 triệu bao thuế, thật","3,15 tỷ",68 m²,2,2,"Quận 8, Hồ Chí Minh","Dự án Tara Residence, Phố Tạ Quang Bửu, Phường 6, Quận 8, Hồ Chí Minh",
"Ngõ thông-trước nhà view thoáng-oto cách nhà 15m, anh/chị xây nhà hoặc đầu tư quá đẹp - 156tr/m2","7,8 tỷ",50 m²,Không có thông tin,Không có thông tin,"Hoàng Mai, Hà Nội","Phường Tân Mai, Hoàng Mai, Hà Nội",
"Song lập, nhà đẹp xuất sắc, có hồ bơi, giá 69,999 tỷ có thương lượng",70 tỷ,220 m²,3,4,"Long Biên, Hà Nội","Dự án Vinhomes The Harmony, Phường Việt Hưng, Long Biên, Hà Nội",
"Chính chủ cần bán căn hộ The Priva, Q. Bình Tân, 83m2, 3PN, giá 5,2 tỷ, sổ hồng LH: 0909 242 ***","5,2 tỷ",83 m²,3,2,"Bình Tân, Hồ Chí Minh","Dự án The Privia, Đường An Dương Vương, Phường An Lạc, Bình Tân, Hồ Chí Minh",
"Nhà phố giá tốt, doanh thu đỉnh tại Trung Hòa, Cầu Giấy, Hà Nội",29 tỷ,85 m²,Không có thông tin,Không có thông tin,"Cầu Giấy, Hà Nội","Phường Trung Hòa, Cầu Giấy, Hà Nội",
Kẹt vốn cần bán Topaz Elite - Aeon Mall - 60m2 2.880 tỷ-79m2 3.29 tỷ tầng thấp- 3.380 tỷ tầng trung,"2,89 tỷ",60 m²,2,2,"Quận 8, Hồ Chí Minh","Dự án Topaz Elite, Đường Cao Lỗ, Phường 4, Quận 8, Hồ Chí Minh",
ECO RETREAT_ RỪNG RETREAT CỦA RIÊNG BẠN_LIÊN HỆ NGAY ĐỂ NHẬN NHIỀU ƯU ĐÃI TỪ CHỦ ĐẦU TƯ ECOPARK,Giá thỏa thuận,510 m²,4,5,"Bến Lức, Long An","Eco Retreat Long An, Đường Nguyễn Hữu Trí, Xã Thanh Phú, Bến Lức, Long An",
"Rổ hàng chính chủ nhà phố Mega Village Khang Điền mới nhất. Giá bán từ 6,98 tỷ/căn. Gọi O982667473","6,98 tỷ",75 m²,4,3,"Quận 9, Hồ Chí Minh","Dự án Mega Village, Đường Vành Đai 2, Phường Phú Hữu, Quận 9, Hồ Chí Minh",
"Bán đất tại đường Bãi Tiên Tân, Xã Hồng Hà, Đan Phượng, Hà Nội, 2,5 tỷ, 78 m2, giá siêu hời","2,5 tỷ",78 m²,Không có thông tin,Không có thông tin,"Đan Phượng, Hà Nội","Đường Bãi Tiên Tân, Xã Hồng Hà, Đan Phượng, Hà Nội",
Vung Tau Centre Point căn hộ 2PN tầng cao view biển giỏ hàng cuối giá cực tốt - 0963 913 *** mrs Nhân,"3,3 tỷ",72 m²,2,Không có thông tin,"Vũng Tàu, Bà Rịa Vũng Tàu","Dự án Vung Tau Centre Point, Đường Nguyễn Hữu Cảnh, Phường Nguyễn An Ninh, Vũng Tàu, Bà Rịa Vũng Tàu",
"Hàng hiếm mảnh đất đô thị đẹp xuất sắc tầm giá hơn 1 tỷ, P. Minh Đức, TX.Mỹ Hào, 4 chỗ vào tận đất","1,3 tỷ",76 m²,Không có thông tin,Không có thông tin,"Mỹ Hào, Hưng Yên","Đường Quốc Lộ 5, Phường Minh Đức, Mỹ Hào, Hưng Yên",
"Cần bán shophouse Him Lam Vạn Phúc mặt đường Tố Hữu, vị trí đẹp giá tốt",Giá thỏa thuận,91 m²,Không có thông tin,Không có thông tin,"Hà Đông, Hà Nội","Dự án Him Lam Vạn Phúc, Đường Tố Hữu, Phường Vạn Phúc, Hà Đông, Hà Nội",
Căn hộ TOPAZ CITY- Quận 8 -GIÁ TỐT thời điểm NÀY- 70m2 2pn 2wc tầng trung- 2.690 tỷ_ 0327 528 ***,"2,69 tỷ",70 m²,2,2,"Quận 8, Hồ Chí Minh","Topaz City, Cao Lỗ, 4, Quận 8, Hồ Chí Minh",
"Cập nhật rổ hàng mua bán căn hộ Carillon 7 giá tốt nhất, căn 1PN - 2PN - 3PN nhân viên chủ đầu tư",3 tỷ,50 m²,2,1,"Tân Phú, Hồ Chí Minh","Dự án Carillon 7, 33 Lương Minh Nguyệt, Phường Tân Thới Hòa, Tân Phú, Hồ Chí Minh",
RỔ HÀNG SANG NHƯỢNG TỐT NHẤT CELADON CITY THÁNG 3/2025,"3,8 tỷ",71 m²,2,2,"Tân Phú, Hồ Chí Minh","Emerald - Celadon City, N4, Sơn Kỳ, Tân Phú, Hồ Chí Minh",
Shophouse trục đường chính đô thị đã xây thô hoàn thiện mặt ngoài sẵn kinh doanh,"5,5 tỷ",120 m²,Không có thông tin,Không có thông tin,"Phú Thọ, Phú Thọ","Dự án Âu Cơ Park City, Đường Trường Chinh, Phường Âu Cơ, Phú Thọ, Phú Thọ",
"Nhà HXH ngay Phạm Văn Đồng - Phường Linh Tây, TP. Thủ Đức, 109m2, giá chỉ 5,86 tỷ (thương lượng)","5,86 tỷ",109 m²,3,2,"Thủ Đức, Hồ Chí Minh","Phường Linh Tây, Thủ Đức, Hồ Chí Minh",
"Bán căn hộ chung cư Packexim Tây Hồ, 130m2 căn góc BC Đông Nam view cầu Nhật Tân. LH 0966 998 ***",Giá thỏa thuận,130 m²,3,2,"Tây Hồ, Hà Nội","Dự án Packexim, Phường Phú Thượng, Tây Hồ, Hà Nội",
"Thơm, Thu nhập 200tr Tòa nhà 5 tầng DT 335m2 ngang 8m phường Trường Thọ, Thủ Đức",41 tỷ,325 m²,36,36,"Thủ Đức, Hồ Chí Minh","Đường 12, Phường Trường Thọ, Thủ Đức, Hồ Chí Minh",
"Bán gấp quỹ căn hộ Mandarin Garden - update T3/2025 - hàng chính chủ, đa dạng, cam kết rẻ nhất TT","15,62 tỷ",168 m²,3,2,"Cầu Giấy, Hà Nội","Dự án Mandarin Garden, Đường Hoàng Minh Giám, Phường Trung Hòa, Cầu Giấy, Hà Nội",
"Bán căn hộ Sunrise Riverside tốt nhất 2PN 70m2 giá 3.8 tỷ, 3PN giá 4.3 tỷ","3,8 tỷ",70 m²,2,2,"Nhà Bè, Hồ Chí Minh","Dự án Sunrise Riverside, Đường Nguyễn Hữu Thọ, Xã Phước Kiển, Nhà Bè, Hồ Chí Minh",
Nhà 2 tầng 64m2 Quận 8 giá rẻ chỉ duy nhất 1 căn,"1,39 tỷ",26 m²,2,2,"Quận 8, Hồ Chí Minh","Đường Cao Lỗ, Phường 4, Quận 8, Hồ Chí Minh",
"Bán biệt thự khu đô thị Ciputra The Melody Ciputra DT 230m2 4 tầng MT 33m giá 66 tỷ Tây Hồ, Hà Nội",66 tỷ,230 m²,6,Không có thông tin,"Tây Hồ, Hà Nội","Dự án Kita Capital Ciputra, Phường Phú Thượng, Tây Hồ, Hà Nội",
"Bán biệt thự HDI Tây Hồ 132m2 - 135m2 - 237m2 xây 3.5 tầng, 1 hầm, đầu chờ thang máy, sổ đỏ cất két",Giá thỏa thuận,132 m²,4,4,"Tây Hồ, Hà Nội","Tây Hồ Residence, 68A, Đường Võ Chí Công, Phường Xuân La, Tây Hồ, Hà Nội",
"Cần bán nhà riêng với giá 16 tỷ VND tại phường Xuân Đỉnh, Bắc Từ Liêm, Hà Nội, diện tích 64.7m2",16 tỷ,"64,7 m²",3,3,"Bắc Từ Liêm, Hà Nội","Phường Xuân Đỉnh, Bắc Từ Liêm, Hà Nội",
"(Giá thật).Bán căn 2PN2WC Home City, Trung Kính- Giá 5,4tỷ- Tầng trung, view nội khu- Full nội thất","5,43 tỷ",61 m²,2,2,"Cầu Giấy, Hà Nội","Dự án Home City - Trung Kính Complex, Phố Trung Kính, Phường Yên Hòa, Cầu Giấy, Hà Nội",
"Bán đất nền tại Giao Phong, giá rẻ chỉ từ 1,3 tỷ vnd, diện tích 80, 90, 100m2","1,3 tỷ",100 m²,Không có thông tin,Không có thông tin,"Giao Thủy, Nam Định","Xã Giao Phong, Giao Thủy, Nam Định",
"Quỹ căn hộ bán lại The Matrix One. 2PN, 3PN, đập thông, giá cực tốt đã có sổ LH: 0924 952 ***",10 tỷ,"114,33 m²",3,2,"Nam Từ Liêm, Hà Nội","Dự án The Matrix One, Đường Lê Quang Đạo, Phường Mễ Trì, Nam Từ Liêm, Hà Nội",
Bán nhà lô gốc 2 mặt tiền cực hiếm,"11,95 tỷ",115 m²,5,4,"Quận 8, Hồ Chí Minh","Đường Số 3, Phường 7, Quận 8, Hồ Chí Minh",
"Cần bán nhanh lô đất 2 mặt tiền 10,5m và 7,5m Hoàng Minh Thảo","7,8 tỷ",200 m²,Không có thông tin,Không có thông tin,"Liên Chiểu, Đà Nẵng","Đường Hoàng Minh Thảo, Phường Hòa Khánh Nam, Liên Chiểu, Đà Nẵng",
"Chính chủ gửi bán nhanh 75m2 2PN - 2WC Flora Novia, Linh Tây, Thủ Đức. LH tư vấn 0767 500 ***",Giá thỏa thuận,75 m²,2,2,"Thủ Đức, Hồ Chí Minh","Dự án Flora Novia, Đường Phạm Văn Đồng, Phường Linh Tây, Thủ Đức, Hồ Chí Minh",
"Chính chủ cần bán căn số 05A tòa G2, 63,11m2, 2PN - 1WC, 4.2 tỷ, giá cắt lỗ 300tr Green Bay","4,2 tỷ","63,1 m²",2,1,"Nam Từ Liêm, Hà Nội","Dự án Vinhomes Green Bay Mễ Trì, Đường Đại lộ Thăng Long, Phường Mễ Trì, Nam Từ Liêm, Hà Nội",
"Hàng hiếm tại Sunrise City, 3,9 tỷ bao hết, 71 m2, 2PN, 2WC sổ hồng, Full NT xem nhà 0909 719 ***","3,9 tỷ",71 m²,2,2,"Quận 7, Hồ Chí Minh","Sunrise City, Đường Nguyễn Hữu Thọ, Phường Tân Hưng, Quận 7, Hồ Chí Minh",
"Chính chủ bán CCCC The Senique 3PN - 83,2m2 tại Vinhomes Ocean Park Gia Lâm giá 75tr/m2","6,24 tỷ","83,2 m²",3,2,"Gia Lâm, Hà Nội","Dự án Chung cư The Senique Hanoi , Xã Dương Xá, Gia Lâm, Hà Nội",
Căn hộ 2PN 2WC cuối cùng tại Park Legend ký HĐ trực tiếp từ chủ đầu tư Tân Bình ICC,"5,9 tỷ",70 m²,2,2,"Tân Bình, Hồ Chí Minh","Park Legend, 251, Đường Hoàng Văn Thụ, Phường 2, Tân Bình, Hồ Chí Minh",
Toàn căn hộ 7 tầng thang máy pccc. Mặt tiền đường VÕ AN NINH. ĐỐI DIỆN PCSGTTP ĐÀ NẴNG. KÍN PHÒNG,12 tỷ,563 m²,12,14,"Cẩm Lệ, Đà Nẵng","Đường Võ An Ninh, Phường Hòa Xuân, Cẩm Lệ, Đà Nẵng",
Bán toà căn hộ mặt Hồ Tây 260m2x10 tầng. Doanh thu khủng 600 triệu / tháng. LH 0948 298 ***,148 tỷ,260 m²,30,30,"Tây Hồ, Hà Nội","Phố Yên Hoa, Phường Yên Phụ, Tây Hồ, Hà Nội",
"Bán nhà riêng 54m² x 2T view cực đẹp ngay trung tâm TP. Đà Nẵng, sát Cầu Rồng, Cầu Tình Yêu","3,15 tỷ",54 m²,2,1,"Sơn Trà, Đà Nẵng","Đường Trần Hưng Đạo, Phường An Hải Nam, Sơn Trà, Đà Nẵng",
"Bán gấp nhà 3 tầng mới đẹp tại Phụng Châu, gần Ga Yên Nghĩa chỉ 2.7 tỷ","2,7 tỷ",31 m²,3,2,"Chương Mỹ, Hà Nội","Đường Quốc lộ 6, Xã Phụng Châu, Chương Mỹ, Hà Nội",
Siêu hót: 3.6 bao phí căn Chính chủ bán 2PN + : Tòa GS1 61.7m2 - The Miami - Smart City,"3,6 tỷ","61,7 m²",2,2,"Nam Từ Liêm, Hà Nội","Dự án The Miami, Phường Tây Mỗ, Nam Từ Liêm, Hà Nội",
"Bán Nhà Riêng 4,55 tỷ tại Đường Tiên Trượng, Thị trấn Xuân Mai, Chương Mỹ, Hà Nội, 169m2","4,55 tỷ",169 m²,3,2,"Chương Mỹ, Hà Nội","Đường Tiên Trượng, Thị trấn Xuân Mai, Chương Mỹ, Hà Nội",
"Giờ tìm đâu ra 1 căn hộ 2PN xịn như thế này mà chỉ 4,2 tỷ full VAT + KPBT? Xem ngay!","4,2 tỷ",72 m²,2,2,"Quận 9, Hồ Chí Minh","Dự án Masteri Centre Point, Phường Long Bình, Quận 9, Hồ Chí Minh",
"Chính chủ bán 2PN +: Tòa D 62.29m2, 3.9 tỷ - Masteri - Vin Smart City, mua bán nhanh gia lộc 50tr","3,9 tỷ","62,29 m²",2,2,"Nam Từ Liêm, Hà Nội","Dự án Masteri West Heights, Phường Tây Mỗ, Nam Từ Liêm, Hà Nội",
"Bán căn 1PN +: Tòa I2 - 43.2m2, 2.6 tỷ - Imperia Smart City, chính chủ cần bán gấp tuần này","2,6 tỷ","43,2 m²",1,1,"Nam Từ Liêm, Hà Nội","Dự án Imperia Smart City, Đường Đại lộ Thăng Long, Phường Tây Mỗ, Nam Từ Liêm, Hà Nội",
Hot! Bán nhà mặt phố Ngọc Thụy kinh doanh sầm uất - sổ đỏ rõ ràng - nhà còn rất mới LH: 0916 825 ***,Giá thỏa thuận,82 m²,2,1,"Long Biên, Hà Nội","Đường Ngọc Thụy, Phường Ngọc Thụy, Long Biên, Hà Nội",
"HÀNG ĐỘC QUYỀN, CĂN 3PN GÓC VIEW BIỂN, CĐT HỖ TRỢ VAY 70%,VỊ TRÍ TRUNG TÂM QUY HOẠCH THƯƠNG MẠI ĐN","1,44 tỷ",70 m²,2,2,"Liên Chiểu, Đà Nẵng","Dự án The Ori Garden, Đường Mê Linh, Phường Hòa Hiệp Nam, Liên Chiểu, Đà Nẵng",
"Studio tòa TK2 29.1m2 - Tonkin, 1 tỷ 770 - Vinhomes Smart City (DT TT 25m2) - chính chủ bán cắt lỗ","1,77 tỷ","29,1 m²",1,1,"Nam Từ Liêm, Hà Nội","Dự án The Tonkin - Vinhomes Smart City, Phường Tây Mỗ, Nam Từ Liêm, Hà Nội",
Chốt 1 tỷ 660 bao phí căn Studio tòa GS2 - 33.9m2 - The Miami - Vin Smart City (DT TT 30.6m2),"1,66 tỷ","33,9 m²",1,1,"Nam Từ Liêm, Hà Nội","Dự án The Miami, Phường Tây Mỗ, Nam Từ Liêm, Hà Nội",
"Chuyên bán căn hộ Dự Án Thảo Điền Green giá từ 13.5tỷ view sông trực diện , LH : 0902 365 *** Hà","13,5 triệu",84 m²,2,2,"Quận 2, Hồ Chí Minh","Thảo Điền Green, Đường Nguyễn Văn Hưởng, Phường Thảo Điền, Quận 2, Hồ Chí Minh",
"Bán biệt thự đơn lập 300m2 khu compound, hàng hiếm 14,6 tỷ giá thật tốt nhất trên thị trường","14,6 tỷ",300 m²,Không có thông tin,Không có thông tin,"Biên Hòa, Đồng Nai","Dự án Aqua City, Xã Long Hưng, Biên Hòa, Đồng Nai",
Giảm 1 tỷ - Bán gấp nhà 1/ Phạm Phú Thứ - Tân Bình,13 tỷ,"81,6 m²",4,Không có thông tin,"Tân Bình, Hồ Chí Minh","1/, Đường Phạm Phú Thứ, Phường 11, Tân Bình, Hồ Chí Minh",
"ĐTL - Rổ hàng biệt thự 8x20m giá 9,5 tỷ - 10x20m giá 16 tỷ - 10x32 19.8 tỷ - 20x20 27tỷ. 0909 483 ***","9,5 tỷ",160 m²,Không có thông tin,Không có thông tin,"Quận 9, Hồ Chí Minh","Dự án Đông Tăng Long, Đường Nguyễn Duy Trinh, Phường Trường Thạnh, Quận 9, Hồ Chí Minh",
"Bán căn góc đẹp 3PN The Diamond Residence,tầng cao, 144m2, ký trực tiếp CĐT, HTLS 0%, 14.8 tỷ","14,8 tỷ",144 m²,3,3,"Thanh Xuân, Hà Nội","The Diamond Residence, 25, Đường Lê Văn Lương, Phường Nhân Chính, Thanh Xuân, Hà Nội",
Chính chủ bán căn hộ FPT Plaza 3 - Đà Nẵng - Giá hợp lý,"1,7 tỷ",48 m²,2,2,"Ngũ Hành Sơn, Đà Nẵng","Dự án FPT Plaza 3, Đường Hoàng Minh Thắng, Phường Hòa Hải, Ngũ Hành Sơn, Đà Nẵng",
"Bán gấp tháng 3 nhà 7 tầng trung tâm Hoàng Mai, đang khai thác 22 phòng CCMN dòng tiền 1,5 tỷ/năm",25 tỷ,100 m²,22,22,"Hoàng Mai, Hà Nội","Đường Trương Định, Phường Tân Mai, Hoàng Mai, Hà Nội",
"Chính chủ bán nhanh nhà Lê Hồng Phong, Phường 8, Vũng Tàu diện tích 383m2 đất đô thị chỉ 65 tỷ",65 tỷ,383 m²,Không có thông tin,Không có thông tin,"Vũng Tàu, Bà Rịa Vũng Tàu","Đường Lê Hồng Phong, Phường 8, Vũng Tàu, Bà Rịa Vũng Tàu",
"Đất nền Tân Mỹ, TP Bắc Giang chỉ từ 2,4 tỷ","2,4 tỷ",75 m²,Không có thông tin,Không có thông tin,"Bắc Giang, Bắc Giang","Xã Tân Mỹ, Bắc Giang, Bắc Giang",
Tôi chính chủ cần bán căn chung cư Eco Lake View 2pn - 2wc - diện tích 82m - chỉ 4.7 tỷ,"4,7 tỷ",82 m²,2,2,"Hoàng Mai, Hà Nội","Eco Lake View, Đại Từ, Đại Kim, Hoàng Mai, Hà Nội",
"Tổng hợp những căn hộ ""kẹt tiền - bán lỗ"" ở Saigon Royal, officetel và 1 - 2 - 3 PN, LH: 0941 190 ***","5,8 tỷ",84 m²,2,1,"Quận 4, Hồ Chí Minh","Saigon Royal Residence, Số 35, Đường Bến Vân Đồn, Phường 12, Quận 4, Hồ Chí Minh",
"Bán gấp: Studio tòa I2 - 32m2, 1.5 tỷ Imperia Smart City - chính chủ bán cắt lỗ 300tr so với TT","1,5 tỷ",32 m²,1,Không có thông tin,"Nam Từ Liêm, Hà Nội","Dự án Imperia Smart City, Đường Đại lộ Thăng Long, Phường Tây Mỗ, Nam Từ Liêm, Hà Nội",
"Bán căn hộ 2PN, 2WC - 76m2 - tại The Sun Avenue, 5,65 tỷ, 0968 952 ***","5,65 tỷ",76 m²,2,2,"Quận 2, Hồ Chí Minh","The Sun Avenue, Đường Mai Chí Thọ, Phường An Phú, Quận 2, Hồ Chí Minh",
Bán lô 50m-65m-120m-150m2 khu đất dịch vụ 25ha Vân Canh gần công viên cách Mỹ Đình 3km giá đầu tư,Giá thỏa thuận,50 m²,Không có thông tin,Không có thông tin,"Hoài Đức, Hà Nội","Xã Vân Canh, Hoài Đức, Hà Nội",
"Bán đất gần biển Liên Chiểu | 190m2 (10x19m), đường 7m5 ngay Nguyễn Sinh Sắc","11,29 tỷ",190 m²,Không có thông tin,Không có thông tin,"Liên Chiểu, Đà Nẵng","Đường Phú Lộc 22, Phường Hòa Minh, Liên Chiểu, Đà Nẵng",
"Cam kết ảnh thật, giá chuẩn tốt nhất thị trường, căn hộ đẹp, nội thất đầy đủ đồ đẹp, có slot oto",Giá thỏa thuận,78 m²,2,2,"Bắc Từ Liêm, Hà Nội","Dự án Goldmark City, Đường Hồ Tùng Mậu, Phường Phú Diễn, Bắc Từ Liêm, Hà Nội",
"Bán đất gần biển Liên Chiểu | 190m2 (10x19m), đường 7m5 ngay Nguyễn Sinh Sắc","11,29 tỷ",190 m²,Không có thông tin,Không có thông tin,"Liên Chiểu, Đà Nẵng","Đường Phú Lộc 22, Phường Hòa Minh, Liên Chiểu, Đà Nẵng",
"Cam kết ảnh thật, giá chuẩn tốt nhất thị trường, căn hộ đẹp, nội thất đầy đủ đồ đẹp, có slot oto",Giá thỏa thuận,78 m²,2,2,"Bắc Từ Liêm, Hà Nội","Dự án Goldmark City, Đường Hồ Tùng Mậu, Phường Phú Diễn, Bắc Từ Liêm, Hà Nội",
Tổng đại lý phân phối hàng ngoại giao dự án Sapphire Gem Hải Phòng- Chiết khấu cao nhất thị trường!,"5,6 tỷ",110 m²,Không có thông tin,Không có thông tin,"Thủy Nguyên, Hải Phòng","Sapphire Gem Hải Phòng, Đường 9C, Phường Thủy Đường, Thủy Nguyên, Hải Phòng",
Bán lô đất nền xã Cẩm Hưng huyện Cẩm Xuyên tỉnh Hà Tĩnh,"1,2 tỷ",218 m²,Không có thông tin,Không có thông tin,"Cẩm Xuyên, Hà Tĩnh","Xã Cẩm Hưng, Cẩm Xuyên, Hà Tĩnh",
"Bán nhà đẹp ""tân cổ điển"" rộng 150m2 tại Liên Chiểu, Đà Nẵng","6,49 tỷ",150 m²,4,4,"Liên Chiểu, Đà Nẵng","Đường Khánh An 11, Phường Hòa Khánh Nam, Liên Chiểu, Đà Nẵng",
"Biệt thự song lập San Hô 125m2 cách biển hồ trung tâm 24,5ha chỉ với vài bước tản bộ",33 tỷ,125 m²,3,4,"Gia Lâm, Hà Nội","Dự án Vinhomes Ocean Park Gia Lâm, Xã Dương Xá, Gia Lâm, Hà Nội",
"Villa thu nhỏ bên Vịnh Đà Nẵng - ""Nét tinh tế đẳng cấp riêng biệt","12,8 tỷ",180 m²,4,5,"Liên Chiểu, Đà Nẵng","Đường Phú Xuân 4, Phường Hòa Minh, Liên Chiểu, Đà Nẵng",
"Căn hộ đẹp, yên tĩnh - Vinhomes Quận 9 - 4,2 tỷ, 81,5m2 3PN 2WC tiện ích nội khu bậc nhất Sài Gòn","4,2 tỷ","81,5 m²",3,2,"Quận 9, Hồ Chí Minh","Dự án Vinhomes Grand Park, Phường Long Thạnh Mỹ, Quận 9, Hồ Chí Minh",
Giỏ hàng độc quyền quỹ căn chủ nhà gửi bán tại KĐT The Phoenix Garden. Có xác nhận CĐT từ 200-600m2,30 tỷ,400 m²,Không có thông tin,Không có thông tin,"Đan Phượng, Hà Nội","Dự án The Phoenix Garden, Thị trấn Phùng, Đan Phượng, Hà Nội",
Duy nhất căn hộ 1PN tầng cao view trực diện sông thanh toán trước 350tr nhận nhà. LH 0942 878 *** Tú,"1,5 tỷ",46 m²,1,1,"Thủ Dầu Một, Bình Dương","Dự án The Maison, Đường Phan Bội Châu, Phường Phú Thọ, Thủ Dầu Một, Bình Dương",
"Quỹ căn ngoại giao siêu hiếm Sapphire Gem 110m2, 145m2, 154m2 giá chỉ hơn 5 tỷ, bao trọn thuế phí",Giá thỏa thuận,110 m²,5,5,"Thủy Nguyên, Hải Phòng","Dự án Sapphire Gem Hải Phòng, Phường Thủy Đường, Thủy Nguyên, Hải Phòng",
"Bán căn hộ Sunrise Riverside cập nhật giỏ hàng tháng căn 2PN: 3.9tỷ đến 4 tỷ căn 3PN giá 4,3 tỷ","3,9 tỷ",70 m²,2,2,"Nhà Bè, Hồ Chí Minh","Dự án Sunrise Riverside, Đường Nguyễn Hữu Thọ, Xã Phước Kiển, Nhà Bè, Hồ Chí Minh",
"Siêu phẩm! Nguyễn Khang, Cầu Giấy, phân lô, ô tô tránh, KD văn phòng, 10m ra phố, 80m2 x 7 tầng",32 tỷ,80 m²,Không có thông tin,Không có thông tin,"Cầu Giấy, Hà Nội","Đường Nguyễn Khang, Phường Trung Hòa, Cầu Giấy, Hà Nội",
"NHÀ HẺM Ô TÔ VÀO NHÀ, GẦN CHỢ, VỪA Ở VỪA KINH DOANH ONLINE - LÀM VĂN PHÒNG - DÒNG TIỀN 39m2","4,7 tỷ",39 m²,2,1,"Tân Bình, Hồ Chí Minh","Đường Trần Thái Tông, Phường 15, Tân Bình, Hồ Chí Minh",
"Bán căn hộ ngay trung tâm TP Nha Trang. Gần biển, trường học, chợ","4,2 tỷ",83 m²,2,2,"Nha Trang, Khánh Hòa","Happy Sky, 31, Đường Lê Quý Đôn, Phường Tân Tiến, Nha Trang, Khánh Hòa",
Chính chủ gửi bán nhanh CH 2PN 2WC mới đẹp The Botanica gần sân bay,"4,5 tỷ",69 m²,2,2,"Tân Bình, Hồ Chí Minh","The Botanica, 104, Đường Phổ Quang, Phường 2, Tân Bình, Hồ Chí Minh",
(GIÁ SỐC: 2 TỶ 880)Cần vốn đầu tư bán gấp căn 2 ngủ 54.8m2 tòa S202 Vin Smart City,"2,88 tỷ","54,8 m²",2,1,"Nam Từ Liêm, Hà Nội","Dự án The Sapphire-Vinhomes Smart City, Phường Tây Mỗ, Nam Từ Liêm, Hà Nội",
Tôi chính chủ cần bán căn chung cư 2PN - 2WC - thiết kế 74m2 - chỉ 4.65 tỷ,"4,65 tỷ",74 m²,2,2,"Hoàng Mai, Hà Nội","Dự án Sky Central, Đường Định Công, Phường Định Công, Hoàng Mai, Hà Nội",
"Tôi cần bán sớm 2PN1VS-57,1m2 TThuỷ-Sổ Đỏ-Tầng Trung -Hướng Nam- view công viên, Vinhomes GreenBay","4,4 tỷ","57,1 m²",2,1,"Nam Từ Liêm, Hà Nội","Vinhomes Green Bay Mễ Trì, Đại lộ Thăng Long, Mễ Trì, Nam Từ Liêm, Hà Nội",
"Bán lô góc 2 mặt tiền KĐT An Bình Tân đường T5 và T2 DT 160,7m2 ngang 8.6m giá 55tr/m2","8,84 tỷ","160,7 m²",Không có thông tin,Không có thông tin,"Nha Trang, Khánh Hòa","KĐT An Bình Tân, Phường Phước Long, Nha Trang, Khánh Hòa",
"Bán lô góc 2 mặt tiền KĐT An Bình Tân đường T5 và T2 DT 160,7m2 ngang 8.6m giá 55tr/m2","8,84 tỷ","160,7 m²",Không có thông tin,Không có thông tin,"Nha Trang, Khánh Hòa","KĐT An Bình Tân, Phường Phước Long, Nha Trang, Khánh Hòa",
"Duy nhất 1 căn nhà phố cuối cùng giá gốc chủ đầu tư, vốn ban đầu bỏ ra chỉ hơn 2 tỷ. LH 0963 207 ***","6,9 tỷ",100 m²,Không có thông tin,Không có thông tin,"Từ Sơn, Bắc Ninh","VSIP Bắc Ninh, Hữu Nghị, Phù Chẩn, Từ Sơn, Bắc Ninh",
"ĐI NƯỚC NGOÀI GẤP BÁN SHOPHOUSE FULL NỘI THẤT RẺ 16,5 TỶ.","16,5 tỷ",105 m²,4,3,"Lê Chân, Hải Phòng","Vinhomes Marina Cầu Rào 2, Vĩnh Niệm, Lê Chân, Hải Phòng",
"Bán nhà mặt phố Âu Cơ,Tây Hồ bên số lẻ trong đê 50.4 tỷ","50,4 tỷ",72 m²,5,5,"Tây Hồ, Hà Nội","Đường Âu Cơ, Phường Quảng An, Tây Hồ, Hà Nội",
Chính chủ bán lô đất dân mặt trục chính kinh doanh DT 85m2,Giá thỏa thuận,85 m²,Không có thông tin,Không có thông tin,"Thạch Thất, Hà Nội","Xã Bình Yên, Thạch Thất, Hà Nội",
"Bán căn hộ chung cư Sunview Town Thủ Đức 2PN 2WC đã có sổ hồng giá chỉ 1,9 tỷ giá thật không ảo","1,89 tỷ",58 m²,2,2,"Thủ Đức, Hồ Chí Minh","Dự án Sunview Town, Đường Gò Dưa, Phường Hiệp Bình Phước, Thủ Đức, Hồ Chí Minh.",
Chính chủ cần bán căn góc 3PN 2WC - 115m2 - chỉ 58tr/m2 - Sky Central 176 Định Công - LH 0981 736 ***,"6,75 tỷ",115 m²,3,2,"Hoàng Mai, Hà Nội","Sky Central, 176, Đường Định Công, Phường Định Công, Hoàng Mai, Hà Nội",
Chính chủ cần bán nhanh nền đất ngay KDC LONG HẬU Giá rẻ 2ty50 -2.1 ty . Liên hệ 0907 219 *** ms Việt,"2,05 tỷ",100 m²,Không có thông tin,Không có thông tin,"Cần Giuộc, Long An","Khu công nghiệp Long Hậu, Long Hậu, Cần Giuộc, Long An",
Bán gấp nhiều căn Altra Residence full nội thất view biển lỗ 700tr so với giá chủ đầu tư,"1,6 tỷ",65 m²,2,2,"Quy Nhơn, Bình Định","Altara Residences, 76, Đường Trần Hưng Đạo, Phường Hải Cảng, Quy Nhơn, Bình Định",
"Làm việc chính chủ! Bán tòa nhà 12,4x25m=296,4m2 hầm 7 tầng mặt tiền Đặng Văn Bi, HĐ thuê 240 triệu",75 tỷ,"296,4 m²",Không có thông tin,Không có thông tin,"Thủ Đức, Hồ Chí Minh","Đường Đặng Văn Bi, Phường Trường Thọ, Thủ Đức, Hồ Chí Minh",
Giỏ hàng căn hộ cao cấp Phú Tài Residence giá rẻ nhất 1PN - 3PN. Liên hệ PKD dự án: 0906 147 ***,"1,75 tỷ",72 m²,2,2,"Quy Nhơn, Bình Định","Dự án Phú Tài Residence, Đường Lê Đức Thọ, Phường Hải Cảng, Quy Nhơn, Bình Định",
"Bán đất diện tích 10.829,7m2 huyện Long Thành",280 tỷ,"10.829,7 m²",Không có thông tin,Không có thông tin,"Long Thành, Đồng Nai","Đường Quốc Lộ 51, Thị trấn Long Thành, Long Thành, Đồng Nai",
Bán đất nền mặt tiền Lê Hồng Phong dự án HUD sổ hồng riêng cập nhật giá chính xác tháng 3 / 2025,Giá thỏa thuận,100 m²,Không có thông tin,Không có thông tin,"Nhơn Trạch, Đồng Nai","Khu đô thị mới Long Thọ, Đường Lê Hồng Phong, Xã Phước An, Nhơn Trạch, Đồng Nai",
"Bán xưởng DT đất 10 ha, có SKC, DT XD 35.000m2, 358 tỷ, Tân Uyên, Bình Dương. Mặt tiền đường ĐT",358 tỷ,99.000 m²,Không có thông tin,Không có thông tin,"Tân Uyên, Bình Dương","Phường Tân Hiệp, Tân Uyên, Bình Dương",
"10 căn ngoại giao 1pn, 2pn, 3pn căn hộ Kepler Mỗ Lao, hà đông. Sở hữu lâu dài, htls 0% 12 tháng",Giá thỏa thuận,82 m²,2,2,"Hà Đông, Hà Nội","Dự án Tháp đôi Kepler Land, Phường Mỗ Lao, Hà Đông, Hà Nội",
"Bán gấp 232m2 đất, sổ riêng, thuộc Ấp Chánh, Tân Thông Hội, Củ Chi, giá 700 triệu",700 triệu,232 m²,Không có thông tin,Không có thông tin,"Củ Chi, Hồ Chí Minh","Đường Số 12, Xã Tân Thông Hội, Củ Chi, Hồ Chí Minh",
"Gợi ý những căn đẹp view sông trực diện giá tốt Thảo Điền Green, ck 9%, trả chậm 2 năm","10,55 tỷ",84 m²,2,Không có thông tin,"Quận 2, Hồ Chí Minh","Thảo Điền Green, Nguyễn Văn Hưởng, Thảo Điền, Quận 2, Hồ Chí Minh",
"CHUYÊN BÁN ĐẤT NỀN NHÀ PHỐ BIỆT THỰ - LIÊN KẾ PHÚ MỸ HƯNG| DT 6x18m, 8x18m, 11x18m, 14x18m | 30TY.",30 tỷ,108 m²,Không có thông tin,Không có thông tin,"Quận 7, Hồ Chí Minh","Khu phố Nam Thông I, Tân Phú, Quận 7, Hồ Chí Minh",
"Độc quyền căn Thời Đại 75m2 cuối cùng, gần chung cư dự án OCP3 giá 10,3 tỷ","10,3 tỷ",75 m²,Không có thông tin,Không có thông tin,"Văn Giang, Hưng Yên","Dự án The Crown - Vinhomes Ocean Park 3, Xã Nghĩa Trụ, Văn Giang, Hưng Yên",
"Bán gấp 2 lô đất sẵn sổ trong KĐT đối diện sân golf Việt Trì, cạnh bệnh viện đang xây",2 tỷ,90 m²,Không có thông tin,Không có thông tin,"Việt Trì, Phú Thọ","Dự án Việt Trì Spring City, Đường Trường Chinh, Phường Vân Phú, Việt Trì, Phú Thọ",
"Bán gấp 2 lô đất sẵn sổ trong KĐT đối diện sân golf Việt Trì, cạnh bệnh viện đang xây",2 tỷ,90 m²,Không có thông tin,Không có thông tin,"Việt Trì, Phú Thọ","Dự án Việt Trì Spring City, Đường Trường Chinh, Phường Vân Phú, Việt Trì, Phú Thọ",
"Bán đất đường Duyên Hải, 15 tỷ VND, 1099m2 tại Cần Giờ, Hồ Chí Minh",15 tỷ,1.099 m²,Không có thông tin,Không có thông tin,"Cần Giờ, Hồ Chí Minh","Đường Duyên Hải, Xã Long Hòa, Cần Giờ, Hồ Chí Minh",
"Chuyển nhà về Đà Lạt, Bán 1 căn 51m2, 1PN + 1, giá rẻ 2,8 tỷ bao hết, sổ hồng, mới 100% 0909 719 ***","2,8 tỷ",51 m²,1,Không có thông tin,"Bình Tân, Hồ Chí Minh","The Privia, Đường An Dương Vương, Phường An Lạc, Bình Tân, Hồ Chí Minh",
"Bán đất mặt tiền đường Lương Văn Nho - vị trí đẹp, 1590m2, 26,5 triệu/m2","26,24 tỷ",1.590 m²,Không có thông tin,Không có thông tin,"Cần Giờ, Hồ Chí Minh","Đường Lương Văn Nho, Thị trấn Cần Thạnh, Cần Giờ, Hồ Chí Minh",
"Chuyên bán căn hộ Florita, Q7 - Officetel - 2PN - 3PN","3,8 tỷ",69 m²,2,2,"Quận 7, Hồ Chí Minh","Dự án Căn hộ Florita, Phường Tân Hưng, Quận 7, Hồ Chí Minh",
"Cần tiền bán gấp nhà khu Giồng Ao, Cần Thạnh, Cần Giờ, 6x50m, khuôn viên 105m2, giá 3,5 tỷ","5,5 tỷ",280 m²,Không có thông tin,Không có thông tin,"Cần Giờ, Hồ Chí Minh","Đường Giồng Ao, Thị trấn Cần Thạnh, Cần Giờ, Hồ Chí Minh",
"Bán nhà mặt tiền kinh doanh Tân Vĩnh Hiệp, 155m2, Giá thanh lý nhẹ 3.5 tỷ, LH 0978 076 ***","3,5 tỷ",155 m²,Không có thông tin,Không có thông tin,"Tân Uyên, Bình Dương","Đường DX 07, Xã Tân Vĩnh Hiệp, Tân Uyên, Bình Dương",
"Bán đất sổ đỏ 100m thổ cư, gần ủy ban , giá cực rẻ 520tr . LH 0978 076 ***",520 triệu,175 m²,Không có thông tin,Không có thông tin,"Phú Giáo, Bình Dương","Xã Tân Hiệp, Phú Giáo, Bình Dương",
"Chính chủ bán đất 1080m2, đang kinh doanh hồ bơi, thu nhập 150tr/tháng. LH 0978 076 ***",13 tỷ,1.080 m²,Không có thông tin,Không có thông tin,"Tân Uyên, Bình Dương","Xã Tân Vĩnh Hiệp, Tân Uyên, Bình Dương",
Chuyển nhượng bán đất Huy Hoàng hai mặt tiền trước sau giá tốt đầu tư gấp lh 0934 747 ***,"43,38 tỷ","155,5 m²",Không có thông tin,Không có thông tin,"Quận 2, Hồ Chí Minh","Dự án Huy Hoàng, Đường Số 63 - TML, Phường Thạnh Mỹ Lợi, Quận 2, Hồ Chí Minh",
"Căn hộ 3 mặt view sông, cách Thủ Đức 5p đi xe.","2,6 tỷ",73 m²,2,2,"Thủ Đức, Hồ Chí Minh","Sunview Town, Gò Dưa, Hiệp Bình Phước, Thủ Đức, Hồ Chí Minh",
PHÂN LÔ LIỀN KỀ ROYAL CITY - Ô TÔ TRÁNH- NGUYỄN TRÃI - AN NINH 24/7 - 100M2 - MẶT TIỀN 6M- 36 TỶ,36 tỷ,1.000 m²,Không có thông tin,Không có thông tin,"Thanh Xuân, Hà Nội","Phường Nhân Chính, Thanh Xuân, Hà Nội",
"Cắt lỗ 300tr, chính chủ cần bán 2PN 55m2 full đồ, sẵn sổ, tầng trung tòa S1 Smart City chỉ 2.98 tỷ","2,98 tỷ",55 m²,2,1,"Nam Từ Liêm, Hà Nội","Dự án The Sapphire-Vinhomes Smart City, Phường Tây Mỗ, Nam Từ Liêm, Hà Nội",
Bán nhà mặt tiền 7m căn góc vị trí đẹp tại dự án Kiến Hưng Luxury - Hà Đông,"16,5 tỷ",70 m²,Không có thông tin,Không có thông tin,"Hà Đông, Hà Nội","Dự án Kiến Hưng Luxury, Đường Phúc La, Phường Kiến Hưng, Hà Đông, Hà Nội",
"Bán đất tại Thạch Quảng, Thạch Thành, Thanh Hóa, 2XX triệu, 150m2 đẹp, nhiều tiện ích",280 triệu,150 m²,Không có thông tin,Không có thông tin,"Thạch Thành, Thanh Hóa","Xã Thạch Quảng, Thạch Thành, Thanh Hóa",
"Tôi cần bán nhanh căn mặt tiền 7m đã hoàn thiện đẹp Kiến Hưng Luxury, 17.5 tỷ","17,5 tỷ",75 m²,5,Không có thông tin,"Hà Đông, Hà Nội","Dự án Kiến Hưng Luxury, Đường Phúc La, Phường Kiến Hưng, Hà Đông, Hà Nội",
"Giảm 18 tỷ! Bán mặt phố Nguyễn Văn Lộc, vị trí siu đẹp, kinh doanh bậc nhất quận Hà Đông","106,4 tỷ",216 m²,Không có thông tin,Không có thông tin,"Hà Đông, Hà Nội","Đường Nguyễn Văn Lộc, Phường Mỗ Lao, Hà Đông, Hà Nội",
Đất rẻ và đẹp nhất khu vực Nhơn Trạch giá chỉ từ 900tr/ lô full thổ cư. Cơ hội cuối cho nhà đầu tư,930 triệu,105 m²,Không có thông tin,Không có thông tin,"Nhơn Trạch, Đồng Nai","Dự án Mega City 2, Đường 25C, Xã Phú Hội, Nhơn Trạch, Đồng Nai",
Dự án HUD Nhơn Trạch Đường 20m cần bán lô đất nền nhà vườn 300m2 sổ hồng riêng đường thông thoáng,"3,45 tỷ",300 m²,Không có thông tin,Không có thông tin,"Nhơn Trạch, Đồng Nai","Dự án Khu đô thị mới Long Thọ, Đường N10, Xã Phước An, Nhơn Trạch, Đồng Nai",
"Giỏ hàng chủ đầu tư 20 căn hộ King Crown cao cấp, giá tốt giai đoạn 1, 56m2, từ 5tỷ, LH 0903 353 ***","5,3 tỷ",56 m²,3,2,"Thủ Đức, Hồ Chí Minh","Dự án King Crown Infinity, Đường Võ Văn Ngân, Phường Bình Thọ, Thủ Đức, Hồ Chí Minh",
"Giỏ hàng chủ đầu tư 20 căn hộ King Crown cao cấp, giá tốt giai đoạn 1, 56m2, từ 5tỷ, LH 0903 353 ***","5,3 tỷ",56 m²,3,2,"Thủ Đức, Hồ Chí Minh","Dự án King Crown Infinity, Đường Võ Văn Ngân, Phường Bình Thọ, Thủ Đức, Hồ Chí Minh",
"Bề ngang 15m khan hiếm trung tâm Quận 3, ngay Võ Văn Tần Cao Thắng giá 199 tỷ",199 tỷ,320 m²,Không có thông tin,Không có thông tin,"Quận 3, Hồ Chí Minh","Đường Nguyễn Đình Chiểu, Phường 5, Quận 3, Hồ Chí Minh",
Đăng ký xem căn hộ The Glory thực tế và tư vấn từ Sale CĐT Becamex Tokyu,"2,3 tỷ",48 m²,1,1,"Thủ Dầu Một, Bình Dương","Dự án Midori Park The Glory, Phường Hòa Phú, Thủ Dầu Một, Bình Dương",
"Bán đất Mỹ Lương, Chương Mỹ - Hà Nội lô góc 2 mặt tiền 0929 656 ***",Giá thỏa thuận,182 m²,Không có thông tin,Không có thông tin,"Chương Mỹ, Hà Nội","Xã Mỹ Lương, Chương Mỹ, Hà Nội",
"Bán đất tại Đường 309, Tam Dương, Vĩnh Phúc, 720 triệu, 88.9 m2, giá siêu hời",720 triệu,"88,9 m²",Không có thông tin,Không có thông tin,"Tam Dương, Vĩnh Phúc","Đường 309, Xã Hướng Đạo, Tam Dương, Vĩnh Phúc",
PKD chủ đầu tư cập nhật giỏ hàng hơn 38 nền đất giá tốt nhất Centana Điền Phúc Thành giá từ 44tr/m2,"4,4 tỷ","92,6 m²",Không có thông tin,Không có thông tin,"Quận 9, Hồ Chí Minh","Dự án Centana City Điền Phúc Thành, Đường Trường Lưu, Phường Long Trường, Quận 9, Hồ Chí Minh",
"Bán nhà Ngọc Trục, Đại Mỗ, Nam Từ Liêm 38 m2x5T. Ngõ oto giá 6.8 tỷ","6,8 tỷ",38 m²,4,5,"Nam Từ Liêm, Hà Nội","Đường Ngọc Trục, Phường Đại Mỗ, Nam Từ Liêm, Hà Nội",
"350tr sở hữu căn hộ The Emerald 68 2PN2WC, mặt tiền QL13 cách quận 1 chỉ 11.5km","3,5 tỷ",73 m²,2,2,"Thuận An, Bình Dương","Dự án The Emerald 68, Đường Vĩnh Phú 16, Phường Vĩnh Phú, Thuận An, Bình Dương",
"Siêu hiếm! Nhà ngang 7.6m gần công viên Lê Văn Tám Đ. Huỳnh Khương Ninh - Giá chỉ 13,8 tỷ","13,8 tỷ","84,36 m²",2,Không có thông tin,"Quận 1, Hồ Chí Minh","Đường Huỳnh Khương Ninh, Phường Đa Kao, Quận 1, Hồ Chí Minh",
Căn hộ chung cư cao cấp ngay trung tâm Quận Hải Châu Đà Nẵng,4 tỷ,76 m²,2,2,"Hải Châu, Đà Nẵng","Dự án Vista Residence Da Nang, Đường Xô Viết Nghệ Tĩnh, Phường Hòa Cường Nam, Hải Châu, Đà Nẵng",
"Đẳng cấp! Tòa văn phòng lô góc, phố vip Thái Hà, cách phố 10m, 95m2 x 7 tầng thang máy, giá 38 tỷ",38 tỷ,95 m²,Không có thông tin,Không có thông tin,"Đống Đa, Hà Nội","Phố Thái Hà, Phường Trung Liệt, Đống Đa, Hà Nội",
PKD: Tổng hợp quỹ căn mới nhất biệt thự - liền kề - shophouse. Vị trí đẹp - Giá tốt nhất thị trường,Giá thỏa thuận,99 m²,7,6,"Hoàng Mai, Hà Nội","Dự án The Manor Central Park, Đường Nghiêm Xuân Yêm, Phường Đại Kim, Hoàng Mai, Hà Nội",
"Đầu tư không lo rủi ro, bỏ ra 800tr lợi nhuận 24%/2 năm, dòng tiền đều hàng tháng, HTLS 18, có sổ","1,4 tỷ",72 m²,2,2,"Thái Nguyên, Thái Nguyên","Dự án Tecco Elite City, Đường Quang Trung, Phường Thịnh Đán, Thái Nguyên, Thái Nguyên",
"Chính chủ bán nhà Mặt tiền Quốc Lộ 13, Phường 26, Quận Bình Thạnh",24 tỷ,"133,9 m²",Không có thông tin,Không có thông tin,"Bình Thạnh, Hồ Chí Minh","Số 223 Đường Quốc Lộ 13, Phường 26, Bình Thạnh, Hồ Chí Minh",
"Vip! Bán căn hộ The Grand Hà Nội, 152 m2, tầng đẹp, sang trọng đẳng cấp nhất Hà Nội. Chỉ 102 tỷ!",102 tỷ,152 m²,5,5,"Hoàn Kiếm, Hà Nội","The Grand Hà Nội, Hai Bà Trưng, Hàng Bài, Hoàn Kiếm, Hà Nội",
"Bán nhà riêng 4,5 tỷ, 152m2, Mạc Cửu, Dương Đông, Phú Quốc, Kiên Giang, chính chủ chỉ với","4,5 tỷ",152 m²,4,2,"Phú Quốc, Kiên Giang","Đường Mạc Cửu, Phường Dương Đông, Phú Quốc, Kiên Giang",
Chỉ 5 lô đất nền giá tốt nhất tại KĐT Đông Tăng Long giá đầu tư 61tr/m2 DT 100m2 LH:0938 256 ***,"6,1 tỷ",100 m²,Không có thông tin,Không có thông tin,"Quận 9, Hồ Chí Minh","Dự án Đông Tăng Long, Đường Số 16, Phường Trường Thạnh, Quận 9, Hồ Chí Minh",
"Tin thật 100% - cập nhật list căn hộ mới T3/2025 giá tốt nhất Vista Verde, 1 - 4PN - Duplex - Pent","4,3 tỷ",62 m²,3,3,"Quận 2, Hồ Chí Minh","Dự án Vista Verde, Đường Phan Văn Đáng, Phường Thạnh Mỹ Lợi, Quận 2, Hồ Chí Minh",
"Bán siêu phẩm 4PN Vinhomes Central Park, full nội thất decor sang chảnh, view trực diện sông","20,5 tỷ",154 m²,4,3,"Bình Thạnh, Hồ Chí Minh","Vinhomes Central Park, Điện Biên Phủ, 22, Bình Thạnh, Hồ Chí Minh",
"Bán gấp CHCC Flemington, Quân 11, DT 97m2, 3PN/2WC, giá 5.8 tỷ có sổ hồng LH 0941 943 *** em Thảo","5,8 tỷ",97 m²,3,2,"Quận 11, Hồ Chí Minh","Dự án The Flemington, Đường Lê Đại Hành, Phường 15, Quận 11, Hồ Chí Minh",
"Qũy căn hộ cao cấp Phú Tài Residence, 1,77 - 1,95 tỷ/Căn 2PN, 2WC view biển. Full nội thất - Sỗ sẵn","1,77 tỷ",65 m²,2,2,"Quy Nhơn, Bình Định","Dự án Phú Tài Residence, Đường Lê Đức Thọ, Phường Hải Cảng, Quy Nhơn, Bình Định",
"Bán gấp 2 PN The Manor, Q. Bình Thạnh, căn góc, view thoáng mát, full nội thất","5,15 tỷ",80 m²,2,Không có thông tin,"Bình Thạnh, Hồ Chí Minh","The Manor HCM, 91, Đường Nguyễn Hữu Cảnh, Phường 22, Bình Thạnh, Hồ Chí Minh",
"Hạ giá bán rất gấp căn hộ 1 PN Vinhomes Central Park, sở hữu vĩnh viễn, nội thất cao cấp","5,5 tỷ",54 m²,1,1,"Bình Thạnh, Hồ Chí Minh","Dự án Vinhomes Central Park, Đường Điện Biên Phủ, Phường 22, Bình Thạnh, Hồ Chí Minh",
"Chính chủ cần bán gấp CHCC Tân Việt - giá 3,1 tỷ","3,1 tỷ",88 m²,2,2,"Hoài Đức, Hà Nội","Dự án Tân Việt Tower, Đường Quốc lộ 32, Xã Đức Thượng, Hoài Đức, Hà Nội",
Bán gấp đi công tác nước ngoài,"2,4 tỷ",46 m²,2,1,"Lê Chân, Hải Phòng","Dự án The Minato Residence, Phường Vĩnh Niệm, Lê Chân, Hải Phòng",
Chính chủ bán 2 căn hộ Fhome giá tốt,"4,1 tỷ","103,5 m²",2,2,"Hải Châu, Đà Nẵng","Khu căn hộ F.Home, Lý Thường Kiệt, Thạch Thang, Hải Châu, Đà Nẵng",
BÁN TÒA NHÀ VP PHÂN LÔ-Ô TÔ TRÁNH-VỈA HÈ VIP-CẦU GIẤY-100m2x8T-THANG MÁY-GARA OTO-KINH DOANH-4X TỶ,"48,5 tỷ",100 m²,6,6,"Cầu Giấy, Hà Nội","Đường Nguyễn Thị Định, Phường Trung Hòa, Cầu Giấy, Hà Nội",
Hơn 13 tỷ/căn song lập Vin Vũ Yên 193m2,"13,9 tỷ",193 m²,Không có thông tin,Không có thông tin,"Thủy Nguyên, Hải Phòng","Dự án Vinhomes Royal Island, Phường Thủy Hà, Thủy Nguyên, Hải Phòng",
"Bán nhà mặt tiền Khuông Việt, P. Phú Trung, Q. Tân Phú 20 tỷ, tặng hợp đồng thuê 35tr/tháng",20 tỷ,"152,5 m²",Không có thông tin,Không có thông tin,"Tân Phú, Hồ Chí Minh","Đường Khuông Việt, Phường Phú Trung, Tân Phú, Hồ Chí Minh",
Căn biệt thự cuối cùng - Khu biệt thự đảo ngọc Regal Victoria - Giá chỉ 36.52 triệu/m2 siêu hot,"12,6 tỷ",345 m²,3,3,"Điện Bàn, Quảng Nam","Regal Victoria, Đường Trường Sa, Phường Điện Ngọc, Điện Bàn, Quảng Nam",
Bán lô đất DT 169m2 có 50m2 thổ cư,"1,77 tỷ",169 m²,Không có thông tin,Không có thông tin,"Lương Sơn, Hòa Bình","Đường Đồng Chanh, Xã Nhuận Trạch, Lương Sơn, Hòa Bình",
Bán nhà mặt phố Hàng Hành Bảo Khánh sổ đỏ 110m2 xây mới 1 hầm 8 nổi mặt tiền 8m (Cách hồ 20m),Giá thỏa thuận,110 m²,Không có thông tin,Không có thông tin,"Hoàn Kiếm, Hà Nội","Đường Hàng Hành, Phường Hàng Trống, Hoàn Kiếm, Hà Nội",
Cần bán nhà Trần Tử Bình hàng hiếm nhà mặt phố kinh doanh đa rạng sầm uất,25 tỷ,48 m²,Không có thông tin,Không có thông tin,"Cầu Giấy, Hà Nội","Phố Trần Tử Bình, Phường Dịch Vọng, Cầu Giấy, Hà Nội",
"Bán căn hộ tòa N03T3 tầng cao, diện tích 110.6m2, giá bán tốt, LH: 0984 080 ***",Giá thỏa thuận,"110,6 m²",3,2,"Bắc Từ Liêm, Hà Nội","Dự án N03-T3&T4 Ngoại Giao Đoàn, Phường Xuân Đỉnh, Bắc Từ Liêm, Hà Nội",
"Bán đất mặt đường kinh doanh 290m có 70m thổ cư đẹp xã Hữu Văn, Chương Mỹ","3,19 tỷ",290 m²,Không có thông tin,Không có thông tin,"Chương Mỹ, Hà Nội","Xã Hữu Văn, Chương Mỹ, Hà Nội",
"Bán đất tại Xã Trừ Văn Thố, Bàu Bàng, Bình Dương chỉ với 830 triệu, 279m2",830 triệu,279 m²,Không có thông tin,Không có thông tin,"Bàu Bàng, Bình Dương","Xã Trừ Văn Thố, Bàu Bàng, Bình Dương",
"Chính chủ bán 100m2 đất TĐC xã Bình Yên, tHạch Thất, Hà Nội","3,7 tỷ",100 m²,Không có thông tin,Không có thông tin,"Thạch Thất, Hà Nội","Đường 420, Xã Bình Yên, Thạch Thất, Hà Nội",
"Bán đất tặng nhà mặt phố 575m2 8x72m 100m2 thổ cư, giá tốt 1,25tỷ đường 02 số Thạnh Tân, Tây Ninh","1,25 tỷ",575 m²,2,1,"Tây Ninh, Tây Ninh","Đường 22B, Xã Thạnh Tân, Tây Ninh, Tây Ninh",
"Bán nhà MT Ngô Quyền, Phú Quốc thấp nhất thị trường","9,9 tỷ","300,8 m²",7,7,"Phú Quốc, Kiên Giang","Đường Ngô Quyền, Phường Dương Đông, Phú Quốc, Kiên Giang",
"Bán đất nền xã Long Thới, huyện Nhà Bè","3,75 tỷ",98 m²,Không có thông tin,Không có thông tin,"Nhà Bè, Hồ Chí Minh","Đường Nguyễn Văn Tạo, Xã Long Thới, Nhà Bè, Hồ Chí Minh",
Bán gấp căn hộ Penthouse The View Quận 7. Lầu 36,26 tỷ,"304,1 m²",4,3,"Quận 7, Hồ Chí Minh","Dự án The View Riviera Point, Đường Huỳnh Tấn Phát, Phường Tân Phú, Quận 7, Hồ Chí Minh",
"Giỏ hàng bán One Verandah Duplex, P Thạnh Mỹ Lợi Quận 2 (Đảo Kim Cương) tháng 03.2025",13 tỷ,157 m²,3,3,"Quận 2, Hồ Chí Minh","One Verandah Mapletree, Bát Nàn, Thạnh Mỹ Lợi, Quận 2, Hồ Chí Minh",
"Bán đất nền xã Nhơn Đức, huyện Nhà Bè","3,95 tỷ",125 m²,Không có thông tin,Không có thông tin,"Nhà Bè, Hồ Chí Minh","Đường Lê Thị Tám, Xã Nhơn Đức, Nhà Bè, Hồ Chí Minh",
"Rất gấp: Chính chủ bán 3PN - 2VS, 4 tỷ 650, view hồ tòa I2 Imperia, (chỉ bán trong tuần)","4,65 tỷ","75,4 m²",3,2,"Nam Từ Liêm, Hà Nội","Dự án Imperia Smart City, Đường Đại lộ Thăng Long, Phường Tây Mỗ, Nam Từ Liêm, Hà Nội",
"Bán suất nội bộ CĐT Western Capital Quận 6, căn 66m2, 2pn giá chỉ 2.82 tỷ.LH: 0936 266 *** Ms Xinh","2,82 tỷ",66 m²,2,2,"Quận 6, Hồ Chí Minh","The Western Capital, 116, Đường Lý Chiêu Hoàng, Phường 10, Quận 6, Hồ Chí Minh",
Tôi chính chủ bán 2 căn căn 1PN + 46.8m2 - 2tỷ 850 và studio 33m2 - 1 tỷ 980 tỷ Masteri Smart City,"2,85 tỷ","46,8 m²",1,1,"Nam Từ Liêm, Hà Nội","Dự án Masteri West Heights, Phường Tây Mỗ, Nam Từ Liêm, Hà Nội",
"Chính chủ kẹt tiền cần bán 2PN - 78m2 Kingdom 101, giá 5.7 tỷ, đã có sổ hồng, LH 0933 752 ***","5,7 tỷ",78 m²,2,2,"Quận 10, Hồ Chí Minh","Dự án Kingdom 101, Đường Tô Hiến Thành, Phường 14, Quận 10, Hồ Chí Minh",
"Bán gấp bán căn 3PN tòa 17T2 Hapulico Complex, full nội thất, tầng cao view thoáng hướng Đông Nam","7,2 tỷ",103 m²,3,2,"Thanh Xuân, Hà Nội","Hapulico Complex, 83, Đường Vũ Trọng Phụng, Phường Thanh Xuân Trung, Thanh Xuân, Hà Nội",
"Bán lô góc 2 mặt tiền - khu biệt thự biển Vĩnh Hòa, bến du thuyền Nha Trang - giá 48tr/m2","15,82 tỷ","329,5 m²",Không có thông tin,Không có thông tin,"Nha Trang, Khánh Hòa","Đường Huỳnh Văn Nghệ, Phường Vĩnh Hòa, Nha Trang, Khánh Hòa",
"Bán nhà 3 tầng đường Hoàng Thúc Trâm, gần Tiểu La, Hải Châu. Giá 7.9 tỷ","7,9 tỷ",90 m²,4,3,"Hải Châu, Đà Nẵng","Đường Hoàng Thúc Trâm, Phường Hòa Cường Bắc, Hải Châu, Đà Nẵng",
"Bán Quỹ căn ngoại giao Shophouse Hoàng Thành Pearl Cầu Diễn, Nam Từ Liêm. LH 0983 786 ***","41,65 tỷ",98 m²,6,6,"Nam Từ Liêm, Hà Nội","Dự án Hoàng Thành Pearl, Đường Nguyễn Văn Giáp, Phường Cầu Diễn, Nam Từ Liêm, Hà Nội.",
"Bán song lập Manhattan: 160m2. Hoàn thiện full nội thất mới tinh, thang máy. Giá chỉ: 21.2tỷ","21,2 tỷ",160 m²,Không có thông tin,Không có thông tin,"Hồng Bàng, Hải Phòng","Dự án Vinhomes Imperia Hải Phòng, Phường Thượng Lý, Hồng Bàng, Hải Phòng",
"Bán nhà mặt tiền XVNT, ngã tư Hàng Xanh - MT kinh doanh, CHDV, văn phòng","14,7 tỷ",77 m²,Không có thông tin,Không có thông tin,"Bình Thạnh, Hồ Chí Minh","Đường Xô Viết Nghệ Tĩnh, Phường 25, Bình Thạnh, Hồ Chí Minh",
"Bán nhà Liền Kề Đường Tố Hữu, P Trung Văn, Nam Từ Liêm, Hà Nội, giá thỏa thuận, 105.2m2",Giá thỏa thuận,"105,2 m²",4,4,"Nam Từ Liêm, Hà Nội","Dự án KĐT Trung Văn - Hancic, Đường Tố Hữu, Phường Trung Văn, Nam Từ Liêm, Hà Nội",
Chỉ 3.x tỷ có ngay nhà 4 tầng Yên Nghĩa Hà Đông Hà Nội LH: 0929 656 ***,Giá thỏa thuận,36 m²,4,3,"Hà Đông, Hà Nội","Phường Yên Nghĩa, Hà Đông, Hà Nội",
"Hẻm nhựa vip 8m Trần Hưng Đạo, P. Nguyễn Cư Trinh, Quận 1. (6 X 18 m) 5 lầu mới 28 tỷ",28 tỷ,108 m²,Không có thông tin,Không có thông tin,"Quận 1, Hồ Chí Minh","Đường Trần Hưng Đạo, Phường Nguyễn Cư Trinh, Quận 1, Hồ Chí Minh",
"Chính chủ cần bán nhà cấp 4, thổ cư 100m2, KDC ấp 3, đường số 4, Long Định, Cần Đước, Long An","1,4 tỷ",100 m²,Không có thông tin,Không có thông tin,"Cần Đước, Long An","Đường Số 4, Xã Long Định, Cần Đước, Long An",
"Bán Penthouse Sky Forest Ecopark, 320m2 nguyên bản giá 16 tỷ | LH: 0909 769 ***",16 tỷ,320 m²,Không có thông tin,Không có thông tin,"Văn Giang, Hưng Yên","Dự án Ecopark, Đường Trúc, Xã Xuân Quan, Văn Giang, Hưng Yên",
Giảm giá - Chính Chủ bán 02 nền đất thổ cư Đường xe ôto tiện kinh doanh gần Aeon Bình Tân TPHCM,"2,77 tỷ",52 m²,Không có thông tin,Không có thông tin,"Bình Tân, Hồ Chí Minh","Đường Số 1, Phường Tân Tạo, Bình Tân, Hồ Chí Minh",
2 căn 118m2 suất nội bộ giá cực tốt. Liên hệ em Thọ ngay 0866 128 *** để check căn giá tốt!,"11,21 tỷ",118 m²,3,3,"Thanh Xuân, Hà Nội","Viha Complex, 107, Đường Nguyễn Tuân, Phường Thanh Xuân Trung, Thanh Xuân, Hà Nội",
2 căn 118m2 suất nội bộ giá cực tốt. Liên hệ em Thọ ngay 0866 128 *** để check căn giá tốt!,"11,21 tỷ",118 m²,3,3,"Thanh Xuân, Hà Nội","Viha Complex, 107, Đường Nguyễn Tuân, Phường Thanh Xuân Trung, Thanh Xuân, Hà Nội",
Siêu Phẩm Nghĩa Đô Cầu Giấy. Phân Lô Ô Tô. 50m2 x 6 Tầng Thang Máy Giá Chào chỉ 11 tỷ hơn xíu,11 tỷ,50 m²,Không có thông tin,Không có thông tin,"Cầu Giấy, Hà Nội","Đường Võ Chí Công, Phường Nghĩa Đô, Cầu Giấy, Hà Nội",
Đất nền đầu tư từ 80m2-130m2 khu dân cư Bình Chánh - Trần Văn Giàu 13tr - 18tr/m2 - SHR thổ cư full,"1,45 tỷ",80 m²,Không có thông tin,Không có thông tin,"Bình Chánh, Hồ Chí Minh","Đường Trần Văn Giàu, Xã Bình Lợi, Bình Chánh, Hồ Chí Minh",
"Siêu hot bán CH 2PN, 2WC tầng trung tại Canopy vốn vào chỉ 670tr 68m2 , hỗ trợ lãi suất 0%","4,58 tỷ",68 m²,2,2,"Nam Từ Liêm, Hà Nội","The Canopy Residences - Vinhomes Smart City, Tây Mỗ, Nam Từ Liêm, Hà Nội",
"Bán nhà rất đẹp, kiên cố đường Hoà Hảo - Ngô Quyền Q10 gần chợ Nguyễn Tri Phương","12,8 tỷ",43 m²,4,3,"Quận 10, Hồ Chí Minh","Đường Hòa Hảo, Phường 5, Quận 10, Hồ Chí Minh",
Gia đình cần bán gấp mặt phố Lý Nam Đế Hoàn Kiếm sổ đỏ 114m2 giá 400tr/m2 rất rẻ,"45,6 tỷ",114 m²,Không có thông tin,Không có thông tin,"Hoàn Kiếm, Hà Nội","Đường Lý Nam Đế, Phường Cửa Đông, Hoàn Kiếm, Hà Nội",
Một căn duy nhất giảm sâu 500 triệu | chính chủ bán nhà mặt tiền quận 7 hồ chí minh giá siêu hời,"23,5 tỷ",139 m²,Không có thông tin,Không có thông tin,"Quận 7, Hồ Chí Minh","Đường Số 45, Phường Tân Quy, Quận 7, Hồ Chí Minh",
"Bán NR 34m2 tại Phú Lương, Hà Đông, giá chỉ 4,45 tỷ (Vừa mới xây)","4,45 tỷ",34 m²,3,3,"Hà Đông, Hà Nội","Phường Phú Lương, Hà Đông, Hà Nội",
"Rỗ hàng sang nhượng mới nhất 3/2025 căn 2 - 3pn, sky villa Saigon Intela báo giá thật 100%","1,47 tỷ",50 m²,2,2,"Bình Chánh, Hồ Chí Minh","Dự án Sài Gòn Intela, Đường Nguyễn Văn Linh, Xã Phong Phú, Bình Chánh, Hồ Chí Minh",
Bán nhà riêng 32m2 chính chủ tại Cầu Diễn,"5,9 tỷ",32 m²,3,3,"Bắc Từ Liêm, Hà Nội","Đường Văn Trì, Phường Minh Khai, Bắc Từ Liêm, Hà Nội",
"Đất vườn đẹp, diện tích 3192m2, tại xã Tân Kiên huyện Bình Chánh, giá đầu tư 7,5 triệu/m2",24 tỷ,3.192 m²,Không có thông tin,Không có thông tin,"Bình Chánh, Hồ Chí Minh","Đường Cây Bàng, Xã Tân Kiên, Bình Chánh, Hồ Chí Minh",
"Bán nhà mặt Phố Huế Hàng Bài Sổ Đỏ 400m2 Mặt Tiền 10,5M Chỉ 1 Sổ 1 Chủ GPXD 2 Hầm 10 Nổi Giá 310 tỷ",310 tỷ,400 m²,Không có thông tin,Không có thông tin,"Hai Bà Trưng, Hà Nội","Phố Phố Huế, Phường Phố Huế, Hai Bà Trưng, Hà Nội",
Em Minh Ngọc chuyên dự án Mỹ Đình Pearl xin phép cập nhật quỹ căn bán cuối T3/2025. Cam kết ko ảo,Giá thỏa thuận,145 m²,4,3,"Nam Từ Liêm, Hà Nội","Dự án Mỹ Đình Pearl, Phường Phú Đô, Nam Từ Liêm, Hà Nội",
"Bán khu đất 2410m2 mặt tiền QL20, xã Phú Hội, Đức Trọng, Lâm Đồng",Giá thỏa thuận,2.410 m²,Không có thông tin,Không có thông tin,"Đức Trọng, Lâm Đồng","Đường Quốc Lộ 20, Xã Phú Hội, Đức Trọng, Lâm Đồng",
"Chìa khóa trao tay - nhận nhà ở ngay Tecco Felice Home căn hộ 2PN chỉ từ 1,29 tỷ","1,29 tỷ","43,8 m²",2,1,"Thuận An, Bình Dương","Chung cư An Phú Thuận An, Đường Lê Thị Trung, Phường An Phú, Thuận An, Bình Dương",
Hẻm xe tải quay đầu nhà hai mặt có ban công,"6,99 tỷ",80 m²,6,5,"Quận 12, Hồ Chí Minh","233, Đường Trương Thị Hoa, Phường Tân Thới Hiệp, Quận 12, Hồ Chí Minh",
CĐT Nhật Bản bán căn hộ TT - AVIO thanh toán 9tr/th trong 2 năm. Cơ hội đầu tư mua ở rất thuận lợi,Giá thỏa thuận,67 m²,2,2,"Dĩ An, Bình Dương","TT AVIO, Tỉnh lộ 743C, Tân Đông Hiệp, Dĩ An, Bình Dương",
"Gấp - chủ cần bán nhà mặt phố Trần Hưng Đạo, Hoàn Kiếm - 173m2 x 3 tầng giá bán đất - mặt tiền 9,3m",118 tỷ,173 m²,Không có thông tin,Không có thông tin,"Hoàn Kiếm, Hà Nội","Đường Trần Hưng Đạo, Phường Phan Chu Trinh, Hoàn Kiếm, Hà Nội",
(Cần bán gấp) khách sạn 2 mặt tiền mặt phố Hàng Vải - Thuốc Bắc sổ đỏ 155m2x8 tầng MT 8m 135 tỷ,135 tỷ,155 m²,Không có thông tin,Không có thông tin,"Hoàn Kiếm, Hà Nội","Phố Hàng Vải, Phường Hàng Mã, Hoàn Kiếm, Hà Nội",
Chính chủ bán gấp nhà 64m2 hẻm xe hơi KDC Nam Hùng Vương nhỉnh 5 tỷ,"5,4 tỷ",64 m²,2,2,"Bình Tân, Hồ Chí Minh","Phường An Lạc, Bình Tân, Hồ Chí Minh",
Chính chủ bán gấp nhà 64m2 hẻm xe hơi KDC Nam Hùng Vương nhỉnh 5 tỷ,"5,4 tỷ",64 m²,2,2,"Bình Tân, Hồ Chí Minh","Phường An Lạc, Bình Tân, Hồ Chí Minh",
"Bán căn Penhouse 2 tầng Duplex toà Vinaconex B - Kim Văn Kim Lũ 13.5 tỷ, 173.4m2, view đẹp, 3PN 3WC","13,5 tỷ","173,4 m²",3,3,"Hoàng Mai, Hà Nội","Dự án Kim Văn Kim Lũ, Đường Nghiêm Xuân Yêm, Phường Đại Kim, Hoàng Mai, Hà Nội",
"Bán đất có 3 khối nhà làm cafe đẹp mặt tiền Bạch Đằng Phường 7, DT 2413m2 thổ cư 650m2",61 tỷ,2.413 m²,4,4,"Đà Lạt, Lâm Đồng","Đường Bạch Đằng, Phường 7, Đà Lạt, Lâm Đồng",
Bán nhà mặt hồ Trúc Bạch mặt phố Trấn Vũ SĐ 125m2 MT 7m mặt sau mặt phố Nam Tràng có GPXD 8 tầng,98 tỷ,125 m²,Không có thông tin,Không có thông tin,"Ba Đình, Hà Nội","Phố Trấn Vũ, Phường Trúc Bạch, Ba Đình, Hà Nội",
Chính chủ gửi bán căn hộ cao cấp chung cư Starlake - KĐT Starlake - Tây Hồ Tây giá tốt từ 130tr/m2,Giá thỏa thuận,"113,2 m²",3,2,"Tây Hồ, Hà Nội","Dự án KĐT Tây Hồ Tây - Starlake Hà Nội, Phường Xuân La, Tây Hồ, Hà Nội",
"Bán liền kề biệt thự OCP3 75m2 Đông Nam 5 tầng 293m2 mặt vườn hoa, sát 10 tòa chung cư, gần TTTM","10,5 tỷ",75 m²,6,6,"Văn Giang, Hưng Yên","Dự án The Crown - Vinhomes Ocean Park 3, Xã Nghĩa Trụ, Văn Giang, Hưng Yên",
"Căn hộ cao cấp Peninsula Da Nang, view sông Hàn, sổ hồng lâu dài, giá chỉ 53tr/m2 bàn giao nội thất","3,2 tỷ",64 m²,2,2,"Sơn Trà, Đà Nẵng","Peninsula Đà Nẵng , Lê Văn Duyệt, Nại Hiên Đông , Sơn Trà, Đà Nẵng",
Chính chủ cần bán gấp nhà Ngô Xuân Quảng căn góc. 5 tầng 4 ngủ 5VS TK hiện đại,"6,85 tỷ",43 m²,4,5,"Gia Lâm, Hà Nội","Đường Ngô Xuân Quảng, Thị trấn Trâu Quỳ, Gia Lâm, Hà Nội",
"Chính chủ bán lô đất đường Đặng Hồi Xuân, thông","3,85 tỷ",105 m²,Không có thông tin,Không có thông tin,"Ngũ Hành Sơn, Đà Nẵng","Han River Village (Nam Hòa Xuân), Đường Đặng Hồi Xuân, Phường Hòa Quý, Ngũ Hành Sơn, Đà Nẵng",
"Bán Nhà Huỳnh Văn Bánh, Phú Nhuận gần Nguyễn Văn Trỗi - DT 85.4m2, Xây 4 tầng kiên cố, giá 9.4 tỷ","9,39 tỷ","85,4 m²",6,7,"Phú Nhuận, Hồ Chí Minh","Đường Huỳnh Văn Bánh, Phường 12, Phú Nhuận, Hồ Chí Minh",
"Bán đất vườn tại Bến Tre, có thổ cư. Hiện đang trồng dừa xiêm và chuối. Xe oto vào tận đất","4,8 tỷ",400 m²,Không có thông tin,Không có thông tin,"Châu Thành, Bến Tre","Xã Tam Phước, Huyện Châu Thành, Bến Tre",
"Bán căn hộ The Marq Quận 1: 1PN, 2PN, 3PN, 4PN giá tốt nhất thị trường",Giá thỏa thuận,51 m²,1,Không có thông tin,"Quận 1, Hồ Chí Minh","The Marq, Nguyễn Đình Chiểu, Đa Kao, Quận 1, Hồ Chí Minh",
Bán biệt thự song lập rẻ nhất Nam An Khánh,43 tỷ,416 m²,Không có thông tin,Không có thông tin,"Hoài Đức, Hà Nội","Dự án Nam An Khánh, Đường Láng Hòa Lạc, Xã An Khánh, Hoài Đức, Hà Nội",
Bán toà nhà 12 tầng mặt tiền đường Biệt Thự - Phường Lộc Thọ - Nha Trang giá 85 tỷ,85 tỷ,"159,4 m²",46,Không có thông tin,"Nha Trang, Khánh Hòa","Đường Biệt Thự, Phường Lộc Thọ, Nha Trang, Khánh Hòa",
"Bán căn hộ cao cấp Privia Khang Điền, 83m2 3PN, giá chỉ 4,99 tỷ - Dự án đã cấp sổ hồng","4,99 tỷ",83 m²,3,2,"Bình Tân, Hồ Chí Minh","Dự án The Privia, Đường An Dương Vương, Phường An Lạc, Bình Tân, Hồ Chí Minh",
"Bán căn hộ Estella Heights 1PN, 2PN, 3PN, 4PN, Duplex, Penthouse, nhà đẹp, giá tốt nhất khu vực","8,9 tỷ",89 m²,2,2,"Quận 2, Hồ Chí Minh","Dự án Estella Heights, Đường Song Hành, Phường An Phú, Quận 2, Hồ Chí Minh",
"Bán nhà hoa hậu 56m, 4 tầng, Mt 4m, giá 13.3 tỷ tại Văn Quán, Hà Đông. Ô tô, kinh doanh bất chấp","13,3 tỷ",56 m²,4,4,"Hà Đông, Hà Nội","Đường Chiến Thắng, Phường Văn Quán, Hà Đông, Hà Nội",
"Bán căn 52m2 Ehome Southgate block B1 lầu 10 ban công Đông Nam, view nội khu siêu mát mẻ","1,4 tỷ",52 m²,1,1,"Bến Lức, Long An","Dự án Ehome Southgate, Đường ĐT 830, Xã An Thạnh, Bến Lức, Long An",
"Bán nhà riêng 4PN, 2WC, 41m2 tại Tân Thuận Tây, Q7, HCM, giá ưu đãi 3,45 tỷ","3,45 tỷ",41 m²,4,2,"Quận 7, Hồ Chí Minh","Phường Tân Thuận Tây, Quận 7, Hồ Chí Minh",
Bán nhanh căn hộ chung cư New Saigon Hoàng Anh Gia Lai 3,"2,9 tỷ",95 m²,2,2,"Nhà Bè, Hồ Chí Minh","Dự án New Saigon Hoàng Anh 3, Đường Nguyễn Hữu Thọ, Xã Phước Kiển, Nhà Bè, Hồ Chí Minh",
Bán nhanh căn hộ chung cư New Saigon Hoàng Anh Gia Lai 3,"2,9 tỷ",95 m²,2,2,"Nhà Bè, Hồ Chí Minh","Dự án New Saigon Hoàng Anh 3, Đường Nguyễn Hữu Thọ, Xã Phước Kiển, Nhà Bè, Hồ Chí Minh",
Cần bán lô đất Bình Tân DT ( 9.5x14.5m) HXH Gía tốt !!!!!,"9,2 tỷ",137 m²,Không có thông tin,Không có thông tin,"Bình Tân, Hồ Chí Minh","Đường Trương Phước Phan, Phường Bình Trị Đông, Bình Tân, Hồ Chí Minh",
Quỹ căn chuyển nhượng làm việc trực tiếp chủ nhà 1PN - 2PN - 3PN - 4PN - Skyvillas giá siêu tốt,"16,5 tỷ",148 m²,4,3,"Nam Từ Liêm, Hà Nội","Vinhomes Skylake, Phạm Hùng, Mỹ Đình 1, Nam Từ Liêm, Hà Nội",
Cần tiền bán 2 ngủ Citadine view trực diện biển giá cực tốt,"3,6 tỷ",80 m²,2,2,"Hạ Long, Quảng Ninh","Citadines Marina Hạ Long, Đường Đại Lộ Marine, Phường Hùng Thắng, Hạ Long, Quảng Ninh",
"Nhà siêu phẩm đường số 3, Phường 9, Gò Vấp, đầy đủ nội thất. Sổ hồng đẹp","4,3 tỷ","22,3 m²",Không có thông tin,Không có thông tin,"Gò Vấp, Hồ Chí Minh","Đường Số 3, Phường 9, Gò Vấp, Hồ Chí Minh",
"Em Đạt chuyên D-Homme Quận 6, với giỏ hàng CĐT và chuyển nhượng đa dạng. LH em cập nhật căn và CSBH","3,5 tỷ",51 m²,Không có thông tin,Không có thông tin,"Quận 6, Hồ Chí Minh","D-Homme, 765, Đường Hồng Bàng, Phường 6, Quận 6, Hồ Chí Minh",
PHỐ THÁI HÀ- KINH DOANH ĐỈNH- Ô TÔ TRÁNH- TRUNG TÂM ĐỐNG ĐA - TIỆN ÍCH NGẬP TRÀN-GẦN PHỐ.,"19,6 tỷ",48 m²,3,3,"Đống Đa, Hà Nội","Viet Tower, Thái Hà, Trung Liệt, Đống Đa, Hà Nội",
"Bán biệt thự MT vip Đường Nguyễn Thị Thập KDC Him Lam, Quận 7. Giá 79.999 tỷ, call",80 tỷ,200 m²,Không có thông tin,Không có thông tin,"Quận 7, Hồ Chí Minh","Dự án Him Lam Kênh Tẻ, Đường Nguyễn Thị Thập, Phường Tân Hưng, Quận 7, Hồ Chí Minh",
Mở bán chung cư đã cất nóc The Fibonan đẹp nhất KĐT Ecopark với chính sách hấp dẫn từ chủ đầu tư,"2,72 tỷ",68 m²,2,2,"Văn Giang, Hưng Yên","Dự án The Fibonan Ecopark, Xã Xuân Quan, Văn Giang, Hưng Yên",
"Biệt thự Ecocharm view sông, hồ công viên giá chỉ từ 18tr/m2, giỏ hàng chuyển nhượng đẹp nhất dự án","3,69 tỷ",205 m²,Không có thông tin,Không có thông tin,"Liên Chiểu, Đà Nẵng","Gami Eco Charm, Nguyễn Lương Bằng, Hòa Hiệp Nam, Liên Chiểu, Đà Nẵng",
Căn đẹp giá đẹp mã căn 20.01 tầng cao view thành phố căn hộ cao cấp The Sang Residence,"3,8 tỷ","82,5 m²",2,2,"Ngũ Hành Sơn, Đà Nẵng","Dự án The Sang Residence, Đường Phạm Kiệt, Phường Khuê Mỹ, Ngũ Hành Sơn, Đà Nẵng",
"Bán chung cư Sunrise City Central, 2 phòng ngủ, diện tích: 75m2, view hồ bơi, sổ hồng công chứng","5,5 tỷ",75 m²,2,2,"Quận 7, Hồ Chí Minh","Sunrise City, 25, Đường Nguyễn Hữu Thọ, Phường Tân Hưng, Quận 7, Hồ Chí Minh",
"Bán Nhà - Mới, 35m2, 3PN, 4WC tại Phố Liễu Giai, Ba Đình, Hà Nội, 6,9 tỷ, ngõ 3 gác, 40m ra ô tô đỗ","6,9 tỷ",35 m²,3,4,"Ba Đình, Hà Nội","Phố Liễu Giai, Phường Liễu Giai, Ba Đình, Hà Nội",
"Bán căn hộ Smile biuding, DT 82m, 2 ngủ, Giá 5.35 tỷ, LH 0989 604 ***","5,35 tỷ",82 m²,Không có thông tin,Không có thông tin,"Hoàng Mai, Hà Nội","Smile Building, Đường Nguyễn Cảnh Dị, Phường Đại Kim, Hoàng Mai, Hà Nội",
"Bán Biệt Thự 6PN 6WC 192.5m2 tại Eurowindow Twin Parks, Trâu Quỳ, Gia Lâm, Hà Nội",45 tỷ,"192,5 m²",6,6,"Gia Lâm, Hà Nội","Eurowindow Twin Parks, Trâu Quỳ, Gia Lâm, Hà Nội",
"HXH 6m Đồng Xoài, P.13, Tân Bình, 60m2, 4 tấm, full nội thất","8,5 tỷ",60 m²,6,5,"Tân Bình, Hồ Chí Minh","Đường Đồng Xoài, Phường 13, Tân Bình, Hồ Chí Minh",
"Chuyên nhận mua bán, ký gửi đất KĐT Cienco5, Mê Linh, Hà Nội. lh: 0987 263 *** Huy","2,8 tỷ",100 m²,Không có thông tin,Không có thông tin,"Mê Linh, Hà Nội","Khu đô thị Cienco 5 Mê Linh, Xã Tiền Phong, Huyện Mê Linh, Hà Nội",
"Hạ giá bán gấp nhà rẻ nhất MT Trần Quốc Thảo, Quận 3 - DT 4,3x20m, KC 4 Tầng, giá 23 Tỷ TL",23 tỷ,80 m²,6,5,"Quận 3, Hồ Chí Minh","Đường Trần Quốc Thảo, Phường Võ Thị Sáu, Quận 3, Hồ Chí Minh",
Chính chủ bán nhà phố Đại Từ. Ngõ nông gần oto. Sát Hồ Linh Đàm. Sổ vuông đẹp full nội thất ở ngay,"5,8 tỷ",32 m²,4,3,"Hoàng Mai, Hà Nội","Đường Đại Từ, Phường Đại Kim, Hoàng Mai, Hà Nội",
"Bán gấp biệt thự 2 mặt tiền gần Cocobay, sân Gofl, sát biển, khu nghỉ dưỡng cao cấp giá chỉ 11.2 tỷ","11,2 tỷ",321 m²,Không có thông tin,Không có thông tin,"Điện Bàn, Quảng Nam","Dự án Sentosa Luxury Quảng Nam, Phường Điện Ngọc, Điện Bàn, Quảng Nam",
Bán nhà đường Hồ Tùng Mậu diện tích: 40m2x5tầng giá: 8 tỷ,8 tỷ,40 m²,6,4,"Cầu Giấy, Hà Nội","Đường Hồ Tùng Mậu, Phường Mai Dịch, Cầu Giấy, Hà Nội",
"Giỏ Hàng! Nhiều nhà phố, tòa nhà CHDV MT đường số 79; 85; 81; 39; 47 Tân Quy Quận 7. Giá 11,9 tỷ","11,9 tỷ",76 m²,9,9,"Quận 7, Hồ Chí Minh","Đường Số 47, Phường Tân Quy, Quận 7, Hồ Chí Minh",
PKD cập nhật quỹ căn bán Eco Lake View Tháng 3 - 4,"4,7 tỷ",80 m²,2,2,"Hoàng Mai, Hà Nội","Dự án Eco Lake View, Đường Đại Từ, Phường Đại Kim, Hoàng Mai, Hà Nội",
"Bán liền kề shophouse 81.3m2 xây 5 tầng hoàn thiện mặt ngoài Him Lam Thường Tín, giá 10 tỷ",10 tỷ,"81,3 m²",Không có thông tin,Không có thông tin,"Thường Tín, Hà Nội","Dự án Him Lam Thường Tín, Đường Trần Phú, Thị trấn Thường Tín, Thường Tín, Hà Nội",
Hơn 20tr/m2 sở hữu ngay lô đất hàng hiệu nằm đối diện cổng chính trường ĐHQG HN tại Hoà Lạc,2 tỷ,120 m²,Không có thông tin,Không có thông tin,"Thạch Thất, Hà Nội","Xã Tiến Xuân, Thạch Thất, Hà Nội",
Siêu phẩm - tòa buiding văn phòng - 7tầng thang máy - thông sàn - hai thoáng - vỉa hè oto tránh KD,48 tỷ,100 m²,7,7,"Cầu Giấy, Hà Nội","Khu đô thị Trung Hòa - Nhân Chính, Hoàng Đạo Thúy, Trung Hòa, Cầu Giấy, Hà Nội",
"Chính chủ cần bán đất kinh doanh tốt 140 m2 đất cầu Thăng Long, Cổ Điển, Hải Bối, ĐA, HN","15,4 tỷ",140 m²,Không có thông tin,Không có thông tin,"Đông Anh, Hà Nội","Đường Cổ Điển, Xã Hải Bối, Đông Anh, Hà Nội",
"Tổng hợp quỹ căn ngoại giao Sun Hà Nam tầng đẹp giá rẻ studio từ 1,4 tỷ 1PN từ 1,7 tỷ 2PN từ 2,5 tỷ","1,4 tỷ",32 m²,1,1,"Phủ Lý, Hà Nam","Dự án Sun Urban City, Phường Lam Hạ, Phủ Lý, Hà Nam",
"Bán Nhà Phố Liền Kề Và Biệt Thự Cao Cấp Gần Siêu Thị Aeon Bình Tân, Giá Chỉ 7Tỷ1/Căn, 4 Tầng.","7,1 tỷ",90 m²,4,4,"Bình Chánh, Hồ Chí Minh","The Meadow Bình Chánh, Trần Văn Giàu, Vĩnh Lộc B, Bình Chánh, Hồ Chí Minh",
"Đất nền đẹp nhiều tiện ích tại đường Đông Dư, Xã Bát Tràng, Gia Lâm, Hà Nội, giá tốt 3,9 tỷ","3,9 tỷ",40 m²,Không có thông tin,Không có thông tin,"Gia Lâm, Hà Nội","Đường Đông Dư, Xã Bát Tràng, Gia Lâm, Hà Nội",
Căn 3PN góc 80m2 bàn giao thô Valencia Garden - Mua trực tiếp CĐT sẵn sổ sang tên,"4,31 tỷ",80 m²,3,2,"Long Biên, Hà Nội","Dự án Valencia Garden, Phường Đức Giang, Long Biên, Hà Nội",
"Bán gấp dãy trọ tiện xây mới, CHDV, vay bank, kẹt tiền bán gấp ngay Đ.4, Linh Xuân. Tp. Thủ Đức","5,2 tỷ",121 m²,8,8,"Thủ Đức, Hồ Chí Minh","Đường 4, Phường Linh Xuân, Thủ Đức, Hồ Chí Minh",
"Bán gấp căn studio: 1.82 tỷ tại phân khu Sakura 33.6m2, full đồ, lỗ so với TT 350tr","1,82 tỷ","33,6 m²",1,1,"Nam Từ Liêm, Hà Nội","Dự án The Sakura - Vinhomes Smart City, Phường Tây Mỗ, Nam Từ Liêm, Hà Nội",
Bán Nhanh Nền Đất 7x20m Khu Dân Cư Nam Long ( Giá Đầu Tư ),"11,9 tỷ",140 m²,Không có thông tin,Không có thông tin,"Quận 9, Hồ Chí Minh","Dự án KDC Nam Long, Đường Liên Phường, Phường Phước Long B, Quận 9, Hồ Chí Minh.",
"Tôi là chính chủ chuyển đổi chỗ ở nên cần bán nhà đất rộng 250m2 tại thị trấn Vĩnh Tường, Vĩnh Phúc",15 tỷ,250 m²,3,2,"Vĩnh Tường, Vĩnh Phúc","Thị trấn Vĩnh Tường, Vĩnh Tường, Vĩnh Phúc",
Áp lực ngân hàng thương lượng mạnh bán căn 484m2 tâm huyết lô góc - hồ cá Koi DT,40 tỷ,484 m²,6,7,"Quận 12, Hồ Chí Minh","Đường Hà Huy Giáp, Phường Thạnh Lộc, Quận 12, Hồ Chí Minh",
"Cần bán CH Sunview Town 2PN 2WC giá tốt nhất chỉ từ 1,87 tỷ, đã có sổ hồng hỗ trợ vay ls thấp","1,87 tỷ",58 m²,2,2,"Thủ Đức, Hồ Chí Minh","Dự án Sunview Town, Đường Gò Dưa, Phường Hiệp Bình Phước, Thủ Đức, Hồ Chí Minh",
"Bán cực rẻ góc 2mt kd giá chỉ 40tr/1m2. DT: 9.5x22 NH. SHR. CN: 239,5m2. kv sáng giá Quận 9.vip",10 tỷ,"239,5 m²",1,1,"Quận 9, Hồ Chí Minh","Đường Số 6, Phường Trường Thạnh, Quận 9, Hồ Chí Minh",
"Bán nhà hẻm xe hơi đường Tân Chánh Hiệp 16, Quận 12","6,2 tỷ","64,8 m²",3,3,"Quận 12, Hồ Chí Minh","Đường Tân Chánh Hiệp 16, Phường Tân Chánh Hiệp, Quận 12, Hồ Chí Minh",
Hot nhất chỉ với 2.45 tỷ sở hữu căn view hồ - sẵn 3 căn độc quyền giá tốt nhất thị trường,"2,45 tỷ","33,3 m²",Không có thông tin,Không có thông tin,"Sơn Trà, Đà Nẵng","Dự án Sun Symphony Residence, Đường Trần Hưng Đạo, Phường Nại Hiên Đông , Sơn Trà, Đà Nẵng",
Bán nhà cấp 4 đường Lái Thiêu 26,"3,25 tỷ",60 m²,2,1,"Thuận An, Bình Dương","Đường Lái Thiêu 26, Phường Lái Thiêu, Thuận An, Bình Dương",
Chính chủ không qua môi giới cần bán gấp nhà Minh Khai 30m2 5T mới đẹp cách oto 50m,"5,7 tỷ",30 m²,3,3,"Hai Bà Trưng, Hà Nội","Đường Minh Khai, Phường Vĩnh Tuy, Hai Bà Trưng, Hà Nội",
"Lô đất 171m2 ngay chợ Việt Kiều, mặt tiền Trần Tử Bình - Tân Thông Hội - Củ Chi. Bán gấp",Giá thỏa thuận,171 m²,Không có thông tin,Không có thông tin,"Củ Chi, Hồ Chí Minh","Đường Trần Tử Bình, Xã Tân Thông Hội, Củ Chi, Hồ Chí Minh",
"Bán lô đất đẹp siêu hiếm sinh lời cao Tiên Dương Đông Anh dt106,8m2 mt5m, giá 9xtriệu/m2",Giá thỏa thuận,"106,8 m²",Không có thông tin,Không có thông tin,"Đông Anh, Hà Nội","Xã Tiên Dương, Đông Anh, Hà Nội",
"Bán căn hộ CC Mandarin Garden diện tích 114m2, 130m2, 168 m2, 172 m2, 266m2. LH: 0974 704 ***","11,5 tỷ",114 m²,3,2,"Cầu Giấy, Hà Nội","Dự án Mandarin Garden, Đường Hoàng Minh Giám, Phường Trung Hòa, Cầu Giấy, Hà Nội",
"Chính chủ chào bán lô đất đường Nguyễn Khắc Viện, Ngũ Hành Sơn, Đà Nẵng, DT: 117,5m2",9 tỷ,"117,5 m²",Không có thông tin,Không có thông tin,"Ngũ Hành Sơn, Đà Nẵng","Đường Nguyễn Khắc Viện, Phường Hòa Hải, Ngũ Hành Sơn, Đà Nẵng",
"Hàng hiếm, hàng hiếm, đất mặt tiền nhựa quy hoạch 30m giá chỉ 70tr/m ngang","1,89 tỷ","2.636,6 m²",Không có thông tin,Không có thông tin,"Dương Minh Châu, Tây Ninh","Đường DH1, Xã Lộc Ninh, Dương Minh Châu, Tây Ninh",
"Bán shophouse đẹp tại Eco Green Sài Gòn, 16,5 tỷ, 172m2, nhiều tiện ích, nhiều căn, LH 0357 313 ***","16,5 tỷ",172 m²,Không có thông tin,Không có thông tin,"Quận 7, Hồ Chí Minh","Dự án Eco Green Sài Gòn, Đường Nguyễn Văn Linh, Phường Tân Thuận Tây, Quận 7, Hồ Chí Minh",
"Nhà phố xã hôi 1 trệt, 1 lửng, 1 lầu với diện tích đất 67 m2 xây theo tiêu chuẩn nhà Singapore.","2,16 tỷ",67 m²,3,3,"Thủ Dầu Một, Bình Dương","Thành Phố Mới Bình Dương, Lê Lợi cắt đường Lê Lai, Phường Phú Hòa, Thủ Dầu Một, Bình Dương",
"Bán căn hộ chung cư Him Lam Chợ Lớn, Quận 6, DT 86m2, 2PN 2WC. Giá 3,65 tỷ. Liên hệ 0938 910 *** Trí","3,65 tỷ",86 m²,2,2,"Quận 6, Hồ Chí Minh","Dự án Him Lam Chợ Lớn, Đường Hậu Giang, Phường 11, Quận 6, Hồ Chí Minh",
"Bán lô đất phố Dương Đình Nghệ, gần Chính Hữu, 150 m2 ngang 10.5m. Vị trí KD siêu hot - nhỉnh 19 tỷ","19,5 tỷ",150 m²,Không có thông tin,Không có thông tin,"Sơn Trà, Đà Nẵng","Đường Dương Đình Nghệ, Phường An Hải Bắc, Sơn Trà, Đà Nẵng",
"Shophouse, biệt thự ven sông Hàn, quỹ căn vip nhất còn sót lại chiết khấu đến 13%, tặng 2 cây vàng","15,34 tỷ",108 m²,5,6,"Sơn Trà, Đà Nẵng","Dự án Sun Symphony Residence, Đường Trần Hưng Đạo, Phường Nại Hiên Đông , Sơn Trà, Đà Nẵng",
"GIỎ HÀNG THÁI SƠN - T&T NỀN VỊ TRÍ ĐẸP GIÁ TỐT . VÀI LÔ GÓC HIẾM , GẦN TTTM ĐANG XÂY. LH 0938 193 ***","2,3 tỷ",100 m²,Không có thông tin,Không có thông tin,"Cần Giuộc, Long An","Khu dân cư, tái định cư Thái Sơn, Long Hậu, Cần Giuộc, Long An",
Đất 2 mặt tiền sông Cần Thơ và Đại lộ Vòng Cung Kinh doanh bãi vật liệu xây dựng DT 2300m2 TC 300m2,27 tỷ,2.300 m²,Không có thông tin,Không có thông tin,"Phong Điền, Cần Thơ","Ấp Mỹ Phước, Đường Lộ Vòng Cung, Xã Mỹ Khánh, Phong Điền, Cần Thơ",
Bán nhà mặt tiền đường Đồng Khởi Biên Hoà Đồng Nai 400m2 15 tỷ,15 tỷ,400 m²,Không có thông tin,Không có thông tin,"Biên Hòa, Đồng Nai","Đường Đồng Khởi, Phường Trảng Dài, Biên Hòa, Đồng Nai",
"Căn hộ ven sông Hàn Sun Symphony Đà Nẵng tòa S3, căn 3PN view trực diện sông Hàn, giá CĐT, CK 21%","10,58 tỷ","102,8 m²",3,3,"Sơn Trà, Đà Nẵng","Dự án Sun Symphony Residence, Đường Trần Hưng Đạo, Phường Nại Hiên Đông , Sơn Trà, Đà Nẵng",
"Chủ cần tiền bán gấp! Đất ""Vàng"" Cam Hiệp Nam mặt Đường Lập Định Suối Môn Cam Lâm","2,15 tỷ",390 m²,Không có thông tin,Không có thông tin,"Cam Lâm, Khánh Hòa","Đường Lập Định - Suối Môn, Xã Cam Hiệp Nam, Cam Lâm, Khánh Hòa",
Chủ ngộp bank lô đất Ninh Thọ Ninh Hoà 619m2 ngang 25m qh đất ở đô thị 3 mặt tiền đường 1.5tỷ,"1,5 tỷ",619 m²,Không có thông tin,Không có thông tin,"Ninh Hòa, Khánh Hòa","Đường Quốc lộ 1A, Xã Ninh Thọ, Ninh Hòa, Khánh Hòa",
"Bán đất tại Tam Đồng, Mê Linh, Hà Nội, giá thỏa thuận, 127m2 đẹp, nhiều tiện ích",Giá thỏa thuận,127 m²,Không có thông tin,Không có thông tin,"Mê Linh, Hà Nội","Xã Tam Đồng, Mê Linh, Hà Nội",
"Bán đất mặt tiền đường Thích Quảng Đức, Hà Quang 1, Nha Trang, dt 95m2 giá tốt","8,6 tỷ",95 m²,Không có thông tin,Không có thông tin,"Nha Trang, Khánh Hòa","Dự án KĐT Lê Hồng Phong I, Đường Thích Quảng Đức, Phường Phước Hải, Nha Trang, Khánh Hòa",
"Chính chủ cần bán gấp căn nhà 1 tầng đang cho thuê dòng tiền tốt - Trần Cung, Cổ Nhuế, Bắc Từ Liêm","5,67 tỷ",45 m²,2,1,"Bắc Từ Liêm, Hà Nội","Phố Trần Cung, Phường Cổ Nhuế 1, Bắc Từ Liêm, Hà Nội",
"Bán căn hộ Duplex Citi Grand tại Đường 33, Cát Lái, Thủ Đức, giá ưu đãi 3,387 tỷ, 50.6 m2","3,39 tỷ","50,6 m²",Không có thông tin,Không có thông tin,"Quận 2, Hồ Chí Minh","Dự án Căn hộ Citi Grand, Đường 33, Phường Cát Lái, Quận 2, Hồ Chí Minh",
Căn sổ đỏ 2n2wc Vp5 bán đảo Linh Đàm. Lh e Mai: 0367 587 ***,"3,7 tỷ",62 m²,2,2,"Hoàng Mai, Hà Nội","Khu đô thị mới Linh Đàm, Đại Kim, Hoàng Mai, Hà Nội",
"Đất Phú Hữu, lô đẹp 54,9m2, đường rộng, dân trí cao, sổ hồng, giá 3 tỷ 150 triệu","3,15 tỷ","54,9 m²",Không có thông tin,Không có thông tin,"Quận 9, Hồ Chí Minh","Đường Gò Cát, Phường Phú Hữu, Quận 9, Hồ Chí Minh",
"Chủ nhà gửi bán lô đất quy hoạch 2 mặt tiền, Phường Tân Tạo, Bình Tân",3 tỷ,"55,6 m²",Không có thông tin,Không có thông tin,"Bình Tân, Hồ Chí Minh","16, Hẻm 1870 Phường Tân Tạo, Bình Tân, Hồ Chí Minh",
"MT Huỳnh Văn Bánh đắc địa tài lộc. 5x22 vuông vắn, 5 tầng full nội thất. Chỉ 40 tỷ TL",40 tỷ,110 m²,Không có thông tin,Không có thông tin,"Phú Nhuận, Hồ Chí Minh","Đường Huỳnh Văn Bánh, Phường 11, Phú Nhuận, Hồ Chí Minh",
Căn góc 2 MT Dương Quảng Hàm DT 5x25m 1 trệt 2 lầu giá tốt nhất trục đường 18 tỷ TL LH 0988 504 ***,18 tỷ,130 m²,Không có thông tin,Không có thông tin,"Gò Vấp, Hồ Chí Minh","Đường Dương Quảng Hàm, Phường 5, Gò Vấp, Hồ Chí Minh",
Bạn có một đại gia đình? Hãy chuyển về đây và làm cho cuộc sống trở nên đáng sống,59 tỷ,144 m²,5,6,"Phú Nhuận, Hồ Chí Minh","Đường Hoa Đào, Phường 2, Phú Nhuận, Hồ Chí Minh",
"CHDV Nguyễn Văn Trỗi, hẻm 6m, cách phố 2 nhà, rẻ hơn thị trường 10 tỷ","16,5 tỷ",120 m²,Không có thông tin,Không có thông tin,"Phú Nhuận, Hồ Chí Minh","Đường Nguyễn Văn Trỗi, Phường 15, Phú Nhuận, Hồ Chí Minh",
Bán nhanh căn hộ cao cấp 2PN - hơn 72m2 - Giá cắt lỗ sâu - Khai thác cho thuê ít nhất 20tr/tháng,"4,7 tỷ","71,7 m²",2,2,"Sơn Trà, Đà Nẵng","Dự án Peninsula Đà Nẵng , Đường Lê Văn Duyệt, Phường Nại Hiên Đông , Sơn Trà, Đà Nẵng",
"Cực hiếm Bán Toà nhà văn phòng Trung Yên, Trung Hoà, 2 mặt thoáng,thông sàn thang máy, vỉa hè ô tô",45 tỷ,110 m²,7,Không có thông tin,"Cầu Giấy, Hà Nội","Đường Trung Yên, Phường Trung Hòa, Cầu Giấy, Hà Nội",
"Chính chủ bán nhà phố TM Coop Mart Phạm Thế Hiển, 151m2, giá 5.5 tỷ giá 100%. Nói không với giá ảo","5,5 tỷ",151 m²,2,2,"Quận 8, Hồ Chí Minh","Dự án Green River quận 8, Đường Phạm Thế Hiển, Phường 6, Quận 8, Hồ Chí Minh",
"Căn hộ cao cấp The Emerald 68, căn 2PN 2WC, giỏ hàng độc quyền thanh toán chỉ 20% nhận nhà","3,3 tỷ",67 m²,2,2,"Thuận An, Bình Dương","Dự án The Emerald 68, Đường Vĩnh Phú 16, Phường Vĩnh Phú, Thuận An, Bình Dương",
"Bán chung cư vip phố Lý Nam Đế khu phân của Bộ Chính Trị, an ninh tuyệt đối 70m2 sổ đỏ - miễn TG","6,5 tỷ",70 m²,2,2,"Hoàn Kiếm, Hà Nội","Đường Lý Nam Đế, Phường Cửa Đông, Hoàn Kiếm, Hà Nội",
"Chính chủ bán căn góc hoa hậu Lumiere Ever Green 178m2 đập thông, view bể bơi siêu vip",16 tỷ,179 m²,5,5,"Nam Từ Liêm, Hà Nội","Dự án Lumiere EverGreen Smart City, Phường Tây Mỗ, Nam Từ Liêm, Hà Nội.",
"Đi định cư cần bán gấp CH Thủ Thiêm Star, 3,25 tỷ, 81,4m2, 2PN, 2WC. Rất đẹp. Căn góc hiếm có","3,25 tỷ","81,4 m²",2,2,"Quận 2, Hồ Chí Minh","Dự án Thủ Thiêm Star, Đường Nguyễn Duy Trinh, Phường Bình Trưng Đông, Quận 2, Hồ Chí Minh",
"Chính chủ bán nhà đất 104m2 ngõ 75 phố Cầu Đất, phường Chương Dương, quận Hoàn Kiếm","11,8 tỷ",104 m²,Không có thông tin,Không có thông tin,"Hoàn Kiếm, Hà Nội","Ngõ 75, Đường Cầu Đất, Phường Chương Dương, Hoàn Kiếm, Hà Nội",
"Bán nhà Trần Hưng Đạo gần ngã tư Trần Bình Trọng. DT 4m x 9m, trệt- 3 lầu, HXH 6m, giá 9,6 tỷ (TL)","9,6 tỷ",36 m²,4,4,"Quận 5, Hồ Chí Minh","Đường Trần Hưng Đạo, Phường 2, Quận 5, Hồ Chí Minh",
"Hót chủ ngộp nặng giảm 900 triệu đất mặt tiền đường Phước Long B, Thủ Đức chỉ còn 7.28 tỷ","7,28 tỷ","136,7 m²",Không có thông tin,Không có thông tin,"Quận 9, Hồ Chí Minh","Đường 79, Phường Phước Long B, Quận 9, Hồ Chí Minh",
Bán gấp nhà phố mới xây hoàn công tại Phú Hồng Thịnh siêu đẹp và hiện đại gần sát làng ĐH Quốc Gia,"5,5 tỷ",60 m²,4,5,"Dĩ An, Bình Dương","Phú Hồng Thịnh 9, Quốc lộ 1K, Bình An, Dĩ An, Bình Dương",
Nhỉnh 6tỷ 931m2 300m2 thổ cư sẵn nhà 2 tầng khuôn viên nghỉ dưỡng tại Hồ Văn Sơn Chương Mỹ Hà Nội,Giá thỏa thuận,931 m²,Không có thông tin,Không có thông tin,"Chương Mỹ, Hà Nội","Thôn Đông Nam, Xã Nam Phương Tiến, Chương Mỹ, Hà Nội.",
"Cần chuyển nhượng 3PN mặt view sân golf, loại căn hộ cực hiếm trên thị trường chuyển nhượng",8 tỷ,105 m²,3,2,"Văn Giang, Hưng Yên","Dự án Swan Lake Onsen, Xã Xuân Quan, Văn Giang, Hưng Yên",
Đất nền vàng - cơ hội đầu tư không thể bỏ qua tại King Hill Residences!,"2,1 tỷ",90 m²,Không có thông tin,Không có thông tin,"Bến Lức, Long An","Dự án King Hill Residences, Xã Thanh Phú, Bến Lức, Long An",
"Duy nhất 1 căn biệt thự trên cao Ecopark gần 200m2, thang máy riêng trong nhà, ban công 20m2","12,7 tỷ",195 m²,3,3,"Văn Giang, Hưng Yên","Dự án Aqua Bay Sky Residences, Xã Xuân Quan, Văn Giang, Hưng Yên",
Thủ Thiêm Green House - nhà ở xã hội quận 2,"1,74 tỷ",62 m²,2,1,"Thủ Đức, Hồ Chí Minh","Thủ Thiêm Green House, 100, Đường Võ Chí Công, Phường Thạnh Mỹ Lợi, Quận 2, Hồ Chí Minh",
"Giá ngộp 2 tỷ 8 Phú Đông Sky Garden, liền kề PVD, góp 80%","2,8 tỷ",70 m²,2,Không có thông tin,"Dĩ An, Bình Dương","Phú Đông Sky Garden, Đường An Bình, Phường An Bình, Dĩ An, Bình Dương",
Mảnh đất đầu tư tuyệt đẹp view hồ siêu thoáng. Trung tâm Tứ Hiệp Thanh Trì,Giá thỏa thuận,90 m²,Không có thông tin,Không có thông tin,"Thanh Trì, Hà Nội","Đường Ngọc Hồi, Xã Tứ Hiệp, Thanh Trì, Hà Nội",
Chính chủ gửi bán 858m thổ cư 100m mặt tiền 26m tại Vân Hoà Ba Vì Hà Nội,"4,8 tỷ",858 m²,Không có thông tin,Không có thông tin,"Ba Vì, Hà Nội","Xã Vân Hòa, Ba Vì, Hà Nội",
"Bán 2 lô đất chính chủ. Hẻm nhựa Đường Nguyễn Hiền, P. Dĩ An, Tp. Dĩ An. Gần Chợ Dĩ An. Giá tốt","2,9 tỷ",68 m²,Không có thông tin,Không có thông tin,"Dĩ An, Bình Dương","Đường Nguyễn Hiền, Phường Dĩ An, Dĩ An, Bình Dương",
"Bán đất tại Xã Bảo Khê, Hưng Yên, 4,4 tỷ, 100 m2","4,4 tỷ",100 m²,Không có thông tin,Không có thông tin,"Hưng Yên, Hưng Yên","Xã Bảo Khê, Hưng Yên, Hưng Yên",
"Bán nhà hẻm 372 Điện Biên Phủ, P17, Bình Thạnh","31,5 tỷ",182 m²,2,2,"Bình Thạnh, Hồ Chí Minh","Đường Điện Biên Phủ, Phường 17, Bình Thạnh, Hồ Chí Minh",
"Bán nhà riêng 30m2, 6 tỷ tại Xuân Đỉnh, Bắc Từ Liêm, Hà Nội",6 tỷ,30 m²,3,4,"Bắc Từ Liêm, Hà Nội","Đường Xuân Đỉnh, Phường Xuân Đỉnh, Bắc Từ Liêm, Hà Nội",
"Chính chủ bán căn hộ Sunshine Center - 16 Phạm Hùng. 130m2, 3 ngủ, full đồ đẹp. 0983 335 ***",Giá thỏa thuận,130 m²,3,2,"Nam Từ Liêm, Hà Nội","Sunshine Center, 16, Đường Phạm Hùng, Phường Mỹ Đình 2, Nam Từ Liêm, Hà Nội",
"Tổng hợp quỹ căn cần bán tại chung cư Thái Hà - 43 Phạm Văn Đồng. DT: 70m2, 2 PN. 0983 335 ***",Giá thỏa thuận,70 m²,2,2,"Bắc Từ Liêm, Hà Nội","Dự án Nhà ở cho CBCS Bộ Công an, 43 Đường Phạm Văn Đồng, Phường Cổ Nhuế 2, Bắc Từ Liêm, Hà Nội",
"Tôi chính chủ cần bán căn hộ 1PN+ giá rẻ hơn CĐT 400 tr, tầng view thoáng LH: 0399 418 ***",Giá thỏa thuận,56 m²,2,1,"Nhà Bè, Hồ Chí Minh","Khải Hoàn Prime, Lê Văn Lương, Nhơn Đức, Nhà Bè, Hồ Chí Minh",
Chính Chủ Gửi Bán Căn 2PN2WC Diện Tích 73.7m2 Trực Diện Nội Khu Hồ Bơi Suất Mua 2018,Giá thỏa thuận,73 m²,2,2,"Quận 7, Hồ Chí Minh","The Peak Garden, Nguyễn Lương Bằng, Phú Mỹ, Quận 7, Hồ Chí Minh",
"Nhà ngay Phạm Văn Đồng - Phường Linh Tây, TP. Thủ Đức, 88m2, Giá chỉ 4.68 tỷ(Thương lượng)","4,68 tỷ",88 m²,2,2,"Thủ Đức, Hồ Chí Minh","Đường 9, Phường Linh Tây, Thủ Đức, Hồ Chí Minh",
"Kẹt tiền cần bán gấp CH The Privia Khang Điền(đã có sổ) 51m2/1PN-2,86tỷ; 68m2/2PN-3,8tỷ & 3PN-4,5tỷ","2,86 tỷ",51 m²,2,1,"Bình Tân, Hồ Chí Minh","Dự án The Privia, Đường An Dương Vương, Phường An Lạc, Bình Tân, Hồ Chí Minh",
"Nhà mặt phố Trần Quang Diệu - Hoàng Cầu, 60m2 x 7 tầng, thang máy, nội thất cao cấp, vị trí đắc địa","32,9 tỷ",60 m²,6,6,"Đống Đa, Hà Nội","Đường Trần Quang Diệu, Phường Ô Chợ Dừa, Đống Đa, Hà Nội",
Bán nhà hẻm 6 mét Đầm Sen - Hòa Bình. 60m2 - 2 tầng - 4 phòng ngủ - kinh doanh tốt chỉ 6 tỷ xíu,"6,1 tỷ",60 m²,4,4,"Tân Phú, Hồ Chí Minh","Phường Phú Trung, Tân Phú, Hồ Chí Minh",
"Bán gấp căn góc dự án 93 Láng Hạ, full nội thất tầng đẹp giá chỉ 125tr/m2. LH: 0933 218 ***","17,12 tỷ",137 m²,3,2,"Đống Đa, Hà Nội","Dự án Green Diamond 93 Láng Hạ, Phố Láng Hạ, Phường Láng Hạ, Đống Đa, Hà Nội",
"Siêu phẩm biệt thự 2 mặt tiền ngay bên bờ sông Hàn, gần cầu Sông Hàn","47,5 tỷ",201 m²,Không có thông tin,Không có thông tin,"Sơn Trà, Đà Nẵng","Phường Nại Hiên Đông , Sơn Trà, Đà Nẵng",
"Bán nhà mặt tiền đường 11, Trường Thọ 1 trệt 4 tầng 104,6 m2 giá tốt đầu tư kinh doanh tốt nhất","11,3 tỷ","104,6 m²",7,6,"Thủ Đức, Hồ Chí Minh","Dự án TDH Trường Thọ, Đường 11, Phường Trường Thọ, Thủ Đức, Hồ Chí Minh",
"Nhà 1 sẹc Trần Thanh Mại (5,3 x 18,2m) nở hậu 7,9m, 2PN, cách Tỉnh Lộ 10 200m. Giá 4,2 tỷ","4,2 tỷ","97,3 m²",2,1,"Bình Tân, Hồ Chí Minh","Đường Trần Thanh Mại, Phường Tân Tạo A, Bình Tân, Hồ Chí Minh",
"Cần bán gấp nhà mới, đẹp - HXH 8m đường Gò Dầu, quận Tân Phú DT 68,6m2, 5 tầng, nhỉnh 10 tỷ","10,8 tỷ","68,6 m²",4,6,"Tân Phú, Hồ Chí Minh","Đường Gò Dầu, Phường Tân Quý, Tân Phú, Hồ Chí Minh",
"Nhà đẹp hẻm 372 Điện Biên Phủ, Bình Thạnh - 150m2 - 4PN - Gần ĐH Hồng Bàng",26 tỷ,150 m²,4,2,"Bình Thạnh, Hồ Chí Minh","Đường Điện Biên Phủ, Phường 17, Bình Thạnh, Hồ Chí Minh",
"Nhà 30m x 6 tầng ngay tái định cư HimLam Thạch Bàn, gara ô tô, một căn giá tốt nhất thị trường","6,2 tỷ",30 m²,4,4,"Long Biên, Hà Nội","Phường Thạch Bàn, Long Biên, Hà Nội",
Bán nhà 65 Hiệp Bình - 2 mặt tiền siêu hiếm vị trí đắc địa tại TP. Thủ Đức!,Giá thỏa thuận,270 m²,Không có thông tin,Không có thông tin,"Thủ Đức, Hồ Chí Minh","65 Đường Hiệp Bình, Phường Hiệp Bình Phước, Thủ Đức, Hồ Chí Minh",
Siêu đẹp 57m MT5 đường 3.5m thông xe tải gần hồ điều hoà tại Bắc Hồng giá đầu tư,Giá thỏa thuận,57 m²,Không có thông tin,Không có thông tin,"Đông Anh, Hà Nội","Xã Bắc Hồng, Đông Anh, Hà Nội",
"**Bán đất mặt tiền Trần Quốc Hoàn, phường 13, Tân Bình; 5*14 - MTKD","9,79 tỷ",59 m²,Không có thông tin,Không có thông tin,"Tân Bình, Hồ Chí Minh","Đường Trần Quốc Hoàn, Phường 13, Tân Bình, Hồ Chí Minh",
"Cập nhật giá bán căn hộ Charm City mới nhất, tháng 03.2025","2,47 tỷ",95 m²,3,3,"Dĩ An, Bình Dương","Dự án Charm City, Đường ĐT 743, Phường Dĩ An, Dĩ An, Bình Dương",
"Shophouse góc 3 mặt tiền giao lộ trục đường lớn đối diện 9 tòa chung cư MASTERI ,GIÁ:39,5 tỷ","39,5 tỷ",160 m²,5,4,"Văn Giang, Hưng Yên","Dự án The Empire - Vinhomes Ocean Park 2, Đường Biển Xanh, Xã Long Hưng, Văn Giang, Hưng Yên",
"Trực tiếp chủ đầu tư bán căn hộ 72m2 Terra Royal Q.3, 2PN 2WC, giá 5,9 tỷ. LH chủ đầu tư 0902 442 ***","5,9 tỷ",72 m²,2,2,"Quận 3, Hồ Chí Minh","Terra Royal, 280, Đường Nam Kỳ Khởi Nghĩa, Phường Võ Thị Sáu, Quận 3, Hồ Chí Minh",
"Bán nhanh 60m2, vị trí đắc địa, view vườn hoa, TĐC Trâu Quỳ",Giá thỏa thuận,60 m²,Không có thông tin,Không có thông tin,"Gia Lâm, Hà Nội","Đường Trâu Quỳ, Thị trấn Trâu Quỳ, Gia Lâm, Hà Nội",
"5 căn cuối cùng! Cơ hội sở hữu căn hộ 3PN + 3WC, Vista Residence - trung tâm Đà Nẵng, nhận nhà 2025","6,4 tỷ",112 m²,3,3,"Hải Châu, Đà Nẵng","Dự án Vista Residence Da Nang, Đường Xô Viết Nghệ Tĩnh, Phường Hòa Cường Nam, Hải Châu, Đà Nẵng",
"BÁN CĂN HỘ 2PN MIDORI PARK THE VIEW, CHỈ 2,4 TỶ FULL NỘI THẤT","2,4 tỷ",61 m²,2,2,"Thủ Dầu Một, Bình Dương","Midori Park The View, Hòa Phú, Thủ Dầu Một, Bình Dương",
"Tổng hợp rổ hàng - Dream Home Palace - 1.85tỷ/2PN 62m2, 2.05 tỷ/3PN. Nhà mới. LH: 0906 662 ***","1,85 tỷ",62 m²,2,2,"Quận 8, Hồ Chí Minh","Dự án Dream Home Palace, Đường Trịnh Quang Nghị, Phường 7, Quận 8, Hồ Chí Minh",
"Bán đất Minh Đức Việt Yên giá 1,1 tỷ, 160m2, lô góc, mặt tiền 10m, pháp lý đầy đủ, xây nhà đẹp","1,1 tỷ",160 m²,Không có thông tin,Không có thông tin,"Việt Yên, Bắc Giang","Xã Minh Đức, Việt Yên, Bắc Giang",
Xã Đàn-Đại Cồ Việt bán tòa VP mới 10 tầng đầy đủ pháp lý không vướng cầu vướng hầm 206m2 148 tỷ,148 tỷ,206 m²,Không có thông tin,Không có thông tin,"Đống Đa, Hà Nội","Phố Xã Đàn, Phường Phương Liên - Trung Tự, Đống Đa, Hà Nội",
Cập nhật quỹ căn hộ 2 - 3 - 4 ngủ chuyển nhượng giá tốt nhất tại HPC Landmark - giá chuẩn ko chênh,"6,4 tỷ",116 m²,3,2,"Hà Đông, Hà Nội","Dự án HPC Landmark 105, Phường La Khê, Hà Đông, Hà Nội",
Cập nhật quỹ căn hộ 2 - 3 - 4 ngủ chuyển nhượng giá tốt nhất tại HPC Landmark - giá chuẩn ko chênh,"6,4 tỷ",116 m²,3,2,"Hà Đông, Hà Nội","Dự án HPC Landmark 105, Phường La Khê, Hà Đông, Hà Nội",
"Sang nhượng 4PN full NT toà Park 6, DT 139m2 giá 16 tỷ",16 tỷ,139 m²,4,3,"Bình Thạnh, Hồ Chí Minh","Dự án Vinhomes Central Park, Đường Điện Biên Phủ, Phường 22, Bình Thạnh, Hồ Chí Minh",
"Bán đất dự án khu dân cư 153ha Cát Lái, P.Cát Lái, Q.2, đa dạng DT, sổ đỏ cá nhân, giá tốt nhất KV",6 tỷ,100 m²,Không có thông tin,Không có thông tin,"Quận 2, Hồ Chí Minh","Dự án Cát Lái Invesco, Đường Nguyễn Thị Định, Phường Cát Lái, Quận 2, Hồ Chí Minh",
"Kẹt vốn kinh doanh nên cần bán gấp lô đất ở Đá Bạc, sổ hồng có sẵn. AE thiện chí LH: 0785 555 ***",890 triệu,115 m²,Không có thông tin,Không có thông tin,"Châu Đức, Bà Rịa Vũng Tàu","Xã Đá Bạc, Châu Đức, Bà Rịa Vũng Tàu",
"Chính chủ cần tiền bán gấp căn nhà mới 100%, 3 tầng, 4PN, ngay trung tâm TP Thuỷ Nguyên.","5,5 tỷ",110 m²,4,3,"Thủy Nguyên, Hải Phòng","Sapphire Gem Hải Phòng, Thủy Đường, Thủy Nguyên, Hải Phòng",
"Sản phẩm tái đầu tư Sun Symphony, Sun Ponte, Sun Cosmo giá tốt","3,2 tỷ",50 m²,1,1,"Sơn Trà, Đà Nẵng","Dự án Sun Symphony Residence, Đường Trần Hưng Đạo, Phường Nại Hiên Đông , Sơn Trà, Đà Nẵng",
"Bán gấp quán cafe và bida 1054m2 SHR, giá 25.9 tỷ P. An Phú, TP Thuận An. LH: 0906 720 ***","25,9 tỷ",1.054 m²,Không có thông tin,Không có thông tin,"Thuận An, Bình Dương","Đường An Phú 6, Phường An Phú, Thuận An, Bình Dương",
"Cần bán lô đất 10m ra mặt đường Quang Tiến. Vị trí gần Vincom, trường học, trung tâm hành chính mới","17,3 tỷ",93 m²,Không có thông tin,Không có thông tin,"Nam Từ Liêm, Hà Nội","Đường Quang Tiến, Phường Đại Mỗ, Nam Từ Liêm, Hà Nội",
"Bán gấp nhà mặt phố Lâm Văn Bền, Tân Kiểng, Q7, TP. HCM, 138 tr/m2, 228m2. Giá rẻ nhất để đầu tư","31,46 tỷ",228 m²,Không có thông tin,Không có thông tin,"Quận 7, Hồ Chí Minh","Đường Lâm Văn Bền, Phường Tân Kiểng, Quận 7, Hồ Chí Minh",
"Bán đất Sát Quốc lộ 21B, Bình Minh, Thanh Oai, Hà Nội, 2,75 tỷ, 43,5 m2 giá tốt uy tín","2,75 tỷ","43,5 m²",Không có thông tin,Không có thông tin,"Thanh Oai, Hà Nội","Đường Quốc lộ 21B, Xã Bình Minh, Thanh Oai, Hà Nội",
Quỹ hàng ngoại giao chung cư Handico Complex - 33 Lê Văn Lương giá ưu đãi - bank hỗ trợ vay ưu đãi,Giá thỏa thuận,"83,2 m²",2,2,"Thanh Xuân, Hà Nội","Handico Complex, 33, Đường Lê Văn Lương, Phường Nhân Chính, Thanh Xuân, Hà Nội",
KĐT Mỹ Gia - Lô biệt thự ngang 14m đường chính 27m siêu đẹp đối diện KĐT Gói 6 giá chỉ 30tr/m2,"6,48 tỷ",216 m²,Không có thông tin,Không có thông tin,"Nha Trang, Khánh Hòa","Khu đô thị Mỹ Gia, Phùng Hưng, Vĩnh Thái, Nha Trang, Khánh Hòa",
2 mặt tiền hẻm Nguyễn Súy Quận Tân Phú. DT 5.8 x32m,"9,5 tỷ",162 m²,Không có thông tin,Không có thông tin,"Tân Phú, Hồ Chí Minh","Đường Nguyễn Súy, Phường Tân Quý, Tân Phú, Hồ Chí Minh",
Agora City khu đô thị trung tâm hành chính Thủ Thừa Long An. 18tr/m2. SH riêng. Cọc 30% nhận nền,"1,9 tỷ",108 m²,Không có thông tin,Không có thông tin,"Thủ Thừa, Long An","Agora City, Đường 818, Thị trấn Thủ Thừa, Thủ Thừa, Long An",
Bán căn hộ duplex Mỹ Khánh nhà nội thất cao cấp view Quận 1,"17,5 tỷ",194 m²,3,2,"Quận 7, Hồ Chí Minh","Dự án Mỹ Khánh 1, Đường Nguyễn Đức Cảnh, Phường Tân Phong, Quận 7, Hồ Chí Minh",
Chính chủ tôi bán lô 74m thôn Đồng Nguyên Khê.,"5,99 tỷ",74 m²,Không có thông tin,Không có thông tin,"Đông Anh, Hà Nội","Đông Anh, Đường Cao tốc Nhật Tân Nội Bài, Xã Nguyên Khê, Đông Anh, Hà Nội",
"BÍ QUYẾT KIẾM TIỀN THỤ ĐỘNG, BỀN VỮNG TẠI CĂN HỘ CAO CẤP SENTOSA SKY PARK","2,6 tỷ","73,8 m²",Không có thông tin,Không có thông tin,"Lê Chân, Hải Phòng","Sentosa Sky Park Hải Phòng, Đại lộ Võ Nguyên Giáp, Kênh Dương, Lê Chân, Hải Phòng",
"Bán Đất tại KĐT Khai Sơn , 6,1 tỷ, 90m2, pháp lý đầy đủ, Q.Thuận Thành, Bắc Ninh","6,1 tỷ",90 m²,Không có thông tin,Không có thông tin,"Thuận Thành, Bắc Ninh","Đường Quốc Lộ 17, Xã Xuân Lâm, Thuận Thành, Bắc Ninh",
Bán Apartment căn hộ sát biển Đà Nẵng,"13,95 tỷ",474 m²,11,11,"Sơn Trà, Đà Nẵng","Đường Vũ Ngọc Nhạ, Phường Thọ Quang, Sơn Trà, Đà Nẵng",
"Bán căn Dolphin Plaza 198m2 4PN tầng 18 giá 10,9tỷ","10,9 tỷ",198 m²,4,2,"Nam Từ Liêm, Hà Nội","Dự án Dolphin Plaza, Phố Trần Bình, Phường Mỹ Đình 2, Nam Từ Liêm, Hà Nội",
"Bán căn Dolphin Plaza 198m2 4PN tầng 18 giá 10,9tỷ","10,9 tỷ",198 m²,4,2,"Nam Từ Liêm, Hà Nội","Dự án Dolphin Plaza, Phố Trần Bình, Phường Mỹ Đình 2, Nam Từ Liêm, Hà Nội",
"Hàng hot Vinhomes Golden River Bason - 3PN, 110m2, 24 tỷ bao thuế phí (còn thương lượng)",24 tỷ,110 m²,3,Không có thông tin,"Quận 1, Hồ Chí Minh","Dự án Vinhomes Golden River Ba Son, Phố Tôn Đức Thắng, Phường Bến Nghé, Quận 1, Hồ Chí Minh",
"Bán đất CLN quy hoạch ONT, diện tích hơn 1000m2 tại xã Hàm Thắng thuộc thành phố Phan Thiết","2,86 tỷ",1.040 m²,Không có thông tin,Không có thông tin,"Hàm Thuận Bắc, Bình Thuận","Đường Kim Ngọc, Xã Hàm Thắng, Hàm Thuận Bắc, Bình Thuận",
"Bán căn hộ 2PN, 2WC tại Lumiere Riverside, 8,8 tỷ, 74m2, Q2, HCM - giá cực chất, uy tín","8,8 tỷ",74 m²,2,2,"Quận 2, Hồ Chí Minh","Dự án Lumiere Riverside, Đường Võ Nguyên Giáp, Phường An Phú, Quận 2, Hồ Chí Minh",
Bảng giá 03/2025 bán căn hộ Victoria Village cập nhật mới nhất,"3,5 tỷ",52 m²,1,Không có thông tin,"Quận 2, Hồ Chí Minh","Victoria Village, Đồng Văn Cống, Thạnh Mỹ Lợi, Quận 2, Hồ Chí Minh",
"Lô đất đẹp mặt tiền đường lớn NGuyễn Tất Thành, Cẩm Hà, Hội An, khu vực sầm uất, giá siêu hời","12,8 tỷ","341,2 m²",Không có thông tin,Không có thông tin,"Hội An, Quảng Nam","Đường Nguyễn Tất Thành, Xã Cẩm Hà, Hội An, Quảng Nam",
Sẵn sổ hồng Công chứng ngay căn hộ 1 PN Lumiere Riverside Thảo Điền giá hạt dẻ TTCN 6 tỷ 950 all in,"6,95 tỷ","52,3 m²",1,1,"Quận 2, Hồ Chí Minh","Lumiere Riverside, Số 275 - 277, Đường Võ Nguyên Giáp, Phường An Phú, Quận 2, Hồ Chí Minh",
Bán đất mặt tiền Dương Vân Nga đường 10m5 vị trí đẹp kinh doanh,"5,85 tỷ",100 m²,Không có thông tin,Không có thông tin,"Sơn Trà, Đà Nẵng","Đường Dương Vân Nga, Phường Nại Hiên Đông , Sơn Trà, Đà Nẵng",
"Chuyên bán căn hộ Everrich Infinity Quận 5 1PN giá 3.1 tỷ, 2PN giá 6 tỷ, 3PN giá 9 tỷ giá tốt","3,1 tỷ",40 m²,1,Không có thông tin,"Quận 5, Hồ Chí Minh","Dự án The Everrich Infinity, Đường An Dương Vương, Phường 4, Quận 5, Hồ Chí Minh",
Toà văn phòng 110m2 - mặt tiền 6m - Trung Hoà - Trung Kính - ô tô tránh - cho thuê 90 tr/ tháng,48 tỷ,110 m²,Không có thông tin,Không có thông tin,"Cầu Giấy, Hà Nội","Phố Trung Kính, Phường Trung Hòa, Cầu Giấy, Hà Nội",
Thanh toán 680 triệu (25%) nhận nhà ở ngay tại Conic Boulevard Bình Chánh TP. HCM,"2,66 tỷ","84,32 m²",2,2,"Bình Chánh, Hồ Chí Minh","Dự án Conic Boulevard, Đường Huỳnh Bá Chánh, Xã Tân Kiên, Bình Chánh, Hồ Chí Minh",
"Bán Đất tại Đường Cao tốc Nhật Tân Nội Bài, Xã Tiên Dương, Đông Anh, Hà Nội, 75 triệu / m2, 73.9 m2","5,54 tỷ","73,9 m²",Không có thông tin,Không có thông tin,"Đông Anh, Hà Nội","Đông Anh, Đường Cao tốc Nhật Tân Nội Bài,Xã Tiên Dương, Đông Anh, Hà Nội",
"Bán nhà riêng, nhà xây mới trục Quốc lộ 13 đường thông 9m, cạnh đô thị Vạn Phúc view sông Sài Gòn","7,5 tỷ",60 m²,4,5,"Thủ Đức, Hồ Chí Minh","Quốc Lộ 13, Hiệp Bình Phước, Thủ Đức, Hồ Chí Minh",
"Nhà phố Lakeview City căn góc công viên giá 18 tỷ, 7x20m giá 22.5 tỷ nhà đã hoàn thiện. 0917 330 ***",18 tỷ,100 m²,4,5,"Quận 2, Hồ Chí Minh","Dự án Lakeview City, Đường Song Hành, Phường An Phú, Quận 2, Hồ Chí Minh",
"Bán sàn văn phòng Vinaconex Diamond Tower, 55 triệu / m2 đang cho thuê 18$/m2","8,69 tỷ",158 m²,Không có thông tin,Không có thông tin,"Hai Bà Trưng, Hà Nội","Dự án Vinaconex Diamond Tower, Phố Bạch Mai, Phường Trương Định, Hai Bà Trưng, Hà Nội",
Gia đình kẹt tiền cắt lỗ 1 lô gia tộc 48m2 và 5 cặp mộ đôi M1 M2 ngay chùa giá gốc HĐ góp vốn 2018,Giá thỏa thuận,48 m²,Không có thông tin,Không có thông tin,"Long Thành, Đồng Nai","Dự án Sala Garden, Xã Tân Hiệp, Long Thành, Đồng Nai",
"NHÀ BÁN GIÁ SIÊU RẺ, SIÊU HỜI TẠI P12, GÒ VẤP","5,6 tỷ",73 m²,5,6,"Gò Vấp, Hồ Chí Minh","Đường Bùi Quang Là, Phường 12, Gò Vấp, Hồ Chí Minh",
"Chính chủ cần bán nhanh lô đất mặt bãi tắm Thịnh Long, Nam Định",1 tỷ,146 m²,Không có thông tin,Không có thông tin,"Hải Hậu, Nam Định","Thị trấn Thịnh Long, Hải Hậu, Nam Định",
"Bán Đất Nền 61m2 tại Xã Sơn Đông, Sơn Tây, Hà Nội, giá 2,4 tỷ","2,4 tỷ",61 m²,Không có thông tin,Không có thông tin,"Sơn Tây, Hà Nội","Xã Sơn Đông, Sơn Tây, Hà Nội",
"Bán nhà CCMN Đào Tấn, Linh Lang, 90m2 x 8tầng, thang máy, ôtô, 24 ph, DT 130tr/tháng, GPXD, PCCC đủ",22 tỷ,90 m²,24,Không có thông tin,"Ba Đình, Hà Nội","Đường Đào Tấn, Phường Liễu Giai, Ba Đình, Hà Nội",
"Bán đất 368m2 tại Ninh Bình, Ninh Hòa, Khánh Hòa giá tốt chỉ với 2,7 tỷ","2,7 tỷ",368 m²,Không có thông tin,Không có thông tin,"Ninh Hòa, Khánh Hòa","Xã Ninh Bình, Ninh Hòa, Khánh Hòa",
"Ngộp giảm sốc ""2 tỷ"" bán gấp nhà 4 tầng 150m2 - ngang 10m - dòng tiền 40tr/tháng - Chỉ ""84tr/m2""","12,69 tỷ",150 m²,10,10,"Bình Thạnh, Hồ Chí Minh","Đường Nguyễn Hữu Cảnh, Phường 22, Bình Thạnh, Hồ Chí Minh",
"Hàng đẹp, cần ra nhanh lô trục Dũng Sĩ Điện Ngọc, giá đầu tư",2 tỷ,180 m²,Không có thông tin,Không có thông tin,"Điện Bàn, Quảng Nam","Phường Điện Ngọc, Điện Bàn, Quảng Nam",
"Bán lô liền kề khu A dự án Cienco5 đường 15,5m sổ đỏ chính chủ giá tốt nhất thị trường","3,9 tỷ",100 m²,Không có thông tin,Không có thông tin,"Mê Linh, Hà Nội","Dự án Cienco 5 Mê Linh, Xã Tiền Phong, Mê Linh, Hà Nội",
Bán gấp căn 2PN: 66m2 BE2 khu Metropolitan tầng trung giá siêu tốt 3.65 tỷ,"3,65 tỷ",66 m²,2,2,"Gia Lâm, Hà Nội","Dự án The Beverly - Vinhomes Ocean Park, Xã Đa Tốn, Gia Lâm, Hà Nội",
Bán nhanh biệt thự Tấn Trường 9x18m ngay gần Phú Mỹ Hưng,"25,5 tỷ",162 m²,4,5,"Quận 7, Hồ Chí Minh","Dự án Tấn Trường, Đường Số 4, Phường Phú Thuận, Quận 7, Hồ Chí Minh",
Bán gấp căn hộ Green Town Bình Tân 53m2. Lốc A góc 3MT thoáng. 2 phòng ngủ (sổ hồng đầy đủ),"2,08 tỷ",53 m²,2,2,"Bình Tân, Hồ Chí Minh","Green Town Bình Tân, Đường 1, Phường Bình Hưng Hòa B, Bình Tân, Hồ Chí Minh",
"Bán nhà mặt phố Trần Hưng Đạo, giá cực chất 25 tỷ, 128m2 tại Đồng Hới, Quảng Bình",25 tỷ,125 m²,Không có thông tin,Không có thông tin,"Đồng Hới, Quảng Bình","Đường Trần Hưng Đạo, Phường Đồng Phú, Đồng Hới, Quảng Bình",
"Nhà MT đường 10m kinh doanh mở văn phòng 5PN, 6WC, 71,4m2 tại Phạm Hữu Lầu, Q7, HCM, giá 15,9 tỷ","15,9 tỷ","71,4 m²",5,6,"Quận 7, Hồ Chí Minh","Đường Phạm Hữu Lầu, Phường Phú Mỹ, Quận 7, Hồ Chí Minh",
Căn hộ 2PN đã có sổ full nội thất ngay gần Phú Mỹ hưng lầu 20 thoáng nhà sạch sẽ vào ở được ngay,"2,65 tỷ",63 m²,2,2,"Quận 7, Hồ Chí Minh","Dự án The Era Town, Phường Phú Mỹ, Quận 7, Hồ Chí Minh",
"Bán đất 100m2, 2 tỷ tại Xã Lại Thượng, Thạch Thất, Hà Nội, giá siêu hời",2 tỷ,100 m²,Không có thông tin,Không có thông tin,"Thạch Thất, Hà Nội","Xã Lại Thượng, Thạch Thất, Hà Nội",
Tập thể Thành Công. Ba Đình. Tầng 2. Giá đầu tư,"3,9 tỷ",100 m²,3,1,"Ba Đình, Hà Nội","Đường Thành Công, Phường Thành Công, Ba Đình, Hà Nội",
"Bán đất Nguyễn Minh Châu, Tân Tiến, La Gi, Bình Thuận, 3 tỷ, 13841 m2, giá ưu đãi",3 tỷ,13.841 m²,Không có thông tin,Không có thông tin,"La Gi, Bình Thuận","Đường Nguyễn Minh Châu, Xã Tân Tiến, La Gi, Bình Thuận",
Bán căn nhà 3 tầng 2 mặt tiền đường Lê Đình Lý,65 tỷ,315 m²,12,6,"Hải Châu, Đà Nẵng","Đường Lê Đình Lý, Phường Hòa Thuận Tây, Hải Châu, Đà Nẵng",
"Cực Sốc! 3 Phòng ngủ tháp thương mại Estella Heights 125m2, full nội thất, giá chỉ 15.5 tỷ bao hết","15,5 tỷ",125 m²,3,2,"Quận 2, Hồ Chí Minh","Estella Heights, Song Hành, An Phú, Quận 2, Hồ Chí Minh",
"Bán lô đất 180m2 giá đầu tư, sổ đỏ lâu dài. Bán lô 240m2 và lô shop kinh doanh siêu đẹp","3,96 tỷ",180 m²,Không có thông tin,Không có thông tin,"An Dương, Hải Phòng","Dự án Seoul Ecohome, Đường Quốc Lộ 10, Phường Lê Lợi, An Dương, Hải Phòng",
Đầu Tư Sinh Lời Ngay - Lợi Nhuận Vượt Trội - Shophouse Đắc Địa Tại Khu Công Nghiệp Bàu Bàng,"1,5 tỷ",150 m²,Không có thông tin,Không có thông tin,"Bàu Bàng, Bình Dương","Đường D5, Thị trấn Lai Uyên, Bàu Bàng, Bình Dương",
"Đầu tư sinh lời ngay, đất nền 100m2, mặt tiền 6m, đường ô tô 8m tránh nhau - giá 3,6 tỷ","3,6 tỷ",100 m²,Không có thông tin,Không có thông tin,"Quốc Oai, Hà Nội","Đường 21, Xã Phú Cát, Quốc Oai, Hà Nội",
"Cần bán gấp Biệt thự Thanh Liên tại Vườn Vua Resort, DT 305m2, giá 7,5 tỷ đồng. LH 0912 256 ***","7,49 tỷ",305 m²,Không có thông tin,Không có thông tin,"Thanh Thủy, Phú Thọ","Vườn Vua Resort & Villas, Xã Đồng Trung, Thanh Thủy, Phú Thọ",
Bán villa đơn lập siêu đẹp liền kề DA The Global City - sổ hồng riêng - KDC an ninh yên tĩnh,"20,5 tỷ",218 m²,3,3,"Quận 9, Hồ Chí Minh","Đường Liên Phường, Phường Phước Long B, Quận 9, Hồ Chí Minh",
"Cần bán gấp căn hộ cao cấp nhất thanh xuân The Diamond Residence (BRG) 13,9 tỷ, 151m2, 4PN, 3WC","13,9 tỷ",151 m²,4,3,"Thanh Xuân, Hà Nội","Dự án The Diamond Residence, Đường Lê Văn Lương, Phường Nhân Chính, Thanh Xuân, Hà Nội",
Bán đất đường 33 - Điện Thắng Trung,"2,45 tỷ",150 m²,Không có thông tin,Không có thông tin,"Điện Bàn, Quảng Nam","Dự án Trảng Nhật, Xã Điện Thắng Bắc, Điện Bàn, Quảng Nam",
"Bán nhà mặt phố Đường 21B, Phú Lãm, Hà Đông, Hà Nội, 10 tỷ VND, 59.4m2, uy tín chỉ với",10 tỷ,"59,4 m²",Không có thông tin,Không có thông tin,"Hà Đông, Hà Nội","Đường 21B, Phường Phú Lãm, Hà Đông, Hà Nội",
"Siêu phẩm căn hộ mặt biển view tỷ đô view pháo hoa, vị trí trung tâm thương mại vay 70% sổ lâu dài","4,93 tỷ",81 m²,2,2,"Liên Chiểu, Đà Nẵng","Dự án Nam Ô Discovery, Đường Nguyễn Tất Thành, Phường Hòa Hiệp Nam, Liên Chiểu, Đà Nẵng",
"Chỉ cần 400tr mua được căn 2PN New Lavida ngay Vincom Dĩ An, còn lại góp trung bình góp 7tr/tháng","1,5 tỷ",62 m²,2,1,"Dĩ An, Bình Dương","Dự án New Lavida , Đường ĐT 743C, Phường Tân Đông Hiệp, Dĩ An, Bình Dương",
"Bán lô đất mặt tiền đường Hùng Vương, TX Lagi, Bình Thuận, full sổ hồng, ví trí đẹp, LH 0934 026 ***","400,03 tỷ","1.052,7 m²",Không có thông tin,Không có thông tin,"La Gi, Bình Thuận","Đường Hùng Vương, Xã Tân Tiến, La Gi, Bình Thuận",
"Nhà thật - giá thật gia đình cần bán căn 2 ngủ giá 5, x tỷ và căn 3 ngủ giá 6, x tỷ trong tháng",Giá thỏa thuận,111 m²,3,2,"Nam Từ Liêm, Hà Nội","Ecolife Capitol, 58, Đường Tố Hữu, Phường Trung Văn, Nam Từ Liêm, Hà Nội",
Bán nhà căn góc 7x20m khu City Land Park Hills giá 34 tỷ,35 tỷ,140 m²,Không có thông tin,Không có thông tin,"Gò Vấp, Hồ Chí Minh","Dự án CityLand Park Hills, Đường Phan Văn Trị, Phường 10, Gò Vấp, Hồ Chí Minh",
"Chuẩn bị mở bán dự án đất đấu giá tại thị trấn Ân Thi, Dt 90m2 đường 13,5m giá từ 5 tỷ cả nhà",Giá thỏa thuận,90 m²,Không có thông tin,Không có thông tin,"Ân Thi, Hưng Yên","Đường 200, Thị trấn Ân Thi, Ân Thi, Hưng Yên",
"Còn 2 căn duy nhất CK 15%, trực tiếp CĐT, hỗ trợ LS 0% 2 năm, nhà mới 100%, vị trí lõi Thủ Thiêm","5,5 tỷ",73 m²,2,2,"Quận 2, Hồ Chí Minh","Dự án Paris Hoàng Kim, Phố Lương Định Của, Phường Bình Khánh, Quận 2, Hồ Chí Minh",
"Nhận nhà ngay! Stown Phúc An(đã có sổ) trả trước 368triệu/căn 2PN, tặng tủ bếp. Agribank hỗ trợ vay","1,23 tỷ",55 m²,2,2,"Dĩ An, Bình Dương","Dự án Stown Phúc An, Đường N3, Phường Bình An, Dĩ An, Bình Dương",
"Bán nhanh đất Sài Đồng, Long Biên, 81m2, 6.2 tỷ, cạnh oto đỗ, nở hậu, đang cho thuê","6,2 tỷ",81 m²,Không có thông tin,Không có thông tin,"Long Biên, Hà Nội","Đường Nguyễn Văn Linh, Phường Sài Đồng, Long Biên, Hà Nội",
"Nhà đẹp phố Dương Khuê, Cầu Giấy, phân lô 2 mặt thoáng, ô tô tránh kinh doanh, 75m2 x 5 tầng, 28 tỷ",28 tỷ,75 m²,Không có thông tin,Không có thông tin,"Cầu Giấy, Hà Nội","Đường Dương Khuê, Phường Mai Dịch, Cầu Giấy, Hà Nội",
Cần bán căn nhà 210m2 - mặt tiền 10m sẵn,Giá thỏa thuận,210 m²,2,1,"Sầm Sơn, Thanh Hóa","Phường Quảng Châu, Sầm Sơn, Thanh Hóa",
"Bán căn hộ góc thiết kế đẹp view thoáng chung cư Pavilion - Vinhomes Ocean Park, 3.6 tỷ, 68 m2","3,2 tỷ",54 m²,2,2,"Gia Lâm, Hà Nội","Dự án The Pavilion - Vinhomes Ocean Park, Đường Lý Thánh Tông, Xã Dương Xá, Gia Lâm, Hà Nội",
"Bán căn hộ Cảnh Viên 1, Phú Mỹ Hưng, Q 7, DT 120m2, 3PN, 2WC, view công viên, LH 0936 711 ***","10,3 tỷ",120 m²,3,2,"Quận 7, Hồ Chí Minh","Dự án Cảnh Viên 1, Phường Tân Phú, Quận 7, Hồ Chí Minh",
Hiếm nhà đẹp Minh Khai - 4T - 2.3 tỷ - full nội thất cho gia đình trẻ,"2,3 tỷ",12 m²,3,4,"Hai Bà Trưng, Hà Nội","Đường Minh Khai, Phường Thanh Lương, Hai Bà Trưng, Hà Nội",
"Duy nhất 1 căn chuyển nhượng Sentosa Sky Park 1,5PN giá gốc CĐT. LH 0936 770 ***","1,9 tỷ","46,5 m²",2,Không có thông tin,"Lê Chân, Hải Phòng","Dự án Sentosa Sky Park Hải Phòng, Đường Đại lộ Võ Nguyên Giáp, Phường Kênh Dương, Lê Chân, Hải Phòng",
"Bán biệt thự ngay Sông Hàn Đà Nẵng, 22,8 tỷ, 300m2, giá tốt, sổ hồng sẵn","22,5 tỷ",300 m²,Không có thông tin,Không có thông tin,"Hải Châu, Đà Nẵng","Dự án Elysia Complex City, Đường Bùi Viện, Phường Hòa Cường Nam, Hải Châu, Đà Nẵng",
"Bán lô đất đường Sơn Thuỷ Đông 1 - Bãi tắm Sơn Thuỷ, giá 4 tỷ 050 tr","4,05 tỷ",90 m²,Không có thông tin,Không có thông tin,"Ngũ Hành Sơn, Đà Nẵng","Đường Sơn Thủy Đông 1, Phường Hòa Hải, Ngũ Hành Sơn, Đà Nẵng",
Trục thông - trục 21m lớn nhất khu Máng Nước Cửa Trại - 1 lô 75m duy nhất bán,"4,85 tỷ",75 m²,Không có thông tin,Không có thông tin,"Thủy Nguyên, Hải Phòng","Đường Máng Nước, Phường Thủy Đường, Thủy Nguyên, Hải Phòng",
"Bán suất ngoại giao ký trực tiếp CĐT 3PN 106m2 view Hồ, giá từ 120tr/m2, tặng 2 năm phí dịch vụ",Giá thỏa thuận,106 m²,3,2,"Ba Đình, Hà Nội","The Nelson Private Residences, Láng Hạ, Thành Công, Ba Đình, Hà Nội",
"Giá siêu tốt! Căn 2PN diện tích lớn Origami, view sông ĐN, hướng ĐN, ký với CĐT, giá 3tỷ265 all in","3,27 tỷ",67 m²,2,2,"Quận 9, Hồ Chí Minh","Dự án The Origami, Đường Phước Thiện, Phường Long Bình, Quận 9, Hồ Chí Minh",
"Shophouse cắt lỗ, view cầu Cửa Lục 3. Tiếp giáp KĐT Nghành Than",Giá thỏa thuận,90 m²,Không có thông tin,Không có thông tin,"Hạ Long, Quảng Ninh","Dự án FLC Tropical City, Đường Trần Phú, Phường Hà Khánh, Hạ Long, Quảng Ninh",
"Quỹ căn villa nghỉ dưỡng Flamingo Đại Lải, giá tốt cập nhật T3-2025, Ngọc Anh Flamingo","8,5 tỷ",323 m²,Không có thông tin,Không có thông tin,"Phúc Yên, Vĩnh Phúc","Dự án Flamingo Resort, Xã Ngọc Thanh, Phúc Yên, Vĩnh Phúc",
"Bán nhà 3 tầng 4,6tỷ 66m2 - sổ hồng thổ cư bao sang tên LH Thuỷ 0902 966 ***","4,6 tỷ",66 m²,3,3,"Quận 9, Hồ Chí Minh","Đường Gò Cát, Phường Phú Hữu, Quận 9, Hồ Chí Minh",
"Toà văn phòng mặt phố Liễu Giai, Kim Mã Thượng, kinh doanh đỉnh, 82m2 x 6 tầng, thang máy, giá 35tỷ",35 tỷ,82 m²,Không có thông tin,Không có thông tin,"Ba Đình, Hà Nội","Phố Kim Mã Thượng, Phường Kim Mã, Ba Đình, Hà Nội",
"Giỏ hàng nội bộ Essensia Sky siêu đẹp, chiết khấu lên đến gần 200tr cho khách hàng",5 tỷ,74 m²,2,2,"Nhà Bè, Hồ Chí Minh","Dự án Essensia Sky, Đường Nguyễn Hữu Thọ, Xã Phước Kiển, Nhà Bè, Hồ Chí Minh",
Bán căn hộ giá 1 tỷ view sông đối diện Cù Lao phố gần Aeon Mall Biên Hòa Đồng Nai,Giá thỏa thuận,60 m²,2,2,"Biên Hòa, Đồng Nai","Dự án Fresia Riverside , Đường Bùi Hữu Nghĩa, Phường Tân Vạn, Biên Hòa, Đồng Nai",
"Bán căn hộ 3PN + 2WC (87m2), view sông Sài Gòn, chung cư Q7 Riverside, Quận 7. Giá: 4,37 tỷ","4,37 tỷ",87 m²,3,2,"Quận 7, Hồ Chí Minh","Q7 Saigon Riverside, 04, Đường Đào Trí, Phường Phú Thuận, Quận 7, Hồ Chí Minh",
"Khuôn vip Lê Đức Thọ P15 GV 10m x 30m (tiện xây biệt thự, CHDV",22 tỷ,280 m²,Không có thông tin,Không có thông tin,"Gò Vấp, Hồ Chí Minh","Đường Lê Đức Thọ, Phường 15, Gò Vấp, Hồ Chí Minh",
"Chuyên đất nền biệt thự đảo Hoa Sen (Lotus Island) vị trí đẹp tại thành phố Nha Trang, giá tốt","10,22 tỷ",365 m²,Không có thông tin,Không có thông tin,"Nha Trang, Khánh Hòa","Dự án Lotus Island, Xã Phước Đồng, Nha Trang, Khánh Hòa",
Chính chủ bán căn giáp góc ngay cổng chung cư diện tích 93 m2 giá bán 31 tỷ bao phí,31 tỷ,93 m²,Không có thông tin,Không có thông tin,"Thanh Trì, Hà Nội","Dự án Rue De Charme, Đường Nguyễn Xiển, Xã Tân Triều, Thanh Trì, Hà Nội",
"Bán căn 66,3m2 Mipec Kiến Hưng","3,65 tỷ","66,3 m²",2,2,"Hà Đông, Hà Nội","Dự án Mipec City View, Phường Kiến Hưng, Hà Đông, Hà Nội",
"Tiêu đề: Bán nhà riêng 5 tầng full nội thất, ô tô đỗ cửa, gần ĐH, doanh thu 40tr/th, LH 0347 013 ***","11,92 tỷ",40 m²,9,9,"Cầu Giấy, Hà Nội","Đường Trần Thái Tông, Phường Dịch Vọng, Cầu Giấy, Hà Nội",
"Bán các căn vip biệt thự mặt hồ, căn trục chính, 162m2-180m2 chỉ nhỉnh 20 tỷ",Giá thỏa thuận,290 m²,Không có thông tin,Không có thông tin,"Hoài Đức, Hà Nội","Dự án Lideco, Đường Quốc lộ 32, Thị trấn Trạm Trôi, Hoài Đức, Hà Nội",
"Bán nhà 4 tầng mặt tiền/mặt phố, diện tích 120m2, khu đô thị Nam Long Trần Trọng Cung,Quận 7, TPHCM","16,9 tỷ",120 m²,4,5,"Quận 7, Hồ Chí Minh","Khu đô thị Nam Long, Trần Trọng Cung, Tân Thuận Đông, Quận 7, Hồ Chí Minh",
"Bán lô đất hoa hậu full TC tại Nhật Tảo, DT: 195m2, đường rộng sát DA ciputra giá chỉ có: 130tr/m2",Giá thỏa thuận,195 m²,Không có thông tin,Không có thông tin,"Bắc Từ Liêm, Hà Nội","Đường Nhật Tảo, Phường Đông Ngạc, Bắc Từ Liêm, Hà Nội",
"Bán căn Skyvilla The Flemington, 220m2, 4PN, 3WC view Landmark 81 và Bitexco, giá 14.5 tỷ","14,5 tỷ",220 m²,4,3,"Quận 11, Hồ Chí Minh","Dự án The Flemington, Đường Lê Đại Hành, Phường 15, Quận 11, Hồ Chí Minh",
Bán gấp BT Bằng Lăng 03 - 02 hướng ĐB diện tích 408.8m2 xây dựng 712m2 căn thô view sông rộng 120tỷ,120 tỷ,"408,8 m²",5,5,"Long Biên, Hà Nội","Vinhomes Riverside, Bằng Lăng 3, Phúc Lợi, Long Biên, Hà Nội",
Bán đất Đồng Trạng Cổ Đông - Sơn Tây khu biệt thự Nam Sơn 65.5m2 giá 2.22 tỷ LH 0977 514 ***,"2,23 tỷ","65,5 m²",Không có thông tin,Không có thông tin,"Sơn Tây, Hà Nội","Khu BT Nam Sơn Đường Đồng Trạng, Xã Cổ Đông, Sơn Tây, Hà Nội",
"ĐẤT Ở ĐÔ THỊ, SỔ RIÊNG TỪNG LÔ 7x16,6x20 NGAY TT HÀNH CHÍNH, 3 MẶT GIÁP SÔNG, 1 MẶT LÀ ĐƯỜNG ĐT818","1,69 tỷ",112 m²,Không có thông tin,Không có thông tin,"Thủ Thừa, Long An","Đường 818, Thị trấn Thủ Thừa, Thủ Thừa, Long An",
Siêu hiếm góc 2 mặt tiền Lê Đại Hành Trần Bình Trọng khu bàn cờ Nha Trang giá 120 tỷ,120 tỷ,525 m²,Không có thông tin,Không có thông tin,"Nha Trang, Khánh Hòa","Đường Lê Đại Hành, Phường Tân Tiến, Nha Trang, Khánh Hòa",
Bán resort biển Quy nhơn. 14500 m2 đất. Giá bán 250 tỷ. Liên hệ: 0868 427 ***,250 tỷ,14.500 m²,40,40,"Quy Nhơn, Bình Định","Đường Quốc lộ 1D, Phường Ghềnh Ráng, Quy Nhơn, Bình Định",
"Phân lô phố Vĩnh Phúc, Ba Đình, vỉa hè, đường 3 oto tránh, DT 85m2 x 6 tầng, thang máy, giá 31 tỷ",31 tỷ,85 m²,Không có thông tin,Không có thông tin,"Ba Đình, Hà Nội","Đường Vĩnh Phúc, Phường Vĩnh Phúc, Ba Đình, Hà Nội",
"Bán nhà mặt phố tại Võ Thành Trang, 18 tỷ, 5mx24m",18 tỷ,121 m²,Không có thông tin,Không có thông tin,"Tân Bình, Hồ Chí Minh","Đường Võ Thành Trang, Phường 11, Tân Bình, Hồ Chí Minh",
"Biệt thự 12x16m hàng hiếm tại Sim City, giá tốt nhất dự án: 14,5 tỷ, 192m2, 6PN, 4WC, 3 tầng","14,5 tỷ",192 m²,6,4,"Quận 9, Hồ Chí Minh","Dự án Sim City, Đường Lò Lu, Phường Trường Thạnh, Quận 9, Hồ Chí Minh",
"Bán nhà Thạch Bàn, 48m2, 6tầng, 10,1tỷ, hiếm - ô tô đỗ cửa - nhà mới koong - ngõ thông","10,1 tỷ",48 m²,3,3,"Long Biên, Hà Nội","Đường Huỳnh Tấn Phát, Phường Thạch Bàn, Long Biên, Hà Nội",
"Ra nhanh 2PN Masteri Centre Point giá tốt chỉ 4,19 tỷ-vào 10% nhận nhà ở luôn -còn lại đến cuối năm","4,19 tỷ","73,4 m²",2,2,"Quận 9, Hồ Chí Minh","Dự án Masteri Centre Point, Đường Nguyễn Xiển, Phường Long Thạnh Mỹ, Quận 9, Hồ Chí Minh",
"Chuyên bán biệt thự nhà phố KDC Phú Mỹ VPH, DT 6x21m (126m2) giá 18 tỷ và DT 10,5x21 m giá 31 tỷ",18 tỷ,126 m²,5,6,"Quận 7, Hồ Chí Minh","Khu dân cư Phú Mỹ, Hoàng Quốc Việt, Phú Mỹ, Quận 7, Hồ Chí Minh",
"Bán đất nền dự án 153 ha Cát Lái, P Cát Lái, TP Thủ Đức (Q2 cũ): 7x20, 5x20, 8x20 giá từ 53 tr/m2","7,42 tỷ",140 m²,Không có thông tin,Không có thông tin,"Quận 2, Hồ Chí Minh","Khu dân cư Cát Lái Invesco, Nguyễn Thị Định, Cát Lái, Quận 2, Hồ Chí Minh",
"Bán Nhà Đường Núi Thành, Phường Hòa Thuận Đông, Quận Hải Châu, Đà Nẵng.",24 tỷ,203 m²,Không có thông tin,Không có thông tin,"Hải Châu, Đà Nẵng","Phường Hòa Thuận Tây, Hải Châu, Đà Nẵng",
"Cần bán căn hộ The Flemington, 87m2, 3PN, giá cực cực tốt, nhà siêu đẹp. LH 0901 006 *** Phát","5,5 tỷ",87 m²,3,2,"Quận 11, Hồ Chí Minh","Dự án The Flemington, Đường Lê Đại Hành, Phường 15, Quận 11, Hồ Chí Minh",
Mảnh đất vàng Mai Anh Tuấn ! 1 mặt ô tô 1 mặt hồ - Mặt tiền 8m - Sổ đỏ nở hậu - khu vực trung tâm.,150 tỷ,282 m²,Không có thông tin,Không có thông tin,"Đống Đa, Hà Nội","Phường Ô Chợ Dừa, Đống Đa, Hà Nội",
"Gia đình tôi chuyển nhà mặt đất cần bán lại căn 72m2 CT5 KĐT Xa La, nhà Full nội thất thiết kế",Giá thỏa thuận,72 m²,2,2,"Hà Đông, Hà Nội","Khu đô thị mới Xa La, Phùng Hưng, Phúc La, Hà Đông, Hà Nội",
Chỉ với 650 triệu sở hữu căn hộ ngay mặt biển Cát Bà - Xanh Island giá đầu tư đợt 1,"1,85 tỷ",31 m²,1,1,"Cát Hải, Hải Phòng","Dự án Xanh Island Cát Bà, Đường 1/4, Thị trấn Cát Bà, Cát Hải, Hải Phòng",
"Bán nhà 26/24 Võ Văn Văn, KDCVL Tân Tạo, Bình Tân DT: 4*23m 4 lầu 5PN 4,99 tỷ","4,99 tỷ",88 m²,5,5,"Bình Tân, Hồ Chí Minh","26/24 Đường Võ Văn Vân, Phường Tân Tạo, Bình Tân, Hồ Chí Minh",
"Chính Chủ Bán Đất Vị Trí Đắc Địa DT 144m² Khu D Nam Đầm Vạc, Vĩnh Yên - Giá Tốt Nhất Chỉ 3x Tr/ M2",Giá thỏa thuận,144 m²,Không có thông tin,Không có thông tin,"Vĩnh Yên, Vĩnh Phúc","Dự án Khu đô thị Nam Đầm Vạc, Đường Ngô Quyền, Phường Khai Quang, Vĩnh Yên, Vĩnh Phúc",
"Bán nhà đẹp, giá rẻ - Cập nhật mới nhất giỏ hàng The Estella từ 2-3-4PN - Penthouse diện tích lớn",8 tỷ,104 m²,2,2,"Quận 2, Hồ Chí Minh","Dự án The Estella, Đường Xa Lộ Hà Nội, Phường An Phú, Quận 2, Hồ Chí Minh",
"Chính chủ bán căn nhà diện tích 50,4m2 tường riêng móng riêng tại Him Lam Hùng Vương: 0347 391 ***","3,5 tỷ","50,4 m²",4,3,"Hồng Bàng, Hải Phòng","Dự án Him Lam Hùng Vương, Phường Hùng Vương, Hồng Bàng, Hải Phòng",
"Chính chủ bán căn nhà diện tích 50,4m2 tường riêng móng riêng tại Him Lam Hùng Vương: 0347 391 ***","3,5 tỷ","50,4 m²",4,3,"Hồng Bàng, Hải Phòng","Dự án Him Lam Hùng Vương, Phường Hùng Vương, Hồng Bàng, Hải Phòng",
"Chỉ hơn 1 tỷ mua được căn Towhouse, chỉ 5,2 tỷ mua được căn BT 175m2, CK 16.5%, vay 0%/2 năm",Giá thỏa thuận,60 m²,5,4,"Phủ Lý, Hà Nam","Dự án Sun Urban City, Đường Lê Công Thanh, Phường Lam Hạ, Phủ Lý, Hà Nam",
Dự án Handico Complex 33 Lê Văn Lương,"7,22 tỷ",85 m²,3,Không có thông tin,"Thanh Xuân, Hà Nội","Handico Complex, 33, Đường Lê Văn Lương, Phường Nhân Chính, Thanh Xuân, Hà Nội",
"Chính chủ cần bán đất ngay trung tâm thị trấn Diên Khánh, giá tốt, full thổ cư. Lh: 0903 535 ***","1,01 tỷ","91,6 m²",Không có thông tin,Không có thông tin,"Diên Khánh, Khánh Hòa","Thị trấn Diên Khánh, Diên Khánh, Khánh Hòa",
"Bán Nhà Mặt tiền Thái Nguyên Vị trí đắc địa kinh doanh TP Nha Trang ngang mặt tiền 9mét DT 153,5m2",32 tỷ,"153,5 m²",Không có thông tin,Không có thông tin,"Nha Trang, Khánh Hòa","Phố Thái Nguyên, Phường Tân Tiến, Nha Trang, Khánh Hòa",
"(Ảnh thật) bán biệt thự góc đơn lập, vườn hoa cụm hồ, nhà thiết kế đẹp, hoàn thiện đẹp","24,5 tỷ",171 m²,Không có thông tin,Không có thông tin,"Hoài Đức, Hà Nội","Dự án Vinhomes Thăng Long, Xã An Khánh, Hoài Đức, Hà Nội",
Mở bán quỹ căn đất nền liền kề Quốc Lộ 3 phường Ba Hàng giá 20 tr/m2,2 tỷ,100 m²,Không có thông tin,Không có thông tin,"Phổ Yên, Thái Nguyên","Đường Quốc lộ 3, Phường Ba Hàng, Phổ Yên, Thái Nguyên",
"Quang Hiếu 0347 391 ***, Nhận tư vấn, đặt chỗ toà CT2, chuyển nhượng căn hộ CT1, CT3 giá tốt",Giá thỏa thuận,"70,4 m²",2,2,"Ngô Quyền, Hải Phòng","MoonBay Residence 384 Lê Thánh Tông, Lê Thánh Tông, Vạn Mỹ, Ngô Quyền, Hải Phòng",
Ngộp Bank chỉ còn 2tỷ900tr lô đất đẹp 1795m2 Diên Thọ ôm đường 70m QH thổ sát bên TL2 cao tốc BN,"2,9 tỷ",1.795 m²,Không có thông tin,Không có thông tin,"Diên Khánh, Khánh Hòa","Đường Tỉnh Lộ 2, Xã Diên Thọ, Diên Khánh, Khánh Hòa",
"Nhà mặt tiền đường Lý Triện thiết kế rất đẹp, xây dựng 3 tầng kiên cố","8,1 tỷ",105 m²,3,3,"Thanh Khê, Đà Nẵng","Đường Lý Triện, Phường An Khê, Thanh Khê, Đà Nẵng",
"Quỹ ngoại giao; Chuyển nhượng liền kề, biệt thự đẹp nhất d/a Jade Square (Jade Orchid) giá từ 25 tỷ",30 tỷ,116 m²,Không có thông tin,Không có thông tin,"Bắc Từ Liêm, Hà Nội","Jade Square, Nguyễn Đình Tứ, Xuân Đỉnh, Bắc Từ Liêm, Hà Nội",
"Bán tòa CHDV mặt tiền Đinh Công Tráng, Q 1. Hầm+ 6 tầng khai thác doanh thu ổn định. HL 0909 460 ***",49 tỷ,149 m²,Không có thông tin,Không có thông tin,"Quận 1, Hồ Chí Minh","Đường Đinh Công Tráng, Phường Tân Định, Quận 1, Hồ Chí Minh",
"Bán nhà mặt phố Quang Trung DT 5x27, HĐ cho thuê dài hạn tầng trệt 60tr/tháng",27 tỷ,135 m²,Không có thông tin,Không có thông tin,"Gò Vấp, Hồ Chí Minh","Đường Quang Trung, Phường 12, Gò Vấp, Hồ Chí Minh",
Đã cất nóc - Quỹ căn ngoại giao rẻ nhất The Charm An Hưng - liền KĐT Dương Nội Hà Đông,5 tỷ,72 m²,2,2,"Hà Đông, Hà Nội","Dự án The Charm An Hưng, Đường Tố Hữu, Phường La Khê, Hà Đông, Hà Nội",
"Chiết khấu cao siêu hấp dẫn các sản phẩm LK, BT Shophouse tại Majestic City, 70 triệu/m2, 90m2","6,3 tỷ",90 m²,Không có thông tin,Không có thông tin,"Mỹ Hào, Hưng Yên","Dự án Majestic City, Đường Lê Quý Quỳnh, Phường Nhân Hòa, Mỹ Hào, Hưng Yên",
"Căn 2PN New Lavida ngay Vincom Dĩ An, giá 1,5 tỷ trả trước 20% còn lại góp trung bình góp 6tr/tháng","1,5 tỷ",62 m²,2,Không có thông tin,"Dĩ An, Bình Dương","Dự án New Lavida , Đường ĐT 743C, Phường Tân Đông Hiệp, Dĩ An, Bình Dương",
"8x14m, XD 7 lầu, nhà C4 mặt tiền Hồ Biểu Chánh, gần UBND Phú Nhuận, giá 23.5 tỷ","23,5 tỷ",110 m²,Không có thông tin,Không có thông tin,"Phú Nhuận, Hồ Chí Minh","Đường Hồ Biểu Chánh, Phường 11, Phú Nhuận, Hồ Chí Minh",
Kẹt bank! Nhà 5 tầng MTKD Lê Văn Việt ~ 5m*20m = 100m2 - Bệnh Viện Lê Văn Việt - Quận 9. Bán: 20 Tỷ,20 tỷ,100 m²,Không có thông tin,Không có thông tin,"Quận 9, Hồ Chí Minh","Đường Lê Văn Việt, Phường Tăng Nhơn Phú A, Quận 9, Hồ Chí Minh",
"Bán CC 3PN, 2WC tại Eco Lake View, 5,95 tỷ, 96m2, Đường Đại Từ, Hoàng Mai, Hà Nội","5,95 tỷ",96 m²,3,2,"Hoàng Mai, Hà Nội","Eco Lake View, Đường Đại Từ, Phường Đại Kim, Hoàng Mai, Hà Nội",
Bán đất nền KĐT VCN Phước Long II - Giá tốt nhất thị trường cho khách hàng đầu tư,"5,2 tỷ",100 m²,Không có thông tin,Không có thông tin,"Nha Trang, Khánh Hòa","Khu đô thị VCN Phước Long 2, Đường A2, Phường Phước Long, Nha Trang, Khánh Hòa",
"Áp lực cắt lỗ 8 tỷ bán nhà 8T, DT 305m2, 15x20m, lô góc, giá mời đầu tư 0968 135 *** (A Bá)","85,5 tỷ",305 m²,48,48,"Hai Bà Trưng, Hà Nội","Phố Trần Đại Nghĩa, Phường Trương Định, Hai Bà Trưng, Hà Nội",
390 triệu/395m2 mặt tiền đường HL2 nhựa 30m - sổ hồng riêng - công chứng trong ngày,390 triệu,"394,4 m²",Không có thông tin,Không có thông tin,"Trảng Bàng, Tây Ninh","Đường Hương lộ 2, Xã An Tịnh, Trảng Bàng, Tây Ninh",
Tòa căn hộ dịch vụ 7 tầng - 12 phòng - dòng tiền ổn định - hiếm nhà bán khu vực Tôn Thất Tùng,17 tỷ,72 m²,12,12,"Đống Đa, Hà Nội","Đường Tôn Thất Tùng, Phường Khương Thượng, Đống Đa, Hà Nội",
"Bán căn hộ SPlus Riverview tại Vĩnh Phú 38, Thuận An giá từ 1.200 tỷ/căn - hotline: 0787 888 ***","1,2 tỷ","53,35 m²",2,1,"Thuận An, Bình Dương","Dự án SPlus Riverview, Đường Vĩnh Phú 38, Phường Vĩnh Phú, Thuận An, Bình Dương",
"Cần bán căn hộ Garden Vip The Minato Residence, chỉ duy nhất 1 căn trong 1 tòa. Giá 2 tỷ 550","2,55 tỷ",56 m²,1,1,"Lê Chân, Hải Phòng","Dự án The Minato Residence, Phường Vĩnh Niệm, Lê Chân, Hải Phòng",
SIÊU PHẨM VILAR MĂT TIỀN SÔNG ĐƯỜNG 10. HBC. THỦ ĐỨC NHÀ ĐẸP 8x20. 3 TẦNG,21 tỷ,160 m²,5,4,"Thủ Đức, Hồ Chí Minh","Đường Số 10, Phường Hiệp Bình Chánh, Thủ Đức, Hồ Chí Minh",
"Nhiều căn chuyển nhượng Phodong - Sol Villas, DT: 100m2 - 500m2, từ 10.3 tỷ - 48 tỷ, LH: 0902 746 ***","10,3 tỷ",120 m²,Không có thông tin,Không có thông tin,"Quận 2, Hồ Chí Minh","Dự án Phố Đông Village , Đường Nguyễn Thị Định, Phường Cát Lái, Quận 2, Hồ Chí Minh",
"Bán đất tại Khu tái định cư Phú Mỹ 2, 7,5 tỷ, 90m2, Chính chủ view đẹp","7,5 tỷ",90 m²,Không có thông tin,Không có thông tin,"Quận 7, Hồ Chí Minh","Phường Phú Mỹ, Quận 7, Hồ Chí Minh",
Bán căn hộ Masteri vốn chỉ cần 400tr miễn gốc lãi hơn 2 năm,"1,62 tỷ",30 m²,Không có thông tin,Không có thông tin,"Văn Giang, Hưng Yên","The Empire - Vinhomes Ocean Park 2, Long Hưng, Văn Giang, Hưng Yên",
Cập nhật rổ hàng tháng 2/2025 căn hộ Topaz - Quận 8. LH em để được hỗ trợ trực tiếp,"3,2 tỷ",70 m²,2,2,"Quận 8, Hồ Chí Minh","Dự án Topaz Elite, Đường Cao Lỗ, Phường 4, Quận 8, Hồ Chí Minh",
"Chính chủ cần bán nhà phố tại 78 Cầu Đất, Ngô Quyền, Hải Phòng. Nhà đầy đủ nội thất, 47 m2, 3 tầng","2,9 tỷ",47 m²,3,2,"Ngô Quyền, Hải Phòng","78, Đường Cầu Đất, Phường Cầu Đất, Ngô Quyền, Hải Phòng",
"Chính chủ cần bán mảnh đất 126m2. Mặt tiền 9m. Giá bán 20 triệu/1m2, ôtô đỗ cửa","2,52 tỷ",126 m²,Không có thông tin,Không có thông tin,"Thạch Thất, Hà Nội","Xã Bình Yên, Thạch Thất, Hà Nội",
"Bán nhà MT Lê Duẩn 16 tỷ và nhà mặt tiền Hàm Nghi, gần ngã tư Nguyễn Văn Linh 58m2, giá 12 tỷ",12 tỷ,58 m²,Không có thông tin,Không có thông tin,"Hải Châu, Đà Nẵng","Đường Hàm Nghi, Phường Hải Châu I, Hải Châu, Đà Nẵng",
Chính chủ thiện chí bán nhanh căn hộ 1PN+ 58m2 đầy đủ nội thất - giá tốt nhất tại Hà Đô quận 10,"6,7 tỷ",58 m²,1,1,"Quận 10, Hồ Chí Minh","Dự án HaDo Centrosa Garden, Đường 3/2, Phường 12, Quận 10, Hồ Chí Minh",
Bán toà VP phố Nguyễn Khang - 7 tầng thang máy - 85m2 - Chỉ nhỉnh 32 tỷ,"32,5 tỷ",85 m²,6,6,"Cầu Giấy, Hà Nội","Đường Nguyễn Khang, Phường Yên Hòa, Cầu Giấy, Hà Nội",
Nhà mới 2 tầng 3PN có phòng dưới trệt view cây xanh thoáng mát sổ hồng chuẩn giá chỉ 4tỷ 500tr,"4,5 tỷ","46,3 m²",3,2,"Nhà Bè, Hồ Chí Minh","Hẻm 2463, Đường Huỳnh Tấn Phát, Xã Phú Xuân, Nhà Bè, Hồ Chí Minh",
"Bán CH Đức Khải Q7, 85m 2PN view sông, Full nội thất, Giá 2,1 tỷ: LH 0902 952 *** 0926 879 ***","2,1 tỷ",85 m²,2,3,"Quận 7, Hồ Chí Minh","Dự án The Era Town, Đường 15B, Phường Phú Mỹ, Quận 7, Hồ Chí Minh",
"Bán nhà phố 2 mặt view liền kề khu Jamona Home Resort Thủ Đức, QL13, Thủ Đức","6,45 tỷ",68 m²,4,5,"Thủ Đức, Hồ Chí Minh","Dự án Jamona Home Resort, Đường Quốc Lộ 13, Phường Hiệp Bình Phước, Thủ Đức, Hồ Chí Minh",
Bán căn hộ S1.092411 view cực đẹp giá cực rẻ chỉ có 2 tỷ 1 thu net mà lại còn đầy đủ nội thất,"2,1 tỷ",38 m²,1,1,"Gia Lâm, Hà Nội","The Sapphire 1 - Vinhomes Ocean Park, Đa Tốn, Gia Lâm, Hà Nội",
Cần tiền bán căn 108m2 3PN căn góc tòa C Paragon Cầu Giấy giá 7 tỷ,7 tỷ,108 m²,3,2,"Cầu Giấy, Hà Nội","Dự án Hà Nội Paragon, Phường Dịch Vọng Hậu, Cầu Giấy, Hà Nội",
Bán căn hộ S1.092411 view cực đẹp giá cực rẻ chỉ có 2 tỷ 1 thu net mà lại còn đầy đủ nội thất,"2,1 tỷ",38 m²,1,1,"Gia Lâm, Hà Nội","The Sapphire 1 - Vinhomes Ocean Park, Đa Tốn, Gia Lâm, Hà Nội",
Cần tiền bán căn 108m2 3PN căn góc tòa C Paragon Cầu Giấy giá 7 tỷ,7 tỷ,108 m²,3,2,"Cầu Giấy, Hà Nội","Dự án Hà Nội Paragon, Phường Dịch Vọng Hậu, Cầu Giấy, Hà Nội",
"Cần bán căn biệt thự song lập view công viên, trường học HUGO, Anh Dũng 3, full nội thất","11,8 tỷ",185 m²,4,4,"Dương Kinh, Hải Phòng","Phường Anh Dũng, Dương Kinh, Hải Phòng",
Bán đất giá tốt nhất Mỹ Gia Nha Trang chỉ 30 triệu/m2 đường thông 27 mét LH 0915 560 ***,"6,5 tỷ","216,5 m²",Không có thông tin,Không có thông tin,"Nha Trang, Khánh Hòa","Mỹ Gia, Đường Võ Nguyên Giáp, Xã Vĩnh Thái, Nha Trang, Khánh Hòa",
"Siêu đẹp chính chủ bán căn hộ 3N2W 130,7m2 CTM 139 Cầu Giấy, full nội thất cao cấp","9,5 tỷ","130,7 m²",3,2,"Cầu Giấy, Hà Nội","CTM Building 139 Cầu Giấy, Đường Cầu Giấy, Phường Quan Hoa, Cầu Giấy, Hà Nội",
"Bán gấp căn 1PN giá chỉ 1,630tỷ bao hồ sơ ngân hàng cho vay 80%, TT 350tr nhận nhà và sổ luôn","1,63 tỷ",53 m²,1,1,"Thủ Dầu Một, Bình Dương","Dự án Happy One Central, Đường 30/4, Phường Phú Hòa, Thủ Dầu Một, Bình Dương",
"Dự án Đại Học Bách Khoa, các nền đất chính chủ giá cạnh tranh nhất thị trường","16,72 tỷ",304 m²,Không có thông tin,Không có thông tin,"Quận 9, Hồ Chí Minh","Dự án Bách Khoa, Đường Đỗ Xuân Hợp, Phường Phú Hữu, Quận 9, Hồ Chí Minh",
Hot - căn hộ dịch vụ 6 tầng - 30 phòng 500m2 - dòng tiền mượt mà - siêu phẩm đầu tư tại Linh Trung,20 tỷ,500 m²,30,30,"Thủ Đức, Hồ Chí Minh","Đường Số 5, Phường Linh Trung, Thủ Đức, Hồ Chí Minh",
"Bán gấp căn biệt thự kinh doanh xây 6 tầng đường 20m, vỉa hè 5m kinh doanh quá tiềm năng",19 tỷ,"109,2 m²",Không có thông tin,Không có thông tin,"Văn Giang, Hưng Yên","Dự án The Empire - Vinhomes Ocean Park 2, Xã Long Hưng, Văn Giang, Hưng Yên",
"Bán căn 2 ngủ 78m2 tòa Roman Plaza, nội thất mới, có slot, sổ đỏ CC - 4,75 tỷ bao phí. 0986 787 ***","4,75 tỷ",78 m²,2,2,"Nam Từ Liêm, Hà Nội","Dự án Roman Plaza, Đường Tố Hữu, Phường Đại Mỗ, Nam Từ Liêm, Hà Nội",
Hàng mới 2 MT khu TDC Hương Đình đầu tư hot,Giá thỏa thuận,180 m²,Không có thông tin,Không có thông tin,"Sóc Sơn, Hà Nội","Xã Mai Đình, Sóc Sơn, Hà Nội",
"RẺ NHẤT-NGỘP, CHỦ BÁN GẤP CĂN 1 PHÒNG NGỦ FULL NỘI THẤT CHỈ 1TỶ85 CC LÊ PHONG - LH: TRẦN HÀN VŨ","1,85 tỷ","52,5 m²",1,1,"Thuận An, Bình Dương","The Emerald Golf View, Đại Lộ Bình Dương, Lái Thiêu, Thuận An, Bình Dương",
"E Dũng Goldmark bán full quỹ căn 2PN 3PN 4PN, làm việc chính chủ không qua sàn giá rẻ nhất Goldmark",6 tỷ,110 m²,3,2,"Bắc Từ Liêm, Hà Nội","Goldmark City, Hồ Tùng Mậu, Phú Diễn, Bắc Từ Liêm, Hà Nội",
"Bán biệt thự đơn lập nằm trong compound The Aqua 1, hướng Nam thoáng mát. Giá bán full chỉ 8.5 tỷ","8,5 tỷ",225 m²,Không có thông tin,Không có thông tin,"Bến Lức, Long An","Dự án Waterpoint, Đường Tỉnh lộ 824, Xã An Thạnh, Bến Lức, Long An",
Nhỉnh 287 tr/m2 mặt phố lô góc Nguyễn Đình Hoàn 2 thoáng KD vỉa hè 73 m2 C4 MT 5m 21 tỷ Cầu Giấy,21 tỷ,"73,1 m²",Không có thông tin,Không có thông tin,"Cầu Giấy, Hà Nội","Đường Nguyễn Đình Hoàn, Phường Dịch Vọng, Cầu Giấy, Hà Nội",
"Bán đất tại An Phú An Khánh, 180 triệu / m2, 192 m2, hàng hiếm giá tốt","34,56 tỷ",192 m²,Không có thông tin,Không có thông tin,"Quận 2, Hồ Chí Minh","Dự án An Phú An Khánh, Đường Bùi Tá Hán, Phường An Phú, Quận 2, Hồ Chí Minh",
"Chính chủ tôi cần bán lô 71 m2 đất dv Song Phương, Hoài Đức, giá (110)tr/m2. Lh 0973 791 ***","7,81 tỷ",71 m²,Không có thông tin,Không có thông tin,"Hoài Đức, Hà Nội","Xã Song Phương, Hoài Đức, Hà Nội",
"Chính chủ bán lô đất kinh doanh giá siêu rẻ tại Đông Lai, Quang Tiến, Sóc Sơn. LH: 0369 288 ***",Giá thỏa thuận,144 m²,Không có thông tin,Không có thông tin,"Sóc Sơn, Hà Nội","Xã Quang Tiến, Sóc Sơn, Hà Nội",
"Chính chủ cần tiền bán Vùng Trung 9, DT 110m2 giá bán 3,350 tỷ","3,35 tỷ",110 m²,Không có thông tin,Không có thông tin,"Ngũ Hành Sơn, Đà Nẵng","Dự án Phú Mỹ An, Đường Vùng Trung 9, Phường Hòa Hải, Ngũ Hành Sơn, Đà Nẵng",
"Bán gấp căn hộ 3PN, 2WC tại Legend Tower 109 Nguyễn Tuân, 8,8 tỷ, 107m2. Full NT. LH 0792 826 ***","8,8 tỷ",107 m²,3,2,"Thanh Xuân, Hà Nội","Legend Tower 109 Nguyễn Tuân, Đường Nguyễn Tuân, Phường Nhân Chính, Thanh Xuân, Hà Nội",
"Bán CH Mandarin Garden Hoàng Minh Giám - DT từ 130,1m2 - 168 - 172 - 266 và 306m2, Tell 0904 717 ***",Giá thỏa thuận,"266,4 m²",4,4,"Cầu Giấy, Hà Nội","Mandarin Garden, Hoàng Minh Giám, Trung Hòa, Cầu Giấy, Hà Nội",
"Bán nhà mặt phố đẹp 7 tầng có thang máy tại Lạc Long Quân, 13.9 tỷ, 75m2, Tân Bình, HCM","13,9 tỷ",75 m²,11,12,"Tân Bình, Hồ Chí Minh","Đường Lạc Long Quân, Phường 8, Tân Bình, Hồ Chí Minh",
"Giỏ hàng thật 100% bán lỗ 3PN Celesta Rise Keppel Land DT 105m2 thô bán 5,7tỷ giá 102% - HTCB 6,2tỷ","5,7 tỷ",105 m²,3,2,"Nhà Bè, Hồ Chí Minh","Dự án Celesta Rise, Đường Nguyễn Hữu Thọ, Xã Phước Kiển, Nhà Bè, Hồ Chí Minh",
"Chủ cần tiền nhờ bán căn nhà Tôn Đức Thắng-Đống Đa, nhà mặt ngõ, gần ngay phố, giá nhỉnh 12 tỷ","12,9 tỷ",60 m²,4,4,"Đống Đa, Hà Nội","Phố Tôn Đức Thắng, Phường Hàng Bột, Đống Đa, Hà Nội",
"Chính chủ bán nhà Mỹ Đình 35m2 - 4 tầng - 4 ngủ - 6,55 tỷ","6,55 tỷ",35 m²,4,3,"Nam Từ Liêm, Hà Nội","Ngõ 52, đường Mỹ Đình, Phường Mỹ Đình 1, Nam Từ Liêm, Hà Nội",
"NCC chào bán lô đất đường Nguyễn Khắc Viện, biển Sơn Thủy Đà Nẵng. LH 0935 474 ***",Giá thỏa thuận,300 m²,Không có thông tin,Không có thông tin,"Ngũ Hành Sơn, Đà Nẵng","Đường Nguyễn Khắc Viện, Phường Hòa Hải, Ngũ Hành Sơn, Đà Nẵng",
Bán CH duplex 3Pn The Infinity Q7 Keppel DT~146m2 view hồ bơi mát giá 10ty5- xem nhà mẫu 0933 776 ***,"10,5 tỷ","145,4 m²",3,3,"Quận 7, Hồ Chí Minh","The Infiniti Riviera Point, Đường Huỳnh Tấn Phát, Phường Tân Phú, Quận 7, Hồ Chí Minh",
"Chính chủ bán nhà DT 46 m2 x 6 tầng ô tô chạy qua, tại 17 ngõ 54 đường Âu Cơ giá tốt nhất","13,5 tỷ",46 m²,Không có thông tin,Không có thông tin,"Tây Hồ, Hà Nội","17 ngõ 54, Đường Âu Cơ, Phường Tứ Liên, Tây Hồ, Hà Nội",
"Đầu tư đợt 1 căn hộ ven sông The Gió Riverside, liền kề Metro. Thanh toán 1%/th. HTLS 24 tháng",Giá thỏa thuận,65 m²,2,2,"Dĩ An, Bình Dương","Dự án The Gió Riverside, Đường D16, Phường Bình Thắng, Dĩ An, Bình Dương",
"Bán nhà 3 tầng Lâm Văn Bền, Q7 60m2 giá 9,5 tỷ","9,5 tỷ",60 m²,4,3,"Quận 7, Hồ Chí Minh","Đường Lâm Văn Bền, Phường Tân Kiểng, Quận 7, Hồ Chí Minh",
Bán đất MT KDC Đông An - TP Dĩ An 20 x 28 - 550m2 full thổ - tặng dãy trọ - 12.2ty~ 22tr/m2,"12,2 tỷ",550 m²,Không có thông tin,Không có thông tin,"Dĩ An, Bình Dương","Đường D1, Phường Tân Đông Hiệp, Dĩ An, Bình Dương",
"Bán gấp đất thổ cư 52m2 trục chính Lai Xá, Kim Chung Hoài Đức, đường ôtô tránh K. Doanh chỉ 8 tỷ","8,42 tỷ",52 m²,Không có thông tin,Không có thông tin,"Hoài Đức, Hà Nội","Đường Lai Xá, Xã Kim Chung, Hoài Đức, Hà Nội",
"Đất thị trấn, sát khu công nghiệp đẹp như hàng dự án giá chỉ 2xx tr/LÔ",280 triệu,196 m²,Không có thông tin,Không có thông tin,"Thạch Thành, Thanh Hóa","Đường Hồ Chí Minh, Xã Thạch Quảng, Thạch Thành, Thanh Hóa.",
Căn hộ STown Gateway - Sổ hồng riêng sở hữu lâu dài - Phòng Kinh Doanh Chủ Đầu Tư: 0909 056 ***,"1,7 tỷ",50 m²,2,1,"Thuận An, Bình Dương","Dự án Stown Gateway, Đường Quốc Lộ 13, Phường Vĩnh Phú, Thuận An, Bình Dương",
"Bán căn hộ TT AVIO Nhật Bản ngay Vincom Dĩ An, Trả góp chỉ 9tr/tháng, căn 2PN giá từ 1,23 tỷ/căn","1,23 tỷ",40 m²,2,1,"Dĩ An, Bình Dương","Dự án TT AVIO, Đường Tỉnh lộ 743C, Phường Tân Đông Hiệp, Dĩ An, Bình Dương",
Tha hồ lựa chọn Alacarte Hạ Long giá rẻ - Mua nhà được tư vấn miễn phí vận hành kinh doanh cho thuê,Giá thỏa thuận,50 m²,1,1,"Hạ Long, Quảng Ninh","Dự án A La Carte Hạ Long Bay, Phường Hùng Thắng, Hạ Long, Quảng Ninh",
"Vinhomes Wonder City Đan Phượng chỉ từ 1x tỷ/căn liền kề, biệt thự gần đại lộ Tây Thăng Long",19 tỷ,96 m²,Không có thông tin,Không có thông tin,"Đan Phượng, Hà Nội","Dự án Vinhomes Wonder City, Xã Tân Hội, Đan Phượng, Hà Nội",
"Bán nhà riêng tại Liên khu 4 - 5, 2,45 tỷ, 33m2, 2PN, 2WC, pháp lý đầy đủ","2,45 tỷ",35 m²,2,2,"Bình Tân, Hồ Chí Minh","Đường Liên khu 4-5, Phường Bình Hưng Hòa B, Bình Tân, Hồ Chí Minh",
"Bán đất Hậu Nghĩa, Đức Hòa, Long An, 150m2, tiện ích đầy đủ LH: 0932 061 ***",Giá thỏa thuận,150 m²,Không có thông tin,Không có thông tin,"Đức Hòa, Long An","Thị trấn Hậu Nghĩa, Đức Hòa, Long An",
"Bán gấp nhà mặt tiền 57 - 59 Nguyễn Văn Kỉnh, Thạnh Mỹ Lợi, Q2, HCM. 16x20m, 8 tầng. Giá 215 tỷ VND",215 tỷ,320 m²,7,7,"Quận 2, Hồ Chí Minh","57-59 Đường Nguyễn Văn Kỉnh, Phường Thạnh Mỹ Lợi, Quận 2, Hồ Chí Minh",
"Bán đất Hậu Nghĩa, Đức Hòa, Long An, 150m2, tiện ích đầy đủ LH: 0932 061 ***",Giá thỏa thuận,150 m²,Không có thông tin,Không có thông tin,"Đức Hòa, Long An","Thị trấn Hậu Nghĩa, Đức Hòa, Long An",
"Bán gấp nhà mặt tiền 57 - 59 Nguyễn Văn Kỉnh, Thạnh Mỹ Lợi, Q2, HCM. 16x20m, 8 tầng. Giá 215 tỷ VND",215 tỷ,320 m²,7,7,"Quận 2, Hồ Chí Minh","57-59 Đường Nguyễn Văn Kỉnh, Phường Thạnh Mỹ Lợi, Quận 2, Hồ Chí Minh",
"Bán nhà mặt tiền đường 494, nhà 1T/3 lầu, P. Tăng Nhơn Phú A, gần Lê văn Việt","12,5 tỷ",105 m²,5,5,"Quận 9, Hồ Chí Minh","Đường 494, Phường Tăng Nhơn Phú A, Quận 9, Hồ Chí Minh",
"Bán nhà phố, bán biệt thự khu Euro Village, vị trí đắc địa bậc nhất Đà Nẵng",Giá thỏa thuận,100 m²,4,5,"Sơn Trà, Đà Nẵng","Dự án Euro Village, Đường Ngô Quyền, Phường An Hải Nam, Sơn Trà, Đà Nẵng",
"Chủ cần tiền bán nhanh lô đất giá cực rẻ tại Liên Khê, Thủy Nguyên ngõ thông ô tô đỗ đất",410 triệu,81 m²,Không có thông tin,Không có thông tin,"Thủy Nguyên, Hải Phòng","Xã Liên Xuân, Thủy Nguyên, Hải Phòng",
"Cần bán đất nền dự án Gia Hòa, Đỗ Xuân Hợp, Q9, TP Thủ Đức, DT 5x20m (100m2) giá bán 10,5 tỷ","10,5 tỷ",100 m²,Không có thông tin,Không có thông tin,"Quận 9, Hồ Chí Minh","Dự án Gia Hòa, Đường Đỗ Xuân Hợp, Phường Phước Long B, Quận 9, Hồ Chí Minh",
"Chính chủ cần bán đất nền 4x19m khu dân cư An Phú Hưng, Phường Tân Phong, Quận 7","13,3 tỷ",76 m²,Không có thông tin,Không có thông tin,"Quận 7, Hồ Chí Minh","Đường Nguyễn Thị Thập, Phường Tân Phong, Quận 7, Hồ Chí Minh",
"Cần bán đất dự án An Thiên Lý, Q9, TP. DT 12x24m đường 12m giá 53tr/m2. LH 0908 110 *** gặp My..","17,57 tỷ",288 m²,Không có thông tin,Không có thông tin,"Quận 9, Hồ Chí Minh","Dự án Thiên Lý, Đường Dương Đình Hội, Phường Phước Long B, Quận 9, Hồ Chí Minh",
PKD Privia cập nhật full giỏ hàng 100 căn giá tốt nhất TT studio-2.5t/1PN-3t/2PN-3.9t/3PN-4.75t,"3,05 tỷ",51 m²,1,1,"Bình Tân, Hồ Chí Minh","Dự án The Privia, Đường An Dương Vương, Phường An Lạc, Bình Tân, Hồ Chí Minh",
"Bán căn hộ 3PN góc, 95m2, giá 7.9 tỷ tại Thống Nhất Complex, 82 Nguyễn Tuân","7,9 tỷ",95 m²,3,2,"Thanh Xuân, Hà Nội","Thống Nhất Complex, 82, Đường Nguyễn Tuân, Phường Thanh Xuân Trung, Thanh Xuân, Hà Nội",
"Giỏ hàng Midtown độc quyền mới nhất 3/2025 76m2 = 5,5 tỷ, 3PN= 11 tỷ","5,5 tỷ",76 m²,Không có thông tin,Không có thông tin,"Quận 7, Hồ Chí Minh","Dự án Midtown Phú Mỹ Hưng, Phường Tân Phú, Quận 7, Hồ Chí Minh",
Siêu phẩm đầu tư ngay ga Metro Bình Thái - Nhà 3T 108m2 (4.6m x 23m) đường oto 11m thông có vỉa hè,"10,8 tỷ",108 m²,3,3,"Thủ Đức, Hồ Chí Minh","Đường Nguyễn Văn Bá, Phường Trường Thọ, Thủ Đức, Hồ Chí Minh",
"Bán Nhà phố, biệt thự Cityland Park Hills phường 10 Gò Vấp, nhiều mặt hàng quý khách lựa chọn",Giá thỏa thuận,100 m²,6,6,"Gò Vấp, Hồ Chí Minh","CityLand Park Hills, 18, Đường Phan Văn Trị, Phường 10, Gò Vấp, Hồ Chí Minh",
Nhỉnh 6tỷ có ngay nhà phố Nguyễn Văn Cừ DT 55m2 - giá hiếm người bán,"6,6 tỷ",55 m²,3,3,"Long Biên, Hà Nội","Đường Nguyễn Văn Cừ, Phường Long Biên, Long Biên, Hà Nội",
"Độc quyền hàng hiếm 4PN - 154m2 - The Senique HaNoi, view Panorama hướng hồ cực chất LH 0976 037 ***",Giá thỏa thuận,154 m²,4,3,"Gia Lâm, Hà Nội","Dự án Chung cư The Senique Hanoi , Xã Dương Xá, Gia Lâm, Hà Nội",
"Cần bán đất dự án 153ha Cát Lái, P Cát Lái, TP Thủ Đức, 7x17m giá 53 tr/m2","6,31 tỷ",119 m²,Không có thông tin,Không có thông tin,"Quận 2, Hồ Chí Minh","Khu dân cư Cát Lái Invesco, Nguyễn Thị Định, Cát Lái, Quận 2, Hồ Chí Minh",
"Bán 16.945m2 đất mặt tiền Trừ Văn Thố, Bầu Bàng, Bình Dương giá rẻ nhất thị trường","27,11 tỷ",16.945 m²,Không có thông tin,Không có thông tin,"Bàu Bàng, Bình Dương","Đường Trừ Văn Thố, Xã Trừ Văn Thố, Bàu Bàng, Bình Dương",
"Bán CHCC chung cư iris Garden - 30 Trần Hữu Dực, Liên hệ xem nhà: 0989 324 *** em Châu","4,3 tỷ",62 m²,2,2,"Nam Từ Liêm, Hà Nội","Iris Garden, 30, Đường Trần Hữu Dực, Phường Cầu Diễn, Nam Từ Liêm, Hà Nội",
Siêu phẩm căn hộ cao cấp - view sông Hàn pháo hoa độc nhất Đà Nẵng chiết khấu lên đến 21%,"8,96 tỷ","70,1 m²",2,2,"Sơn Trà, Đà Nẵng","Dự án Sun Symphony Residence, Đường Trần Hưng Đạo, Phường Nại Hiên Đông , Sơn Trà, Đà Nẵng",
Bán giai đoạn 2 dự án KingHill Residences giá 2 tỷ,2 tỷ,90 m²,Không có thông tin,Không có thông tin,"Bến Lức, Long An","King Hill Residences, Xã Thanh Phú, Bến Lức, Long An",
"Mở bán khu biệt thự với 41 căn đồng bộ kiến trúc Pháp đang hoàn thiện tại Đà Lạt, giá F0",18 tỷ,200 m²,6,6,"Đà Lạt, Lâm Đồng","Đường Trịnh Hoài Đức, Phường 11, Đà Lạt, Lâm Đồng",
Giỏ hàng 7 lô đẹp giá chỉ từ 56.5tr đến 68tr/m2 đất nền ven sông KDC Gia Long 138 Lê Văn Lương,Giá thỏa thuận,85 m²,Không có thông tin,Không có thông tin,"Nhà Bè, Hồ Chí Minh","Gia Long Riverside Nhà Bè, 138, Đường Lê Văn Lương, Xã Phước Kiển, Nhà Bè, Hồ Chí Minh",
"3PN OS1 tầng cao view trực diện sông, công viên Vinwonder","8,9 tỷ",100 m²,3,2,"Quận 9, Hồ Chí Minh","Dự án The Opus One - Vinhomes Grand Park, Phường Long Bình, Quận 9, Hồ Chí Minh",
"Bán BT đơn lập cực đẹp 3MT đường, diện tích 206m2 xây 3T trục đường Đại Mỗ Nam TL.","63,5 tỷ",206 m²,5,5,"Nam Từ Liêm, Hà Nội","Đường Đại Mỗ, Phường Đại Mỗ, Nam Từ Liêm, Hà Nội",
"Bán đất đông bình dương, Tp Dĩ An 890tr/ nền",890 triệu,80 m²,Không có thông tin,Không có thông tin,"Dĩ An, Bình Dương","Dự án Khu đô thị Đông Bình Dương, Đường Nguyễn Thị Minh Khai, Phường Tân Bình, Dĩ An, Bình Dương",
Chính chủ bán nhà phố 2 mặt tiền trước sau,"5,95 tỷ","45,3 m²",3,4,"Gò Vấp, Hồ Chí Minh","Đường Lê Đức Thọ, Phường 13, Gò Vấp, Hồ Chí Minh",
"Bán biệt thự giá F0 từ Chủ đầu tư, miễn lãi và ân hạn gốc 12 tháng",11 tỷ,180 m²,4,5,"Từ Sơn, Bắc Ninh","Dự án Centa Riverside, Đường Hữu Nghị, Phường Phù Chẩn, Từ Sơn, Bắc Ninh",
"Bán Đất Nền Dự Án Dragon Park Văn Giang, 75 triệu / m2, 189 m2, Hưng Yên, giá ưu đãi Hot!","14,18 tỷ",189 m²,Không có thông tin,Không có thông tin,"Văn Giang, Hưng Yên","Dragon Park Văn Giang, Đường Tỉnh lộ 179, Xã Cửu Cao, Văn Giang, Hưng Yên",
17 tỷ liền kề khu b Geleximco dt: 100m2 - mt: 6m đối diện trung tâm thương mại Lh: 0974 099 ***,17 tỷ,100 m²,Không có thông tin,Không có thông tin,"Hà Đông, Hà Nội","Geleximco Lê Trọng Tấn, Đường Lê Trọng Tấn, Phường Dương Nội, Hà Đông, Hà Nội",
"Nhà Lk Vạn Phúc 46m2*6T, mặt sau Him Lam, full nội thất, giá 15.9 tỷ","15,9 tỷ","46,3 m²",4,5,"Hà Đông, Hà Nội","Phố Vạn Phúc, Phường Vạn Phúc, Hà Đông, Hà Nội",
"Siêu phẩm 6 tầng Luxury có thang máy mặt tiền nhánh 8m Nguyễn Ảnh Thủ, P. Tân Chánh Hiệp, Quận 12","8,19 tỷ",82 m²,4,6,"Quận 12, Hồ Chí Minh","Đường Nguyễn Ảnh Thủ, Phường Tân Chánh Hiệp, Quận 12, Hồ Chí Minh",
"Tập đoàn BRG mở bán căn hộ biển Đà Nẵng giá chỉ từ 4,8 tỷ - Newtown Diamond - Sân golf 36 hố","4,8 tỷ",73 m²,2,2,"Ngũ Hành Sơn, Đà Nẵng","Dự án Newtown Diamond Đà Nẵng , Đường Trường Sa, Phường Hòa Hải, Ngũ Hành Sơn, Đà Nẵng",
"Mở bán sàn văn phòng - ngã 4 Bạch Mai + Minh Khai. Sẵn sổ bàn giao, sẵn dòng tiền cho thuê 19$/m","12,76 tỷ",232 m²,Không có thông tin,Không có thông tin,"Hai Bà Trưng, Hà Nội","Vinaconex Diamond Tower, Số 459C, Phố Bạch Mai, Phường Trương Định, Hai Bà Trưng, Hà Nội",
Chuyên căn hộ Era Town Quận 7 giá tốt! 67m2 - 2PN 2WC full nội thất chỉ 1 tỷ 840. LH: 0938 371 ***,"1,84 tỷ",67 m²,2,2,"Quận 7, Hồ Chí Minh","Dự án The Era Town, Phường Phú Mỹ, Quận 7, Hồ Chí Minh",
Cần bán căn mặt đường 33m dự án Himlam Thường Tín giá siêu tốt liên hệ 0974 694 ***,"15,7 tỷ",88 m²,4,Không có thông tin,"Thường Tín, Hà Nội","Dự án Him Lam Thường Tín, Đường Trần Phú, Thị trấn Thường Tín, Thường Tín, Hà Nội",
130m2 - ô tô 7 chỗ đỗ cửa - thôn Thái Bình - Mai Lâm Đông Anh - Hà Nội,"9,49 tỷ",130 m²,Không có thông tin,Không có thông tin,"Đông Anh, Hà Nội","Thôn Thái Bình, Xã Mai Lâm, Đông Anh, Hà Nội",
"Lô biệt thự Thanh Hà cạnh hồ điều hoà 12ha, cạnh 11 toà chung cư đường 17m","19,25 tỷ",350 m²,Không có thông tin,Không có thông tin,"Hà Đông, Hà Nội","Khu đô thị Thanh Hà Mường Thanh, Kiến Hưng, Hà Đông, Hà Nội",
"Chính chủ bán 52m2 đất tại thôn Khuê Than, Xã Phú Nghĩa, Chương Mỹ",Giá thỏa thuận,52 m²,Không có thông tin,Không có thông tin,"Chương Mỹ, Hà Nội","Xã Phú Nghĩa, Chương Mỹ, Hà Nội",
"Chính chủ cần bán căn nhà phố Đông Ngạc - 30m2 - 4 tầng - 5,3 tỷ - 15m ra ngõ ô tô tránh","5,3 tỷ",30 m²,5,3,"Bắc Từ Liêm, Hà Nội","Ngõ 81, đường Đông Ngạc, Phường Đông Ngạc, Bắc Từ Liêm, Hà Nội",
"Chỉ thanh toán 440 triệu sở hữu ngay căn hộ 2PN2WC giỏ hàng CĐT, CH The Maison tháng 5 bàn giao nhà",2 tỷ,70 m²,2,2,"Thủ Dầu Một, Bình Dương","Dự án The Maison, Đường Phan Bội Châu, Phường Phú Thọ, Thủ Dầu Một, Bình Dương",
Bán ngay dự án The Vista vị trí trung tâm thành phố - Booking chỉ với 50tr - Sở hữu lâu dài,Giá thỏa thuận,76 m²,2,2,"Hải Châu, Đà Nẵng","Dự án Vista Residence Da Nang, Đường Xô Viết Nghệ Tĩnh, Phường Hòa Cường Nam, Hải Châu, Đà Nẵng",
"Bán căn hộ chung cư Eco Green City, 4,4 tỷ, 67m2, 2PN, 2WC, giá tốt","4,4 tỷ",67 m²,2,2,"Thanh Trì, Hà Nội","Dự án Eco Green City, Đường Nguyễn Xiển, Xã Tân Triều, Thanh Trì, Hà Nội",
"Quỹ căn hộ giá tốt nhất tại Vinhomes Smart City - An cư lý tưởng, Đầu tư sinh lời !","3,8 tỷ",61 m²,2,2,"Nam Từ Liêm, Hà Nội","Dự án Vinhomes Smart City , Phường Tây Mỗ, Nam Từ Liêm, Hà Nội",
"Kẹt tiền bán gấp lô đất mặt đường 22m ven sông Quận 7 - Giảm giá từ 12 tỷ còn 9,5 tỷ bán nhanh","9,5 tỷ","125,4 m²",Không có thông tin,Không có thông tin,"Nhà Bè, Hồ Chí Minh","Đường Phạm Hữu Lầu, Xã Phước Kiển, Nhà Bè, Hồ Chí Minh",
"Hiếm, mặt tiền Phú Thọ Hoà, 4x18m (SD 72m2), 2 tầng, giá 14,9 tỷ TL","14,9 tỷ",72 m²,2,2,"Tân Phú, Hồ Chí Minh","Đường Phú Thọ Hòa, Phường Phú Thọ Hòa, Tân Phú, Hồ Chí Minh",
Bán căn biệt thự góc 2 mặt tiền view sông Sài Gòn P. Thạnh Mỹ Lợi Tp Thủ Đức 321.5m2 giá chỉ 115 tỷ,115 tỷ,"321,5 m²",Không có thông tin,Không có thông tin,"Quận 2, Hồ Chí Minh","Dự án Huy Hoàng, Đường Tỉnh lộ 25B, Phường Thạnh Mỹ Lợi, Quận 2, Hồ Chí Minh",
"Hải Phòng 5000m2, 10.000m2 đất công nghiệp phù hợp nhiều ngành nghề có thể làm FDI, giá 2,3 tr/m2","11,5 tỷ",5.000 m²,Không có thông tin,Không có thông tin,"Tiên Lãng, Hải Phòng","Xã Đại Thắng, Huyện Tiên Lãng, Hải Phòng",
Sapphire Gem sở hữu vị trí vàng - đón đầu tiềm năng tăng giá,"8,15 tỷ",154 m²,4,4,"Thủy Nguyên, Hải Phòng","Dự án Sapphire Gem Hải Phòng, Phường Thủy Đường, Thủy Nguyên, Hải Phòng",
Sở hữu căn hộ Sài Gòn Intela chỉ với 600tr,"1,53 tỷ",55 m²,2,2,"Bình Chánh, Hồ Chí Minh","Dự án Sài Gòn Intela, Đường Nguyễn Văn Linh, Xã Phong Phú, Bình Chánh, Hồ Chí Minh",
Siêu rẻ giá chỉ 118 triệu/m2 nền biệt thự giá tốt nhát khu vực An Khánh Q2 cần bán gấp 0907 028 ***,67 tỷ,"567,2 m²",Không có thông tin,Không có thông tin,"Quận 2, Hồ Chí Minh","Đường Số 12, Phường An Khánh, Quận 2, Hồ Chí Minh",
"Bán MT Tô Ngọc Vân, Linh Đông. Ngang 20m*20m=370m2. Hđ thuê 160tr/tháng thu nét. Giá bán 60 tỷ TL",60 tỷ,370 m²,1,1,"Thủ Đức, Hồ Chí Minh","Đường Tô Ngọc Vân, Phường Linh Đông, Thủ Đức, Hồ Chí Minh",
"CC cần bán gấp căn 1N + 43m2 full đồ, thiết kế 2N giá 2.98 tỷ","2,98 tỷ",43 m²,2,1,"Nam Từ Liêm, Hà Nội","Dự án Vinhomes Smart City , Phường Tây Mỗ, Nam Từ Liêm, Hà Nội",
"Đất MT 80*107m, Q. Lộ 1A, TT Tân Nghĩa, Hàm Tân","14,55 tỷ",8.560 m²,Không có thông tin,Không có thông tin,"Hàm Tân, Bình Thuận","Đường Quốc lộ 1A, Thị trấn Tân Nghĩa, Hàm Tân, Bình Thuận",
"Chính chủ bán nhà riêng gần trường tiểu học/trung học cơ sở Kim Giang, Phố Hoàng Đạo Thành","13,5 tỷ","42,7 m²",2,2,"Thanh Xuân, Hà Nội","Số 14 ngách 55, ngõ 64, Đường Kim Giang, Phường Hạ Đình, Thanh Xuân, Hà Nội",
Phố Nguyễn Văn lộc siêu kinh doanh - nở hậu - trung tâm quận - đối diện học viện an ninh,33 tỷ,105 m²,6,6,"Hà Đông, Hà Nội","Đường Nguyễn Văn Lộc, Phường Mỗ Lao, Hà Đông, Hà Nội",
"Phải thật nhanh nhà dân xây Vĩnh Phúc, Hoàng Hoa Thám, Ba Đình 50m2x3T 4 ngủ giá siêu rẻ 6,8 tỷ","6,8 tỷ",50 m²,4,3,"Ba Đình, Hà Nội","Ngõ 75, Đường Vĩnh Phúc, Phường Vĩnh Phúc, Ba Đình, Hà Nội",
"The Filmore giỏ hàng 23 căn từ CDT, chiết khấu 16% tháng 3 tặng tivi 75in hoặc trừ vào giá bán 40tr","4,7 tỷ",51 m²,1,1,"Hải Châu, Đà Nẵng","Dự án The Filmore Da Nang, Đường Bạch Đằng, Phường Bình Thuận, Hải Châu, Đà Nẵng",
"TỔNG HỢP, Quỹ căn hộ BRG Diamond Park Plaza, 1PN-2PN-3PN, 16 Láng Hạ mới nhất VIEW Hồ.","18,75 tỷ",125 m²,3,2,"Ba Đình, Hà Nội","Diamond Park Plaza , Láng Hạ, Thành Công, Ba Đình, Hà Nội",
Đón sóng Từ Sơn về Hà Nội CĐT mở bán quỹ căn siêu vip giá F0 tại Bắc Ninh. Sổ hồng sở hữu nâu dài,11 tỷ,180 m²,3,4,"Từ Sơn, Bắc Ninh","Dự án Centa Riverside, Đường Hữu Nghị, Phường Phù Chẩn, Từ Sơn, Bắc Ninh",
"5 căn ưu đãi. Nhỉnh 1 tỷ mua căn 2PN, 3PN. Chỉ từ 60tr/m2. Vay 0%/24T, CK 10%, quà tặng 1 cây vàng",5 tỷ,90 m²,2,2,"Hoàng Mai, Hà Nội","Dự án Hà Nội Melody Residences, Đường Bằng Liệt, Phường Hoàng Liệt, Hoàng Mai, Hà Nội",
"Biệt thự, liền kề Vinhomes Đan Phượng trực tiếp CDT chỉ 156tr/m2 đất, HT vay 70% miễn gốc lãi 24T",Giá thỏa thuận,99 m²,Không có thông tin,Không có thông tin,"Đan Phượng, Hà Nội","Dự án Vinhomes Wonder Park, Xã Tân Hội, Đan Phượng, Hà Nội",
Bán đất mặt tiền diện tích 1040m2 Quốc Lộ N2 thuận tiện kinh doanh gần KCN Việt Phát Hoàn Cầu,Giá thỏa thuận,1.040 m²,Không có thông tin,Không có thông tin,"Bến Lức, Long An","Xã Thạnh Lợi, Bến Lức, Long An",
"Bán đất mặt tiền 52m Quốc lộ N2 Tân Thạnh Long An, DT 11.812m2",Giá thỏa thuận,11.812 m²,Không có thông tin,Không có thông tin,"Tân Thạnh, Long An","Xã Nhơn Ninh, Tân Thạnh, Long An",
"Quỹ căn Vinhomes Skylake Phạm Hùng, Mỹ Đình, Nam Từ Liêm 3PN giá tốt nhất T3/2025",8 tỷ,90 m²,3,2,"Nam Từ Liêm, Hà Nội","Dự án Vinhomes Skylake, Đường Phạm Hùng, Phường Mỹ Đình 1, Nam Từ Liêm, Hà Nội.",
Giá đợt 1 Vinhomes Đan Phượng chỉ 156tr/m2 = 14 tỷ/căn LK mặt tiền 8m giá dành cho 400KH đầu tiên,Giá thỏa thuận,88 m²,Không có thông tin,Không có thông tin,"Đan Phượng, Hà Nội","Vinhomes Wonder Park, Tân Hội, Đan Phượng, Hà Nội",
Bán căn hộ chung cư 130m2 vew hồ điều hoà,7 tỷ,130 m²,3,2,"Nam Từ Liêm, Hà Nội","Dự án Tây Hà Tower, Đường Tố Hữu, Phường Trung Văn, Nam Từ Liêm, Hà Nội",
"Cần bán liền kề Thanh Hà DT 100m2, giá chỉ 9,5 tỷ đồng","9,5 tỷ",100 m²,Không có thông tin,Không có thông tin,"Hà Đông, Hà Nội","Dự án Thanh Hà Mường Thanh, Phường Kiến Hưng, Hà Đông, Hà Nội",
"Chính chủ cần bán nhà đường XVNT, P.26, Q.Bình Thạnh, đường ôtô né nhau, xe tải quay đầu thoải mái","10,9 tỷ",65 m²,3,3,"Bình Thạnh, Hồ Chí Minh","Đường Xô Viết Nghệ Tĩnh, Phường 26, Bình Thạnh, Hồ Chí Minh",
"Chính chủ bán đất có vị trí đắc địa tại xã Thạnh Lợi, Bến Lức, tỉnh Long An",Giá thỏa thuận,"9.346,6 m²",Không có thông tin,Không có thông tin,"Bến Lức, Long An","Xã Thạnh Lợi, Bến Lức, Long An",
"Chính chủ bán căn hộ 90m², phòng 14.6 tòa nhà Vimeco 1, Trung Hòa, Cầu Giấy","6,85 tỷ",90 m²,3,2,"Cầu Giấy, Hà Nội","Dự án Vimeco Phạm Hùng, Đường Phạm Hùng, Phường Trung Hòa, Cầu Giấy, Hà Nội",
Quỹ căn cần bán gấp 03/2025 tại Royal City. Cam kết có slot oto. Full tiện ích 5sao. LH 0375 122 ***,"10,2 tỷ",130 m²,3,2,"Thanh Xuân, Hà Nội","Royal City, Nguyễn Trãi, Thượng Đình, Thanh Xuân, Hà Nội",
"Cần bán đất mặt tiền Quốc Lộ N2 - Tân Thạnh, Long An. Diện tích: 17.970m2",Giá thỏa thuận,17.970 m²,Không có thông tin,Không có thông tin,"Tân Thạnh, Long An","Xã Nhơn Ninh, Tân Thạnh, Long An",
"Cần bán căn hộ 2PN2WC Ruby Vinhomes Ocean Park Gia Lâm diện tích 68m giá bán 4,350tỷ LH 0923 468 ***","4,35 tỷ",68 m²,2,2,"Gia Lâm, Hà Nội","Dự án The Zenpark, Đường Đông Dư, Thị trấn Trâu Quỳ, Gia Lâm, Hà Nội",
"Chính chủ cắt lỗ bán nhanh căn hộ 2PN Sunshine Sky City Tòa S3 DT 77,5m2, tầng cao view đẹp có TL","5,5 tỷ","77,5 m²",2,2,"Quận 7, Hồ Chí Minh","Dự án Sunshine Sky City , Đường Phú Thuận, Phường Tân Phú, Quận 7, Hồ Chí Minh",
"Chính chủ bán nhà riêng 6 tầng x 51m2, thang máy, lô góc, full nội thất, Nguyễn Văn Cừ, ngõ 3m","9,55 tỷ",51 m²,3,5,"Long Biên, Hà Nội","Đường Nguyễn Văn Cừ, Phường Gia Thụy, Long Biên, Hà Nội",
"The Filmore giỏ hàng 23 căn từ CDT, chiết khấu 16%, nhận nhà ở ngay, Mr Cường chuyên dự án ngày đầu","5,06 tỷ","51,3 m²",1,Không có thông tin,"Hải Châu, Đà Nẵng","Dự án The Filmore Da Nang, Đường Bạch Đằng, Phường Bình Thuận, Hải Châu, Đà Nẵng",
"HimLam ra hàng mới nhất, quỹ các căn shophouse đường Lý Tử Tấn. Đường 33m + vỉa hè 5m. Giá từ 17 tỷ","18,5 tỷ","88,3 m²",6,7,"Thường Tín, Hà Nội","Him Lam Thường Tín, Đường Trần Phú, Thị trấn Thường Tín, Thường Tín, Hà Nội",
"Bán căn hộ Iris Garden 30 Trần Hữu Dực, DT 60,7 đến 135m2 2 và 3 ngủ 4,5 tỷ đến 8,3 tỷ xem nhà 24/7",Giá thỏa thuận,"60,7 m²",2,2,"Nam Từ Liêm, Hà Nội","Iris Garden, 30, Đường Trần Hữu Dực, Phường Cầu Diễn, Nam Từ Liêm, Hà Nội",
Bán biệt thự lô góc 2 mặt tiền KĐT HUD Mê Linh,21 tỷ,293 m²,Không có thông tin,Không có thông tin,"Mê Linh, Hà Nội","Dự án HUD Me Linh Central, Xã Thanh Lâm, Mê Linh, Hà Nội",
"Bán biệt thự vườn, mặt tiền đường Lê Đức Thọ - Trung tâm TP. Phú Mỹ - Bà Rịa - Vũng Tàu","16,1 tỷ",2.100 m²,Không có thông tin,Không có thông tin,"Phú Mỹ, Bà Rịa Vũng Tàu","Đường Lê Đức Thọ, Phường Phú Mỹ, Phú Mỹ, Bà Rịa Vũng Tàu",
Bán song lập Ngọc Trai 150m2 giá tốt nhất khu khép kín tại Vinhomes Ocean Park Gia Lâm,34 tỷ,150 m²,Không có thông tin,Không có thông tin,"Gia Lâm, Hà Nội","Dự án Vinhomes Ocean Park Gia Lâm, Xã Dương Xá, Gia Lâm, Hà Nội",
"Bán nhà mặt tiền Cao Thắng, P5, Quận 3, DT: 14x25m công nhận 220m2 - 3 tầng, giá bán chỉ 85 tỷ",85 tỷ,220 m²,Không có thông tin,Không có thông tin,"Quận 3, Hồ Chí Minh","Đường Cao Thắng, Phường 5, Quận 3, Hồ Chí Minh",
Căn hộ biển Quy Nhơn - Sở hữu lâu dài (thuê lại sau khi khách hàng nhận bàn giao căn hộ),Giá thỏa thuận,46 m²,1,1,"Quy Nhơn, Bình Định","Simona Heights , 145A, Đường Trần Hưng Đạo, Phường Thị Nại, Quy Nhơn, Bình Định",
Bán căn góc 2 mặt tiền mặt đường vành đai 4 KĐT HUD Mê Linh,"23,89 tỷ","183,8 m²",Không có thông tin,Không có thông tin,"Mê Linh, Hà Nội","HUD Me Linh Central, Thanh Lâm, Mê Linh, Hà Nội",
"Bán nhà 2 mặt tiền phố Phạm Huy Thông, 9,9 tỷ, 70m2, 2PN, 2WC, Gò Vấp, HCM","9,9 tỷ",70 m²,2,2,"Gò Vấp, Hồ Chí Minh","Đường Phạm Huy Thông, Phường 7, Gò Vấp, Hồ Chí Minh",
Bán gấp căn hộ chính chủ TimesCity - Park Hill giá rẻ nhất thị trường t3/2025. LH 0968 108 ***,"7,3 tỷ",95 m²,2,2,"Hai Bà Trưng, Hà Nội","Times City, Minh Khai, Vĩnh Tuy, Hai Bà Trưng, Hà Nội",
Đất mặt tiền đường trục chính trung tâm thành phố Phú Mỹ - BR - VT,"6,5 tỷ",1.000 m²,Không có thông tin,Không có thông tin,"Phú Mỹ, Bà Rịa Vũng Tàu","Đường Mỹ Xuân - Ngãi Giao, Phường Hắc Dịch, Phú Mỹ, Bà Rịa Vũng Tàu",
"Bán biệt thự 320m2 tại phường Long Toàn, TP - Bà Rịa","12,1 tỷ",320 m²,4,4,"Bà Rịa, Bà Rịa Vũng Tàu","Phường Long Toàn, Bà Rịa, Bà Rịa Vũng Tàu",
CHÍNH CHỦ ĐỘC QUYỀN BÁN lô góc HOA HẬU 2 mặt tiền 2ty249tr view cánh đồng mát mẻ SỔ ĐỎ sẵn sang tên,"2,25 tỷ",314 m²,Không có thông tin,Không có thông tin,"Phúc Yên, Vĩnh Phúc","Xã Ngọc Thanh, Phúc Yên, Vĩnh Phúc",
"Bán đất vip 285 Đại lộ Bình Dương, phường Chánh Nghĩa, Thủ Dầu Một","113,51 tỷ","463,3 m²",Không có thông tin,Không có thông tin,"Thủ Dầu Một, Bình Dương","Số 285, Đường Đại Lộ Bình Dương, Phường Chánh Nghĩa, Thủ Dầu Một, Bình Dương",
"Nội bộ CĐT bán 2PN 71,82m2 The Rivana giá 102% chỉ 2tỷ490 (SHR) - mặt tiền QL13 & view sông Sài Gòn","2,49 tỷ","71,82 m²",2,2,"Thuận An, Bình Dương","Dự án The Rivana, Đường Quốc Lộ 13, Phường Vĩnh Phú, Thuận An, Bình Dương",
"Akari City 2PN1WC 2.650 tỷ, 2PN2WC 3.2 tỷ, 80m2/3,6 tỷ, 3.25 tỷ/62m2. đã có sổ hồng. trực tiếp CĐT","3,2 tỷ",75 m²,2,2,"Bình Tân, Hồ Chí Minh","Dự án Akari City Nam Long, Đường Võ Văn Kiệt, Phường An Lạc, Bình Tân, Hồ Chí Minh",
"Bán nhà mặt phố Trần Điền phía gần đường 2.5. Diện tích sàn 176m2, 4 tầng",Giá thỏa thuận,176 m²,Không có thông tin,Không có thông tin,"Hoàng Mai, Hà Nội","Dự án KĐT Định Công, Phố Trần Điền, Phường Định Công, Hoàng Mai, Hà Nội",
"Nhà đẹp, giá tốt. Thương lượng chính chủ. Hỗ trợ vay ngân hàng. Không tiếp môi giới","8,7 tỷ","79,4 m²",4,5,"Đà Lạt, Lâm Đồng","Phố Phù Đổng Thiên Vương, Phường 8, Đà Lạt, Lâm Đồng",
"Chính chủ bán đất Hòa Thạch, Quốc Oai đầy đủ pháp lý, vị trí cực đẹp, dt 232m2, chỉ 16.5 triệu/m2","3,83 tỷ",232 m²,Không có thông tin,Không có thông tin,"Quốc Oai, Hà Nội","Xã Hòa Thạch, Quốc Oai, Hà Nội",
"Đất tái định cư Ngọc Thuỵ, DT 58,8m2, mặt tiền 4,35m, đường trước đất 14m, 2 thoáng, 14 tỷ",14 tỷ,"58,8 m²",Không có thông tin,Không có thông tin,"Long Biên, Hà Nội","Phường Ngọc Thụy, Long Biên, Hà Nội",
Cần bán căn hộ 8x Plus 67m2 2PN 2WC giá 2.5 tỷ đã có sổ hồng,"2,5 tỷ",67 m²,2,2,"Quận 12, Hồ Chí Minh","Dự án 8X Plus Trường Chinh, Đường Trường Chinh, Phường Tân Thới Nhất, Quận 12, Hồ Chí Minh",
"Bán nhà chính chủ ngõ 554 Nguyễn Văn Cừ, 10.6 tỷ, 40.3m2, ôtô đỗ cửa 3,5 tầng, phong thủy tốt","10,6 tỷ","40,3 m²",Không có thông tin,Không có thông tin,"Long Biên, Hà Nội","Đường Nguyễn Văn Cừ, Phường Gia Thụy, Long Biên, Hà Nội",
"Bán căn 2PN góc giá siêu tốt giai đoạn đầu, thanh toán giãn đến năm 2028","8,7 tỷ",74 m²,2,2,"Quận 2, Hồ Chí Minh","Dự án Eaton Park, Đường Mai Chí Thọ, Phường An Phú, Quận 2, Hồ Chí Minh",
Chính chủ bán nhà số 47 Phố Chợ Đôn - Lê Chân - Hải Phòng,Giá thỏa thuận,60 m²,4,3,"Lê Chân, Hải Phòng","Phường Nghĩa Xá, Lê Chân, Hải Phòng",
Bán 90 nền đất sổ sẵn - pháp lý chuẩn cho XD - Gần BV Xuyên Á - Đất Tân Phú Trung Củ Chi 80m2 120m2,"1,8 tỷ",105 m²,Không có thông tin,Không có thông tin,"Củ Chi, Hồ Chí Minh","Dự án KDC Tân Phú Trung, Đường Cây Da, Xã Tân Phú Trung, Củ Chi, Hồ Chí Minh",
"Căn hộ 2PN 2VS giá chỉ từ 2,3tỷ. Dự Án Vic Grand Square Việt Trì. Vốn ban đầu ~700tr(30%GTCH)","2,2 tỷ",68 m²,2,2,"Việt Trì, Phú Thọ","Dự án Vic Grand Square, Đường Hùng Vương, Phường Gia Cẩm, Việt Trì, Phú Thọ",
"Bán lô đất 1972m2 chính chủ tại bãi biển Duy Hải, LH 0868 943 *** Duy Liêm","19,23 tỷ",1.972 m²,Không có thông tin,Không có thông tin,"Duy Xuyên, Quảng Nam","Xã Duy Hải, Duy Xuyên, Quảng Nam",
Shophouse STC Long Thành - Giỏ hàng vị trí đẹp nhất. Giá gốc với nhiều CSBH hấp dẫn. LH 0966 284 ***,Giá thỏa thuận,100 m²,Không có thông tin,Không có thông tin,"Long Thành, Đồng Nai","Dự án STC Long Thành, Xã Bình Sơn, Long Thành, Đồng Nai",
STC Long Thành mặt tiền ĐT769 vị trí đắc địa khu vực sân bay. Giỏ hàng mới nhất SHR LH 0902 445 ***,"2,5 tỷ",100 m²,Không có thông tin,Không có thông tin,"Long Thành, Đồng Nai","Dự án STC Long Thành, Đường ĐT 769, Xã Bình Sơn, Long Thành, Đồng Nai",
"Chuyển nhượng đất chính chủ khu nghỉ dưỡng nhà vườn thôn Long Phú, xã Hòa Thạch, Quốc Oai, HN",Giá thỏa thuận,366 m²,Không có thông tin,Không có thông tin,"Quốc Oai, Hà Nội","Xã Hòa Thạch, Quốc Oai, Hà Nội",
"Cần bán đất gấp 10 tỷ, diện tích 11,702 m2 Hà Lâm, Lâm Đồng, hoa hồng 2%",10 tỷ,11.702 m²,Không có thông tin,Không có thông tin,"Đạ Huoai, Lâm Đồng","Xã Hà Lâm, Đạ Huoai, Lâm Đồng",
"Bán đất mặt đường chính Tôn Đức Thắng rộng 30m cắt phố đi bộ BigC, MT 7m, DT 126m2, sổ đỏ chính chủ","10,33 tỷ",126 m²,Không có thông tin,Không có thông tin,"Bắc Giang, Bắc Giang","Phố Tôn Đức Thắng, Xã Dĩnh Kế, Bắc Giang, Bắc Giang",
"Bán gấp đất Liên Phường, Q9, 65m2, đối diện trường học, SHR, 0936 875 *** cô Ba","1,49 tỷ",65 m²,Không có thông tin,Không có thông tin,"Quận 9, Hồ Chí Minh","Đường Liên Phường, Phường Phước Long B, Quận 9, Hồ Chí Minh",
"Chỉ 250 triệu sở hữu căn hộ TT Thành Phố Phú Mỹ, tỉ suất lợi nhuận cho thuê hơn TP HCM, Bình Dương",Giá thỏa thuận,65 m²,2,2,"Phú Mỹ, Bà Rịa Vũng Tàu","Dự án Citymark Residence, Đường Quốc Lộ 51, Phường Phú Mỹ, Phú Mỹ, Bà Rịa Vũng Tàu",
"Văn phòng Kiến Hưng Luxury bán quỹ căn chuyển nhượng đẹp nhất dự án giá từ 15,5 tỷ","15,5 tỷ",70 m²,Không có thông tin,Không có thông tin,"Hà Đông, Hà Nội","Dự án Kiến Hưng Luxury, Phường Kiến Hưng, Hà Đông, Hà Nội",
"Chính chủ cần bán căn hộ 73m2 toà C tầng 6 CC Eco City Việt Hưng, full nội thất cách Hồ Gươm 6,5km",4 tỷ,73 m²,2,2,"Long Biên, Hà Nội","Dự án Eco City Việt Hưng, Phường Giang Biên, Long Biên, Hà Nội",
Bán Căn Hộ Masteri Cao Cấp Sang Trọng Nhất Thành Phố Thủ Đức,"4,5 tỷ",74 m²,2,Không có thông tin,"Thủ Đức, Hồ Chí Minh","Phường Long Bình, Thủ Đức, Hồ Chí Minh",
Em Toàn chuyên chuyển nhượng căn hộ tại CC Florence - 28 Trần Hữu Dực. Cập nhật quỹ căn,"6,75 tỷ","91,5 m²",3,2,"Nam Từ Liêm, Hà Nội","Florence Mỹ Đình, 28, Đường Trần Hữu Dực, Phường Cầu Diễn, Nam Từ Liêm, Hà Nội",
"Bán shophouse Jamila Khang Điền tại đường Song Hành, Quận 9, TP. HCM, 115 m2 giá tốt","7,2 tỷ",115 m²,1,2,"Quận 9, Hồ Chí Minh","Dự án Jamila Khang Điền, Đường Song Hành, Phường Phú Hữu, Quận 9, Hồ Chí Minh",
"Căn rẻ nhất thị trường. View đẹp, giá tốt giai đoạn đầu. Chiết khấu 23.8%, tặng thêm 500tr","5,9 tỷ",120 m²,3,4,"Cam Ranh, Khánh Hòa","Sông Town, Đường Nguyễn Tất Thành, Phường Cam Nghĩa, Thành phố Cam Ranh, Khánh Hòa",
"Chính chủ bán mảnh đất tại Quận 12, TP. Hồ Chí Minh. Diện tích 128,7m2, nhà cấp 4 đã hoàn công","4,6 tỷ","128,7 m²",Không có thông tin,Không có thông tin,"Quận 12, Hồ Chí Minh","Phường Thạnh Xuân, Quận 12, Hồ Chí Minh",
"Chính chủ định cư nước ngoài cần bán gấp nhà số 15 Phường Bình An ,Thành phố Thủ Đức , pháp lý sạch",35 tỷ,168 m²,4,5,"Quận 2, Hồ Chí Minh","Đường Số 40, Phường Bình An, Quận 2, Hồ Chí Minh",
"Hoàng Huy New City-Shophouse mặt đường Đỗ Mười,Sẻ Khe,góc,view hồ, CSBH,ưu đãi,giá căn LH0528 758 ***",Giá thỏa thuận,90 m²,Không có thông tin,Không có thông tin,"Thủy Nguyên, Hải Phòng","Dự án Hoàng Huy New City, Đường Đỗ Mười, Phường Dương Quan, Thủy Nguyên, Hải Phòng",
"Độc quyền chính chủ cần bán căn 2 phòng ngủ tầng cao view ngắm pháo hoa, quận 1, giá chỉ 15,9 tỷ","15,9 tỷ",76 m²,2,2,"Quận 2, Hồ Chí Minh","Dự án The Opera Residence, Đường Đại Lộ Vòng Cung, Phường Thủ Thiêm, Quận 2, Hồ Chí Minh.",
Bán mảnh đất siêu phẩm lô góc 120m2 sát trục chính thị trấn Chúc Sơn Chương Mỹ mặt tiền kinh doanh,"4,56 tỷ",120 m²,Không có thông tin,Không có thông tin,"Chương Mỹ, Hà Nội","Xã Ngọc Hòa, Chương Mỹ, Hà Nội",
"Giỏ hàng độc quyền căn hoa hậu Hy Lạp Sông Town, giá giai đoạn đầu, tặng 500tr","9,5 tỷ","122,4 m²",3,4,"Cam Ranh, Khánh Hòa","Dự án Sông Town, Đường Nguyễn Tất Thành, Phường Cam Nghĩa, Cam Ranh, Khánh Hòa",
Căn góc Hy Lạp với tầm nhìn sân golf siêu đẹp. Giá ưu đãi giai đoạn đầu.Chiết khấu hơn 2 tỷ + 500tr,9 tỷ,"158,86 m²",3,4,"Cam Ranh, Khánh Hòa","Dự án Sông Town, Đường Nguyễn Tất Thành, Phường Cam Nghĩa, Cam Ranh, Khánh Hòa",
DCapital Riverside Bến Cát Bình Dương,"2,9 tỷ",150 m²,Không có thông tin,Không có thông tin,"Bến Cát, Bình Dương","Dự án Ngũ Tượng Khải Hoàn, Đường Đại Lộ Bình Dương, Phường Thới Hòa, Bến Cát, Bình Dương",
"CC bán nhanh nhà Vườn 18,600m² đầy tiềm năng tăng giá dòng tiền 30 triệu/tháng, giá cực hấp dẫn","9,98 tỷ",18.600 m²,Không có thông tin,Không có thông tin,"Bình Long, Bình Phước","Xã Thanh Lương, Bình Long, Bình Phước",
"Siêu phẩm căn hộ giới hạn 2 ngủ 45,6m2 giá 790tr tầng đẹp, view Đông Nam view hồ, view trường học",790 triệu,"45,6 m²",2,1,"Yên Phong, Bắc Ninh","Dự án GrandHome Yên Phong, Đường Tỉnh lộ 295, Xã Đông Tiến, Yên Phong, Bắc Ninh",
Quỹ căn hộ giá rẻ không chênh hỗ trợ vay vốn ngân hàng 80% sổ đỏ sang tên rẻ hơn CDT 500 triệu,"3,3 tỷ",68 m²,2,2,"Đông Anh, Hà Nội","Dự án Eurowindow River Park, Đường 5, Xã Đông Hội, Đông Anh, Hà Nội",
"Bán nhà mặt tiền Phạm Văn Thuận 14x36, diện tích sàn 1400m tại Biên Hoà, Đồng Nai",63 tỷ,490 m²,3,3,"Biên Hòa, Đồng Nai","Đường Phạm Văn Thuận, Phường Tân Mai, Biên Hòa, Đồng Nai",
"Chỉ 1.5 tỷ sở hữu căn 1 ngủ tòa S3 Symphony ven sông Hàn ngắm pháo hoa , bán đảo Sơn Trà .",4 tỷ,58 m²,1,1,"Sơn Trà, Đà Nẵng","Dự án Sun Symphony Residence, Đường Trần Hưng Đạo, Phường Nại Hiên Đông , Sơn Trà, Đà Nẵng",
"Chính chủ cần bán gấp nhà riêng phố Kim Mã, Ba Đình, Hà Nội 5 tầng full nội thất giá rẻ","8,8 tỷ",43 m²,5,3,"Ba Đình, Hà Nội","Phố Kim Mã, Phường Kim Mã, Ba Đình, Hà Nội",
"Gia đình cần bán gấp nhà phố Lavila KDC ven sông, sổ hồng đầy đủ, giá (10.39 tỷ) LH: 0909 888 ***","10,39 tỷ",106 m²,4,4,"Nhà Bè, Hồ Chí Minh","Dự án Lavila Kiến Á - Nhà Bè, Đường Nguyễn Hữu Thọ, Xã Phước Kiển, Nhà Bè, Hồ Chí Minh",
Gia đình cần bán gấp biệt thự Nine South KDC Ven Sông 15 tỷ (Thương lượng). LH: 0909 888 ***,15 tỷ,140 m²,4,5,"Nhà Bè, Hồ Chí Minh","Dự án Nine South Estates, Đường Nguyễn Hữu Thọ, Xã Phước Kiển, Nhà Bè, Hồ Chí Minh",
Khách sạn hiện đại nằm ở vị trí đắc địa nhìn ra vịnh,170 tỷ,240 m²,Không có thông tin,Không có thông tin,"Hạ Long, Quảng Ninh","Đường 20, Phường Bạch Đằng, Hạ Long, Quảng Ninh",
"Chính chủ bán đất 500m2 (10x50), 13.6tr/m2, khu trung tâm hành chính Tỉnh BRVT","6,8 tỷ",500 m²,Không có thông tin,Không có thông tin,"Long Đất, Bà Rịa Vũng Tàu","Dự án Moon Lake, Xã Tam An, Long Đất, Bà Rịa Vũng Tàu",
Chính thức ra hàng dự án Economy City Hưng Yên mua trực tiếp chủ đầu tư,Giá thỏa thuận,"76,5 m²",Không có thông tin,Không có thông tin,"Văn Lâm, Hưng Yên","Dự án Economy City, Thị trấn Như Quỳnh, Văn Lâm, Hưng Yên",
"Hàng ngộp, giá tốt tại chung cư C Sky View. 1PN 53m2 từ 1.5 tỷ, 2PN 80m2 1.95 tỷ, 3PN 100m2 2.6 tỷ","1,95 tỷ",80 m²,2,2,"Thủ Dầu Một, Bình Dương","Dự án C-SkyView, Đường D8, Phường Chánh Nghĩa, Thủ Dầu Một, Bình Dương",
"Hot! Mua nhà tặng xe, tặng học bổng, CK 15% + quà tân gia 450tr. LH: 0938 857 ***","3,1 tỷ",55 m²,2,2,"Quận 9, Hồ Chí Minh","Dự án The Beverly - Vinhomes Grand Park, Phường Long Bình, Quận 9, Hồ Chí Minh",
"Bán De La Sol Quận 4, tin thật đảm bảo giá tốt nhất thị trường 7,5 tỷ, 84m2","7,5 tỷ",84 m²,2,2,"Quận 4, Hồ Chí Minh","De La Sol, Tôn Thất Thuyết, 1, Quận 4, Hồ Chí Minh",
Chỉ 3 căn hộ Park Legend mua trực tiếp chủ đầu tư - sân bay TSN - Hoàng Văn Thụ - Q. Tân Bình,"5,8 tỷ",70 m²,2,2,"Tân Bình, Hồ Chí Minh","Dự án Park Legend, Đường Hoàng Văn Thụ, Phường 2, Tân Bình, Hồ Chí Minh",
"Chính chủ bán biệt thự Nine South Estates, đường 17, 140 m2",19 tỷ,140 m²,4,4,"Nhà Bè, Hồ Chí Minh","Dự án Nine South Estates, Đường Nguyễn Hữu Thọ, Xã Phước Kiển, Nhà Bè, Hồ Chí Minh",
"NHỈNH 6 TỶ NHÀ ĐẸP NGANG KHỦNG 5M, CÁCH MẠNG THÁNG 8, TÂN BÌNH, CHỈ XÁCH VA LI VÔ Ở","6,5 tỷ",35 m²,3,4,"Tân Bình, Hồ Chí Minh","Đường Cách Mạng Tháng Tám, Phường 5, Tân Bình, Hồ Chí Minh",
"Giỏ hàng hơn 100 căn bán tại Hà Đô nhiều căn độc quyền - giá tốt nhất 1PN 6 tỷ 2PN 8,5 tỷ 3PN 11 tỷ","8,5 tỷ",88 m²,2,2,"Quận 10, Hồ Chí Minh","Dự án HaDo Centrosa Garden, Đường 3/2, Phường 12, Quận 10, Hồ Chí Minh",
"Sốc! Duplex 193,2 m2 - View cầu ánh sáng - BC Đông Nam tại tòa S - Tiến độ giãn - Chủ nhà tk gấp","16,5 tỷ","193,2 m²",4,3,"Nam Từ Liêm, Hà Nội","Dự án Lumi Hanoi, Đường Đại lộ Thăng Long, Phường Tây Mỗ, Nam Từ Liêm, Hà Nội",
"Cara River Park - 2PN góc 70m2 - view Sông Hậu, Cầu Cần Thơ - sổ hồng vĩnh viễn","2,85 tỷ",70 m²,2,2,"Cái Răng, Cần Thơ","Dự án Cara River Park, Đường Vũ Đình Liệu, Phường Hưng Thạnh, Cái Răng, Cần Thơ",
Siêu phẩm liền kề đáng đầu tư nhất Vinhomes Global Gate. Gần sát công viên với vô vàn tiện ích,"20,89 tỷ",75 m²,6,8,"Đông Anh, Hà Nội","Dự án Vinhomes Cổ Loa, Đường Cổ Loa, Xã Đông Hội, Đông Anh, Hà Nội",
Cặp liền kề Ánh Dương 170m2 - Mặt tiền 10m ngay cạnh công viên. LH ngay 0797 484 ***,"41,81 tỷ",170 m²,12,18,"Đông Anh, Hà Nội","Dự án Vinhomes Cổ Loa, Đường Cổ Loa, Xã Đông Hội, Đông Anh, Hà Nội",
"Sổ đỏ trao tay, cơ hội đón đầu sân bay Quốc tế Long Thành đất nền chỉ từ 3xtr/m2","3,3 tỷ",100 m²,Không có thông tin,Không có thông tin,"Long Thành, Đồng Nai","Dự án STC Long Thành, Đường ĐT 769, Xã Bình Sơn, Long Thành, Đồng Nai",
"Đất nền siêu hot ngộp tại Quốc lộ 57B, Châu Hưng, Bình Đại, Bến Tre giá 350 triệu, 314m2",350 triệu,314 m²,Không có thông tin,Không có thông tin,"Bình Đại, Bến Tre","Đường Quốc lộ 57B, Xã Châu Hưng, Bình Đại, Bến Tre",
Chính chủ bán biệt thự đẹp trong khu Compound yên tĩnh Thảo Điền 2,115 tỷ,305 m²,5,6,"Quận 2, Hồ Chí Minh","153, Đường Nguyễn Văn Hưởng, Phường Thảo Điền, Quận 2, Hồ Chí Minh",
"2PN View Sông, tốt nhất thị trường, mua trực tiếp CĐT, tặng xe VF3, 2 Học bổng Vinschool,chỉ 4,4 tỷ","4,44 tỷ",78 m²,2,2,"Quận 9, Hồ Chí Minh","Dự án The Beverly - Vinhomes Grand Park, Phường Long Bình, Quận 9, Hồ Chí Minh",
Bán biệt thư 400m2 hướng Đông Nam KĐT CEO Sài Sơn Quốc Oai (0966 828 ***),"37,4 tỷ",400 m²,Không có thông tin,Không có thông tin,"Quốc Oai, Hà Nội","Dự án Sunny Garden City, Xã Sài Sơn, Quốc Oai, Hà Nội",
Park Village biệt thự Châu Âu 323m2 giá 18tỷ thanh toán 2 năm,18 tỷ,323 m²,4,3,"Bến Lức, Long An","Khu đô thị Waterpoint, Tỉnh lộ 824, An Thạnh, Bến Lức, Long An",
"Tổng hợp 69 căn chuyển nhượng giá rẻ tại The Canopy TC1, TC2, TC3 giá từ 1,8 tỷ - 4,2 tỷ","4,53 tỷ",73 m²,3,2,"Nam Từ Liêm, Hà Nội","Dự án The Canopy Residences - Vinhomes Smart City, Phường Tây Mỗ, Nam Từ Liêm, Hà Nội.",
Bán Shophouse đang có HĐ thuê 90tr/1 tháng. Sở hữu lâu dài ngay trung tâm Vũng Tàu. LH:0707 520 ***,28 tỷ,400 m²,2,3,"Vũng Tàu, Bà Rịa Vũng Tàu","Vung Tau Centre Point, Nguyễn Hữu Cảnh, Nguyễn An Ninh, Vũng Tàu, Bà Rịa Vũng Tàu",
"Hạ 3,05tỷ HXH Thống Nhất, P10, GV","3,05 tỷ",33 m²,2,2,"Gò Vấp, Hồ Chí Minh","Đường Thống Nhất, Phường 10, Gò Vấp, Hồ Chí Minh",
"[SIÊU PHẨM VIP 4 TẦNG, 5x20m] - MẶT TIỀN KINH DOANH TRUNG TÂM QUẬN 8, KHU VỰC HIẾM NHÀ BÁN, 21 TỶ",21 tỷ,100 m²,Không có thông tin,Không có thông tin,"Quận 8, Hồ Chí Minh","Đường Dương Quang Đông, Phường 5, Quận 8, Hồ Chí Minh",
Lô đất duy nhất - Bán 1ha đất mặt tiền biển Long Hải,70 tỷ,10.000 m²,Không có thông tin,Không có thông tin,"Long Điền, Bà Rịa Vũng Tàu","Thị trấn Long Hải, Long Điền, Bà Rịa Vũng Tàu",
"Chính chủ bán căn hộ Lumière Evergreen, KĐT Vinhome Smartcity - Liên hệ: Hà Trâm - 0902 136 ***","4,5 tỷ",53 m²,2,2,"Nam Từ Liêm, Hà Nội","Phường Tây Mỗ, Nam Từ Liêm, Hà Nội",
"Chính chủ bán 2,682 m2 (300m2 thổ cư) đất mặt tiền đường nhựa Phạm Thị Liền, Thái Mỹ, Củ Chi","26,82 tỷ",2.682 m²,Không có thông tin,Không có thông tin,"Củ Chi, Hồ Chí Minh","Đường Phạm Thị Liền, Xã Thái Mỹ, Củ Chi, Hồ Chí Minh",
"Bán Gấp!! Duy Nhất Căn 1PN, Mã WH07 55m2 tại Giá 6 tỷ Còn Thương Lượng, LH Em Việt",6 tỷ,55 m²,1,Không có thông tin,"Bình Thạnh, Hồ Chí Minh","Dự án Sunwah Pearl, Đường Nguyễn Hữu Cảnh, Phường 22, Bình Thạnh, Hồ Chí Minh",
Chuyên giỏ hàng giá tốt tại lavida Vũng Tàu. Sở hữu ngay chỉ 4 tỷ 9 ( Bao thuế phí sang nhượng),"4,9 tỷ",76 m²,Không có thông tin,Không có thông tin,"Vũng Tàu, Bà Rịa Vũng Tàu","La Vida Residences, 3/2, 12, Vũng Tàu, Bà Rịa Vũng Tàu",
"Bán Đất 2 Mặt Tiền ( QH 3 mặt tiền ) Phú Hữu, Q9 cũ",39 tỷ,3.348 m²,Không có thông tin,Không có thông tin,"Quận 9, Hồ Chí Minh","Đường Gò Cát, Phường Phú Hữu, Quận 9, Hồ Chí Minh",
Bán nền đường 14m khu dân cư Ngân Thuận giá 1.9 tỷ,"1,9 tỷ",125 m²,Không có thông tin,Không có thông tin,"Bình Thủy, Cần Thơ","Dự án Stella Mega City, Phường Bình Thủy, Bình Thủy, Cần Thơ",
"Chính chủ cần bán BT Đồi Legacy Hill. Giá bán cắt lỗ 7 tỷ. DT: 350m2, gần hồ cá koi. LH: 0964 588 ***",7 tỷ,350 m²,Không có thông tin,Không có thông tin,"Lương Sơn, Hòa Bình","Dự án Legacy Hill, Xã Tân Vinh, Lương Sơn, Hòa Bình",
BÁN BIỆT THỰ SONG LẬP MẶT HỒ - KĐT MỚI CẦU BƯƠU - 0849 078 ***,Giá thỏa thuận,120 m²,Không có thông tin,Không có thông tin,"Thanh Trì, Hà Nội","Khu đô thị mới Cầu Bươu, Tân Triều, Thanh Trì, Hà Nội",
"Hạ giá bán nhanh 2PN 2WC Vinhomes Central Park, căn góc view đẹp lung linh","7,05 tỷ",74 m²,2,2,"Bình Thạnh, Hồ Chí Minh","Dự án Vinhomes Central Park, Đường Điện Biên Phủ, Phường 22, Bình Thạnh, Hồ Chí Minh",
"Bán đất 90 m2 KDC Thuận Việt, phường Tăng Nhơn Phú B, TP. Thủ Đức, TP. HCM.","7,65 tỷ",90 m²,Không có thông tin,Không có thông tin,"Thủ Đức, Hồ Chí Minh","Phường Tăng Nhơn Phú B, Thủ Đức, Hồ Chí Minh",
"Bán Gấp căn Nhà siêu hiếm Minh Khai, Quận Hai bà trưng 18/22m2 x 5Tầng mặt tiền 3.6m","3,6 tỷ",18 m²,3,Không có thông tin,"Hai Bà Trưng, Hà Nội","Phường Vĩnh Tuy, Hai Bà Trưng, Hà Nội",
"Tôi là chủ lô đất 3 mặt tiền với diện tích 2,700m2 tại đường Nguyễn An Ninh, phê duyệt xây 25 tầng",243 tỷ,2.700 m²,Không có thông tin,Không có thông tin,"Liên Chiểu, Đà Nẵng","Đường Nguyễn An Ninh, Phường Hòa Khánh Bắc, Liên Chiểu, Đà Nẵng",
"Bán nhà Minh Khai gần phố oto 80m, 35m 5tầng giá 5,98tỷ","5,98 tỷ",35 m²,4,4,"Hai Bà Trưng, Hà Nội","Đường Minh Khai, Phường Minh Khai, Hai Bà Trưng, Hà Nội",
"Hàng hiếm nhà 4 tầng, DT 40m2 Vân Canh cách 100 nhà ra đường 422B cách Mỹ Đình 4.5km","5,35 tỷ",40 m²,4,4,"Hoài Đức, Hà Nội","Đường 422B, Xã Vân Canh, Hoài Đức, Hà Nội",
Bán nhà riêng chính chủ Nguyễn Chính - Hoàng Mai oto tránh kinh doanh nhà đẹp 59m2 x5T,Giá thỏa thuận,59 m²,5,5,"Hoàng Mai, Hà Nội","Đường Nguyễn Chính, Phường Thịnh Liệt, Hoàng Mai, Hà Nội",
"Ngôp nặng, chủ bán lỗ 1tỷ đất 3MT full thổ ngay chung Cư Moolight Đặng Văn Bi. DT 103m2(5.2x20)","7,5 tỷ",103 m²,Không có thông tin,Không có thông tin,"Thủ Đức, Hồ Chí Minh","Đường Đặng Văn Bi, Phường Trường Thọ, Thủ Đức, Hồ Chí Minh",
"Nhà mới Tân Phú đường Bờ Bao Tân Thắng, đối diện TTTM Aeon Mall Tân Phú 4m*14m - 5tầng- hẻm nhựa 6m","7,89 tỷ",56 m²,5,6,"Tân Phú, Hồ Chí Minh","Đường Bờ Bao Tân Thắng, Phường Sơn Kỳ, Tân Phú, Hồ Chí Minh",
"Bán nhà 2 mặt tiền trước sau đường Lũy Bán Bích, 8x25m, cấp 4, giá 38 tỷ",38 tỷ,198 m²,2,2,"Tân Phú, Hồ Chí Minh","Đường Lũy Bán Bích, Phường Tân Thành, Tân Phú, Hồ Chí Minh",
"Cần bán 2 lô đất liền kề mặt tiền đường Đổ Bá, khu phố đi bộ An Thượng",51 tỷ,180 m²,Không có thông tin,Không có thông tin,"Ngũ Hành Sơn, Đà Nẵng","Đường Đỗ Bá, Phường Khuê Mỹ, Ngũ Hành Sơn, Đà Nẵng",
"Bán đất nền King Hill, đối diện Eco Retreat 220ha - Long An, chiết khấu 12%, sổ sẵn, 2Tỷ-2.2Tỷ/Nền.","2,16 tỷ",90 m²,Không có thông tin,Không có thông tin,"Bến Lức, Long An","Dự án King Hill Residences, Xã Thanh Phú, Bến Lức, Long An",
"Bán nhà 4 tầng hiện đại, thoáng mát - đối diện công viên, Phú Xuân, Nhà Bè",20 tỷ,200 m²,6,Không có thông tin,"Nhà Bè, Hồ Chí Minh","Đường Huỳnh Tấn Phát, Xã Phú Xuân, Nhà Bè, Hồ Chí Minh",
"Mở bán 30 lô đất dịch vụ xã Song Phương tháng 3 sổ đỏ pháp lý rõ ràng, LH: 0902 866 ***",Giá thỏa thuận,72 m²,Không có thông tin,Không có thông tin,"Hoài Đức, Hà Nội","Đường Đại lộ Thăng Long, Xã Song Phương, Hoài Đức, Hà Nội",
"Mở bán 30 lô đất dịch vụ xã Song Phương tháng 3 sổ đỏ pháp lý rõ ràng, LH: 0902 866 ***",Giá thỏa thuận,72 m²,Không có thông tin,Không có thông tin,"Hoài Đức, Hà Nội","Đường Đại lộ Thăng Long, Xã Song Phương, Hoài Đức, Hà Nội",
"Bán đất siêu hời tại An Thượng, Hoài Đức, Hà Nội, 125 triệu/m2, 100m2","12,5 tỷ",100 m²,Không có thông tin,Không có thông tin,"Hoài Đức, Hà Nội","An Thượng, Hoài Đức, Hà Nội",
"Bán nhà 5 tầng hẻm nhựa 6m diện tích 5x15m CN 78m2 ngay CMT8, P15, Quận 10","13,6 tỷ",78 m²,4,6,"Quận 10, Hồ Chí Minh","Đường Cách Mạng Tháng Tám, Phường 15, Quận 10, Hồ Chí Minh",
"Cần bán 72m2 đất đẹp Cửu Việt, Trâu Quỳ, Gia Lâm giá 8,4 tỷ ô tô vào nhà vừa để ở + kinh doanh","8,4 tỷ",72 m²,Không có thông tin,Không có thông tin,"Gia Lâm, Hà Nội","Trâu Quỳ, Gia Lâm, Hà Nội",
"Bán khách sạn hướng tây, Visip1 - Bình Dương, thu nhập 110tr/tháng. Dt sàn 1200m2, view đẹp Hot./","22,5 tỷ",200 m²,26,26,"Thuận An, Bình Dương","Đường D32, Phường An Phú, Thuận An, Bình Dương",
Bảng giá căn hộ Diamond Riverside 2025 cần bán (cam kết không kê giá) LH: 0936 496 *** Kim Dung,"2,65 tỷ",74 m²,2,2,"Quận 8, Hồ Chí Minh","Diamond Riverside, 1646A, Đường Võ Văn Kiệt, Phường 16, Quận 8, Hồ Chí Minh",
"Đất mặt tiền TL39, DT 9,6x25m. Chỉ 4.86 tỷ. Đường thông ô tô né nhau","4,86 tỷ",250 m²,Không có thông tin,Không có thông tin,"Quận 12, Hồ Chí Minh","Đường Thạnh Lộc 39, Phường Thạnh Lộc, Quận 12, Hồ Chí Minh",
"Bán nhà mặt phố quận Hoàng Mai, 290m2 8x tỷ, 3 mặt tiền 15m, to đẹp nhất phố, sẵn thuê 300 triệu/th","85,5 tỷ",290 m²,68,50,"Hoàng Mai, Hà Nội","Đường Tân Mai, Phường Tân Mai, Hoàng Mai, Hà Nội",
"Bán căn hộ chính chủ 2PN, 3PN chung cư Hoàng Thành Pearl - giá tốt, hỗ trợ A - Z, LH 0989 324 ***","5,9 tỷ",80 m²,2,2,"Nam Từ Liêm, Hà Nội","Hoàng Thành Pearl, Số 55, Đường Nguyễn Văn Giáp, Phường Cầu Diễn, Nam Từ Liêm, Hà Nội.",
Mở bán 20 lô đất còn sót lại Tấn Đức. Giá rẻ nhất thị trường,Giá thỏa thuận,100 m²,Không có thông tin,Không có thông tin,"Phổ Yên, Thái Nguyên","Tấn Đức Central Park, 47, Đồng Tiến, Phổ Yên, Thái Nguyên",
"HIẾM, VỊ TRÍ TRUNG TÂM HOÀNG DIỆU 2 - CHDV 4 TẦNG (5x30) HẺM THÔNG ĐH SƯ PHẠM, DÒNG TIỀN 60 TRIỆU",15 tỷ,150 m²,7,4,"Thủ Đức, Hồ Chí Minh","Đường Hoàng Diệu, Phường Linh Chiểu, Thủ Đức, Hồ Chí Minh",
"Khu vip Elysia sông Hàn, giá 7.7 tỷ: 0905 822 *** có hỗ trợ vay","7,5 tỷ",96 m²,6,6,"Hải Châu, Đà Nẵng","Dự án Elysia Complex City, Đường Nguyễn Thi, Phường Hòa Cường Nam, Hải Châu, Đà Nẵng",
Giỏ hàng căn hộ The Western Capital Quận 6,"2,85 tỷ",68 m²,2,2,"Quận 6, Hồ Chí Minh","The Western Capital, 116, Đường Lý Chiêu Hoàng, Phường 10, Quận 6, Hồ Chí Minh",
"Cần bán gấp nhà phố Láng Hạ, 60m2, mặt tiền 4,4m giá sốc 15,35 tỷ","15,35 tỷ",60 m²,Không có thông tin,Không có thông tin,"Đống Đa, Hà Nội","Phố Láng Hạ, Phường Láng Hạ, Đống Đa, Hà Nội",
Nhà phố 4m x 14m. Xây 1 lửng 3 lầu full nội thất 1/ hẻm 9m thông Trần Thị Hè (HT42),"5,5 tỷ",54 m²,4,5,"Quận 12, Hồ Chí Minh","Đường Trần Thị Hè, Phường Hiệp Thành, Quận 12, Hồ Chí Minh",
"Phải rất nhanh mới kịp, siêu phẩm Hoàng Cầu, Nguyễn Phúc Lai, 1 nhà ra mặt phố dự qh xong ra MP.","20,9 tỷ",75 m²,4,5,"Đống Đa, Hà Nội","Phố Nguyễn Phúc Lai, Phường Trung Liệt, Đống Đa, Hà Nội",
"Hạ sốc 1 tỷ, bán nhanh nhà mặt ngõ Tôn Thất Tùng, kinh doanh, khu vực đông sinh viên, tầm tiền hiếm","3,9 tỷ",20 m²,4,4,"Đống Đa, Hà Nội","Đường Tôn Thất Tùng, Phường Khương Thượng, Đống Đa, Hà Nội",
Bán căn hộ Sky Garden Quận 7 - ngân hàng hỗ trợ cho vay lên đến 70% - nhận nhà ở ngay,"5,05 tỷ",72 m²,2,2,"Quận 7, Hồ Chí Minh","Dự án Sky Garden 3, Đường Phạm Văn Nghị, Phường Tân Phong, Quận 7, Hồ Chí Minh",
"Chuyển nhượng căn hộ Eco Xuân giá tốt nhất 1PN 1 tỷ 28, 2PN 1 tỷ 7, 3PN 1.9tỷ. LH 0901 018 ***","1,7 tỷ",74 m²,2,2,"Thuận An, Bình Dương","Eco Xuân, Đường Quốc Lộ 13, Phường Lái Thiêu, Thành phố Thuận An, Bình Dương",
"Hot Bán nhà đường ô tô, 5,5x13m, P. Bình Trưng Tây, Hỗ trợ ngân hàng",6 tỷ,75 m²,Không có thông tin,Không có thông tin,"Quận 2, Hồ Chí Minh","Đường Nguyễn Duy Trinh, Phường Bình Trưng Tây, Quận 2, Hồ Chí Minh",
"Hàng Vip, Bán toà căn hộ phố tây hẻm ô tô Nguyễn Thiện Thuật, 50m2 co 6 căn hộ giá 10,5 tỷ","10,5 tỷ",50 m²,6,6,"Nha Trang, Khánh Hòa","Phố Nguyễn Thiện Thuật, Phường Lộc Thọ, Nha Trang, Khánh Hòa",
"Tôi chính chủ cần bán trong tháng 2 căn hộ 3PN 2PN view cực thoáng chung cư Mỹ Đình Pearl giá 7,6tỷ","7,6 tỷ",94 m²,3,2,"Nam Từ Liêm, Hà Nội","Mỹ Đình Pearl, Phú Đô, Nam Từ Liêm, Hà Nội",
"Bán Đất TO Giá Rẻ, có sẵn phòng trọ cho thuê ở HBC Thủ Đức",22 tỷ,222 m²,8,8,"Thủ Đức, Hồ Chí Minh","Đường 16, Phường Hiệp Bình Chánh, Thủ Đức, Hồ Chí Minh",
"Siêu phẩm lô góc 71.2m Đại Bằng Nguyên Khê, đường thông 4m, 50m ra bìa làng ô tô tránh",Giá thỏa thuận,"71,2 m²",Không có thông tin,Không có thông tin,"Đông Anh, Hà Nội","Đường Nguyên Khê, Xã Nguyên Khê, Đông Anh, Hà Nội",
"Nhà mặt tiền Chợ, mặt tiền lớn 6,5m thuận tiện kinh doanh, vị trí đắc địa, đầu tư lâu dài.",15 tỷ,"80,8 m²",6,7,"Tân Phú, Hồ Chí Minh","Đường Phú Thọ Hòa, Phường Phú Thọ Hòa, Tân Phú, Hồ Chí Minh",
"Chính chủ gửi bán nhà Tây Mỗ, cực rẻ, dân xây 52m2 xây 4 tầng giá 6 tỷ - 0862 614 ***",6 tỷ,52 m²,4,4,"Nam Từ Liêm, Hà Nội","Phố Cầu Cốc, Phường Tây Mỗ, Nam Từ Liêm, Hà Nội",
"Mặt tiền 13,5m - Bán nhà mặt phố Bạch Mai 310m2, giá đầu tư, vị trí gần ngã tư Phố Huế, hai thoáng",Giá thỏa thuận,310 m²,Không có thông tin,Không có thông tin,"Hai Bà Trưng, Hà Nội","Phố Bạch Mai, Phường Bạch Mai, Hai Bà Trưng, Hà Nội",
Danh sách các căn biệt thự giá cực tốt đầu tư tại dự án KĐT Quang Minh - ML - HN,"16,1 tỷ",350 m²,6,Không có thông tin,"Mê Linh, Hà Nội","Dự án KĐT Quang Minh, Đường Cao tốc Thăng Long Nội Bài, Thị trấn Quang Minh, Mê Linh, Hà Nội",
Chính thức mở bán đợt cuối block B tầng 7 và 8 anh chị nhanh tay liên hệ để đăng ký lấy căn,"1,15 tỷ",39 m²,1,1,"Quận 2, Hồ Chí Minh","Dự án Thủ Thiêm Green House, Đường Võ Chí Công, Phường Thạnh Mỹ Lợi, Quận 2, Hồ Chí Minh",
"Bán nhà biệt thự hàng hiếm tại An Quý Villa - 42,5 tỷ vnd, 198m2 nhà 2 mặt thoáng rẻ hơn CĐT 3 tỷ","42,5 tỷ",198 m²,5,5,"Hà Đông, Hà Nội","Dự án An Quý Villa - KĐT Dương Nội, Phường Dương Nội, Hà Đông, Hà Nội",
"Bán đất tại Biển Làng Chài Mũi Né, giá 4 tỷ, 153m2 thổ cư, đẹp xuất sắc. Sổ sẵn chuyển nhượng ngay",4 tỷ,153 m²,Không có thông tin,Không có thông tin,"Phan Thiết, Bình Thuận","Phường Mũi Né, Phan Thiết, Bình Thuận",
"Bán 10 lô vị trí HOT nhất KĐT FPT Đà Nẵng, sổ đỏ giao ngay, giá tốt đầu tư sinh lời.","4,39 tỷ",102 m²,Không có thông tin,Không có thông tin,"Ngũ Hành Sơn, Đà Nẵng","FPT City Đà Nẵng, Võ Chí Công, Hòa Hải, Ngũ Hành Sơn, Đà Nẵng",
Độc quyền biệt thự song lập phân khu Hoàng Gia - Vũ Yên giá rẻ nhất còn sót lại. HG-278,"14,22 tỷ","188,1 m²",Không có thông tin,Không có thông tin,"Thủy Nguyên, Hải Phòng","Vinhomes Royal Island, Phường Thủy Hà, Thủy Nguyên, Hải Phòng",
Chính chủ cần bán gấp căn 1503 DT 128m2 03 phòng ngủ toà nhà Times Tower giá bán nhanh,Giá thỏa thuận,128 m²,3,2,"Thanh Xuân, Hà Nội","Times Tower Lê Văn Lương, 35, Đường Lê Văn Lương, Phường Nhân Chính, Thanh Xuân, Hà Nội",
"Biệt thự tứ lập Ánh Dương Vinhomes Ocean Park 3, mặt tiền 8m, xây 5 tầng, 15,x tỷ, sinh lời ngay","15,59 tỷ",120 m²,9,5,"Văn Giang, Hưng Yên","Dự án The Crown - Vinhomes Ocean Park 3, Xã Nghĩa Trụ, Văn Giang, Hưng Yên",
"Bán nhà ngõ 260 Cầu Giấy, ngõ kinh doanh sầm uất, ô tô tải qua, 28m2, 5 tầng sổ đẹp, 7,6 tỷ có giảm","7,6 tỷ",28 m²,4,4,"Cầu Giấy, Hà Nội","Đường Cầu Giấy, Phường Quan Hoa, Cầu Giấy, Hà Nội",
"Cực hiếm! Bán gấp! Nhà 6,4x13m, 2 tầng, mặt tiền ô tô né nhau chỉ 5, x tỷ (x mầm non mới nhú)","5,1 tỷ",83 m²,3,2,"Quận 9, Hồ Chí Minh","Phường Trường Thạnh, Quận 9, Hồ Chí Minh",
"Xuân Đỉnh - ngõ thông - ô tô chờ thang máy - 2 thoáng nhà đẹp, móng 7 tầng 70m2x 4 tầng, 13.5 tỷ","13,5 tỷ",70 m²,4,4,"Bắc Từ Liêm, Hà Nội","Đường Xuân Đỉnh, Phường Xuân Đỉnh, Bắc Từ Liêm, Hà Nội",
MẶT TIỀN NGUYỄN TẤT THÀNH - HÔNG CHỢ PHƯỚC HẢI - RA BÃI TẮM 200M - ĐANG CHO THUÊ THU NHẬP 14TR/TH,8 tỷ,160 m²,Không có thông tin,Không có thông tin,"Long Đất, Bà Rịa Vũng Tàu","Đường Huỳnh Tấn Phát, Thị trấn Phước Hải, Đất Đỏ, Bà Rịa Vũng Tàu",
"Siêu hiếm! bán nhà ngõ Đê La Thành nhỏ 18m2, 4 tầng, ngõ thông, gần phố, giá chỉ 2,5 tỷ","2,5 tỷ",18 m²,2,2,"Đống Đa, Hà Nội","Đường Đê La Thành, Phường Khâm Thiên, Đống Đa, Hà Nội",
"Bán nhà Melosa Garden Khang Điền 5x20m 8.49 tỷ, 6x18m 9.4 tỷ 8x18m 12 tỷ 8x20m 12.2tỷ 0902 442 ***","8,49 tỷ",100 m²,4,4,"Quận 9, Hồ Chí Minh","Melosa Garden, số 222, Đường Võ Chí Công, Phường Phú Hữu, Quận 9, Hồ Chí Minh",
Bán Gấp Căn 2pn - Toà Hiyori View siêu đẹp đang cho thuê giá 20tr/tháng,"4,9 tỷ",61 m²,2,2,"Sơn Trà, Đà Nẵng","Hiyori Garden Tower, Đường Võ Văn Kiệt, Phường An Hải Nam, Sơn Trà, Đà Nẵng",
chỉ với 3 tỷ sở hữu căn nhà cấp 4 mặt tiền kinh doanh Vĩnh Thái Nha Trang diện tích 153m2,3 tỷ,153 m²,3,1,"Nha Trang, Khánh Hòa","Xã Vĩnh Thái, Nha Trang, Khánh Hòa",
"Tôi chính chủ cần bán căn 2PN tòa Beverly 1 đẹp nhất phân khu, view trường học, giá tốt.","3,69 tỷ","62,5 m²",2,2,"Gia Lâm, Hà Nội","Xã Đa Tốn, Gia Lâm, Hà Nội",
"Giá rẻ cho những căn hộ tại The Diamond Residence tại 25 Lê Văn Lương: 2PN, 3PN, 4PN",15 tỷ,144 m²,3,3,"Thanh Xuân, Hà Nội","The Diamond Residence, 25, Đường Lê Văn Lương, Phường Nhân Chính, Thanh Xuân, Hà Nội",
"Mipeco - KĐT biển đầu tiên ở Nha Trang giá tốt nhất, tiềm năng đầu tư tốt nhất. Pháp lý sổ đỏ","4,5 tỷ",90 m²,Không có thông tin,Không có thông tin,"Nha Trang, Khánh Hòa","Dự án Mipeco Nha Trang, Đường Số 4, Phường Vĩnh Nguyên, Nha Trang, Khánh Hòa",
"Bán Đất Centana City Điền Phúc Thành 164m2 hàng hiếm tại Long Trường, Q9, HCM","6,23 tỷ",164 m²,Không có thông tin,Không có thông tin,"Quận 9, Hồ Chí Minh","Centana City Điền Phúc Thành, Phường Long Trường, Quận 9, Hồ Chí Minh",
NHÀ MP- 4TẦNG 4x23M KINH DOANH-KHU VIP CƯ XÁ NGÂN HÀNG-P TÂN T TÂY- QUẬN 7-SHR- NHỈNH 15T TL,"15,3 tỷ",91 m²,5,4,"Quận 7, Hồ Chí Minh","Phường Tân Thuận Tây, Quận 7, Hồ Chí Minh",
"Bán nhà lầu DT 104m2, 4 tầng tại Trung Mỹ Tây Quận 12","7,99 tỷ",104 m²,5,4,"Quận 12, Hồ Chí Minh","Đường Trung Mỹ Tây 12, Phường Trung Mỹ Tây, Quận 12, Hồ Chí Minh",
Chỉ 400 triệu sở hữu căn nhà ở The Emerald 68 - Mặt tiền QL 13 với 3 mặt view sông,Giá thỏa thuận,35 m²,1,Không có thông tin,"Thuận An, Bình Dương","Dự án The Emerald 68, Đường Quốc Lộ 13, Phường Vĩnh Phú, Thuận An, Bình Dương",
"Bán nhà đường Lâm Văn Bền (5x18m) 3 tầng, vị trí đắc địa - giá tốt","21,8 tỷ",90 m²,3,3,"Quận 7, Hồ Chí Minh","Đường Lâm Văn Bền, Phường Tân Quy, Quận 7, Hồ Chí Minh",
QUẬN BÌNH TÂN NGAY KHU TÊN LỬA 80M2 MẶT TIỀN CÔNG VIÊN GẤP BÁN,"9,9 tỷ",80 m²,3,3,"Bình Tân, Hồ Chí Minh","Phường Bình Trị Đông B, Bình Tân, Hồ Chí Minh",
Giá thật! Không đăng ảo! Rổ hàng chuyển nhượng nhà phố biệt thự Swan Bay cập nhật mới nhất T02/2025,"16,5 tỷ",300 m²,3,3,"Nhơn Trạch, Đồng Nai","Dự án Swan Bay, Đường Quốc Lộ 51, Xã Đại Phước, Nhơn Trạch, Đồng Nai",
"Cần bán hơn 500m2 đất phường Bảo Vinh, tp Long Khánh","1,59 tỷ",515 m²,Không có thông tin,Không có thông tin,"Long Khánh, Đồng Nai","Đường Duy Tân, Phường Bảo Vinh, Long Khánh, Đồng Nai",
"Bán Gấp căn nhà siêu lộc Hồ Tùng Mậu, 62m2 x 4 tầng ô tô đỗ cửa, vào nhà thoải mái",11 tỷ,62 m²,4,Không có thông tin,"Nam Từ Liêm, Hà Nội","Phường Mỹ Đình 2, Nam Từ Liêm, Hà Nội",
"Chính chủ gửi bán CH 2pn,2wc,dt 67m2, sổ hồng sẳn, nhà mới 100%,ntcb, LH: 0939 495 ***","3,9 tỷ",64 m²,2,2,"Bình Tân, Hồ Chí Minh","The Privia, An Dương Vương, An Lạc, Bình Tân, Hồ Chí Minh",
"Bán đất tại đường 21, Sơn Đông, Sơn Tây, Hà Nội, 2 tỷ, 60m2 chỉ với hot!",2 tỷ,60 m²,Không có thông tin,Không có thông tin,"Sơn Tây, Hà Nội","Đường 21, Xã Sơn Đông, Sơn Tây, Hà Nội",
"Chọn lọc BĐS khu Nam Việt Á bên sông Hàn: Lô ống - lô góc - Lô biệt thự. Chuyên sâu, đúng pháp luật",Giá thỏa thuận,100 m²,Không có thông tin,Không có thông tin,"Ngũ Hành Sơn, Đà Nẵng","Dự án Nam Cầu Tuyên Sơn-Nam Việt Á, Đường Mỹ Đa Tây 5, Phường Khuê Mỹ, Ngũ Hành Sơn, Đà Nẵng",
"Bán nền 154m2, mặt tiền kinh doanh, full thổ xã Hàng Gòn TP Long Khánh","1,72 tỷ",154 m²,Không có thông tin,Không có thông tin,"Long Khánh, Đồng Nai","Ấp Đồi Rìu, Đường Quốc lộ 56, Xã Hàng Gòn, Long Khánh, Đồng Nai",
"Chính chủ bán căn 2PN, 2VS, tầng trung, nhà đẹp. Giá bán 4,75 tỷ . LH 0984 797 ***","4,75 tỷ",70 m²,2,2,"Hà Đông, Hà Nội","The Terra An Hưng, La Khê, Hà Đông, Hà Nội",
"Bán biệt thự liền kề 132m2, khu đô thị Đặng Xá, MT 6m, giá 16,2 tỷ","16,2 tỷ",132 m²,6,5,"Gia Lâm, Hà Nội","Dự án Lan Viên Villa, Đường Nguyễn Đức Thuận, Xã Đặng Xá, Gia Lâm, Hà Nội",
"Bán nhà riêng 5,9 tỷ, 49,5m2 tại Phạm Hữu Lầu, P Phú Mỹ, Q7, TP. HCM","5,9 tỷ","49,5 m²",4,3,"Quận 7, Hồ Chí Minh","Đường Phạm Hữu Lầu, Phường Phú Mỹ, Quận 7, Hồ Chí Minh",
Mặt tiền Đường số 1 p11 đoạn giao nhau Thống Nhất- 4x26m nở hậu 4.5m cn 100m2-10tỷ,10 tỷ,120 m²,5,5,"Gò Vấp, Hồ Chí Minh","Đường Thống Nhất, Phường 11, Gò Vấp, Hồ Chí Minh",
"Chủ bán gấp 92,8m2 thổ cư Khai Thái mặt tiền 5m, đường bê tông, giá đầu tư cho khách thiện chí","1,95 tỷ","92,8 m²",Không có thông tin,Không có thông tin,"Phú Xuyên, Hà Nội","Khai Thái, Phú Xuyên, Hà Nội",
"Chính chủ bán đất LUA góc 2MT đường tránh Phường Mỹ Hòa, TP Long Xuyên, An Giang. DT: 4.551m2",Giá thỏa thuận,4.551 m²,Không có thông tin,Không có thông tin,"Long Xuyên, An Giang","Phường Mỹ Hòa, Long Xuyên, An Giang",
Hàng hiếm ngõ vip phố Thái Hà - phân lô ô tô tránh - 7 tầng thang máy - kinh doanh văn phòng,29 tỷ,56 m²,12,12,"Đống Đa, Hà Nội","Ngõ 121, Phố Thái Hà, Phường Trung Liệt, Đống Đa, Hà Nội",
Nhà mặt phố Trung Liệt Đống Đa 60m 24tỷ 4tầng mt4m oto tránh kinh doanh sầm uất ngay phố thái hà,24 tỷ,60 m²,5,4,"Đống Đa, Hà Nội","Phố Trung Liệt, Phường Trung Liệt, Đống Đa, Hà Nội",
Bán căn hộ 2 phòng ngủ giá tốt chỉ từ 2 tỷ 19,"2,19 tỷ",50 m²,2,1,"Quận 9, Hồ Chí Minh","Dự án Sky 9, Đường Liên Phường, Phường Phú Hữu, Quận 9, Hồ Chí Minh",
Nhà mặt phố Định Công Thượng 53m2 14tỷ 5tầng MT 4.7m kinh doanh vị trí đắc địa tương lai sáng ngời,14 tỷ,53 m²,8,4,"Hoàng Mai, Hà Nội","Đường Định Công Thượng, Phường Định Công, Hoàng Mai, Hà Nội",
Mặt phố Trần Nguyên Đán Định Công Hoàng Mai 28 tỷ 60m2 4tầng MT5m vỉa hè oto kinh doanh sầm uất,28 tỷ,60 m²,6,4,"Hoàng Mai, Hà Nội","Đường Trần Nguyên Đán, Phường Định Công, Hoàng Mai, Hà Nội",
"Bán đất ở thôn Phú Thượng, xã Hòa Sơn, 860 triệu, 110m2, sổ hồng đầy đủ",860 triệu,110 m²,Không có thông tin,Không có thông tin,"Hòa Vang, Đà Nẵng","Xã Hòa Sơn, Hòa Vang, Đà Nẵng",
"Bán gấp đất Golden Hills City, 9,2 tỷ, 297,9m2, Liên Chiểu, Đà Nẵng","9,2 tỷ","297,9 m²",Không có thông tin,Không có thông tin,"Liên Chiểu, Đà Nẵng","Dự án Golden Hills City, Đường 7, Phường Hòa Hiệp Nam, Liên Chiểu, Đà Nẵng",
"Gấp, Mót-cần bán nhà 120m Phú Viên, Bồ Đề ô tô tránh, KD sầm uất, vị trí siêu đẹp,giá Đầu Tư 17.Xty","17,9 tỷ",120 m²,3,Không có thông tin,"Long Biên, Hà Nội","Đường Phú Viên, Phường Bồ Đề, Long Biên, Hà Nội",
17tỷ/căn BT Long Việt Quang Minh Mê Linh 242.5m2 view công viên cạnh góc đường to sổ đỏ sang tên,17 tỷ,"242,5 m²",Không có thông tin,Không có thông tin,"Mê Linh, Hà Nội","Dự án KĐT Quang Minh, Đường Cao tốc Thăng Long Nội Bài, Thị trấn Quang Minh, Mê Linh, Hà Nội.",
"Bán biệt thự 4 tầng, 3 thoáng: 17PN, 12WC, Vị trí đắc địa, giá tốt tại Phố Vàng, Thanh Sơn, Phú Thọ","16,8 tỷ",220 m²,17,12,"Thanh Sơn, Phú Thọ","Phố Vàng, Thị trấn Thanh Sơn, Thanh Sơn, Phú Thọ",
MẶT TIỀN 7M -- VIEW THOÁNG VĨNH VIỄN -- NHÀ THÔ LUXURY KIẾN HƯNG -- 1 LÔ DUY NHẤT,"15,5 tỷ",70 m²,6,6,"Hà Đông, Hà Nội","Dự án Kiến Hưng Luxury, Đường Phúc La, Phường Kiến Hưng, Hà Đông, Hà Nội",
"Bán biệt thự D5C Vườn Đào, vị trí đẹp, diện tích 230.9m2, mặt tiền 15m, đất nở hậu, giá 119 tỷ",119 tỷ,"230,9 m²",5,7,"Tây Hồ, Hà Nội","Ngõ 679 Đường Lạc Long Quân, Phường Phú Thượng, Tây Hồ, Hà Nội",
"Bán NR view đẹp tại Trung Kính, 14,2 tỷ, 40m2, 4PN + 4WC, chính chủ","14,2 tỷ",40 m²,4,4,"Cầu Giấy, Hà Nội","Phố Trung Kính, Phường Yên Hòa, Cầu Giấy, Hà Nội",
"Bán hàng ngộp Opal skyline - studio - 1,1 Tỷ, 1PN - 1,55 tỷ, 2PN - 1,68 tỷ, 3PN - 2,39 tỷ - sẵn sổ","1,68 tỷ",63 m²,2,2,"Thuận An, Bình Dương","Opal Skyline, Nguyễn Văn Tiết, Lái Thiêu, Thuận An, Bình Dương",
"Nhà MT 6 x 27m kết cấu 4 tầng Q Bình Tân, cho thuê 45tr giá cực rẻ, chỉ có 11.3tỷ TL","11,3 tỷ",156 m²,22,22,"Bình Tân, Hồ Chí Minh","203 Đường Trần Thanh Mại, Phường Tân Tạo A, Bình Tân, Hồ Chí Minh",
"Bán nhà LK nội khu Gamuda 90m, vị trí đẹp nhất phân khu ST5, đón đường Tam Trinh sắp mở đẹp mê ly",Giá thỏa thuận,90 m²,4,4,"Hoàng Mai, Hà Nội","Dự án Gamuda Gardens, Đường Tam Trinh, Phường Trần Phú, Hoàng Mai, Hà Nội",
"Chính chủ em có 10 căn nhà mới thơm mùi sơn tại An Khánh, Hoài Đức sẵn dọn về ở ngay",Giá thỏa thuận,40 m²,Không có thông tin,Không có thông tin,"Hoài Đức, Hà Nội","Xã An Khánh, Hoài Đức, Hà Nội",
Mặt trục thương mại 21m - BT Solasta Mansion Dương Nội - dành cho giới tinh hoa,39 tỷ,200 m²,Không có thông tin,Không có thông tin,"Hà Đông, Hà Nội","Solasta Mansion, Đường Tố Hữu, Phường Dương Nội, Hà Đông, Hà Nội",
"Quỹ đất dịch vụ An Thượng khu 12.5ha - mặt đường LK8, mặt hồ, mặt công viên của BĐS Huy Đào",Giá thỏa thuận,"55,8 m²",Không có thông tin,Không có thông tin,"Hoài Đức, Hà Nội","Xã An Thượng, Hoài Đức, Hà Nội",
Nhà thật giá thật chỉ 5 tỷ 2 căn ở hẻm 1 xẹt Lê Hồng Phong DT gần 37m2 2PN 2WC SHR full nội thất,"5,2 tỷ","36,4 m²",2,3,"Quận 10, Hồ Chí Minh","Đường Lê Hồng Phong, Phường 2, Quận 10, Hồ Chí Minh",
Nhà đẹp ở liền ngay đội cung quận 11 giá 3 tỷ TL ít DT 30m2 2PN 3WC SHR tặng nội thất cơ bản,3 tỷ,30 m²,2,2,"Quận 11, Hồ Chí Minh","Đường Đội Cung, Phường 11, Quận 11, Hồ Chí Minh",
"Bán shophouse 135m2 tại Gamuda Gardens, 53 tỷ, 4PN, 4WC",53 tỷ,135 m²,4,4,"Hoàng Mai, Hà Nội","Gamuda Gardens, Đường Đỗ Mười, Phường Trần Phú, Hoàng Mai, Hà Nội",
Mặt hồ Chùa Láng - 68m2 xây 6 tầng - vỉa hè kinh doanh - ô tô chạy vòng quanh,"33,8 tỷ",68 m²,6,6,"Đống Đa, Hà Nội","Phố Chùa Láng, Phường Láng Thượng, Đống Đa, Hà Nội",
BÁN NHÀ _ TRẦN ĐIỀN _ Ở KINH DOANH _ VĂN PHÒNG _ PHÒNG KHÁM _TUYỆT ĐỈNH_ GẦN _ BV _ BƯU ĐIỆN,"16,9 tỷ",63 m²,9,9,"Hoàng Mai, Hà Nội","Đường Trần Nguyên Đán, Phường Định Công, Hoàng Mai, Hà Nội",
"Shophouse góc vườn hoa, vị trí đẹp, giá tốt nhất dự án Centa City VSIP Bắc Ninh","6,4 tỷ",90 m²,4,5,"Từ Sơn, Bắc Ninh","Dự án Centa City, Đường Hữu Nghị, Phường Phù Chẩn, Từ Sơn, Bắc Ninh",
80m2 đất DV Thăng Long 9 đường 17m. Nằm đối diện trường Liên Cấp dự án Hinode Royal Park-gần hồ 6ha,"12,6 tỷ",80 m²,Không có thông tin,Không có thông tin,"Hoài Đức, Hà Nội","Xã Kim Chung, Hoài Đức, Hà Nội",
Bán nhà phố chân chung cư City light sẵn kd dòng tiền giáp KCN và chợ Vina giá đầu tư,"8,5 tỷ",80 m²,5,5,"Vĩnh Yên, Vĩnh Phúc","The City Light Vĩnh Yên, Đường Nguyễn Tất Thành, Phường Khai Quang, Vĩnh Yên, Vĩnh Phúc",
"Duplex 4PN Infiniti 177m2 giá 13,4ty, view Phú Mỹ Hưng về đêm lung linh, nhà thô, tầng trung đẹp","13,4 tỷ",177 m²,4,3,"Quận 7, Hồ Chí Minh","The Infiniti Riviera Point, Huỳnh Tấn Phát, Tân Phú, Quận 7, Hồ Chí Minh",
"Lô đất Lô đất sạch đẹp đường Số 7 Hà Quang 2, vị trí gần đường số 2. Xung quanh đang xây dựng nhiều","7,76 tỷ","117,5 m²",Không có thông tin,Không có thông tin,"Nha Trang, Khánh Hòa","Dự án KĐT Lê Hồng Phong II, Đường Số 7, Phường Phước Hải, Nha Trang, Khánh Hòa",
"Bán mảnh đất 305m2, 16,5 tỷ cạnh Đại Lộ Thăng Long, BigC Trần Duy Hưng, Cầu Giấy 10 phút","16,5 tỷ",305 m²,Không có thông tin,Không có thông tin,"Hoài Đức, Hà Nội","Xã Vân Côn, Hoài Đức, Hà Nội",
"Quỹ độc quyền CĐT Vinhomes Ocean Park studio, 1N, 2N, 3N giá tốt, chiết khấu cao","2,35 tỷ",48 m²,1,1,"Gia Lâm, Hà Nội","Dự án Vinhomes Ocean Park Gia Lâm, Xã Dương Xá, Gia Lâm, Hà Nội",
"Cắt lỗ sâu 2 căn The Senique: 64m (2PN) S2.2x20 lô góc cắt lỗ 170tr, 42m (1PN) SP.1x23 lỗ 150tr","3,6 tỷ",42 m²,Không có thông tin,Không có thông tin,"Gia Lâm, Hà Nội","Chung cư The Senique Hanoi , Dương Xá, Gia Lâm, Hà Nội",
"Bán nhà mặt phố 2 mặt tiền Nguyễn Xiển, 69,9 tỷ, 92 m2, 14PN + 15WC + 8tầng, hot! Kinh doanh đỉnh","69,9 tỷ",92 m²,14,15,"Thanh Xuân, Hà Nội","Đường Nguyễn Xiển, Phường Thanh Xuân Trung, Thanh Xuân, Hà Nội",
SIÊU PHẨM APARTMENT ĐẲNG CẤP CHÂU ÂU - LÔ GÓC - SÁT PHỐ - DÒNG TIỀN CAO - 640M - 8T - MT20 - 231TỶ,231 tỷ,640 m²,14,14,"Tây Hồ, Hà Nội","đường Tây Hồ, Phường Quảng An, Tây Hồ, Hà Nội",
"Xẻ khe 141 siêu đẹp dự án Sapphire Gem , Ngay TTHC mới Hải Phòng, giá chỉ 7,x tỷ bao thuế phí","7,8 tỷ",141 m²,Không có thông tin,Không có thông tin,"Thủy Nguyên, Hải Phòng","Dự án Sapphire Gem Hải Phòng, Phường Thủy Đường, Thủy Nguyên, Hải Phòng",
"Xẻ khe 141 siêu đẹp dự án Sapphire Gem , Ngay TTHC mới Hải Phòng, giá chỉ 7,x tỷ bao thuế phí","7,8 tỷ",141 m²,Không có thông tin,Không có thông tin,"Thủy Nguyên, Hải Phòng","Dự án Sapphire Gem Hải Phòng, Phường Thủy Đường, Thủy Nguyên, Hải Phòng",
"Bán nhanh mặt tiền đường số 3 (rộng 30m) khu Cityland, P10, DT: 18x20 hoàn thiện thang máy máy lạnh",Giá thỏa thuận,100 m²,Không có thông tin,Không có thông tin,"Gò Vấp, Hồ Chí Minh","Dự án CityLand Park Hills, Đường Số 3, Phường 10, Gò Vấp, Hồ Chí Minh.",
Nhà đẹp Phúc Lợi oto đỗ cửa Full nội thất giá hiếm,"5,2 tỷ",31 m²,3,Không có thông tin,"Long Biên, Hà Nội","Đường Phúc Lợi, Phường Phúc Lợi, Long Biên, Hà Nội",
"Bán căn hộ chung cư tại Nguyễn Oanh, 2,5 tỷ, 62m2, 2PN, 1WC, Gò Vấp, HCM","2,5 tỷ",62 m²,2,1,"Gò Vấp, Hồ Chí Minh","An Lộc, Đường Nguyễn Oanh, Phường 17, Gò Vấp, Hồ Chí Minh",
"Tùng cần bán đấT Ngộp ""Nhà Vườn"" lúc đất sốt 2022 (2ty5 không bán) Nay giá còn lại 1ty650","1,65 tỷ",1.000 m²,Không có thông tin,Không có thông tin,"Long Thành, Đồng Nai","Xã Cẩm Đường, Long Thành, Đồng Nai",
Lô đất mặt đường Lê Văn Lương trung tâm TP Hưng Yên giá hợp lý,"25,58 tỷ",341 m²,Không có thông tin,Không có thông tin,"Hưng Yên, Hưng Yên","Đường Lê Văn Lương, Phường An Tảo, Hưng Yên, Hưng Yên",
Giới thiệu và chào bán căn biệt thự BT 4 Bán Đảo Linh Đàm,320 triệu,273 m²,5,6,"Hoàng Mai, Hà Nội","Đường Nam Sơn, Phường Hoàng Liệt, Hoàng Mai, Hà Nội",
"HIẾM, 2 LÔ XÂY BIỆT THỰ ~200M2, SÁT KHU CÔNG NGHIỆP, THIÊN HƯƠNG, THỦY NGUYÊN, HP, SỔ ĐỎ, ĐƯỜNG 5M","2,25 tỷ",106 m²,Không có thông tin,Không có thông tin,"Thủy Nguyên, Hải Phòng","Thiên Hương, Thủy Nguyên, Hải Phòng",
"CHUYÊN BÁN DÒNG Căn hộ 2 ngủ TỪ 3.4 tỷ vinhomes smart, DANH SÁCH các căn ĐẦY ĐỦ DƯỚI NỘI DUNG","3,4 tỷ",54 m²,2,1,"Nam Từ Liêm, Hà Nội","Vinhomes Smart City , Tây Mỗ, Nam Từ Liêm, Hà Nội",
Chính chủ bán lô đất đối diện vinhomes 197ha Hậu Nghĩa ( bên kia đường ),"8,2 tỷ",530 m²,Không có thông tin,Không có thông tin,"Đức Hòa, Long An","Vinhomes Hậu Nghĩa , Đường 3/2, Thị trấn Hậu Nghĩa, Đức Hòa, Long An",
BÁN NHÀ GẦN VINCOM TP DĨ AN - GIÁ RẺ NHẤT KHU VỰC - CẦN BÁN GẤP,"4,75 tỷ","67,5 m²",3,3,"Dĩ An, Bình Dương","Phường Tân Đông Hiệp, Dĩ An, Bình Dương",
"GIỎ HÀNG T&T CITY MILLENNIA T3/2025, NHIỀU VỊ TRÍ ĐẸP GIÁ TỐT ĐỂ ĐẦU TƯ . LH 0938 193 *** EM PHƯỚC","4,2 tỷ",120 m²,Không có thông tin,Không có thông tin,"Cần Giuộc, Long An","T&T Millennia City Long Hậu, Xã Long Hậu, Cần Giuộc, Long An",
"Bán đất tại Nguyễn Ngọc Vũ, Trung Hòa, Cầu Giấy, Hà Nội, 48 tỷ, 285 m2 hàng hiếm giá tốt",48 tỷ,285 m²,5,5,"Cầu Giấy, Hà Nội","Phố Nguyễn Ngọc Vũ, Phường Trung Hòa, Cầu Giấy, Hà Nội",
NHÀ THẠCH BÀN 6 TẦNG THANG MÁY,"6,45 tỷ",40 m²,3,4,"Long Biên, Hà Nội","Thạch Bàn, Đường Nguyễn Thời Trung, Phường Thạch Bàn, Long Biên, Hà Nội",
"16/3 Kho hàng Phương Đông lk02,lk10,lk11,lk18,lk19,lk23,lk20,lk21,lk45 giá từ 24 triệu/m2","2,1 tỷ","87,5 m²",Không có thông tin,Không có thông tin,"Vân Đồn, Quảng Ninh","Dự án Khu đô thị Phương Đông, Xã Đông Xá, Vân Đồn, Quảng Ninh",
Sapphire Gem - 3 suất ngoại giao Liền Kề Trục 21m gần công viên - Giá không tăng,"5,42 tỷ",110 m²,Không có thông tin,Không có thông tin,"Thủy Nguyên, Hải Phòng","Sapphire Gem Hải Phòng, Thủy Đường, Thủy Nguyên, Hải Phòng",
Siêu phẩm shophouse tại khu đô thị Việt Hàn giá chỉ từ 2. X tỷ sổ đỏ trao tay nhận nhà ngay,Giá thỏa thuận,100 m²,8,4,"Phổ Yên, Thái Nguyên","Dự án KĐT Việt Hàn, Đường Phạm Văn Đồng, Xã Hồng Tiến, Phổ Yên, Thái Nguyên.",
Chỉ 1. X tỷ nhận ngay lô 100m2 tại trung tâm Thành Phố Phổ Yên sổ đỏ trao tay LH: 0986 567 ***,Giá thỏa thuận,100 m²,Không có thông tin,Không có thông tin,"Phổ Yên, Thái Nguyên","Khu đô thị Việt Hàn, Phạm Văn Đồng, Hồng Tiến, Phổ Yên, Thái Nguyên",
BÁN CCMINI KĐT GALAXY VẠN PHÚC -- LÔ GÓC 17 PHÒNG DOANH THU ~ 1 TỶ/NĂM THANG MÁY HIỆN ĐẠI,Giá thỏa thuận,80 m²,Không có thông tin,Không có thông tin,"Hà Đông, Hà Nội","Phường Vạn Phúc, Hà Đông, Hà Nội",
"Hiếm, bán shop chân đế dòng tiền 60 tr/ tháng, hợp đồng 5 năm, ký mới cđt",Giá thỏa thuận,60 m²,1,1,"Văn Giang, Hưng Yên","Ecopark, Đường Trúc, Xã Xuân Quan, Văn Giang, Hưng Yên",
"Bán căn hộ Bcons Green Sapphire , giá chỉ từ 1,6 tỷ 1PN, ưu đãi đặc biệt hấp dẫn tháng 3/2025","1,99 tỷ",60 m²,2,2,"Dĩ An, Bình Dương","Bcons City, Thống Nhất, Đông Hòa, Dĩ An, Bình Dương",
"Bán Căn Góc 3PN-2VS giá ưu đãi tại Vinhome Ocean Park, Đa Tốn, Gia Lâm, Hà Nội, 3,78 tỷ, 73,02m2","3,78 tỷ","73,02 m²",3,2,"Gia Lâm, Hà Nội","Bán căn Góc 3N- S2.09 Vinhome Ocean Park, Đa tốn, Gia Lâm, Hà Nội",
Cần bán nhà phố dĩ an sát thành phố thủ đức,"4,65 tỷ","61,2 m²",3,3,"Dĩ An, Bình Dương","Đường Quốc lộ 1K, Phường Bình An, Dĩ An, Bình Dương",
"Bán gấp Căn hộ 75m2 giá 4,85 tỷ, Căn hộ 96m2 giá 5,9 tỷ tại chung cư HUD3, số 60 Nguyễn Đức Cảnh","4,85 tỷ",75 m²,Không có thông tin,2,"Hoàng Mai, Hà Nội","HUD3 Nguyễn Đức Cảnh, 60, Đường Nguyễn Đức Cảnh, Phường Tương Mai, Hoàng Mai, Hà Nội",
"Bán shophouse chân đế phân khu S vin ocean 1, sẵn hợp đồng cho thuê dài hạn","14,5 tỷ",161 m²,Không có thông tin,Không có thông tin,"Gia Lâm, Hà Nội","Vinhomes Ocean Park Gia Lâm, Dương Xá, Gia Lâm, Hà Nội",
"Chỉ từ 3 tỷ có nhà Hà Nội , cạnh khu đô thị Đô Nghĩa! Nội thất đầy đủ về ở luôn!","3,4 tỷ",40 m²,Không có thông tin,Không có thông tin,"Hà Đông, Hà Nội","Phường Yên Nghĩa, Hà Đông, Hà Nội",
Chỉ cần từ 4.5 tỷ sở hữu biệt thự khoáng nóng Tokyu Retreat. Cam kết thuê lại 40 - 70 triệu/tháng.,8 tỷ,180 m²,3,3,"Thanh Thủy, Phú Thọ","Dự án Wyndham Thanh Thủy, Xã Bảo Yên, Thanh Thủy, Phú Thọ",
"Nhà Đẹp Khu Vip Hoàng Hoa Thám, Bình Thạnh - HXH- Cách Mặt Tiền 2 căn","9,75 tỷ",44 m²,5,Không có thông tin,"Bình Thạnh, Hồ Chí Minh","Phường 7, Bình Thạnh, Hồ Chí Minh",
"Bán Đất 260m2 tại Nguyễn Du, Phường Nguyễn Du, Hai Bà Trưng, Hà Nội",260 tỷ,260 m²,Không có thông tin,Không có thông tin,"Hai Bà Trưng, Hà Nội","Đường Nguyễn Du, Phường Nguyễn Du, Hai Bà Trưng, Hà Nội",
Thật 100% thu 250 triệu/tháng 32 phòng CHDV hầm 6 tầng 6x25m. 150m2 Mặt tiền hẻm nhựa 10m Phổ Quang,"28,5 tỷ",160 m²,32,32,"Phú Nhuận, Hồ Chí Minh","Đường Phổ Quang, Phường 9, Phú Nhuận, Hồ Chí Minh",
"Hoang Huy New City thịnh vượng an gia, tinh hoa hội tụ. Siêu phẩm trung tâm hành chính Hải Phòng",Giá thỏa thuận,87 m²,4,Không có thông tin,"Thủy Nguyên, Hải Phòng","Dự án Hoàng Huy New City, Đường Đỗ Mười, Phường Dương Quan, Thủy Nguyên, Hải Phòng",
DƯỚI 80TR/1 M2. 286 M2 . GÒ VẤP KHÔNG CÒN CĂN THỨ 2 ĐỂ SO SÁNH . XUNG QUANH BIỆT THỰ CAO CẤP,"22,5 tỷ",286 m²,Không có thông tin,Không có thông tin,"Gò Vấp, Hồ Chí Minh","Đường Lê Đức Thọ, Phường 15, Gò Vấp, Hồ Chí Minh",
"Thật 100% (ngang 12x22m 230m2) hẻm 6m xe hơi 7 chỗ vào nhà Hoàng Sa, Quận 3",Giá thỏa thuận,230 m²,5,3,"Quận 3, Hồ Chí Minh","Đường Hoàng Sa, Phường 9, Quận 3, Hồ Chí Minh",
"Độc quyền phân phối đất nền LK và BT KĐT Hà Phong, Mê Linh. Sổ đỏ chính chủ, cam kết giá rẻ nhất TT","15,2 tỷ",304 m²,Không có thông tin,Không có thông tin,"Mê Linh, Hà Nội","Dự án Hà Phong, Xã Tiền Phong, Mê Linh, Hà Nội",
Sở hữu căn góc liền kề đắc địa - đầu tư sinh lời tại Vinhomes Golden Avenue,"16,17 tỷ",133 m²,Không có thông tin,Không có thông tin,"Móng Cái, Quảng Ninh","Dự án Vinhomes Golden Avenue Móng Cái, Phường Hải Hòa, Móng Cái, Quảng Ninh",
"Bán nhà Trần Khát Chân- Ô tô vào nhà-kinh doanh sầm uất-80m2-Giá 15,5 tỷ-mặt tiền 5m-trung tâm HBT",155 tỷ,80 m²,4,4,"Hai Bà Trưng, Hà Nội","Đường Trần Khát Chân, Phường Thanh Lương, Hai Bà Trưng, Hà Nội",
"NHÀ MỚI KOONG HOÀNG MAI 34M 4 TẦNG 5.3 TỶ, NGÕ RỘNG THÊNH THANG.","5,3 tỷ",34 m²,3,3,"Hoàng Mai, Hà Nội","Đường Hoàng Mai, Phường Hoàng Văn Thụ, Hoàng Mai, Hà Nội",
"ĐÁT BIỆT THỰ VIEW SÔNG, 245M2=10x24,5 FULL THỔ CƯ,SỔ HỒNG,MT ĐƯỜNG NHỰA 8M GIÁP TPHCM - GIÁ 33TR/M2","8,09 tỷ",245 m²,Không có thông tin,Không có thông tin,"Thuận An, Bình Dương","Đường Vĩnh Phú 10, Phường Vĩnh Phú, Thuận An, Bình Dương",
"Chính chủ bán nhà phố Centana ĐPT, 3 lầu kinh doanh được giá 7.1 tỷ, sổ hồng hoàn công","7,1 tỷ",80 m²,4,4,"Quận 9, Hồ Chí Minh","Dự án Centana City Điền Phúc Thành, Phường Long Trường, Quận 9, Hồ Chí Minh",
"Em gắn bó, sâu sát với Xanh Villas ngay từ đầu. Chuyên nghiệp, không làm phiền và vào việc luôn ạ",Giá thỏa thuận,250 m²,4,4,"Thạch Thất, Hà Nội","Dự án Xanh Villas, Đường Đại lộ Thăng Long, Xã Tiến Xuân, Thạch Thất, Hà Nội",
"Chính chủ bán nhà phố Centana ĐPT, 3 lầu kinh doanh được giá 7.1 tỷ, sổ hồng hoàn công","7,1 tỷ",80 m²,4,4,"Quận 9, Hồ Chí Minh","Dự án Centana City Điền Phúc Thành, Phường Long Trường, Quận 9, Hồ Chí Minh",
"Em gắn bó, sâu sát với Xanh Villas ngay từ đầu. Chuyên nghiệp, không làm phiền và vào việc luôn ạ",Giá thỏa thuận,250 m²,4,4,"Thạch Thất, Hà Nội","Dự án Xanh Villas, Đường Đại lộ Thăng Long, Xã Tiến Xuân, Thạch Thất, Hà Nội",
"Bán đất đường Tây Hòa 9, 1,2 tỷ VND, 103,5 m2, giá tốt hàng độc tại","1,2 tỷ","103,5 m²",Không có thông tin,Không có thông tin,"Trảng Bom, Đồng Nai","Đường Tây Hòa 9, Xã Tây Hòa, Trảng Bom, Đồng Nai",
"Bán shophouse tại Vinhomes Royal Island, 12,655 tỷ, 90m2, giá tốt, uy tín, Hải Phòng","12,66 tỷ",90 m²,Không có thông tin,Không có thông tin,"Thủy Nguyên, Hải Phòng","Vinhomes Royal Island, Phường Thủy Hà, Thủy Nguyên, Hải Phòng",
"Chủ nợ NH cần bán gấp luôn, BT Việt Hưng - vừa ở vừa văn phòng: 250m2, 4 tầng, giá 45tỷ",45 tỷ,250 m²,4,4,"Long Biên, Hà Nội","Dự án Việt Hưng, Phường Đức Giang, Long Biên, Hà Nội",
Chính chủ cần bán căn Lk 116m2 đường 15.5m giá 35 tỷ view chung cư,35 tỷ,116 m²,5,5,"Bắc Từ Liêm, Hà Nội","Phường Xuân Đỉnh, Bắc Từ Liêm, Hà Nội",
"Bán đất mặt tiền đường nhựa Trung Đông 11 xã Thới Tam Thôn huyện Hóc Môn, lộ giới quy hoạch 16m","11,81 tỷ","1.687,3 m²",Không có thông tin,Không có thông tin,"Hóc Môn, Hồ Chí Minh","Đường Trung Đông 11, Xã Thới Tam Thôn, Hóc Môn, Hồ Chí Minh",
"Bán đất nền tại đường Cà Xo, Châu Đức, Bà Rịa Vũng Tàu, giá thỏa thuận, 2897m2 đẹp, tiện ích","2,85 tỷ",2.897 m²,Không có thông tin,Không có thông tin,"Châu Đức, Bà Rịa Vũng Tàu","Đường Cà Xo, Xã Sơn Bình, Châu Đức, Bà Rịa Vũng Tàu",
Bán đất Vĩnh Thanh Nhơn Trạch 2 mặt tiền có đường giao thông nhà nước,"34,83 tỷ",26.794 m²,Không có thông tin,Không có thông tin,"Nhơn Trạch, Đồng Nai","Xã Vĩnh Thanh, Nhơn Trạch, Đồng Nai",
"NOXH tại dự án Solrise Nhơn Phú 2, TP. Quy Nhơn - Giá chỉ từ 88tr ký ngay hđmb nhận nhà liền tay!",Giá thỏa thuận,58 m²,2,2,"Quy Nhơn, Bình Định","Đường Tây Sơn, Phường Nhơn Phú, Quy Nhơn, Bình Định",
"Rổ Hàng Lớn Tại Opal Boulevard Giá Siêu HOT Từ 2.7-3 Tỷ/Căn Có Nội Thất, Chuyên Bán OPAL 0938 893 ***","2,8 tỷ",74 m²,2,2,"Dĩ An, Bình Dương","Opal Boulevard, Kha Vạn Cân, An Bình, Dĩ An, Bình Dương",
"Anh họ mình gửi bán nhà mặt phố Trần Cung, kinh doanh sầm uất, 62m2, 11,9 tỷ","11,9 tỷ",62 m²,Không có thông tin,Không có thông tin,"Cầu Giấy, Hà Nội","Phố Trần Cung, Phường Nghĩa Tân, Cầu Giấy, Hà Nội",
"Bán gấp căn 4 phòng ngủ đẹp rộng view thoáng mát Vinhomes Central Park, LH 0901 511 ***","14,5 tỷ",140 m²,4,3,"Bình Thạnh, Hồ Chí Minh","Dự án Vinhomes Central Park, Đường Điện Biên Phủ, Phường 22, Bình Thạnh, Hồ Chí Minh",
"Bán căn hộ toà L3 Vinhomes Central Park, 13,3 tỷ, 107m2 view đẹp, 3PN, 2WC, Bình Thạnh, HCM","13,3 tỷ",107 m²,3,2,"Bình Thạnh, Hồ Chí Minh","Dự án Vinhomes Central Park, Đường Điện Biên Phủ, Phường 22, Bình Thạnh, Hồ Chí Minh",
Bán Đất Tràng An Chúc Sơn Mặt Trục Chính LH : 0929 656 ***,Giá thỏa thuận,"46,5 m²",Không có thông tin,Không có thông tin,"Chương Mỹ, Hà Nội","Đường Tràng An, Thị trấn Chúc Sơn, Chương Mỹ, Hà Nội",
"CHÍNH CHỦ BÁN ĐẤT YÊN NINH ,HIỀN NINH ,SÓC SƠN ,HÀ NỘI","1,95 tỷ",65 m²,Không có thông tin,Không có thông tin,"Sóc Sơn, Hà Nội","Xã Hiền Ninh, Sóc Sơn, Hà Nội",
"Bán nhà phố Dương Khuê kinh doanh ô tô tránh , vỉa hè đá bóng 45m 7 tầng thang máy, 21 tỷ",21 tỷ,45 m²,6,5,"Cầu Giấy, Hà Nội","Đường Dương Khuê, Phường Mai Dịch, Cầu Giấy, Hà Nội",
"DT 65m2, lô góc, LK TĐC ĐHQG sát trường mầm non rẻ hơn thị trường 2 - 3 giá",Giá thỏa thuận,65 m²,Không có thông tin,Không có thông tin,"Thạch Thất, Hà Nội","Đường 420, Xã Thạch Hòa, Thạch Thất, Hà Nội",
"Nhỉnh 3 tỷ: Chính chủ bán 180m2, MT 8.5m, sát nhà máy in tiền xã Phú Cát","3,78 tỷ",180 m²,Không có thông tin,Không có thông tin,"Quốc Oai, Hà Nội","Đường Vai Réo, Xã Phú Cát, Quốc Oai, Hà Nội",
"Cắt lỗ 60m2 ngay trục chính Cổ Đông Sơn Tây, gần Quốc Lộ 21, trường Lục Quân, Hòa Lạc FPT, CNC","1,65 tỷ",60 m²,Không có thông tin,Không có thông tin,"Sơn Tây, Hà Nội","Đường Quốc lộ 21A(Quốc lộ 21), Xã Cổ Đông, Sơn Tây, Hà Nội",
"Chính chủ bán gấp 61m2 2 mặt thoáng cách QL21 300m, 5p di chuyển ra ĐHQG HN","1,55 tỷ",61 m²,Không có thông tin,Không có thông tin,"Sơn Tây, Hà Nội","Đường Quốc lộ 21A(Quốc lộ 21), Xã Cổ Đông, Sơn Tây, Hà Nội",
Chính chủ bán lô góc 60m2 ngay trục chính thôn xã Bình Yên giá chỉ quanh 2 tỷ,Giá thỏa thuận,60 m²,Không có thông tin,Không có thông tin,"Thạch Thất, Hà Nội","Đường 420, Xã Bình Yên, Thạch Thất, Hà Nội",
Gia chủ làm ăn lộc phát có nhu cầu chuyển đổi căn to nên bán căn Vin TL full nội thất - giá 20. Xỷ,"20,5 tỷ",106 m²,Không có thông tin,Không có thông tin,"Hoài Đức, Hà Nội","Dự án Vinhomes Thăng Long, Xã An Khánh, Hoài Đức, Hà Nội",
Bán khách sạn 4* mặt phố Nguyễn Thái Học quận Ba Đình đẳng cấp siêu VIP 210m 10T Mt 8.7m giá 185 tỷ,184 tỷ,210 m²,40,40,"Ba Đình, Hà Nội","Đường Nguyễn Thái Học, Phường Điện Biên, Ba Đình, Hà Nội",
"Em Tuân VID Mê Linh có 20 lô biệt thự và liền kề tại khu đô thị Hà Phong, tài chính 10 tỷ đến 40 tỷ",Giá thỏa thuận,250 m²,Không có thông tin,Không có thông tin,"Mê Linh, Hà Nội","Dự án Hà Phong, Đường Hà Phong, Xã Tiền Phong, Mê Linh, Hà Nội",
"Bán gấp Căn hộ dịch vụ 5 x 26m, Lê Đức Thọ, 5 tầng, 17 Phòng 65tr/ tháng, hẻm 8m, giá 12.7tỷ","12,7 tỷ",130 m²,17,17,"Gò Vấp, Hồ Chí Minh","Đường Lê Đức Thọ, Phường 15, Gò Vấp, Hồ Chí Minh",
"Em bán Vin Green Villas từ đầu CĐT bán nên có nhiều căn trên thị trường không có, chuyên nghiệp!","67,78 tỷ",474 m²,5,5,"Nam Từ Liêm, Hà Nội","Dự án Vinhomes Green Villas, Phường Đại Mỗ, Nam Từ Liêm, Hà Nội.",
Biệt thự đơn lập Vinhomes Green Villas cần bán nhanh diện tích 200m2 giá 220 triệu/m² giá quá tốt!,44 tỷ,200 m²,5,5,"Nam Từ Liêm, Hà Nội","Dự án Vinhomes Green Villas, Phường Đại Mỗ, Nam Từ Liêm, Hà Nội",
"Bán nhà riêng tại Quang Trung, La Khê, Hà Đông, Hà Nội, giá 11,5 tỷ, 92m2","11,5 tỷ",92 m²,Không có thông tin,Không có thông tin,"Hà Đông, Hà Nội","Số 31 ngõ 12, Đường Quang Trung, Phường La Khê, Hà Đông, Hà Nội",
"Quỹ 3 căn cuối cùng CĐT, giá đầu tư 475m2 - 143tr/m2(vườn rộng, nhà rộng) qúa rẻ ạ - Sẵn sổ đỏ ngay",68 tỷ,475 m²,Không có thông tin,Không có thông tin,"Nam Từ Liêm, Hà Nội","Dự án Vinhomes Green Villas, Phường Đại Mỗ, Nam Từ Liêm, Hà Nội",
"Bán biệt thự VIP 190m2 tại Trung Hòa, Cầu Giấy, HN, giá 83 tỷ VND, cực đẹp, nhiều tiện ích",83 tỷ,190 m²,4,6,"Cầu Giấy, Hà Nội","Phường Trung Hòa, Cầu Giấy, Hà Nội",
BÁN NHÀ - PHỐ NGUYỄN LÂN - PHÂN LÔ - Ô TÔ - PHONG CÁCH - LUXURY - 40M X 5 TẦNG,"10,2 tỷ",40 m²,3,4,"Thanh Xuân, Hà Nội","Đường Nguyễn Lân, Phường Phương Liệt, Thanh Xuân, Hà Nội",
"LÔ GÓC SIÊU ĐẸP 103M LIÊN HÀ, VỊ TRÍ TRUNG TÂM LÀNG NGHỀ, CẠNH DỰ ÁN KHU LIÊN HỢP THỂ THAO T&T",Giá thỏa thuận,103 m²,Không có thông tin,Không có thông tin,"Đông Anh, Hà Nội","Đường Liên Hà, Xã Liên Hà, Đông Anh, Hà Nội",
Cam kết giá tốt nhất không thể bỏ lỡ 2PN 2WC 73 tầng cao full nội thất decor chỉ 4 tỷ bao thuế phí,4 tỷ,73 m²,2,2,"Quận 9, Hồ Chí Minh","Dự án Jamila Khang Điền, Đường Song Hành, Phường Phú Hữu, Quận 9, Hồ Chí Minh",
"MT 9m đường Núi Thành, 270m2 sát Tiểu La,xây building/căn hộ đẹp nhất trung tâm HCường Bắc,Hải Châu","29,7 tỷ",270 m²,Không có thông tin,Không có thông tin,"Hải Châu, Đà Nẵng","Đường Núi Thành, Phường Hòa Cường Bắc, Hải Châu, Đà Nẵng",
Bán nhà phố chính chủ khu đồng bộ giá mềm trục đường Trường Chinh tân thới nhất,"7,4 tỷ",72 m²,4,6,"Quận 12, Hồ Chí Minh","Đường Trường Chinh, Phường Tân Thới Nhất, Quận 12, Hồ Chí Minh",
"GẤP GẤP Chủ cần bán gấp nhà 6x10m diện tích 60m2, đường 5 Bình Trưng Tây giá Ngộp 5,2 tỷ","5,2 tỷ",60 m²,2,2,"Quận 2, Hồ Chí Minh","Đường 5, Phường Bình Trưng Tây, Quận 2, Hồ Chí Minh",
Bán Cực Gấp Biệt Thự An Quý Villa Dương Nội. Siêu Rẻ 180m2 - Rẻ Hơn CDT 10 Tỷ. LH 0988 839 ***,"32,5 tỷ",180 m²,Không có thông tin,Không có thông tin,"Hà Đông, Hà Nội","An Quý Villa - KĐT Dương Nội, Dương Nội, Hà Đông, Hà Nội",
"Đất giáp mặt hồ, vị trí đẹp nhất khu vực hồ Suối Rao, DT 120*50m có 600m2 thổ cư, LH chủ 0901 668 ***",18 tỷ,6.102 m²,Không có thông tin,Không có thông tin,"Châu Đức, Bà Rịa Vũng Tàu","Xã Suối Rao, Châu Đức, Bà Rịa Vũng Tàu",
"Bán căn 2PN, 3PN toà CT1, CT2, CT3, CT5, CT6 Văn Khê, La Khê Hà Đông. LH-0982 511 ***","4,3 tỷ",105 m²,3,2,"Hà Đông, Hà Nội","Dự án Văn Khê, Đường Tố Hữu, Phường La Khê, Hà Đông, Hà Nội",
"Chỉ hơn 200tr anh chị đã sở hữu lô đất view hồ thoáng mát, nghỉ dưỡng chill chill siêu đẹp",250 triệu,117 m²,Không có thông tin,Không có thông tin,"Thạch Thành, Thanh Hóa","Xã Thành Mỹ, Thạch Thành, Thanh Hóa",
"BÁN NHÀ LINH ĐÀM - PHÂN LÔ VIP - Ô TÔ TRÁNH - KINH DOANH ĐỈNH - 80M, MẶT TIỀN 6M - CHỈ 23,5 TỶ","23,5 tỷ",80 m²,5,5,"Hoàng Mai, Hà Nội","KĐT Linh Đàm, Phường Đại Kim, Quận Hoàng Mai, Hà Nội",
"Chuyển nhượng tòa S2.11, 2PN + sổ đỏ trao ngay, chỉ dưới 2,7 tỷ","2,7 tỷ","55,6 m²",3,2,"Gia Lâm, Hà Nội","Dự án The Sapphire 2 - Vinhomes Ocean Park, Xã Đa Tốn, Gia Lâm, Hà Nội",
Chỉ hơn 600 triệu sở hữu ngay dàn lô f0 sổ hồng thổ cư mặt tiền đường nhựa tại Hồ Đá Bàng LakeSide,Giá thỏa thuận,220 m²,Không có thông tin,Không có thông tin,"Long Đất, Bà Rịa Vũng Tàu","Xã Long Tân, Long Đất, Bà Rịa Vũng Tàu",
"Bán nhà 6T thang máy, phố Yên Lãng, Đống Đa, Hà Nội, DT 56m2, sổ đẹp 2 thoáng, giá 15,5 tỷ full NT","15,5 tỷ",56 m²,6,5,"Đống Đa, Hà Nội","Đường Yên Lãng, Phường Láng Hạ, Đống Đa, Hà Nội",
"Hẻm Vip 2 xe hơi kỳ Đồng, P9, Quận 3. Có hẻm sau 6m 8 X 20m hầm, 3 lầu 34 tỷ",34 tỷ,163 m²,Không có thông tin,Không có thông tin,"Quận 3, Hồ Chí Minh","Đường Kỳ Đồng, Phường 9, Quận 3, Hồ Chí Minh",
"MT Tôn Thất Tùng, P. Bến Thành, Quận 1. 4.4 x17m 4 lầu HĐT: 80tr giá 32 tỷ TL",32 tỷ,"74,9 m²",Không có thông tin,Không có thông tin,"Quận 1, Hồ Chí Minh","Đường Tôn Thất Tùng, Phường Bến Thành, Quận 1, Hồ Chí Minh",
Em có quỹ căn của tòa 'The Sola Park' giá rẻ chỉ từ 62tr/m của chủ đầu tư MIK tại Vinhome Smart,"3,8 tỷ",62 m²,2,2,"Nam Từ Liêm, Hà Nội","Imperia Sola Park, Tây Mỗ, Nam Từ Liêm, Hà Nội",
Danh sách các căn biệt thự giá cực tốt đầu tư tại dự án vinaconex KĐT Quang Minh - ML - HN,14 tỷ,350 m²,6,Không có thông tin,"Mê Linh, Hà Nội","Dự án KĐT Quang Minh, Đường Cao tốc Thăng Long Nội Bài, Thị trấn Quang Minh, Mê Linh, Hà Nội",
"Cần bán 190m2 đấu giá thôn 14 nằm trong khu phố nhậu Vin 2, hưởng trọn tiện ích xây dựng 7 tầng",Giá thỏa thuận,190 m²,Không có thông tin,Không có thông tin,"Văn Giang, Hưng Yên","Xã Nghĩa Trụ, Văn Giang, Hưng Yên",
Chính chủ bán chung cư nhà 17T DT 152m2 nhà căn góc đã sửa chữa cực đẹp - nội thất cao cấp,Giá thỏa thuận,152 m²,3,2,"Cầu Giấy, Hà Nội","Dự án Trung Hòa Nhân Chính, Phố Hoàng Đạo Thúy, Phường Trung Hòa, Cầu Giấy, Hà Nội",
"Bán shophouse Terra An Hưng 65m2 vị trí KD cực tốt, thuê 45tr) giá 26tỷ5 (thương lượng), 0917 136 ***","26,5 tỷ",65 m²,Không có thông tin,Không có thông tin,"Hà Đông, Hà Nội","Dự án The Terra An Hưng, Đường Tố Hữu, Phường La Khê, Hà Đông, Hà Nội",
"Chính chủ cần bán, Thạc Quả - Dục Tú - Đông Anh Dt 42,8m2","2,85 tỷ","42,8 m²",Không có thông tin,Không có thông tin,"Đông Anh, Hà Nội","Thôn Thạc Quả, Xã Dục Tú, Đông Anh, Hà Nội",
"Duy nhất 8,4m mặt Quốc lộ 6 khu công nghiệp Lương Sơn, Lương Sơn, Hòa Bình, có sổ đỏ","7,8 tỷ",103 m²,Không có thông tin,Không có thông tin,"Lương Sơn, Hòa Bình","Đường Quốc Lộ 6, Thị trấn Lương Sơn, Lương Sơn, Hòa Bình",
"Bán đất Thuỷ Nguyên, trung tâm hành chính diện tích 60m2; 120m2; 300m2 giá từ 20 triệu/1m2 trở lên","5,15 tỷ",120 m²,Không có thông tin,Không có thông tin,"Thủy Nguyên, Hải Phòng","Dự án Khu đô thị Bắc Sông Cấm, Xã Tân Dương, Thủy Nguyên, Hải Phòng",
"Bán dự án Hoàng Huy tại thành phố Thuỷ Nguyên, Hải Phòng, đối diện trung tâm hành chính",Giá thỏa thuận,77 m²,5,5,"Thủy Nguyên, Hải Phòng","Dự án Hoàng Huy New City, Phường Dương Quan, Thủy Nguyên, Hải Phòng",
Bán Đất tặng nhà 150m2 tại trung tâm Minh Tân Kiến Thụy cách huyện lô chỉ 20m,"2,15 tỷ","150,8 m²",Không có thông tin,Không có thông tin,"Kiến Thụy, Hải Phòng","THôn Thống Nhất, Đường 362, Xã Minh Tân, Kiến Thụy, Hải Phòng",
Đất nền KĐT VCN Phước Hải - Lô 330 giá tốt nhất đầu tư và lô góc đẹp nhất,"18,15 tỷ",330 m²,Không có thông tin,Không có thông tin,"Nha Trang, Khánh Hòa","VCN Phước Hải, Đường Thích Quảng Đức, Phường Phước Hải, Nha Trang, Khánh Hòa",
Tòa căn hộ Nguyễn Chí Thanh 110m2 6T thang máy sổ đẹp ngõ ôtô 7 chỗ vào nhà 28.3 tỷ,"28,3 tỷ",110 m²,6,6,"Đống Đa, Hà Nội","Đường Nguyễn Chí Thanh, Phường Láng Thượng, Đống Đa, Hà Nội",
"Chuyên bán căn hộ 1PN-2PN-3PN tại chung cư Everrich Quận 5, có sổ hồng và đầy đủ pháp lý","5,5 tỷ",83 m²,2,2,"Quận 5, Hồ Chí Minh","The Everrich Infinity, 290, Đường An Dương Vương, Phường 4, Quận 5, Hồ Chí Minh",
"Chuyên bán căn hộ 1PN-2PN-3PN tại chung cư Everrich Quận 5, có sổ hồng và đầy đủ pháp lý","5,5 tỷ",83 m²,2,2,"Quận 5, Hồ Chí Minh","The Everrich Infinity, 290, Đường An Dương Vương, Phường 4, Quận 5, Hồ Chí Minh",
"Chính chủ bán gấp căn hộ 3PN, 106m2 full nội thất cao cấp, view trung tâm siêu đẹp, đã có sổ hồng","10,2 tỷ",106 m²,3,2,"Quận 5, Hồ Chí Minh","The Everrich Infinity, 290, Đường An Dương Vương, Phường 4, Quận 5, Hồ Chí Minh",
Hỗ trợ chuyển nhượng căn hộ tại Sunrise Riverside 2PN và 3PN giá tốt,"3,85 tỷ",70 m²,2,2,"Nhà Bè, Hồ Chí Minh","Dự án Sunrise Riverside, Đường Nguyễn Hữu Thọ, Xã Phước Kiển, Nhà Bè, Hồ Chí Minh",
"Chính chủ bán 65m2 đất thổ cư siêu đẹp, ngay sát QL21A mở rộng, gần đại học FPT và khu CNC Hoà Lạc","1,75 tỷ",65 m²,Không có thông tin,Không có thông tin,"Sơn Tây, Hà Nội","Đường Đồng Trạng, Xã Cổ Đông, Sơn Tây, Hà Nội",
Chính chủ cần bán gấp 115m2 đất siêu đẹp gần QL21 mở rộng và CNC và FPT Hoà Lạc. Giá 21 triệu/m2,"2,4 tỷ",115 m²,Không có thông tin,Không có thông tin,"Sơn Tây, Hà Nội","Đường Đồng Trạng, Xã Cổ Đông, Sơn Tây, Hà Nội",
"Bán biệt thự - Liền kề KĐT Vân Canh. DT: 100m2, 110m2, 114m2, 150m2, 200m2, 280m2, 300m2, 370m2",Giá thỏa thuận,100 m²,Không có thông tin,Không có thông tin,"Hoài Đức, Hà Nội","Dự án Khu đô thị Vân Canh, Xã Vân Canh, Hoài Đức, Hà Nội",
"Bán mảnh đất thổ cư 96m2 siêu đẹp tại Hoà Lạc giá chỉ 2x triệu/m2, ngay sát đại học gia và khu CNC","2,5 tỷ",96 m²,Không có thông tin,Không có thông tin,"Thạch Thất, Hà Nội","Đường 21, Xã Thạch Hòa, Thạch Thất, Hà Nội",
"Chính chủ bán nhà lô góc ô tô đỗ cửa xây mới, 33m2 x 5T, giá 4,35 tỷ, tại Kim Chung Hoài Đức Hà Nội","4,35 tỷ",33 m²,4,4,"Hoài Đức, Hà Nội","Đường Di Trạch, Xã Kim Chung, Hoài Đức, Hà Nội",
"Chính chủ bán gấp 60,5m2 đất thổ cư tại Cổ Đông Sơn Tây Hà Nội, giá nhỉnh 1 tỷ. LH: 0977 123 ***","1,65 tỷ","60,5 m²",Không có thông tin,Không có thông tin,"Sơn Tây, Hà Nội","Đường Đồng Trạng, Xã Cổ Đông, Sơn Tây, Hà Nội",
Choáng ngợp quỹ căn đầu tư 1PN và 1PN+ Lumiere Springbay giá siêu tốt chỉ 2tỷ6 lh 0333 673 ***,"2,8 tỷ","43,2 m²",Không có thông tin,Không có thông tin,"Văn Giang, Hưng Yên","Dự án Lumiere SpringBay, Xã Long Hưng, Văn Giang, Hưng Yên",
"Dòng tiền quyết định tự do tài chính , chung cư thương mại căn 2PN 44,18m2, giá chỉ 820tr",820 triệu,"44,18 m²",2,1,"Yên Phong, Bắc Ninh","Đường Ấp Đồn, Xã Yên Trung, Yên Phong, Bắc Ninh",
"Bán căn hộ chung cư Yên Phong bắc kỳ giá tốt 820 triệu, 44.18m2, 2PN, 1WC",820 triệu,"44,18 m²",2,1,"Yên Phong, Bắc Ninh","Yên Phong City, Yên Trung, Yên Phong, Bắc Ninh",
"Chính chủ bán căn 2PN DT 75m2 chung cư Eco Green city, giá 4.8 tỷ bao phí, LH: 0932 392 ***","4,8 tỷ",75 m²,2,2,"Thanh Trì, Hà Nội","Dự án Eco Green City, Đường Nguyễn Xiển, Xã Tân Triều, Thanh Trì, Hà Nội",
Nhà e có 1 suất ngoại giao mua rẻ hơn 100tr khu đất ở Phú Mãn. 100% thổ cư. 5p về ĐHQG CNC Hòa Lạc,"1,88 tỷ",78 m²,Không có thông tin,Không có thông tin,"Quốc Oai, Hà Nội","Phú Mãn, Quốc Oai, Hà Nội",
Bán căn Lavila full nội thất nhà mới đẹp chỉ 12 tỷ,12 tỷ,"105,6 m²",4,4,"Nhà Bè, Hồ Chí Minh","Dự án Lavila Kiến Á - Nhà Bè, Đường Nguyễn Hữu Thọ, Xã Phước Kiển, Nhà Bè, Hồ Chí Minh",
"Nhà trung tâm Quận Thanh Xuân, Hà Nội, phân lô, ô tô tránh. Phù hợp đa loại hình cho nhà đầu tư.",37 tỷ,140 m²,11,11,"Thanh Xuân, Hà Nội","Phường Khương Mai, Thanh Xuân, Hà Nội",
"Cần bán gấp căn biệt thự song lập Ecopark 165m2, 26,5 tỷ thật và gấp ạ - mới hoàn thiện rất đẹp","26,5 tỷ",165 m²,4,4,"Văn Giang, Hưng Yên","Dự án Ecopark, Đường Trúc, Xã Xuân Quan, Văn Giang, Hưng Yên",
"E bán căn song lập Dương Cầm 8 132m2 có hầm. Chủ thiện chí bán giá cực tốt, hướng Đông Nam",Giá thỏa thuận,132 m²,Không có thông tin,Không có thông tin,"Hoài Đức, Hà Nội","Dự án An Lạc Green Symphony, Xã Vân Canh, Hoài Đức, Hà Nội",
"Bán đất Độc quyền - mặt tiền Bình Minh 3, ngay gần phố đi bộ Bạch Đằng, DT 99m2",10 tỷ,99 m²,Không có thông tin,Không có thông tin,"Hải Châu, Đà Nẵng","Phường Bình Thuận, Hải Châu, Đà Nẵng",
"Em chính chủ cần bán nhà hẻm 20, đường 160, phường Tăng Nhơn Phú A, diện tích ngang 5 x 18m","4,8 tỷ",90 m²,2,1,"Quận 9, Hồ Chí Minh","Hẻm 20, Đường 160, Phường Tăng Nhơn Phú A, Quận 9, Hồ Chí Minh",
"Ngộp bank dí buông căn 2PN 2 WC Bcons Plaza căn hộ Làng Đại Học 1,6 tỷ giá bao hết, căn vip hiếm","1,6 tỷ",52 m²,2,2,"Dĩ An, Bình Dương","Dự án Bcons Plaza, Đường Thống Nhất, Phường Đông Hòa, Dĩ An, Bình Dương",
"Mặt ngõ 3 oto tải tránh - phố Thượng Thanh - 240m2 mặt tiền 12m vuông đét, 125tr/m2",30 tỷ,240 m²,Không có thông tin,Không có thông tin,"Long Biên, Hà Nội","Đường Thượng Thanh, Phường Thượng Thanh, Long Biên, Hà Nội",
Bán đất mặt phố Tư Đình - đón cầu Trần Hưng Đạo - tương lai giá tăng mạnh - 115m2 MT 7.5m,"22,5 tỷ",115 m²,Không có thông tin,Không có thông tin,"Long Biên, Hà Nội","Đường Tư Đình, Phường Thạch Bàn, Long Biên, Hà Nội",
Hàng hiếm 5 lô góc 2 mặt tiền phố biển Mỹ Khê ngay Nguyễn Văn Thoại giá đầu tư chỉ từ 150tr/m2,65 tỷ,234 m²,Không có thông tin,Không có thông tin,"Ngũ Hành Sơn, Đà Nẵng","Đường Nguyễn Văn Thoại, Phường Mỹ An, Ngũ Hành Sơn, Đà Nẵng",
"Nhà mặt phố bán tại Lê Lợi, Ngô Quyền, Hải Phòng, 139 triệu, 122m2, hàng hiếm!",139 triệu,122 m²,4,4,"Ngô Quyền, Hải Phòng","Đường Lê Lợi, Phường Lê Lợi, Ngô Quyền, Hải Phòng",
"Cần bán nhà Trịnh Thị Miếng, 4 x 12m, gác lửng đúc PK, 2PN, p/thờ, nhà mới cực đẹp","1,65 tỷ",80 m²,2,2,"Hóc Môn, Hồ Chí Minh","Đường Trịnh Thị Miếng, Xã Thới Tam Thôn, Hóc Môn, Hồ Chí Minh",
"Lô đất đẹp trung tâm Phú Riềng, dân đông kín, nhu cầu thực, giá mềm cơ hội đầu tư tốt","2,2 tỷ","593,7 m²",Không có thông tin,Không có thông tin,"Phú Riềng, Bình Phước","Đường ĐT 741, Xã Phú Riềng, Phú Riềng, Bình Phước",
Booking căn hộ cao cấp Tại The Cosmopolitan - Imperia Signature Cổ Loa. Ưu đãi tốt nhất,Giá thỏa thuận,59 m²,2,Không có thông tin,"Đông Anh, Hà Nội","Dự án Vinhomes Cổ Loa, Đường Cổ Loa, Xã Đông Hội, Đông Anh, Hà Nội",
"Đổ nợ cần bán gấp nhà hẻm lớn Lê Hồng Phong, Q10 sổ sạch không tranh chấp sang tên liền. Giá 4tỷ250","4,25 tỷ",55 m²,4,3,"Quận 10, Hồ Chí Minh","Đường Lê Hồng Phong, Phường 6, Quận 10, Hồ Chí Minh",
Liền kề ngon - bổ - rẻ duy nhất 1 căn áp góc từ chủ đầu tư Vinhomes với 2.8 tỷ nhà 5 tầng,8 tỷ,63 m²,4,3,"Văn Giang, Hưng Yên","Dự án The Empire - Vinhomes Ocean Park 2, Xã Long Hưng, Văn Giang, Hưng Yên",
"BÁN ĐẤT NỀN KHU LOVERA PARK, KHANG ĐIỀN BÌNH CHÁNH. GIÁ CHỈ 5,3 TỶ/100 M2","5,3 tỷ",100 m²,Không có thông tin,Không có thông tin,"Bình Chánh, Hồ Chí Minh","Khang Điền Bình Chánh, Trịnh Quang Nghị, Phong Phú, Bình Chánh, Hồ Chí Minh",
"Căn hộ 2PN 2WC - 76m2 - Bán 5,5 tỷ - Sunrise City Central","5,5 tỷ",76 m²,2,2,"Quận 7, Hồ Chí Minh","Dự án Sunrise City, Đường Nguyễn Hữu Thọ, Phường Tân Hưng, Quận 7, Hồ Chí Minh",
"Bán lô 50,8m Lương Quy cách thị trấn chỉ 1km; thông ô tô, giáp khu liên hợp thể thao Đông Anh","3,35 tỷ","50,8 m²",Không có thông tin,Không có thông tin,"Đông Anh, Hà Nội","Xã Xuân Nộn, Đông Anh, Hà Nội",
Độc nhất vô nhị. Toà CCMN 7 tầng ngay trung tâm cách phố Xã Đàn 50m ngõ oto sát cửa. Chỉ 12.7 tỷ,"12,7 tỷ",50 m²,11,11,"Đống Đa, Hà Nội","Đường Đê La Thành, Phường Phương Liên, Đống Đa, Hà Nội",
"Khu nhà giàu Bình Phú, gần Metro Bình phú , 4 tầng, Đường xe hơi, nhỉnh 11 tỷ","11,99 tỷ",80 m²,5,Không có thông tin,"Quận 6, Hồ Chí Minh","Đường Bình Phú, Phường 11, Quận 6, Hồ Chí Minh",
Bảng hàng chuyển nhượng các căn 2N - 3N giá tốt nhất dự án Le Grand Jardin Sài Đồng,"3,2 tỷ",57 m²,2,1,"Long Biên, Hà Nội","Le Grand Jardin Sài Đồng, Huỳnh Văn Nghệ, Sài Đồng, Long Biên, Hà Nội",
"Bán 2 lô liền kề mặt tiền đường Ấp 7 -An Phước,6000m2 -600m2 tc ,ngang rộng 80m,40 tỷ thương lượng",40 tỷ,6.000 m²,Không có thông tin,Không có thông tin,"Long Thành, Đồng Nai","Phố Thương gia Phùng Hưng, Đường Ấp 7, Xã An Phước, Long Thành, Đồng Nai",
Bán gấp nhà mặt tiền Trần Hưng Đạo - giá ngộp rẻ,"5,9 tỷ",59 m²,Không có thông tin,Không có thông tin,"Dĩ An, Bình Dương","Đường Trần Hưng Đạo, Phường Dĩ An, Dĩ An, Bình Dương",
"Bán lô đất diện tích 183 m2 giá chỉ 20 tr/m2 tại Hạ Bằng, Thạch Thất, sát khu công nghệ cao Hoà Lạc","3,66 tỷ",183 m²,Không có thông tin,Không có thông tin,"Thạch Thất, Hà Nội","Xã Hạ Bằng, Thạch Thất, Hà Nội",
"Bán gấp biệt thự Nine South Nam Sài Gòn DT 140m2 thiết kế 4PN 5WC full nội thất giá chốt 17,3tỷ","17,3 tỷ",140 m²,4,5,"Nhà Bè, Hồ Chí Minh","Dự án Nine South Estates, Đường Nguyễn Hữu Thọ, Xã Phước Kiển, Nhà Bè, Hồ Chí Minh",
"Bán lô đất diện tích 183 m2 giá chỉ 20 tr/m2 tại Hạ Bằng, Thạch Thất, sát khu công nghệ cao Hoà Lạc","3,66 tỷ",183 m²,Không có thông tin,Không có thông tin,"Thạch Thất, Hà Nội","Xã Hạ Bằng, Thạch Thất, Hà Nội",
"Bán gấp biệt thự Nine South Nam Sài Gòn DT 140m2 thiết kế 4PN 5WC full nội thất giá chốt 17,3tỷ","17,3 tỷ",140 m²,4,5,"Nhà Bè, Hồ Chí Minh","Dự án Nine South Estates, Đường Nguyễn Hữu Thọ, Xã Phước Kiển, Nhà Bè, Hồ Chí Minh",
"Vợ chồng chuyển công tác cần bán gấp căn hộ 2PN Privia nhà mới 100%, giá 3.6 tỷ LH: 0938 399 ***","3,6 tỷ","67,74 m²",2,2,"Bình Tân, Hồ Chí Minh","Dự án The Privia, Đường An Dương Vương, Phường An Lạc, Bình Tân, Hồ Chí Minh",
"Tôi Chính chủ bán CĂN HỘ LÔ GÓC 3 THOÁNG TẠI THE K - PARK VĂN PHÚ 83m 3 ngủ 2 Wc, Giá dưới 5.99 tỷ.","5,98 tỷ",93 m²,3,2,"Hà Đông, Hà Nội","The K Park, Lê Trọng Tấn, Phúc La, Hà Đông, Hà Nội",
CẦN BÁN GẤP NHÀ PHÚ DIỄN - THỔ CÔNG CHỌN CHỦ MỚI 1 TỶ/1M PHẢI XEM NHÀ MỚI Ý KIẾN,79 tỷ,100 m²,6,6,"Bắc Từ Liêm, Hà Nội","Đường Phú Diễn, Phường Phú Diễn, Bắc Từ Liêm, Hà Nội",
Tổng hợp đất dịch vụ Lại Yên DT 60 m2 - 150 m2 giá rẻ,Giá thỏa thuận,60 m²,Không có thông tin,Không có thông tin,"Hoài Đức, Hà Nội","Xã Lại Yên, Hoài Đức, Hà Nội",
Tổng hợp những lô đất dịch vụ Song Phương giá tốt nhất tháng 3/2025,Giá thỏa thuận,67 m²,Không có thông tin,Không có thông tin,"Hoài Đức, Hà Nội","Đường Đại lộ Thăng Long, Xã Song Phương, Hoài Đức, Hà Nội",
Cập nhật quỹ căn hộ giá tốt nhất tại Le Grand Jardin Sài Đồng,"5,5 tỷ",85 m²,3,2,"Long Biên, Hà Nội","Le Grand Jardin Sài Đồng, Huỳnh Văn Nghệ, Sài Đồng, Long Biên, Hà Nội",
"Nhà 3 lầu siêu đẹp mặt tiền hẻm thông xe hơi 4m Huỳnh Tấn Phát, P. Phú Thuận, Quận 7","7,4 tỷ",61 m²,4,5,"Quận 7, Hồ Chí Minh","Đường Huỳnh Tấn Phát, Phường Phú Thuận, Quận 7, Hồ Chí Minh",
"Bán nhà riêng tại Ngõ 58 Đường Đào Tấn, Cống Vị, Ba Đình, Hà Nội, giá siêu hời 4 tỷ, 30m2",4 tỷ,30 m²,3,3,"Ba Đình, Hà Nội","Ngõ 58 Đường Đào Tấn, Phường Cống Vị, Ba Đình, Hà Nội",
"Chính chủ căn 65m2 Hoàng Kim Thế Gia, sổ hồng sẵn, nhà mới, TT 950tr ở ngay","2,8 tỷ",65 m²,3,2,"Bình Tân, Hồ Chí Minh","Hoàng Kim Thế Gia (The Golden Dynasty), Trương Phước Phan, Bình Trị Đông, Bình Tân, Hồ Chí Minh",
Cần Bán Lô Đất 500m 1 sẹc đường lương định của ngay nút giao An Phú .,Giá thỏa thuận,500 m²,Không có thông tin,Không có thông tin,"Quận 2, Hồ Chí Minh","Detesco Lương Định Của, Lương Định Của, An Phú, Quận 2, Hồ Chí Minh",
"CẦN BÁN GẤP 110m đất cách trục đường 421B chỉ 30m. Đường trước đất 2 ô tô tránh nhau, buôn bán tốt","2,75 tỷ",110 m²,Không có thông tin,Không có thông tin,"Quốc Oai, Hà Nội","Đông Yên, Quốc Oai, Hà Nội",
Bán nhà gần ngã tư Bảy Hiền - chợ Tân Bình - bệnh viện Thống Nhất,"6,9 tỷ","53,88 m²",2,2,"Tân Bình, Hồ Chí Minh","Đường Lạc Long Quân, Phường 11, Tân Bình, Hồ Chí Minh",
"Gia đình chuyển hướng cần bán gấp căn biệt thự khu Q, DT 170m2 giá 27 tỷ. LH: 0943 656 ***",27 tỷ,170 m²,4,4,"Hà Đông, Hà Nội","Dự án Solasta Mansion, Đường Tố Hữu, Phường Dương Nội, Hà Đông, Hà Nội",
"Bán đất Gia Lâm nhỏ 3 tỷ, hiếm, lô góc, ô tô đỗ cổng, DT 48m2, mặt tiền 4m, giá 2.85 tỷ CTL","2,85 tỷ",48 m²,Không có thông tin,Không có thông tin,"Gia Lâm, Hà Nội","Đường Dương Đức Hiền, Xã Phú Sơn, Gia Lâm, Hà Nội",
"Bán đất đấu giá Gia Lâm, vỉa hè, ô tô tránh, giá nhỉnh 60tr/m2",5 tỷ,81 m²,Không có thông tin,Không có thông tin,"Gia Lâm, Hà Nội","Đường Dương Đức Hiền, Xã Phú Sơn, Gia Lâm, Hà Nội",
"Chính chủ gửi bán đất Lan Anh 2, Xã Hoà Long thành phố Bà Rịa. Giá từ 750-950 triệu. LH: 0939 751 ***",950 triệu,100 m²,Không có thông tin,Không có thông tin,"Bà Rịa, Bà Rịa Vũng Tàu","Dự án Lan Anh Residential, Đường Số 23, Xã Hòa Long, Bà Rịa, Bà Rịa Vũng Tàu",
"BÁN NHÀ PHÂN LÔ VIA HÈ,Ô TÔ TRÁNH,THANH LIỆT- THANH TRÌ, 82 M2, MẶT TIỀN 6,2 M, GIÁ 29,9 TỶ.","29,9 tỷ",82 m²,3,2,"Thanh Trì, Hà Nội","Đường Thanh Liệt, Xã Thanh Liệt, Thanh Trì, Hà Nội",
"SIÊU HIẾM , VIP HAI BÀ TRƯNG - PHÂN LÔ - LẠC TRUNG - OTÔ TRÁNH - TRUNG TÂM QUẬN HAI BÀ","24,8 tỷ",80 m²,7,7,"Hai Bà Trưng, Hà Nội","Phố Lạc Trung, Phường Vĩnh Tuy, Hai Bà Trưng, Hà Nội",
"BÁN NHÀ PHÂN LÔ VIA HÈ,Ô TÔ TRÁNH,THANH LIỆT- THANH TRÌ, 82 M2, MẶT TIỀN 6,2 M, GIÁ 29,9 TỶ.","29,9 tỷ",82 m²,3,2,"Thanh Trì, Hà Nội","Đường Thanh Liệt, Xã Thanh Liệt, Thanh Trì, Hà Nội",
"SIÊU HIẾM , VIP HAI BÀ TRƯNG - PHÂN LÔ - LẠC TRUNG - OTÔ TRÁNH - TRUNG TÂM QUẬN HAI BÀ","24,8 tỷ",80 m²,7,7,"Hai Bà Trưng, Hà Nội","Phố Lạc Trung, Phường Vĩnh Tuy, Hai Bà Trưng, Hà Nội",
"BÁN NHÀ HOÀNG MAI PHỐ THÚY LĨNH, 72M, MẶT TIỀN 5M CHỈ 76 TRIỆU/M,NHỈNH 5 TỶ, SỔ ĐỎ CHÍNH CHỦ",Giá thỏa thuận,72 m²,2,1,"Hoàng Mai, Hà Nội","Đường Thúy Lĩnh, Phường Lĩnh Nam, Hoàng Mai, Hà Nội",
"(Đang giảm giá sâu): Nhà hẻm xe hơi Thống Nhất P16, 4*17m, 6,3 Tỷ","6,3 tỷ","60,6 m²",3,5,"Gò Vấp, Hồ Chí Minh","Đường Thống Nhất, Phường 16, Gò Vấp, Hồ Chí Minh",
Quỹ căn chuyển nhượng chung cư Gemek giá tốt nhất tháng 3/2025,"3,2 tỷ",66 m²,Không có thông tin,Không có thông tin,"Hoài Đức, Hà Nội","Gemek Tower, Lê Trọng Tấn, An Khánh, Hoài Đức, Hà Nội",
Bán Nhà phố có hầm giá rẻ nhất khu Cityland Park Hills Phường 10 Gò Vấp .Giá chỉ 19tỷ5 .,"19,5 tỷ",100 m²,7,4,"Gò Vấp, Hồ Chí Minh","CityLand Park Hills, Phan Văn Trị, 10, Gò Vấp, Hồ Chí Minh",
CƠ HỘI VÀNG: BÁN NHÀ QUẬN ĐỐNG ĐA DT 149m2 - ĐẦU TƯ SINH LỜI - ZÁ 69 TỶ PHỐ MAI ANH TUẤN.,"68,54 tỷ",149 m²,Không có thông tin,Không có thông tin,"Đống Đa, Hà Nội","Phố Mai Anh Tuấn, Phường Ô Chợ Dừa, Đống Đa, Hà Nội",
Bán nhanh biệt thự Mỹ Gia nhà đẹp giá tốt nhất khu vực liên hệ em: Cẩm 0902 944 ***,57 tỷ,220 m²,4,4,"Quận 7, Hồ Chí Minh","Dự án Mỹ Gia 1, Đường 20, Phường Tân Phú, Quận 7, Hồ Chí Minh",
"Hàng hiếm cần bán lô đất đẹp 48m2 / MT 4m, 2 măt tiền trước sau, đường 2 ô tô tránh nhau",Giá thỏa thuận,48 m²,Không có thông tin,Không có thông tin,"Gia Lâm, Hà Nội","Đường An Lạc, Thị trấn Trâu Quỳ, Gia Lâm, Hà Nội",
"Bán nhà đường KD, MT Nguyễn Lương Bằng","12,7 tỷ","84,8 m²",4,4,"Quận 7, Hồ Chí Minh","Đường 15B, Phường Phú Mỹ, Quận 7, Hồ Chí Minh",
"Chính chủ Jamila Khang Điền căn 50 m2 - 3.2 tỷ, 72m2 - 3.85 tỷ, 100m2 - 5.2 tỷ, vay 70% giá trị","3,85 tỷ",72 m²,2,2,"Quận 9, Hồ Chí Minh","Dự án Jamila Khang Điền, Đường Song Hành, Phường Phú Hữu, Quận 9, Hồ Chí Minh",
"Hàng Vip 110,4 mét trục kinh diamh đường 2 xe tải tránh Mặt tiền bằng hậu 5 mét 100% đất ở","3,14 tỷ",110 m²,Không có thông tin,Không có thông tin,"Khoái Châu, Hưng Yên","Xã Tân Dân, Khoái Châu, Hưng Yên",
"Bán đất đẹp xuất sắc tại Đường 32, Đan Phượng, Hà Nội, 3,668 tỷ, 78m2","3,67 tỷ",78 m²,Không có thông tin,Không có thông tin,"Đan Phượng, Hà Nội","Đường 32, Xã Đồng Tháp, Đan Phượng, Hà Nội",
"Bán nhà BTLK hải âu khu đô thị mới cầu bươu-hà nội 60m-mt 5m -4 tầng ô tô vào nhà , kinh doanh tốt.","13,5 tỷ",60 m²,4,5,"Thanh Trì, Hà Nội","KĐTM Cầu Bươu, Đường 70, Xã Tân Triều, Thanh Trì, Hà Nội",
"Chỉ 16,96tỷ! Bán nhà Minh Khai Bắc Từ Liêm, phân lô,ô tô tránh vào nhà 60mx6T thang máy, VP công ty","16,96 tỷ",60 m²,4,5,"Bắc Từ Liêm, Hà Nội","Phường Minh Khai, Bắc Từ Liêm, Hà Nội",
"Bán quỹ căn giá rẻ nhất Hoàng Thành Pearl, Nguyễn Văn Giáp, DT 80m2 (2PN), 114m2(3PN) LH 0906 241 ***","5,7 tỷ",80 m²,2,2,"Nam Từ Liêm, Hà Nội","Dự án Hoàng Thành Pearl, Đường Nguyễn Văn Giáp, Phường Cầu Diễn, Nam Từ Liêm, Hà Nội",
"Ban 137,5 mét tại Hoàng Trạch - Mễ Sở - Văn Giang Full thổ cư , nở hậu , đường ô tô tải 4 met","3,9 tỷ",137 m²,Không có thông tin,Không có thông tin,"Văn Giang, Hưng Yên","Xã Mễ Sở, Văn Giang, Hưng Yên",
Bán gấp & Cho thuê Sky Line 3PN đầy đủ nội thất cao cấp lầu cao view sông nhìn pháo hoa giá tốt,Giá thỏa thuận,108 m²,3,2,"Quận 7, Hồ Chí Minh","An Gia Skyline, Hoàng Quốc Việt, Phú Thuận, Quận 7, Hồ Chí Minh",
Nguyễn Công Trứ - 50m2 - 2.89 tỷ,"2,89 tỷ",50 m²,3,3,"Sơn Trà, Đà Nẵng","Đường Nguyễn Công Trứ, Phường An Hải Đông, Sơn Trà, Đà Nẵng",
"GIẢM NGAY 100Tr-GIÁ MỚI 5.8TỶ CHO CĂN 4 TẦNG OTO THÔNG TẶNG FULL NỘI THẤT GỖ XỊN, ,","5,1 tỷ",50 m²,3,4,"Quận 12, Hồ Chí Minh","Đường 13, Phường Tân Chánh Hiệp, Quận 12, Hồ Chí Minh",
"GIẢM NGAY 100Tr-GIÁ MỚI 5.8TỶ CHO CĂN 4 TẦNG OTO THÔNG TẶNG FULL NỘI THẤT GỖ XỊN, ,","5,1 tỷ",50 m²,3,4,"Quận 12, Hồ Chí Minh","Đường 13, Phường Tân Chánh Hiệp, Quận 12, Hồ Chí Minh",
"Bán CHDV Đường 10 M Thông Quang Trung, Phường 14 , 92 m2, 5 tấm , 9 tỷ 6 . LH 0369720*** Phương","9,6 tỷ",92 m²,Không có thông tin,Không có thông tin,"Gò Vấp, Hồ Chí Minh","Đường Quang Trung, Phường 14, Gò Vấp, Hồ Chí Minh",
"TỔNG HỢP HÀNG THỊ TRẤN PHƯỚC HẢI SIÊU ĐẸP RẺ TỪ 1 TỶ - 2 TỶ; GẦN BIỂN - VIEW NÚI, 200M2 -500M2","1,75 tỷ",500 m²,Không có thông tin,Không có thông tin,"Long Đất, Bà Rịa Vũng Tàu","Đường 44A, Thị trấn Phước Hải, Long Đất, Bà Rịa Vũng Tàu",
Bán Siêu Phẩm Chỉ Có 1 Căn Biệt Thự Đơn Lập Đảo Ngọc Trai Vị Trí Đỉnh Búp Giá Chủ Đầu Tư Ai Là Vip,86 tỷ,"283,68 m²",5,5,"Văn Giang, Hưng Yên","The Empire - Vinhomes Ocean Park 2, Long Hưng, Văn Giang, Hưng Yên",
"Bán Nhà Hẻm Xe Hơi Thông 4 x 15 , 4 Tấm TN 21 tr.T , Phan Huy Ích , Phường 12. LH 0369720*** Phương","5,95 tỷ",60 m²,4,5,"Gò Vấp, Hồ Chí Minh","Đường Phan Huy Ích, Phường 12, Gò Vấp, Hồ Chí Minh",
"Cần gấp 20 nền đất Lan Anh 2, 5, 1 giá tốt nhất lô 100m2 giá 8tr/m2 lô đất biệt thự 184m2 giá 1,4tỷ",800 triệu,100 m²,Không có thông tin,Không có thông tin,"Bà Rịa, Bà Rịa Vũng Tàu","Dự án Lan Anh Residential, Phố 56, Xã Hòa Long, Bà Rịa, Bà Rịa Vũng Tàu",
Hàng hiếm 1 căn nhà duy nhất mặt tiền đường Củ Chi ngang hơn 5m giá siêu rẻ chỉ 74tr/m2,"12,5 tỷ","168,5 m²",Không có thông tin,Không có thông tin,"Nha Trang, Khánh Hòa","Đường Củ Chi, Phường Vĩnh Hải, Nha Trang, Khánh Hòa",
"Bán đất Thiện Nghiệp đường 715, Trần Bình Trọng, Hồ Quang Cảnh, Bàu Me LH 0986 707 ***","6,5 tỷ",1.000 m²,Không có thông tin,Không có thông tin,"Phan Thiết, Bình Thuận","Đường Hồ Quang Cảnh, Xã Thiện Nghiệp, Phan Thiết, Bình Thuận",
"Hot! Bán Biệt Thự tại Xanh Villas, giá 14,5 tỷ, diện tích 250m2 rẻ nhất dự án","14,5 tỷ",250 m²,Không có thông tin,Không có thông tin,"Thạch Thất, Hà Nội","Xanh Villas, Đại lộ Thăng Long, Tiến Xuân, Thạch Thất, Hà Nội",
"Chính chủ cần bán gấp 62m2 trục chính Tình lam, gần cầu đường thông ngõ oto, đầu tư sinh lời",Giá thỏa thuận,62 m²,Không có thông tin,Không có thông tin,"Quốc Oai, Hà Nội","Xã Đại Thành, Quốc Oai, Hà Nội",
CHỈ VỚI 600 TRIỆU SỞ HỮU NGAY CĂN HỘ Ở MẶT BIỂN CÁT BÀ - DỰ ÁN XANH ISLAND - SUN GROUP.,2 tỷ,39 m²,2,2,"Cát Hải, Hải Phòng","Xanh Island Cát Bà, Cát Bà, Cát Hải, Hải Phòng",
"Bán nhà mặt chợ,Thái Thịnh, Đống Đa, 60m đang kinh doanh tốt, 5tầng thang máy, Ô tô cửa, 15tỷ","14,9 tỷ",60 m²,6,4,"Đống Đa, Hà Nội","Phố Thái Thịnh, Phường Thịnh Quang, Đống Đa, Hà Nội",
"Bán nhà mặt phố Vũ Tông Phan, Thanh Xuân, vị trí đắc địa, cơ hội đầu tư siêu lợi nhuận chỉ 52 tỷ",52 tỷ,105 m²,Không có thông tin,Không có thông tin,"Thanh Xuân, Hà Nội","Phố Vũ Tông Phan, Phường Khương Đình, Thanh Xuân, Hà Nội",
"Nhà mới xây, DT đất 211m2 đường bê tông 5m, Đức Hòa Long An giá 2,65 tỷ","2,65 tỷ",211 m²,3,2,"Đức Hòa, Long An","Đường Lục Viên, Xã Mỹ Hạnh Bắc, Đức Hòa, Long An",
"Cần bán nhà mặt tiền đường 10.5m sát sông Hàn, sát cầu Rồng mà giá chỉ 130 triệu/m2","15,2 tỷ",117 m²,4,3,"Sơn Trà, Đà Nẵng","Đường Nguyễn Công Trứ, Phường An Hải Nam, Sơn Trà, Đà Nẵng",
BÁN ĐẤT HOÀ LẠC SÁT GA CUỐI TUYẾN METRO GIÁ RẺ,Giá thỏa thuận,136 m²,Không có thông tin,Không có thông tin,"Quốc Oai, Hà Nội","Thạch Thất Quốc Oai, Đường Liên Xã, Thị trấn Quốc Oai, Quốc Oai, Hà Nội",
"Bán đất dự án Agora City nằm ngay mặt tiền đường ĐT818 giá từ 18tr/m2, có sổ sẵn, cọc 50tr nhận nền","1,9 tỷ",108 m²,Không có thông tin,Không có thông tin,"Thủ Thừa, Long An","Dự án Agora City, Đường 818, Thị trấn Thủ Thừa, Thủ Thừa, Long An",
"Chính chủ Cần Tiền Bán Cắt Lỗ Lô đất tại Cẩm Lĩnh Ba Vì, 435m2, 10m mặt, Lô góc 2 mặt tiền,",Giá thỏa thuận,435 m²,Không có thông tin,Không có thông tin,"Ba Vì, Hà Nội","Xã Cẩm Lĩnh, Ba Vì, Hà Nội",
Chính Chủ Cần Bán Các Lô Đất Biển Sơn Thuỷ . Liên Hệ Vp Nhà Đất Đại Nam,"4,3 tỷ",100 m²,Không có thông tin,Không có thông tin,"Ngũ Hành Sơn, Đà Nẵng","Đường Phạm Khiêm Ích, Phường Hòa Hải, Ngũ Hành Sơn, Đà Nẵng",
"Bán căn hộ 2PN 3PN Chung cư Văn Lang SkyLake, view đẹp nhất TP. Việt Trì","3,47 tỷ","73,35 m²",2,2,"Việt Trì, Phú Thọ","Văn Lang SkyLake, Phố Tiên Dung, Phường Tiên Cát, Việt Trì, Phú Thọ",
"Bán 1 căn góc 142m2 Sapphire Gem ngay TTHC mới, chỉ 7,x tỷ bao trọn thuế phí cho khách thiện chí",Giá thỏa thuận,142 m²,4,5,"Thủy Nguyên, Hải Phòng","Dự án Sapphire Gem Hải Phòng, Phường Thủy Đường, Thủy Nguyên, Hải Phòng",
"BÁN GẤP LÔ ĐẤT NGỌC THUỴ - 107,3m MẶT TIỀN 6m - LÔ GÓC- ĐƯỜNG VỈA HÈ PHÂN LÔ - SỔ ĐỎ CHÍNH CHỦ","20,39 tỷ","107,3 m²",Không có thông tin,Không có thông tin,"Long Biên, Hà Nội","Đường Ngọc Thụy, Phường Ngọc Thụy, Long Biên, Hà Nội",
Bán nhanh siêu phẩm Mai Hiên - Mai Lâm - Đông Anh - HN - oto tải ngủ đất - lô góc - giá đầu tư,"3,95 tỷ","45,1 m²",Không có thông tin,Không có thông tin,"Đông Anh, Hà Nội","Đường Mai Hiên, Xã Mai Lâm, Đông Anh, Hà Nội",
"Bn nhà xây ở hẻm 5m, Lê Văn Sỹ P1 Tân Bình. Giá 2 tỷ550. DT 60m2 sổ hồng riêng. LH 0902 631 *** Quỳnh","2,55 tỷ",60 m²,4,5,"Tân Bình, Hồ Chí Minh","Đường Lê Văn Sỹ, Phường 1, Tân Bình, Hồ Chí Minh",
"Bán đất Hắc Dịch, 1,35 tỷ, 140m2, mặt tiền đẹp xuất sắc","1,35 tỷ",140 m²,Không có thông tin,Không có thông tin,"Phú Mỹ, Bà Rịa Vũng Tàu","Phường Hắc Dịch, Phú Mỹ, Bà Rịa Vũng Tàu",
"Bán đất lô góc 104,5m2 gần trường đại học FPT Hòa Lạc giá chỉ 22 triệu / m2","2,3 tỷ","104,5 m²",Không có thông tin,Không có thông tin,"Thạch Thất, Hà Nội","Xã Lại Thượng, Thạch Thất, Hà Nội",
"Chuyên mua bán căn hộ 2PN, 3PN, 4PN tại Golden Palace, full nội thất mới đẹp, giá bán từ 58tr/m2.","7,5 tỷ",125 m²,3,2,"Nam Từ Liêm, Hà Nội","Dự án Golden Palace, đường Mễ Trì, Phường Mễ Trì, Nam Từ Liêm, Hà Nội.",
"HÀNG MỚI LÔ GÓC ĐẤT ODT DUY NHẤT CÒN SÓT LẠI.ĐƯỜNG OTO 2,5 TẤN VÀO TẬN ĐẤT.",Giá thỏa thuận,"69,2 m²",Không có thông tin,Không có thông tin,"Chương Mỹ, Hà Nội","Chúc Sơn, Chương Mỹ, Hà Nội",
Bán nhà 6 tầng mặt phố Văn Cao - Ba đình 71 tỷ,71 tỷ,95 m²,5,5,"Ba Đình, Hà Nội","Đường Văn Cao, Phường Liễu Giai, Ba Đình, Hà Nội",
"Bán nền NP Liền Kề 5x20m giá 19.5 tỷ TL, BT 260m2 giá 58 tỷ TL Thạnh Mỹ Lợi, Q2 LH: 0948 888 ***",19 tỷ,100 m²,Không có thông tin,Không có thông tin,"Quận 2, Hồ Chí Minh","Dự án Saigon Mystery Villas, Đường Bát Nàn, Phường Bình Trưng Tây, Quận 2, Hồ Chí Minh",
Giỏ hàng chuyển nhượng căn hộ Mizuki Park Nam Long mới nhất tháng 03/2025 - Hỗ trợ xem nhà 24/7,"2,95 tỷ",56 m²,2,1,"Bình Chánh, Hồ Chí Minh","Dự án Mizuki Park, Đường Nguyễn Văn Linh, Xã Bình Hưng, Bình Chánh, Hồ Chí Minh",
Giá tốt bán nhà Trịnh Hoài Đức - P. Hiệp Phú. Nhà 3 tầng chủ xây chắc chắn. Ngay ngã tư Thủ Đức,"7,58 tỷ","85,5 m²",5,4,"Thủ Đức, Hồ Chí Minh","Đường Trịnh Hoài Đức, Phường Hiệp Phú, Thủ Đức, Hồ Chí Minh",
Bán đất Thượng Thanh 50m2 mặt tiền 5m không quy hoạch sổ đỏ đầy đủ,"3,5 tỷ",50 m²,Không có thông tin,Không có thông tin,"Long Biên, Hà Nội","Đường Thượng Thanh, Phường Thượng Thanh, Long Biên, Hà Nội",
"Bán nhà riêng đẹp tại Võ Chí Công 8 tỷ, 40m2, 5PN, 4WC. 0382 276 ***",8 tỷ,40 m²,5,4,"Tây Hồ, Hà Nội","Đường Võ Chí Công, Phường Xuân La, Tây Hồ, Hà Nội",
Bán nhà hxh 6m Nguyễn Bỉnh Khiêm - Đa Kao Q1 - 60m2 4pn đang cho spa thuê 30tr/tháng,"16,49 tỷ",60 m²,4,4,"Quận 1, Hồ Chí Minh","Đường Nguyễn Bỉnh Khiêm, Phường Đa Kao, Quận 1, Hồ Chí Minh",
"Bán gấp nhà mặt tiền VIP Phạm Viết Chánh, Quận 1 - 10x15m - 4 tầng - cho thuê 200tr/th - giá 40 tỷ",40 tỷ,150 m²,Không có thông tin,Không có thông tin,"Quận 1, Hồ Chí Minh","Đường Phạm Viết Chánh, Phường Nguyễn Cư Trinh, Quận 1, Hồ Chí Minh",
Đơn giá 59tr/m2 sở hữu ngay căn 3PN rẻ nhất PK cao cấp Masterise có sẵn nội thất cao cấp châu Âu,Giá thỏa thuận,"90,8 m²",3,Không có thông tin,"Gia Lâm, Hà Nội","Masteri Lakeside, Trâu Quỳ, Gia Lâm, Hà Nội",
EM CẦN BÁN LÔ ĐẤT 38M BIÊN GIANG HÀ ĐÔNG HÀ NỘI,"2,75 tỷ",38 m²,Không có thông tin,Không có thông tin,"Hà Đông, Hà Nội","Đường Giang Chính, Phường Biên Giang, Hà Đông, Hà Nội",
Cần bán biệt thự vườn 617m2 ngay GiGamall Phạm Văn Đồng Hiệp Bình Chánh Thủ Đức,48 tỷ,617 m²,4,4,"Thủ Đức, Hồ Chí Minh","Đường 17, Phường Hiệp Bình Chánh, Thủ Đức, Hồ Chí Minh",
Tháng 3/2025 Bán cắt lỗ biệt thự song lập hướng ĐN gần hồ - LH: 0886 064 ***,Giá thỏa thuận,150 m²,4,3,"Gia Lâm, Hà Nội","Dự án Vinhomes Ocean Park Gia Lâm, Xã Dương Xá, Gia Lâm, Hà Nội",
"Bán nhà mặt phố Hàng Bông - Hoàn Kiếm 85m2, mặt tiền 4,8m, 5 tầng giá 65 tỷ",65 tỷ,85 m²,Không có thông tin,Không có thông tin,"Hoàn Kiếm, Hà Nội","Phố Hàng Bông, Phường Hàng Bông, Hoàn Kiếm, Hà Nội",
"Bán nhà mặt phố Lạc Long Quân - View Hồ Tây 185m2, mặt tiền 10m, giá 120 tỷ",120 tỷ,185 m²,Không có thông tin,Không có thông tin,"Tây Hồ, Hà Nội","Đường Lạc Long Quân, Phường Xuân La, Tây Hồ, Hà Nội",
"Bán đất tại Mai Hiên, Đông Anh, Hà Nội, 3,9 tỷ, 45.1m2 giá cực chất","3,9 tỷ","45,1 m²",Không có thông tin,Không có thông tin,"Đông Anh, Hà Nội","Đường Mai Hiên, Xã Mai Lâm, Đông Anh, Hà Nội",
"Bán Nhà mặt phố tại Bình Trị Đông, 8,99 tỷ, 109m2, (5 x 22M )4PN + 5WC + 4T","8,99 tỷ",109 m²,4,5,"Bình Tân, Hồ Chí Minh","Phường Bình Trị Đông, Bình Tân, Hồ Chí Minh",
"Chính chủ cần bán lô mặt đường N1, Hạ Mỗ, Đan Phượng, 0902 289 ***",Giá thỏa thuận,68 m²,Không có thông tin,Không có thông tin,"Đan Phượng, Hà Nội","Đường N1, Xã Hạ Mỗ, Đan Phượng, Hà Nội",
"Bán Centana 3PN 4,6 tỷ-5 tỷ, 2PN Office 2,5 tỷ-2,7 tỷ, 2PN căn hộ 4 tỷ - 4,2 tỷ, 1PN từ 2,3 tỷ",4 tỷ,64 m²,2,2,"Quận 2, Hồ Chí Minh","Dự án Centana Thủ Thiêm, Đường Mai Chí Thọ, Phường An Phú, Quận 2, Hồ Chí Minh",
"Bán nhà ngõ Trung Hành, Đằng Lâm, 41m2 4 tầng, mới tinh, độc lập, dân xây, 2 tỷ 650","2,65 tỷ",41 m²,3,2,"Hải An, Hải Phòng","Đường Trung Hành, Phường Đằng Lâm, Hải An, Hải Phòng",
Cần Bán nhanh nhà 5 tầng Biên Giang ô tô cách 5m khu vực đông đúc.,"3,05 tỷ",30 m²,3,4,"Hà Đông, Hà Nội","Đường Biên Giang, Phường Biên Giang, Hà Đông, Hà Nội",
"Bán căn hộ chính chủ 2PN, 3PN, 4PN chung cư Dolphin Plaza - Giá tốt, hỗ trợ A-Z, LH 0987 514 ***","11,1 tỷ",186 m²,4,3,"Nam Từ Liêm, Hà Nội","Dolphin Plaza, Trần Bình, Mỹ Đình 2, Nam Từ Liêm, Hà Nội",
"BÁN ĐẤT ĐG MẶT ĐƯỜNG TRỊNH VĂN BÔ 60M2, MT 5M, 2 MẶT Ô TÔ TRÁNH, GIÁ ĐẦU TƯ CHỈ 24X TRIỆU/M2",Giá thỏa thuận,60 m²,Không có thông tin,Không có thông tin,"Nam Từ Liêm, Hà Nội","Đường Trịnh Văn Bô, Phường Phương Canh, Nam Từ Liêm, Hà Nội",
Chuyên Bán Căn Hộ Saigon Royal Giá Tốt. Studio 2.6 tỷ | 1PN+1 4.6 tỷ | 2PN 6.4 tỷ | 3PN 12.5 tỷ,"6,1 tỷ",82 m²,2,2,"Quận 4, Hồ Chí Minh","Dự án Saigon Royal Residence, Đường Bến Vân Đồn, Phường 12, Quận 4, Hồ Chí Minh",
PKD tổng hợp quỹ căn 2PN-3PN-Duplex DT đa dạng 127-307m2 ở Mandarin-cam kết giá sát nhất thị trường,"16,34 tỷ",172 m²,3,2,"Cầu Giấy, Hà Nội","Mandarin Garden, Hoàng Minh Giám, Trung Hòa, Cầu Giấy, Hà Nội",
"Chính chủ bán nhà phân lô phố thanh bình,nhà đẹp nội thất đầy đủ, miễn trung gian và môi giới,",14 tỷ,60 m²,5,4,"Hà Đông, Hà Nội","Phố Nguyễn Thanh Bình, Phường Mỗ Lao, Hà Đông, Hà Nội",
"Bán Nhà Biệt Thự 4PN, 4WC, 101m2 tại Phùng Chí Kiên, Cầu Giấy, Hà Nội giá 34 tỷ VND",34 tỷ,101 m²,4,4,"Cầu Giấy, Hà Nội","Phố Phùng Chí Kiên, Phường Nghĩa Đô, Cầu Giấy, Hà Nội",
Độc quyền hàng thưởng: 2PN + 2WC view hồ bơi - giá 3.724 tỷ - tặng gói nội thất 150tr,"3,72 tỷ",69 m²,2,2,"Quận 9, Hồ Chí Minh","Glory Heights - Vinhomes Grand Park, Nguyễn Xiển, Long Bình, Quận 9, Hồ Chí Minh",
Bán Shophouse khu đô thị hạ Đình Rue De Charm 93m2 giá 25 tỷ nhận nhà ngay dòng tiền 70tr/tháng,25 tỷ,93 m²,10,11,"Thanh Trì, Hà Nội","Rue De Charme, 214, Đường Nguyễn Xiển, Xã Tân Triều, Thanh Trì, Hà Nội",
"Bán đất 7x18m (126m2 thổ cư) đường 25, khu bên sông Hiệp Bình Chánh, TP Thủ Đức. Gần TTTM Gigamall",12 tỷ,126 m²,Không có thông tin,Không có thông tin,"Thủ Đức, Hồ Chí Minh","Đường 25, Phường Hiệp Bình Chánh, Thủ Đức, Hồ Chí Minh",
Siêu phẩm Lê Trọng Tấn ô tô đỗ cửa vừa ở vừa kinh doanh dòng tiền tốt - nhỉnh 11 tỷ,"11,2 tỷ",44 m²,5,4,"Thanh Xuân, Hà Nội","Đường Lê Trọng Tấn, Phường Khương Mai, Thanh Xuân, Hà Nội",
Nhà mới đẹp mặt tiền hẻm kinh doanh 1/ Huỳnh Tấn Phát vào 3 tầng 4 pn 3 vệ sinh chỉ 2tỷ850tr,"2,85 tỷ",33 m²,4,3,"Nhà Bè, Hồ Chí Minh","Thị trấn Nhà Bè, Huyện Nhà Bè, Hồ Chí Minh",
"Bán nhà mặt phố Hàng Than, 101m2 giá 68tỷ, mặt tiền 22m, vị trí đẹp nhất phố, kinh doanh bất chấp",68 tỷ,101 m²,4,4,"Ba Đình, Hà Nội","Đường Hàng Than, Phường Nguyễn Trung Trực, Ba Đình, Hà Nội",
"Bán nhà mặt phố Hàng Than, 101m2 giá 68tỷ, mặt tiền 22m, vị trí đẹp nhất phố, kinh doanh bất chấp",68 tỷ,101 m²,4,4,"Ba Đình, Hà Nội","Đường Hàng Than, Phường Nguyễn Trung Trực, Ba Đình, Hà Nội",
Quỹ căn 2 ngủ nhỏ view hồ đẹp nhất đáng đầu tư dự án Masteri The Lakeside chỉ 20% = 800 triệu,Giá thỏa thuận,65 m²,2,2,"Gia Lâm, Hà Nội","Masteri Lakeside, Trâu Quỳ, Gia Lâm, Hà Nội",
MẶT TIỀN KINH DOANH VIP - 5 TẦNG - PHÙ HỢP MỠ SPA - CTY - VP - ĐA NGHÀNH - ĐƯỜNG 12M - KO LỘ GIỚI,"7,8 tỷ",70 m²,Không có thông tin,Không có thông tin,"Bình Tân, Hồ Chí Minh","Phường Bình Trị Đông A, Bình Tân, Hồ Chí Minh",
2căn nhà mới hoàn thiện 4 tầng đường xe hơi thị trấn nhà bè,"6,8 tỷ",50 m²,4,5,"Nhà Bè, Hồ Chí Minh","Sài Gòn Mới, Đường Huỳnh Tấn Phát, Thị trấn Nhà Bè, Nhà Bè, Hồ Chí Minh",
"Hotel 24 phòng sẳn hợp đồng thuê 60tr/tháng, giá 28tỷ500tr","28,5 tỷ",133 m²,24,25,"Quận 7, Hồ Chí Minh","Đường Số 2, Phường Phú Mỹ, Quận 7, Hồ Chí Minh",
"Cần bán 60m2 đất wieu hồ trục chính kinh doanh Đông Dư, Bát Tràng, Gia Lâm",8 tỷ,60 m²,Không có thông tin,Không có thông tin,"Gia Lâm, Hà Nội","Đường Đông Dư Hạ, Xã Bát Tràng, Gia Lâm, Hà Nội",
Nhà mới đẹp 4 tầng full nội thất đường ô tô 8m chỉ 6tỷ6 ngay Trung tâm Thị Trấn sát bên quận 7,"6,6 tỷ","52,5 m²",3,4,"Nhà Bè, Hồ Chí Minh","Thị trấn Nhà Bè, Nhà Bè, Hồ Chí Minh",
Bán Nhanh Căn Biệt thự đảo Ecopark với diện tích 300m2,65 tỷ,300 m²,4,4,"Văn Giang, Hưng Yên","Ecopark Grand - The Island , Xuân Quan, Văn Giang, Hưng Yên",
Đất đẹp Đình Trung Xuân Nội chính chủ gửi bán,"4,9 tỷ","84,5 m²",Không có thông tin,Không có thông tin,"Đông Anh, Hà Nội","Xuân Nộn, Đông Anh, Hà Nội",
Bán lô đất 48m2 tuy nhỏ nhưng gần trung tâm thành phố sổ hồng riêng,930 triệu,48 m²,Không có thông tin,Không có thông tin,"Bình Chánh, Hồ Chí Minh","Đường Tỉnh Lộ 10, Xã Lê Minh Xuân, Bình Chánh, Hồ Chí Minh",
Bán nhà mặt tiền Nguyễn Thị Nhung và Đinh Thị Thi khu đô thị Vạn Phúc City,38 tỷ,140 m²,Không có thông tin,Không có thông tin,"Thủ Đức, Hồ Chí Minh","Dự án KĐT Vạn Phúc City, Đường Quốc Lộ 13, Phường Hiệp Bình Phước, Thủ Đức, Hồ Chí Minh",
"Biệt thự mặt tiền TL29 sân dài miên man - 507m2 đất - sale 2 tỷ còn 12,3 tỷ - kinh doanh gì cũng đc","12,3 tỷ",507 m²,5,6,"Quận 12, Hồ Chí Minh","Đường Thạnh Lộc 29, Phường Thạnh Lộc, Quận 12, Hồ Chí Minh.",
"Giảm Sâu nhà Song Phương, bán kính 800m đầy đủ chợ, trường, 400m ra Đại Lộ TL.","3,35 tỷ",42 m²,4,3,"Hoài Đức, Hà Nội","Đường Song Phương, Xã Song Phương, Hoài Đức, Hà Nội",
"Bán nhà Mộ Lao Hà Đông, oto tránh vỉa hè kinh doanh, 7 tầng thang máy mặt tiền 4.5m, 16.x tỷ","16,3 tỷ",45 m²,4,Không có thông tin,"Hà Đông, Hà Nội","Đường Vũ Trọng Khánh, Phường Mỗ Lao, Hà Đông, Hà Nội",
"Bán căn hộ Mizuki Park 72m2 view mát (2PN - 2WC), giá 3,40tỷ/căn đã có sổ bao giấy tờ nhận nhà","3,4 tỷ",72 m²,2,2,"Bình Chánh, Hồ Chí Minh","Dự án Mizuki Park, Đường Nguyễn Văn Linh, Xã Bình Hưng, Bình Chánh, Hồ Chí Minh",
"Bán CC Green Pearl 378 Minh Khai, 12,5 tỷ, 139m2, 3PN, 2WC, full nội thất","12,5 tỷ",139 m²,3,2,"Hai Bà Trưng, Hà Nội","Green Pearl 378 Minh Khai, Minh Khai, Vĩnh Tuy, Hai Bà Trưng, Hà Nội",
"Nhà hẻm Vip Dương Đức Hiền, giá 7 tỷ",7 tỷ,"67,5 m²",2,1,"Tân Phú, Hồ Chí Minh","Đường Dương Đức Hiền, Phường Tây Thạnh, Tân Phú, Hồ Chí Minh",
Cần bán biệt thự rộng 500m2 khu biệt thự núi Anh Nguyễn,"43,5 tỷ",500 m²,4,5,"Nha Trang, Khánh Hòa","Dự án Ocean Front Villas, Đường Trần Phú, Phường Vĩnh Nguyên, Nha Trang, Khánh Hòa",
"Nhà Tân Bình MT lộ giới 30m, thông ra nhà ga T3 sân bay TSN, 162.5m2 ngang 10m, 6 tầng, 50.5tỷ","50,5 tỷ","162,53 m²",4,5,"Tân Bình, Hồ Chí Minh","Đường Phan Thúc Duyện, Phường 4, Tân Bình, Hồ Chí Minh",
"Hiếm bán! Nhà Bình Thạnh, hẻm xe hơi 5m, sát mặt tiền Nơ Trang Long, 5x15, 4 tầng, giá tốt 12.8 tỷ","12,8 tỷ","73,8 m²",4,4,"Bình Thạnh, Hồ Chí Minh","Đường Nơ Trang Long, Phường 11, Bình Thạnh, Hồ Chí Minh",
"Hiếm bán! Nhà Bình Thạnh, hẻm xe hơi 5m, sát mặt tiền Nơ Trang Long, 5x15, 4 tầng, giá tốt 12.8 tỷ","12,8 tỷ","73,8 m²",4,4,"Bình Thạnh, Hồ Chí Minh","Đường Nơ Trang Long, Phường 11, Bình Thạnh, Hồ Chí Minh",
"Cần bán nhanh 2 miếng đất mặt tiền 3000 m2 đường ĐH 38, xã Tam Hiệp, Châu Thành, Tiền Giang",2 tỷ,2.000 m²,Không có thông tin,Không có thông tin,"Châu Thành, Tiền Giang","Đường 38, Xã Tam Hiệp, Châu Thành, Tiền Giang",
"Bán Nhà Mặt Phố 4 Tầng, 5PN, 4WC, 80m2, 9,9 tỷ tại Bình Trị Đông B, Bình Tân, HCM giá siêu hời","9,9 tỷ",80 m²,5,4,"Bình Tân, Hồ Chí Minh","Phường Bình Trị Đông B, Bình Tân, Hồ Chí Minh",
"Bán căn hộ 3PN Eco Green City, nhà mới sửa, 95m2, căn góc ban công Đông Nam",Giá thỏa thuận,95 m²,3,2,"Thanh Trì, Hà Nội","Eco Green City, Đường Nguyễn Xiển, Xã Tân Triều, Thanh Trì, Hà Nội",
Đầu tư hơn 4 tỷ có ngay dòng tiền thu nhập với hợp đồng thuê giá 23tr/ tháng,"4,26 tỷ",60 m²,2,1,"Quận 7, Hồ Chí Minh","Dự án Sky Garden 3, Đường Phạm Văn Nghị, Phường Tân Phong, Quận 7, Hồ Chí Minh",
Nhỉnh 8 tỷ cho nhà Mặt tiền An Bình - Trần Hưng Đạo P7 Q5,"8,8 tỷ",96 m²,Không có thông tin,Không có thông tin,"Quận 5, Hồ Chí Minh","Đường An Bình, Phường 7, Quận 5, Hồ Chí Minh",
"Người quen gửi bán nhà phố Thi Sách, nhà đẹp ở luôn, sát mặt phố, trung tâm quận Hai Bà Trưng","14,2 tỷ",42 m²,4,4,"Hai Bà Trưng, Hà Nội","Phố Thi Sách, Phường Ngô Thì Nhậm, Hai Bà Trưng, Hà Nội",
Cần tìm chủ nhân cho căn đơn lập đẳng cấp và độc bản nhất Nine South,80 tỷ,695 m²,Không có thông tin,Không có thông tin,"Nhà Bè, Hồ Chí Minh","Nine South Estates, Đường Nguyễn Hữu Thọ, Xã Phước Kiển, Nhà Bè, Hồ Chí Minh",
Mặt phố Vạn Bảo 70m2 9T thang máy MT 6.3m 31 tỷ,31 tỷ,70 m²,Không có thông tin,Không có thông tin,"Ba Đình, Hà Nội","Đường Vạn Bảo, Phường Liễu Giai, Ba Đình, Hà Nội",
Định cư nên cần chuyển nhượng căn hộ dịch vụ có hợp đồng thuê cao,57 tỷ,377 m²,Không có thông tin,Không có thông tin,"Quận 7, Hồ Chí Minh","180/5, Đường Bùi Văn Ba, Phường Tân Thuận Đông, Quận 7, Hồ Chí Minh",
"Chính chủ cần bán căn nhà 4 tầng ngay gần chợ Tam Lông, Bình Xuyên, Vĩnh Yên, Vĩnh Phúc",4 tỷ,"89,9 m²",5,Không có thông tin,"Bình Xuyên, Vĩnh Phúc","Đường Minh Quyết thôn Tam Lộng, Xã Hương Sơn, Bình Xuyên, Vĩnh Phúc",
Cắt lỗ 300tr căn hộ 2 phòng ngủ mặt sông Hàn Sun Symphony Residence đối diện Novotel Đà Nẵng,"6,1 tỷ","70,1 m²",2,2,"Sơn Trà, Đà Nẵng","Dự án Sun Symphony Residence, Đường Trần Hưng Đạo, Phường Nại Hiên Đông , Sơn Trà, Đà Nẵng",
GẤP HẠ GIÁ 30 TỶ TÔI CHÍNH CHỦ BÁN BIỆT THỰ VƯỜN ĐÀO D5 LÔ GÓC 3 MẶT TIỀN VIEW TRỰC DIỆN LOTTE,Giá thỏa thuận,270 m²,5,5,"Tây Hồ, Hà Nội","Toà nhà hỗn hợp Vườn Đào, Lạc Long Quân, Phú Thượng, Tây Hồ, Hà Nội",
"Cần bán gấp căn biệt thự, Đinh Công Trứ",13 tỷ,282 m²,4,4,"Sơn Trà, Đà Nẵng","Đường Đinh Công Trứ, Phường Thọ Quang, Sơn Trà, Đà Nẵng",
Full giỏ hàng đang bán tại Victoria Village 1PN -2PN- 3PN mới nhất. Cam kết giá rẻ nhất thị trường,"3,6 tỷ","52,8 m²",1,Không có thông tin,"Quận 2, Hồ Chí Minh","Victoria Village, Đồng Văn Cống, Thạnh Mỹ Lợi, Quận 2, Hồ Chí Minh",
CẦN BÁN GẤP 2 LÔ ĐẤT DỰ ÁN TÁI ĐỊNH CƯ LẬP PHÚC.GIÁ 61TR/M2,61 triệu,140 m²,Không có thông tin,Không có thông tin,"Nhà Bè, Hồ Chí Minh","Đường Lê Văn Lương, Xã Phước Kiển, Nhà Bè, Hồ Chí Minh",
"Bán Nhà riêng tại Visip1 sát ngay chợ, Tp Thuận An, Bình Dương, 3,4 tỷ, 100m2. 0366 236 ***","3,4 tỷ",100 m²,2,Không có thông tin,"Thuận An, Bình Dương","Phường An Phú, Thuận An, Bình Dương",
"Bán đất biệt thự Võ Nghĩa ngay bãi tắm Phạm Văn Đồng, Sơn Trà, Đà Nẵng",36 tỷ,300 m²,Không có thông tin,Không có thông tin,"Sơn Trà, Đà Nẵng","Đường Võ Nghĩa, Phường Phước Mỹ, Sơn Trà, Đà Nẵng",
"Căn hộ 27,8m2 tại Vinhomes Ocean Park Gia Lâm, giá tốt 1,73 tỷ","1,73 tỷ","27,8 m²",1,1,"Gia Lâm, Hà Nội","Dự án Vinhomes Ocean Park Gia Lâm, Xã Dương Xá, Gia Lâm, Hà Nội",
"Bán nhà phân lô ngõ 121 phố Thái Hà, Quận Đống Đa, DT 50.5m2, 7 tầng, MT 5,5m, thang máy nhập khẩu",29 tỷ,"50,5 m²",13,8,"Đống Đa, Hà Nội","Ngõ 121, Phố Thái Hà, Phường Trung Liệt, Đống Đa, Hà Nội",
"Bán nhà phân lô ngõ 121 phố Thái Hà, Quận Đống Đa, DT 50.5m2, 7 tầng, MT 5,5m, thang máy nhập khẩu",29 tỷ,"50,5 m²",13,8,"Đống Đa, Hà Nội","Ngõ 121, Phố Thái Hà, Phường Trung Liệt, Đống Đa, Hà Nội",
"Bán đất 1000m2 tại Xã Xuân Tâm, Xuân Lộc, Đồng Nai. Cách quốc lộ 1km giá 5,2 tỷ, đẹp xuất sắc","5,2 tỷ",1.000 m²,Không có thông tin,Không có thông tin,"Xuân Lộc, Đồng Nai","Xã Xuân Tâm, Xuân Lộc, Đồng Nai",
"100m ra mặt phố Hồ Tùng Mậu - Nhà đẹp ở ngay - 5 tầng dân xây - 6,8 tỷ","6,8 tỷ",30 m²,3,4,"Cầu Giấy, Hà Nội","Đường Hồ Tùng Mậu, Phường Mai Dịch, Cầu Giấy, Hà Nội",
"Cần bán gấp: Nhà phố The Classia Khang Điền - nhà sẵn, sổ sẵn, khu compound an ninh 24/7","17,4 tỷ",95 m²,6,6,"Quận 9, Hồ Chí Minh","Dự án The Classia, Đường Võ Chí Công, Phường Phú Hữu, Quận 9, Hồ Chí Minh",
"Độc Quyền- Tòa nhà 119 Cộng Hòa Thu Nhập 500 Triệu,2MT,Tân Bình.DT 8,3x35-KC Hầm 6 Tầng. Giá 107 Tỷ",107 tỷ,272 m²,Không có thông tin,Không có thông tin,"Tân Bình, Hồ Chí Minh","Đường Cộng Hòa, Phường 12, Tân Bình, Hồ Chí Minh",
BÁN NHÀ PHÂN LÔ 55M2 XÂY 5 TẦNG THANG MÁY,19 tỷ,55 m²,8,5,"Nam Từ Liêm, Hà Nội","Đường Huy Du, Phường Cầu Diễn, Nam Từ Liêm, Hà Nội",
"Tôi Cần Bán Căn nhà 3 tầng Lô Góc, 52,5m mặt tiền 4,8m đường 10m, giá hơn 10ty","10,5 tỷ","52,4 m²",3,3,"Lê Chân, Hải Phòng","Đường Dư Hàng, Phường Dư Hàng, Lê Chân, Hải Phòng",
"Bán nhà Ngọc Thụy, căn góc 2 mặt ngõ thoáng 55m2 x 6 tầng, thang máy, ngõ thông ô tô 7 chỗ vào nhà","12,9 tỷ",55 m²,4,3,"Long Biên, Hà Nội","Đường Ngọc Thụy, Phường Ngọc Thụy, Long Biên, Hà Nội",
cập nhật những căn giá rẻ nhất dự án Jamila DT: 70m2 có 2PN 2WC full NT giá tốt nhất dự án,"4,15 tỷ",70 m²,2,2,"Quận 9, Hồ Chí Minh","Jamila Khang Điền, Song Hành, Phú Hữu, Quận 9, Hồ Chí Minh",
"Bán Biệt Thự Vườn Đào đẹp nhất 256 m2, 5 tầng, Mt 14 m, thang máy, đẳng cấp thượng lưu! Hot 150 tỷ!",150 tỷ,256 m²,6,6,"Tây Hồ, Hà Nội","Vườn Đào, Đường Lạc Long Quân, Phường Phú Thượng, Tây Hồ, Hà Nội",
"Bán nhà chính chủ, đường20m, KDC Tên Lửa, số 51 Đường số 49, P.Tân Tạo, Q.Bình Tân, DT 81m2, 11 tỷ",11 tỷ,81 m²,4,5,"Bình Tân, Hồ Chí Minh","51 Đường Số 49, Phường Tân Tạo, Bình Tân, Hồ Chí Minh",
"Siêu phẩm trục chính dự án Majestic City giá chủ đầu tư cực kỳ tốt, ngân hàng hỗ trợ 2 năm k lãi","6,57 tỷ",90 m²,Không có thông tin,Không có thông tin,"Mỹ Hào, Hưng Yên","Majestic City, Phường Nhân Hòa, Mỹ Hào, Hưng Yên",
"Chính chủ bán nhà tại Nguyễn Văn Cừ, có gara ô tô ngõ thông kinh doanh giá hơn 10 tỷ","10,2 tỷ",40 m²,3,4,"Long Biên, Hà Nội","Đường Nguyễn Văn Cừ, Phường Bồ Đề, Long Biên, Hà Nội",
"Nhà 3 tầng, Mặt tiền bao đẹp Huỳnh Tấn Phát - Trần Trọng Cung 4,2x31m. Chính chủ bán 23,9 tỷ","23,9 tỷ",131 m²,5,3,"Quận 7, Hồ Chí Minh","Đường Huỳnh Tấn Phát, Phường Tân Thuận Đông, Quận 7, Hồ Chí Minh",
"Bán đất đẹp tại Quốc lộ 21A, Hòa Sơn, Lương Sơn, Hòa Bình, 20 triệu VND/m2, 2000 m2",40 tỷ,2.000 m²,Không có thông tin,Không có thông tin,"Lương Sơn, Hòa Bình","Đường Quốc lộ 21A(Quốc lộ 21), Xã Hòa Sơn, Lương Sơn, Hòa Bình",
"Đất nền khu đô thị VCN Phước Long 2, cập nhật giá tốt nhất tháng 3","5,1 tỷ",95 m²,Không có thông tin,Không có thông tin,"Nha Trang, Khánh Hòa","Dự án Khu đô thị VCN Phước Long 2, Đường B11, Phường Phước Long, Nha Trang, Khánh Hòa",
"Tổng hợp 5 căn biệt thự VIP nhất kđt Vĩnh Điềm Trung , sổ Hồng hoàn công , cách biển 3km","14,79 tỷ",290 m²,4,6,"Nha Trang, Khánh Hòa","Đường C8, Xã Vĩnh Hiệp, Nha Trang, Khánh Hòa",
"Lô góc đối diện công viên và khu đất chung cư 2,2ha.","11,9 tỷ",183 m²,Không có thông tin,Không có thông tin,"Nha Trang, Khánh Hòa","Dự án KĐT Lê Hồng Phong I, Đường Lê Hồng Phong, Phường Phước Hải, Nha Trang, Khánh Hòa",
Chính chủ cần bán gấp liền kề Vườn Đào Lạc Long Quân - Tây Hồ 100m2 hơn 30 tỷ,35 tỷ,100 m²,5,Không có thông tin,"Tây Hồ, Hà Nội","Vườn Đào, Đường Lạc Long Quân, Phường Phú Thượng, Tây Hồ, Hà Nội",
BÁN NHÀ 4 TẦNG -NGÕ Ô TÔ TRÁNH - NGUYỄN TRÃI KDOANH ĐỈNH - CHỈ VÀI BƯỚC CHÂN RA PHỐ -GÍA CHỈ 12 TỶ,12 tỷ,37 m²,4,4,"Thanh Xuân, Hà Nội","Đường Nguyễn Trãi, Phường Thượng Đình, Thanh Xuân, Hà Nội",
Chính chủ cần bán gấp liền kề Vườn Đào Lạc Long Quân - Tây Hồ 100m2 hơn 30 tỷ,35 tỷ,100 m²,5,Không có thông tin,"Tây Hồ, Hà Nội","Vườn Đào, Đường Lạc Long Quân, Phường Phú Thượng, Tây Hồ, Hà Nội",
BÁN NHÀ 4 TẦNG -NGÕ Ô TÔ TRÁNH - NGUYỄN TRÃI KDOANH ĐỈNH - CHỈ VÀI BƯỚC CHÂN RA PHỐ -GÍA CHỈ 12 TỶ,12 tỷ,37 m²,4,4,"Thanh Xuân, Hà Nội","Đường Nguyễn Trãi, Phường Thượng Đình, Thanh Xuân, Hà Nội",
Cần bán căn hộ cao cấp view Sông Hàn ngắm pháo hoa tại Thành phố Đà Nẵng với giá thấp nhất.,8 tỷ,"76,8 m²",3,3,"Sơn Trà, Đà Nẵng","Sun Symphony Residence, view Sông Hàn ngắm pháo hoa, đường Trần Hưng Đạo, Nại Hiên Đông , Sơn Trà, Đà Nẵng",
Chính chủ bán căn 1PN+ tòa Masterise giá tốt nhẩt Vinhomes Ocean Park có thể chuyển đổi thành 2 ngủ,"2,75 tỷ",45 m²,1,1,"Gia Lâm, Hà Nội","Masteri Lakeside, Thị trấn Trâu Quỳ, Gia Lâm, Hà Nội",
"Bán nhà Tây Hồ, ngõ thông kinh doanh cực đẹp ô tô vào nhà thoả mái, DT 65m2 TK 7 tầng thang máy",16 tỷ,65 m²,6,Không có thông tin,"Tây Hồ, Hà Nội","Đường Võ Chí Công, Phường Phú Thượng, Tây Hồ, Hà Nội",
THẬT 100% TỐT THU 250 TRIỆU/THÁNG TÒA NHÀ 11x26m. 260m2 HẦM 6 TẦNG KHU XUÂN THỦY THẢO ĐIỀN QUẬN 2.,59 tỷ,260 m²,25,25,"Quận 2, Hồ Chí Minh","Đường Xuân Thủy, Phường Thảo Điền, Quận 2, Hồ Chí Minh",
"Sadora, căn góc, 3PN, 120m2, View nhìn Panorama của Sài Gòn, giá rẻ chỉ 14.5 tỷ",15 tỷ,120 m²,3,2,"Quận 2, Hồ Chí Minh","Dự án Sadora Sala, Đường Mai Chí Thọ, Phường An Lợi Đông, Quận 2, Hồ Chí Minh",
"Chính chủ bán đất thổ cư ngay chợ Nguyễn Xí, cắt Phạm Văn Đồng và Nguyễn Xí","22,2 tỷ","202,3 m²",Không có thông tin,Không có thông tin,"Bình Thạnh, Hồ Chí Minh","311/1, đường Nguyễn Xí, Phường 13, Bình Thạnh, Hồ Chí Minh",
"Chính chủ bán miếng đất bán đấu giá 2 mặt tiền Ql2D, diện tích 92m2, sổ đỏ vuông vắn",1 tỷ,92 m²,Không có thông tin,Không có thông tin,"Yên Bình, Yên Bái","Đường Quốc Lộ 2D, Xã Thịnh Hưng, Yên Bình, Yên Bái",
Bán tòa nhà 6 tầng thang máy thang bộ 12 phòng Q.Hai Bà 12.9 tỷ,"12,9 tỷ",62 m²,12,12,"Hai Bà Trưng, Hà Nội","Đường Minh Khai, Phường Vĩnh Tuy, Hai Bà Trưng, Hà Nội",
"Bán gấp nhà riêng Đội Cấn, Ba Đình, Hà Nội, 6 tầng thang máy, gần ô tô, 8.6 tỷ, 46m2, mặt tiền 4.2m","8,6 tỷ",46 m²,3,5,"Ba Đình, Hà Nội","Đường Đội Cấn, Phường Đội Cấn, Ba Đình, Hà Nội",
"1 lô duy nhất Trục chính dự án (đường nhựa 10m) 200 Bưng Ông Thoàn giá: 4,25 tỷ","4,25 tỷ",64 m²,Không có thông tin,Không có thông tin,"Quận 9, Hồ Chí Minh","Đường Bưng Ông Thoàn, Phường Phú Hữu, Quận 9, Hồ Chí Minh",
"Chủ cần bán, NHÀ ĐẸP, LÔ GÓC, THANG MÁY, Ô TÔ TRÁNH, Trung Kính, Cầu Giấy.","30,5 tỷ",86 m²,Không có thông tin,Không có thông tin,"Cầu Giấy, Hà Nội","Phố Trung Kính, Phường Yên Hòa, Cầu Giấy, Hà Nội",
"Chính chủ bán căn 62m chung cư Vinhomes Green Bay Mễ Trì, Đại lộ Thăng Long, Nam Từ Liêm",Giá thỏa thuận,62 m²,2,1,"Nam Từ Liêm, Hà Nội","Vinhomes Green Bay Mễ Trì, Đại lộ Thăng Long, Mễ Trì, Nam Từ Liêm, Hà Nội",
"7,7 tỷ - nhà mặt tiền - Thạnh Mỹ Lợi quận 2 - 75m2 - 5PN - 3 tầng - đường 8m - hàng hiếm giá tốt","7,7 tỷ",75 m²,5,6,"Quận 2, Hồ Chí Minh","Đường 19, Phường Thạnh Mỹ Lợi, Quận 2, Hồ Chí Minh",
"Đất Nghi Thuận Gần WHA, Cách N5 khoảng 200m",13 triệu,193 m²,Không có thông tin,Không có thông tin,"Nghi Lộc, Nghệ An","Nghi Thuận, Nghi Lộc, Nghệ An",
Chính chủ định cư nước ngoài cần bán căn hộ Diamond Riverside 2T650 bao thuế phí sang tên DT: 73m2,"2,65 tỷ",73 m²,2,2,"Quận 8, Hồ Chí Minh","Dự án Diamond Riverside, Đường Võ Văn Kiệt, Phường 16, Quận 8, Hồ Chí Minh",
Bán gấp biệt thự đơn lập căn góc Phạm Thái Bường Phú Mỹ Hưng view công viên,"112,3 tỷ",285 m²,5,Không có thông tin,"Quận 7, Hồ Chí Minh","Phú Mỹ Hưng, Đường Phạm Thái Bường, Phường Tân Phong, Quận 7, Hồ Chí Minh",
Bán biệt thự đơn lập Mỹ Quang khu cảnh đồi Phú Mỹ Hưng. Nhà mới giá tốt. Khu dân cư cao cấp,148 tỷ,"352,5 m²",4,3,"Quận 7, Hồ Chí Minh","Dự án Mỹ Quang, Đường Lý Long Tường, Phường Tân Phong, Quận 7, Hồ Chí Minh",
Bán căn hộ Hưng Vượng 1 nhà đẹp giá rẻ nhất khu Phú Mỹ Hưng,"3,35 tỷ",77 m²,3,1,"Quận 7, Hồ Chí Minh","Dự án Hưng Vượng 1, Đường Nguyễn Văn Linh, Phường Tân Phong, Quận 7, Hồ Chí Minh",
Bán biệt thự Mỹ Phú 3 Phú Mỹ Hưng căn góc đường lớn,67 tỷ,225 m²,Không có thông tin,Không có thông tin,"Quận 7, Hồ Chí Minh","Dự án Mỹ Phú 3, Phường Tân Phú, Quận 7, Hồ Chí Minh",
"Trả trước 1,8 tỷ căn 110m2 đườg 21m Sapphire Gem TP Thuỷ Nguyên 3 tầng sổ đỏ giá rẻ nhất khu vực","5,5 tỷ",110 m²,Không có thông tin,Không có thông tin,"Thủy Nguyên, Hải Phòng","Dự án Sapphire Gem Hải Phòng, Thành phố Thủy Nguyên, Hải Phòng",
CẦN TIỀN BÁN GẤP TRONG TUẦN RA LỘC CHO KHÁCH THIỆN CHÍ LÔ ĐẤT ĐẸP HIỀN LƯƠNG HIỀN NINH SÓC SƠN,"1,88 tỷ","72,3 m²",Không có thông tin,Không có thông tin,"Sóc Sơn, Hà Nội","Hiền Ninh, Sóc Sơn, Hà Nội",
HÀNG HIẾM ÁP GÓC| GIÁ CỰC ƯU ĐÃI| GẦN TRUNG TÂM GIẢI TRÍ GRAND WORLD VÀ TRƯỜNG HỌC| VINHOMES CỔ LOA,"17,87 tỷ",63 m²,6,4,"Đông Anh, Hà Nội","Vinhomes Cổ Loa, Cổ Loa, Đông Hội, Đông Anh, Hà Nội",
Đón sóng Vinhomes Vũ Yên 1 căn Centa City 75m2 giá rẻ nhất thị trường. LH 0866 666 ***,"3,6 tỷ",75 m²,4,3,"Thủy Nguyên, Hải Phòng","Dự án Centa City Hải Phòng, Đường 359, Phường An Lư, Thủy Nguyên, Hải Phòng",
"Chính chủ cần cắt lỗ cực sâu shophouse 60m2, thông thẳng ra chung cư Masterise, sổ đỏ vĩnh viễn",Giá thỏa thuận,60 m²,7,4,"Văn Giang, Hưng Yên","Dự án The Crown - Vinhomes Ocean Park 3, Xã Nghĩa Trụ, Văn Giang, Hưng Yên",
Chính chủ: Cần bán lô biệt thự 200m2 và liền kề 99m2 vị trí đẹp full nội thất cao cấp và thang máy.,73 tỷ,200 m²,6,6,"Hoàng Mai, Hà Nội","Dự án The Manor Central Park, Đường Nghiêm Xuân Yêm, Phường Đại Kim, Hoàng Mai, Hà Nội",
"Nhà đẹp phố Lê Thánh Tông, BDS giá trị đầu tư ở sướng đang có dòng tiền cho thuê hiệu quả",13 tỷ,45 m²,4,5,"Hoàn Kiếm, Hà Nội","Đường Lê Thánh Tông, Phường Phan Chu Trinh, Hoàn Kiếm, Hà Nội",
"Chính chủ bán lô đất dãy DC5-1x giá chỉ 1,55 tỷ rẻ nhất Cầu Trúc","1,55 tỷ",95 m²,Không có thông tin,Không có thông tin,"Sông Công, Thái Nguyên","Khu đô thị Cầu Trúc Sông Công, Đường Cách Mạng Tháng Mười, Phường Bách Quang, Sông Công, Thái Nguyên",
"Bán nhà 2MT công viên 7x22m KĐT Vạn Phúc, Hoàn thiện đẹp, sổ hồng riêng giá 33 tỷ",33 tỷ,154 m²,Không có thông tin,Không có thông tin,"Thủ Đức, Hồ Chí Minh","KĐT Vạn Phúc City, Đường Quốc Lộ 13, Phường Hiệp Bình Phước, Thủ Đức, Hồ Chí Minh",
"Bán đất mặt biển Mũi Né, diện tích 1.384m2, Phan Thiết",Giá thỏa thuận,1.384 m²,Không có thông tin,Không có thông tin,"Phan Thiết, Bình Thuận","Đường Nguyễn Cơ Thạch, Phường Mũi Né, Phan Thiết, Bình Thuận",
"Chính chủ bán nhà 5T Chiến Thắng, VQ, Hà Đông (Ngay HVAN và HVKT Mật Mã). Kinh doanh. Ôtô. Giá 8tỷ6","8,6 tỷ",38 m²,4,4,"Hà Đông, Hà Nội","Đường Chiến Thắng, Phường Văn Quán, Hà Đông, Hà Nội",
Trả nợ ngân hàng tôi cần bán lỗ lô đất biển 1.200m2 giá 9 tỷ,9 tỷ,1.200 m²,Không có thông tin,Không có thông tin,"Phan Thiết, Bình Thuận","Đường Nguyễn Cơ Thạch, Phường Mũi Né, Phan Thiết, Bình Thuận",
"3PN bán gấp tại Q2 Thảo Điền - Chuyên Penthouse, 1PN, 2PN, 3PN, 4PN hàng ngộp - 0908 186 ***",12 tỷ,100 m²,3,2,"Quận 2, Hồ Chí Minh","Q2 Thảo Điền, Đường Võ Trường Toản, Phường Thảo Điền, Quận 2, Hồ Chí Minh",
"Bán nhà 46m2 Bát Khối, Cổ Linh, Gần Cầu Vĩnh Tuy, Thanh Trì, Dân xây, An Ninh Tuyệt Đối",6 tỷ,46 m²,4,4,"Long Biên, Hà Nội","Đường Bát Khối, Phường Cự Khối, Long Biên, Hà Nội",
Cập nhật giỏ hàng đất nền khu dân cư Hưng Phú tháng 3/2025 (Giá tốt nhất),7 tỷ,90 m²,Không có thông tin,Không có thông tin,"Quận 9, Hồ Chí Minh","Dự án Hưng Phú 2, Đường Liên Phường, Phường Phước Long B, Quận 9, Hồ Chí Minh",
Gấp! Bán lô đất Biệt Thự Trần Trọng Khiêm đường 10m5 thông sông khu Nam Việt Á Đà Nẵng giá siêu tốt,"18,4 tỷ",361 m²,Không có thông tin,Không có thông tin,"Ngũ Hành Sơn, Đà Nẵng","Nam Cầu Tuyên Sơn-Nam Việt Á, Đường Trần Trọng Khiêm, Phường Khuê Mỹ, Ngũ Hành Sơn, Đà Nẵng",
"Bán nhà dân xây ngõ Hòa Bình 4, ngõ ô tô cực rộng gần phố, 5 tầng 3 ngủ. Sổ đỏ vuông đẹp","6,85 tỷ",29 m²,3,4,"Hai Bà Trưng, Hà Nội","Ngõ Hòa Bình 4, Đường Minh Khai, Phường Minh Khai, Hai Bà Trưng, Hà Nội",
"Chính chủ bán đất mặt tiền view sông Hàn, cách đài ngắm pháo hoa mới của TP khoảng 200m",17 tỷ,100 m²,Không có thông tin,Không có thông tin,"Ngũ Hành Sơn, Đà Nẵng","Đường Chương Dương, Phường Mỹ An, Ngũ Hành Sơn, Đà Nẵng",
"Bán gấp Căn hộ 75m2, 5,1 tỷ tại Nguyễn Đức Cảnh, Tương Mai, Hoàng Mai, Tương Mai, Hoàng Mai, Hà Nội","5,1 tỷ",75 m²,2,2,"Hoàng Mai, Hà Nội","HUD3 Nguyễn Đức Cảnh, Đường Nguyễn Đức Cảnh, Phường Tương Mai, Hoàng Mai, Hà Nội",
Đất nền sổ sẵn trung tâm hành chính Thủ Thừa giá tốt nhất khu vực Long An,"1,7 tỷ",100 m²,Không có thông tin,Không có thông tin,"Thủ Thừa, Long An","Dự án Agora City, Đường Tỉnh Lộ 818, Thị trấn Thủ Thừa, Thủ Thừa, Long An",
"Bán nhà 42m2 xây 4 tầng đường Sư Vạn Hạnh,Q10 giá 3tỷ050.Gần Vạn Hạnh Mall.Hẻm 8m.Cho thuê 12tr","3,05 tỷ",42 m²,4,3,"Quận 10, Hồ Chí Minh","Đường Sư Vạn Hạnh, Phường 12, Quận 10, Hồ Chí Minh",
Nhà đẹp - thang máy sịn - ở ngay Q. Hai Bà Trưng,"9,5 tỷ",38 m²,3,4,"Hai Bà Trưng, Hà Nội","Phố Chùa Quỳnh, Phường Bạch Mai, Hai Bà Trưng, Hà Nội",
"Bán NR 5PN, 4WC, 50.9m2 tại Phú Lãm, Hà Đông, 5,15 tỷ. ĐẦU TƯ CHO THUÊ THOẢI MÁI","5,15 tỷ","50,9 m²",5,4,"Hà Đông, Hà Nội","Phường Phú Lãm, Hà Đông, Hà Nội",
"Bán đất mặt đường 72, An Thượng","7,41 tỷ",114 m²,Không có thông tin,Không có thông tin,"Hoài Đức, Hà Nội","Đường Quốc Lộ 72, Xã An Thượng, Hoài Đức, Hà Nội",
"Bán đất tại Phùng Chí Kiên, giá cực chất 23 triệu/m2, 222.6m2, Phúc Yên, Vĩnh Phúc gần Chợ Tình","5,12 tỷ","222,6 m²",Không có thông tin,Không có thông tin,"Phúc Yên, Vĩnh Phúc","Phố Phùng Chí Kiên, Xã Ngọc Thanh, Phúc Yên, Vĩnh Phúc",
Đất gia đình Mặt tiền lớn 100m2 sát bên Làng Đại học Thủ Đức,"3,6 tỷ",100 m²,Không có thông tin,Không có thông tin,"Dĩ An, Bình Dương","Đường Thống Nhất, Phường Bình An, Dĩ An, Bình Dương",
"Tôi cần bán gấp căn nhà 37m2x3 tầng,gần QL6, BX Yên Nghĩa. Giá 3,85 tỷ. Lh: 0983 227 *** (A. Thanh)","3,85 tỷ",37 m²,3,3,"Hà Đông, Hà Nội","Đường 6, Phường Đồng Mai, Hà Đông, Hà Nội",
"Nhà mới 100% - 6 x 27 mét, xã Gia Thuận, Gò Công Đông, Tiền giang, Sổ hồng + nội thất 790 triệu",790 triệu,162 m²,2,1,"Gò Công Đông, Tiền Giang","Xã Gia Thuận, Gò Công Đông, Tiền Giang",
"Hot! Bán Đất tại Đường 39A, Bảo Khê, Hưng Yên, Đối diện dự án sân golf của Vin Group","12,88 tỷ",280 m²,Không có thông tin,Không có thông tin,"Hưng Yên, Hưng Yên","Đường 39A, Xã Bảo Khê, Hưng Yên, Hưng Yên",
"Bán gấp Đất tại đường Nguyễn Khuyến, An Tảo, TP Hưng Yên","6,3 tỷ",75 m²,Không có thông tin,Không có thông tin,"Hưng Yên, Hưng Yên","Đường Tôn Thất Tùng, Phường An Tảo, Hưng Yên, Hưng Yên",
"Gấp! Chính chủ bán nhanh căn hộ 2PN chung cư Seasons Avenue, full đồ đẹp, giá rẻ hơn thị trường",5 tỷ,72 m²,2,2,"Hà Đông, Hà Nội","Dự án Seasons Avenue, Phường Mỗ Lao, Hà Đông, Hà Nội",
Bán nhà Sapphire Gem cạnh trung tâm hành chính với quỹ căn giá tốt vị trí đẹp. liên hệ 0898 260 ***,"5,8 tỷ",110 m²,4,5,"Thủy Nguyên, Hải Phòng","Dự án Sapphire Gem Hải Phòng, Đường 9C, Phường Thủy Đường, Thủy Nguyên, Hải Phòng",
"Bán nhà Quận 7 MT đường Số 40(LG 16m) Tân Quy Đông, P. Tân Phong, 6x15m trệt 3 lầu, ở và làm VP cty",19 tỷ,90 m²,4,5,"Quận 7, Hồ Chí Minh","Đường Số 40, Phường Tân Phong, Quận 7, Hồ Chí Minh",
"CC cần bán nhà phố Nguyên Hồng 80m2x8T. MT:16m.Nhà đẹp Lô góc 2 mặt tiền.Ngõ to hơn phố,Sổ đẹp",56 tỷ,80 m²,6,6,"Đống Đa, Hà Nội","Đường Nguyên Hồng, Phường Láng Hạ, Đống Đa, Hà Nội",
"chỉ 1, 4x tỷ nhận ngay chìa khoá căn hộ Sea view Tower view biển núi,View KĐT Vin làng vân cực xịn","1,75 tỷ","59,6 m²",2,2,"Liên Chiểu, Đà Nẵng","Dự án The Ori Garden, Đường Mê Linh, Phường Hòa Hiệp Nam, Liên Chiểu, Đà Nẵng",
"Bán nhà phố vườn 1 trệt 3 lầu trong khu compound đăng cấp tại Bình Chánh, chỉ từ 80tr/m2",10 tỷ,105 m²,4,3,"Bình Chánh, Hồ Chí Minh","The Meadow Bình Chánh, Trần Văn Giàu, Vĩnh Lộc B, Bình Chánh, Hồ Chí Minh",
"NHIỀU LÔ ĐẤT ĐẸP MẶT TIỀN KINH DOANH ĐƯỜNG LÊ VĂN LƯƠNG VÀ ĐÀO SƯ TÍCH, DTICH TỪ 100M2- VIP 3000M2",15 tỷ,300 m²,Không có thông tin,Không có thông tin,"Nhà Bè, Hồ Chí Minh","Xã Phước Kiển, Nhà Bè, Hồ Chí Minh",
"Bán căn hộ 2PN Eaton Park, mặt tiền Mai Chí Thọ, An Phú, Quận 2, liền kề nút giao An Phú",13 tỷ,75 m²,2,2,"Quận 2, Hồ Chí Minh","Dự án Eaton Park, Đường Mai Chí Thọ, Phường An Phú, Quận 2, Hồ Chí Minh",
"Chính chủ bán căn 2PN hướng Đông Nam giá rẻ nhất dự án FPT Plaza 3. Giá 1,9x tỷ",Giá thỏa thuận,57 m²,3,2,"Ngũ Hành Sơn, Đà Nẵng","Dự án FPT Plaza 3, Đường Hoàng Minh Thắng, Phường Hòa Hải, Ngũ Hành Sơn, Đà Nẵng",
Cực rẻ - bán căn hộ tại khu tập thể quân khu thủ đô số 55 ngõ 781 Khương Trung 80m giá 2 tỷ 9,"2,9 tỷ",80 m²,3,1,"Thanh Xuân, Hà Nội","Phường Khương Trung, Thanh Xuân, Hà Nội",
"Bán CC 2PN, 2WC, 65m2 tại À La Carte Hotel, Dương Đình Nghệ, 4,7 tỷ cực chất","4,7 tỷ",65 m²,2,2,"Sơn Trà, Đà Nẵng","À La Carte Hotel, Dương Đình Nghệ, Phước Mỹ, Sơn Trà, Đà Nẵng",
"Bán 9900m2 đất ven sông Đại Nga, TP Bảo Lộc, phù hợp xây khu nghỉ dưỡng, homestay, khu camping",18 tỷ,9.900 m²,Không có thông tin,Không có thông tin,"Bảo Lộc, Lâm Đồng","Đường Quốc Lộ 20, Xã Lộc Nga, Bảo Lộc, Lâm Đồng",
"1 LÔ ĐƯỜNG A1 KĐT AN BÌNH TÂN DUY NHẤT GIÁ SIÊU HẤP DẪN, CHỈ 3,8 TỶ LH E CƯỜNG 0914 201 *** ĐỂ CHỐT Ạ","3,8 tỷ",100 m²,Không có thông tin,Không có thông tin,"Nha Trang, Khánh Hòa","KĐT An Bình Tân, Đường A1, Phường Phước Long, Nha Trang, Khánh Hòa",
Chính chủ bán đất Thụy Phương ô tô tránh ô tô vào nhà 62m2 x 5 giá mềm vị trí TT phường,Giá thỏa thuận,62 m²,Không có thông tin,Không có thông tin,"Bắc Từ Liêm, Hà Nội","Đường Thụy Phương, Phường Thụy Phương, Bắc Từ Liêm, Hà Nội",
"Bán căn hộ chung cư tại Lê Đức Thọ, 4,45 tỷ, 71m2, 2PN, 1WC, đầy đủ nội thất","4,45 tỷ",71 m²,2,1,"Cầu Giấy, Hà Nội","Đường Lê Đức Thọ, Phường Mai Dịch, Cầu Giấy, Hà Nội",
"Bán lô đất diện tích 3.566m2, Đường Nguyễn cơ thạch, phường Mũi Né TP Phan Thiết T Bình Thuận,","44,58 tỷ",3.566 m²,Không có thông tin,Không có thông tin,"Phan Thiết, Bình Thuận","Phường Mũi Né, Phan Thiết, Bình Thuận",
NHÀ ĐẸP 4 TẦNG PHỐ QUAN NHÂN- FULL NỘI THẤT- GẦN PHỐ- NGÕ RỘNG BA GÁC- TIỆN ÍCH NGẬP TRÀN.,"7,5 tỷ",30 m²,4,4,"Thanh Xuân, Hà Nội","Phố Quan Nhân, Phường Nhân Chính, Thanh Xuân, Hà Nội",
"Chính chủ bán nhanh nhà phố Thái Thịnh, 33 tỷ, vị trí vàng, 71m2 ô tô tránh xe tải 7T thang máy KD",33 tỷ,71 m²,12,6,"Đống Đa, Hà Nội","Thái Thịnh, Láng Hạ, Đống Đa, Hà Nội",
"Bán chuyển nhượng căn hộ Duplex chung cư Penstudio Tây Hồ 76m2 - 91m2, Full đồ nội thất 0822 786 ***",Giá thỏa thuận,76 m²,1,2,"Tây Hồ, Hà Nội","Dự án PentStudio, Đường Lạc Long Quân, Phường Phú Thượng, Tây Hồ, Hà Nội",
"Bán Đất 123m2, 2,5 tỷ tại Bạch Thạch, Xã Hòa Thạch, Quốc Oai, Hà Nội","2,5 tỷ",123 m²,Không có thông tin,Không có thông tin,"Quốc Oai, Hà Nội","Đường Hoà Thạch, Xã Hòa Thạch, Quốc Oai, Hà Nội",
"Bán Nhà mặt phố tại Nhân Chính, Thanh Xuân, Hà Nội, 79m2, giá thỏa thuận, view đẹp, chính chủ",Giá thỏa thuận,79 m²,26,26,"Thanh Xuân, Hà Nội","Phường Nhân Chính, Thanh Xuân, Hà Nội",
"Căn 2PN 2WC, 67m2, giỏ hàng độc quyền tại The Emerald 68 chỉ 3,2 tỷ - LH 0903 091 *** Em Nga",Giá thỏa thuận,67 m²,Không có thông tin,Không có thông tin,"Thuận An, Bình Dương","The Emerald 68, Vĩnh Phú 16, Vĩnh Phú, Thuận An, Bình Dương",
"Bán Nhà 3 tầng hoàn thiện khu TĐC 7.2ha thị trấn Trâu Quỳ, Gia Lâm 10.2 tỷ","10,2 tỷ","48,1 m²",Không có thông tin,Không có thông tin,"Gia Lâm, Hà Nội","Đường Nguyễn Mậu Tài, Thị trấn Trâu Quỳ, Gia Lâm, Hà Nội",
Chính chủ bán gấp biệt thự B1.1 BT05 mặt tiền đường 25m Khu đô thị Thanh Hà,Giá thỏa thuận,240 m²,Không có thông tin,Không có thông tin,"Hà Đông, Hà Nội","Khu đô thị Thanh Hà Mường Thanh, Kiến Hưng, Hà Đông, Hà Nội",
"(Gấp) Nhà Thuận An, 2 lầu, 2PN, Giá: 2.95 tỷ, Kinh doanh được, đường Oto 12m, SHR sang tên ngay","2,95 tỷ",60 m²,2,3,"Thuận An, Bình Dương","Đường ĐT 743, Phường Bình Chuẩn, Thuận An, Bình Dương",
"Sun Symphony Đà Nẵng - Căn hộ 3PN view biển giá rẻ nhất thị trường, chiết khấu 21%. Hỗ trợ vay NH.","4,8 tỷ","88,3 m²",3,2,"Sơn Trà, Đà Nẵng","Dự án Sun Symphony Residence, Đường Trần Hưng Đạo, Phường Nại Hiên Đông , Sơn Trà, Đà Nẵng",
Chính chủ cần bán gấp căn góc liền kề A2.4 LK8-06 tại khu đô thị Thanh Hà,Giá thỏa thuận,"182,76 m²",Không có thông tin,Không có thông tin,"Hà Đông, Hà Nội","Khu đô thị Thanh Hà Mường Thanh, Kiến Hưng, Hà Đông, Hà Nội",
"Bán đất nền dự án 80 m2 tại TMS Grand City Phúc Yên, 43 triệu / m2","3,36 tỷ",80 m²,Không có thông tin,Không có thông tin,"Phúc Yên, Vĩnh Phúc","TMS Grand City Phúc Yên, Hùng Vương, Phúc Yên, Vĩnh Phúc",
Bán nhà mặt tiền Hải Thượng Lãn Ông kinh doanh sầm uất ngay chợ lớn Bình Tây,37 tỷ,66 m²,6,4,"Quận 5, Hồ Chí Minh","Đường Hải Thượng Lãn Ông, Phường 13, Quận 5, Hồ Chí Minh",
"Bán đất nền dự án TMS Grand City Phúc Yên, 43 triệu / m2, 80 m2, Hùng Vương, Phúc Yên, Vĩnh Phúc","3,44 tỷ",80 m²,Không có thông tin,Không có thông tin,"Phúc Yên, Vĩnh Phúc","TMS Grand City Phúc Yên, Hùng Vương, Phúc Yên, Vĩnh Phúc",
"Bán Shophouse 2 mặt tiền tại Nam An Khánh, 39,985 tỷ, 188m2, 4 tầng, pháp lý đầy đủ","39,99 tỷ",188 m²,Không có thông tin,Không có thông tin,"Hoài Đức, Hà Nội","Nam An Khánh, Xã An Khánh, Hoài Đức, Hà Nội",
CC CONIC RIVERSIDE CẦN BÁN (1PN - 1.950 ĐẾN 2.150) | (2PN - 2.550 ĐẾN 2.850) - ĐÃ CÓ SỔ HỒNG,"1,95 tỷ",50 m²,1,1,"Quận 8, Hồ Chí Minh","Dự án Conic Riverside, Phố Tạ Quang Bửu, Phường 7, Quận 8, Hồ Chí Minh",
"BIỆT THỰ VƯỜN HỒ ĐẲNG CẤP TẠI VINHOMES THĂNG LONG - 130M, FULL NỘI THẤT, 7M MẶT, GIÁ 24 TỶ",24 tỷ,130 m²,5,5,"Hoài Đức, Hà Nội","Vinhomes Thăng Long, An Khánh, Hoài Đức, Hà Nội",
"Hot hot rẻ hơn 400tr Cần bán gấp Hưng Vượng 1 67m2 tầng 1, lững 30m2 SH chốt gấp 2.9tỷ thật 100%","2,9 tỷ",90 m²,Không có thông tin,Không có thông tin,"Quận 7, Hồ Chí Minh","Hưng Vượng 1, Nguyễn Văn Linh, Tân Phong, Quận 7, Hồ Chí Minh",
"Căn 2PN tầng trung, view về Bitexco 20.5 tỷ, Full nội thất, suất nước ngoài mua được. LH 0931 338 ***","20,5 tỷ",70 m²,2,2,"Quận 2, Hồ Chí Minh","The Opera Residence, Đại Lộ Vòng Cung, Thủ Thiêm, Quận 2, Hồ Chí Minh",
"BÁN NHÀ KIM MÃ, LÕI BA ĐÌNH, ĐỘC NHẤT VÔ NHỊ, NHÀ MỚI THƠM PHỨC, 30M2, 5.3 TỶ","5,3 tỷ",30 m²,3,4,"Ba Đình, Hà Nội","Phố Kim Mã, Phường Kim Mã, Ba Đình, Hà Nội",
"Bán nhà (mặt tiền) 6*17 Phú Thọ Hoà - Phường Phú Thọ Hoà, Quận Tân Phú, HCM","18,9 tỷ",97 m²,3,2,"Tân Phú, Hồ Chí Minh","314 Đường Phú Thọ Hòa, Phường Phú Thọ Hòa, Tân Phú, Hồ Chí Minh",
"Nhà bán mới đẹp, hầm + 4 tầng 5 x 19,3m 96m2. 5 PN, 4 Wc - KDC Đại Phúc, xã Bình Hưng, BC 11,8 tỷ","11,8 tỷ",96 m²,5,4,"Bình Chánh, Hồ Chí Minh","Dự án Đại Phúc Green Villas, Xã Bình Hưng, Bình Chánh, Hồ Chí Minh",
BÁN NHÀ MẶT PHỐ NGUYỄN VĂN TRỖI - -VỊ TRÍ CỰC ĐẸP - KINH DOANH - Ô TÔ TRÁNH - HOẶC XÂY TÒA NHÀ VĂN,Giá thỏa thuận,115 m²,6,6,"Thanh Xuân, Hà Nội","Đường Nguyễn Văn Trỗi, Phường Phương Liệt, Thanh Xuân, Hà Nội",
Đất mặt đường rộng 30 mét thảm nhựa khối 14 Nghi Hương TXCL. Cần tiền nên bán gấp cho con đi du học,"2,7 tỷ","173,9 m²",Không có thông tin,Không có thông tin,"Cửa Lò, Nghệ An","Khối 14 phường Nghi Hương, Cửa Lò, Nghệ An",
BĐS Rồng Đỏ chuyên bán căn hộ FPT Plaza 3; hỗ trợ tìm kiếm căn hộ theo nhu cầu của Quý khách,"1,88 tỷ",58 m²,2,2,"Ngũ Hành Sơn, Đà Nẵng","Dự án FPT Plaza 3, Đường Hoàng Minh Thắng, Phường Hòa Hải, Ngũ Hành Sơn, Đà Nẵng",
"5.95 tỷ sở hữu ngay lô đất FPT 3 mặt tiền, sát Đại học FPT - BĐS Rồng Đỏ chuyên FPT","5,95 tỷ",119 m²,Không có thông tin,Không có thông tin,"Ngũ Hành Sơn, Đà Nẵng","Dự án FPT City Đà Nẵng, Phường Hòa Hải, Ngũ Hành Sơn, Đà Nẵng",
"Bán Căn Tập Thể 2 Ngủ, 2 Mặt Thoáng, Ngõ Ô Tô Tránh Gần Nguyễn Chí Thanh","4,5 tỷ",65 m²,2,1,"Đống Đa, Hà Nội","Đường Nguyễn Chí Thanh, Phường Láng Hạ, Đống Đa, Hà Nội",
Tổng Hợp Quỹ Căn 2PN - 3PN chuyển nhượng giá tốt nhất dự án Rose Town Ngọc Hồi.,"4,1 tỷ",66 m²,2,2,"Hoàng Mai, Hà Nội","Rose Town, Đường Ngọc Hồi, Phường Hoàng Liệt, Hoàng Mai, Hà Nội",
"Cần bán gấp căn hộ 109m - 3n2wc Royal City, nhà sửa 3n đẹp. Giá chỉ 9 tỷ, sổ sẵn. LH: 0898 567 ***",9 tỷ,109 m²,3,2,"Thanh Xuân, Hà Nội","Royal City, Đường Nguyễn Trãi, Phường Thượng Đình, Thanh Xuân, Hà Nội",
"Chuyên Gia Mua Bán Tại Emerald, Alnata, Alnata Plus, Brillant, Centeri (luôn cập nhật giá tốt nhất)","3,2 tỷ",53 m²,1,1,"Tân Phú, Hồ Chí Minh","Emerald - Celadon City, Đường N4, Phường Sơn Kỳ, Tân Phú, Hồ Chí Minh",
"Chỉ 820 triệu, sở hữu 96,4m2 đất full thổ trong khu dân cư Diên Hoà. Giá rẻ nhất khu vực",820 triệu,"96,4 m²",Không có thông tin,Không có thông tin,"Diên Khánh, Khánh Hòa","Xã Diên Hòa, Diên Khánh, Khánh Hòa",
Chính chủ bán căn 3 ngủ Thiên Niên Kỷ giá tốt khách thiện chí có giảm thêm xem nhà 24/7,"6,5 tỷ",115 m²,3,2,"Hà Đông, Hà Nội","Tòa Tháp Thiên Niên Kỷ - Hatay Millennium, Quang Trung, Quang Trung, Hà Đông, Hà Nội",
Quỹ căn hộ cần chuyển nhượng giá tốt nhất - gọi xem nhà ngay hôm nay. Hotline 0989 138 ***,"20,5 tỷ",115 m²,3,2,"Ba Đình, Hà Nội","Vinhomes Metropolis - Liễu Giai, 29, Phố Liễu Giai, Phường Ngọc Khánh, Ba Đình, Hà Nội",
Quỹ căn hộ cần chuyển nhượng giá tốt nhất - gọi xem nhà ngay hôm nay. Hotline 0989 138 ***,"20,5 tỷ",115 m²,3,2,"Ba Đình, Hà Nội","Vinhomes Metropolis - Liễu Giai, 29, Phố Liễu Giai, Phường Ngọc Khánh, Ba Đình, Hà Nội",
"Bán đất ở 240m2, chính chủ, đường Trung tâm hành chính huyện Hòa Vang đi Hòa Tiến","2,6 tỷ",240 m²,Không có thông tin,Không có thông tin,"Hòa Vang, Đà Nẵng","Xã Hòa Phong, Hòa Vang, Đà Nẵng",
"Bán Căn hộ chung cư tại Hậu Giang, 2 tỷ, 44,2 m2, 1PN, 1WC, Đầy đủ nội thất, Hot!",2 tỷ,"44,2 m²",1,1,"Quận 6, Hồ Chí Minh","Đường Hậu Giang, Phường 2, Quận 6, Hồ Chí Minh",
"Bán lô góc mặt đường Máng Nước , quận An Dương , thành phố Hải Phòng","10,72 tỷ","130,7 m²",Không có thông tin,Không có thông tin,"An Dương, Hải Phòng","Đường Máng Nước, Phường An Đồng, An Dương, Hải Phòng",
"Chuyên bán CH City Gate, có nhiều căn 2 và 3 phòng ngủ đang cần bán giá từ 2.3 tỷ. LH: 0902 861 ***","2,3 tỷ",73 m²,2,2,"Quận 8, Hồ Chí Minh","City Gate Towers, số 15, Đường Võ Văn Kiệt, Phường 16, Quận 8, Hồ Chí Minh",
"Tổng hợp một số căn hộ giá tốt tại Times City, Park Hill năm 2025","6,8 tỷ",80 m²,2,Không có thông tin,"Hai Bà Trưng, Hà Nội","Dự án Times City - Park Hill, Đường Minh Khai, Phường Vĩnh Tuy, Hai Bà Trưng, Hà Nội.",
"Nhà vị trí cực đẹp giá tốt nhất khu đấu giá Mậu Lương. Ở sướng, kd văn phòng tiện. 60m2 14,7 tỷ","14,7 tỷ",60 m²,Không có thông tin,Không có thông tin,"Hà Đông, Hà Nội","Đường Mậu Lương, Phường Kiến Hưng, Hà Đông, Hà Nội",
"Bán nhà mặt phố DN5 KDC An Sương, Nguyễn Văn Quá, Tân Hưng Thuận, Quận 12, HCM, 8.95 tỷ, 141 m2","8,95 tỷ",141 m²,4,4,"Quận 12, Hồ Chí Minh","Khu dân cư An Sương, Nguyễn Văn Quá, Tân Hưng Thuận, Quận 12, Hồ Chí Minh",
"Quỹ căn 2 ngủ, 3 ngủ tầng đẹp, giá tốt nhất thị trường - chung cư Moonlight1",Giá thỏa thuận,69 m²,2,2,"Hoài Đức, Hà Nội","Dự án Moonlight 1 - An Lạc Green Symphony, Xã Vân Canh, Hoài Đức, Hà Nội",
VIEW HIMLAM VẠN PHÚC -- ĐẤT HIẾM -- ĐC CẤP PHÉP XÂY DỰNG 7 TẦNG,"13,9 tỷ",50 m²,Không có thông tin,Không có thông tin,"Hà Đông, Hà Nội","Him Lam Vạn Phúc, Đường Tố Hữu, Phường Vạn Phúc, Hà Đông, Hà Nội",
Giá Có Sổ Hồng CH Privia giá Stu-2.5tỷ/1PN-3tỷ/2PN-3.9tỷ/3PN-4.7tỷ bao full phí LH xem nhà 24/7,"3,7 tỷ",68 m²,2,2,"Bình Tân, Hồ Chí Minh","Dự án The Privia, Đường An Dương Vương, Phường An Lạc, Bình Tân, Hồ Chí Minh",
Căn hộ 2 phòng ngủ 61m2 giá chỉ 2.523 tỷ thanh toán dài hạn 2 năm,"2,52 tỷ",61 m²,2,1,"Thủ Dầu Một, Bình Dương","Dự án Midori Park The Glory, Phường Hòa Phú, Thủ Dầu Một, Bình Dương",
Rẻ nhất Bình Yên 21tr/m2. Cần bán gấp 184m2 trục chính Sen Trì - Bình Yên. Đường ô tô vào tận đất,"3,86 tỷ",184 m²,Không có thông tin,Không có thông tin,"Thạch Thất, Hà Nội","Đường 420, Xã Bình Yên, Thạch Thất, Hà Nội",
NHÀ TÂY SƠN Ô TÔ ĐỖ CỬA - THOÁNG TRƯỚC SAU 55M2 X 6 TẦNG NHỈNH 11 TỶ,"11,55 tỷ",55 m²,6,5,"Đống Đa, Hà Nội","Đường Tây Sơn, Phường Thịnh Quang, Đống Đa, Hà Nội",
"Đất trung tâm Nghi Sơn, đường 46m. Vốn 30%(650tr) kí hợp đồng, Bank hỗ trợ 70% miễn lãi 18 tháng","1,9 tỷ","97,5 m²",Không có thông tin,Không có thông tin,"Nghi Sơn, Thanh Hóa","Nghi Sơn Central Park, Đường Quốc lộ 1A, Phường Nguyên Bình, Nghi Sơn, Thanh Hóa",
"Nhà riêng 2 tầng tại Lê Văn Lương, Xã Nhơn Đức, Nhà Bè, Hồ Chí Minh. Giá 4,999 tỷ",5 tỷ,125 m²,11,11,"Nhà Bè, Hồ Chí Minh","Caau Rạch tôm Đường Lê Văn Lương, Xã Nhơn Đức, Nhà Bè, Hồ Chí Minh",
"Nha em Bán đất tại Đường Phú Mãn, Xã Đông Xuân, Quốc Oai, Hà Nội, 1,9 tỷ, 75m2 full tc giá siêu hời","1,9 tỷ",75 m²,Không có thông tin,Không có thông tin,"Quốc Oai, Hà Nội","Đường Phú Mãn, Xã Đông Xuân, Quốc Oai, Hà Nội",
Chính chủ bán 80m2 mặt tiền kinh doanh kế trường học giá 1tỷ485 sổ hồng riêng,"1,49 tỷ",80 m²,Không có thông tin,Không có thông tin,"Bình Chánh, Hồ Chí Minh","Đường Tỉnh Lộ 10, Xã Lê Minh Xuân, Bình Chánh, Hồ Chí Minh",
11.x TỶ-41M2-Ô TÔ-KD-PHÂN LÔ VỈA HÈ-HIẾM-HAI BÀ TRƯNG,"11,6 tỷ",41 m²,4,4,"Hai Bà Trưng, Hà Nội","Đường Thanh Nhàn, Phường Thanh Nhàn, Hai Bà Trưng, Hà Nội",
Căn Hộ Cao Cấp Mới Tinh Đội Cấn 60tr/th Đang Vận Hành 6T 60m2 15.5 tỷ - Nhà vị trí cực đẹp ngay s,"15,5 tỷ",60 m²,Không có thông tin,Không có thông tin,"Ba Đình, Hà Nội","Đường Đội Cấn, Phường Ngọc Hà, Ba Đình, Hà Nội",
Căn Hộ Cao Cấp Mới Tinh Đội Cấn 60tr/th Đang Vận Hành 6T 60m2 15.5 tỷ - Nhà vị trí cực đẹp ngay s,"15,5 tỷ",60 m²,Không có thông tin,Không có thông tin,"Ba Đình, Hà Nội","Đường Đội Cấn, Phường Ngọc Hà, Ba Đình, Hà Nội",
3PN FULL 6TY55 BAO HẾT CẦN BÁN GẤP THE SUNAVENUE,"6,55 tỷ",86 m²,3,2,"Quận 2, Hồ Chí Minh","The Sun Avenue, Mai Chí Thọ, An Phú, Quận 2, Hồ Chí Minh",
"Bán shophouse Grand Wolrd Phú Quốc 210m2, kế bên Bảo Tàng Gấu, chỉ nhỉnh 7 tỷ","7,9 tỷ",84 m²,6,7,"Phú Quốc, Kiên Giang","Grand World Phú Quốc, Gành Dầu, Phú Quốc, Kiên Giang",
"Bán CCMN Yên Hòa, Trung Kính mặt tiền 6.5m x 83m2 x 7T x 23PKK, dòng tiền 90tr/th, PCCC đầy đủ",19 tỷ,83 m²,23,23,"Cầu Giấy, Hà Nội","Đường Yên Hòa, Phường Yên Hòa, Cầu Giấy, Hà Nội",
Chiết khấu lên đến 10%. Giá từ 45 triệu/m2. The Habitat GĐ3. Thanh toán 15% ký HĐMB. Mặt tiền QL13,Giá thỏa thuận,60 m²,Không có thông tin,Không có thông tin,"Thuận An, Bình Dương","The Habitat Bình Dương, Hữu Nghị, Bình Hòa, Thuận An, Bình Dương",
Quỹ căn chuyển nhượng giá tốt tháng 3/2025 tại Ecopark,"2,25 tỷ",49 m²,1,1,"Văn Giang, Hưng Yên","Dự án Ecopark, Đường Trúc, Xã Xuân Quan, Văn Giang, Hưng Yên",
"Bán đất diện tích 50m2 tại Phố Viên, Cổ Nhuế 2, Bắc Từ Liêm, giá 750 triệu",750 triệu,50 m²,Không có thông tin,Không có thông tin,"Bắc Từ Liêm, Hà Nội","Đường Phố Viên, Phường Cổ Nhuế 2, Bắc Từ Liêm, Hà Nội",
"Căn hộ đẹp tại Mailand Hanoi City, giá thỏa thuận, 88m2, 2PN, 2WC giá 5,x",Giá thỏa thuận,88 m²,2,2,"Hoài Đức, Hà Nội","Mailand Hanoi City, Đại lộ Thăng Long, An Khánh, Hoài Đức, Hà Nội",
Ngộp Bank Một lô Duy nhất thái sơn 1. sổ Hồng Cầm tay DT 10 x25 giá 58tr/m2 LH 0777 789 ***,"14,5 tỷ",250 m²,Không có thông tin,Không có thông tin,"Nhà Bè, Hồ Chí Minh","Thái Sơn 1, Đường Nguyễn Hữu Thọ, Xã Phước Kiển, Nhà Bè, Hồ Chí Minh",
Bán toà nhà MT Nguyễn Văn Kỉnh 16x25m 1 hầm 7 lầu hoàn công đầy đủ toà nhà VP Công ty,140 tỷ,350 m²,Không có thông tin,Không có thông tin,"Quận 2, Hồ Chí Minh","Thạnh Mỹ Lợi, Đường Nguyễn Văn Kỉnh, Phường Thạnh Mỹ Lợi, Quận 2, Hồ Chí Minh",
6.15 TỶ-TRUNG TÂM QUẬN - KHU VỰC VIP BÁCH KINH XÂY - DÂN XÂY - LÔ GÓC 3 THOÁNG - Ô TÔ CẠNH NHÀ,"6,1 tỷ",30 m²,3,3,"Hai Bà Trưng, Hà Nội","Phố Bạch Mai, Phường Bạch Mai, Hai Bà Trưng, Hà Nội",
CẦN CHUYỂN NHƯỢNG 2 LÔ ĐẤT 1717 và 1424 LIỀN KỀ - GIÁ TỐT MÙA THU,Giá thỏa thuận,1.717 m²,Không có thông tin,Không có thông tin,"Thạch Thất, Hà Nội","Tiến Xuân, Thạch Thất, Hà Nội",
"Giỏ hàng nội bộ đầy đủ các căn 2PN, 3PN, duplex, chiết khấu 25%,thanh toán 30% nhận nhà ngay","5,95 tỷ",87 m²,3,2,"Tân Phú, Hồ Chí Minh","Diamond Centery, N1, Sơn Kỳ, Tân Phú, Hồ Chí Minh",
BÁN GẤP CĂN NHÀ PHƯỜNG TRUNG DŨNG BIÊN HOÀ ĐỒNG NAI ĐỂ ĐI NƯỚC NGOÀI,"1,8 tỷ",40 m²,2,2,"Biên Hòa, Đồng Nai","Đường 2, Phường Trung Dũng, Biên Hòa, Đồng Nai",
Chính chủ bán khách sạn 3 sao Đà Nẵng ngay cạnh bãi tắm biển Phạm Văn Đồng,33 tỷ,200 m²,36,39,"Sơn Trà, Đà Nẵng","À La Carte Hotel, Đường Phạm Thiều, Phường Phước Mỹ, Sơn Trà, Đà Nẵng",
Bán đất 2 mặt tiền trước sau đường 10m5 Phan Tứ thông biển gần An Thượng giá rẻ,Giá thỏa thuận,"264,6 m²",Không có thông tin,Không có thông tin,"Ngũ Hành Sơn, Đà Nẵng","Đường Phan Tứ, Phường Mỹ An, Ngũ Hành Sơn, Đà Nẵng",
"Bán đất 2 mặt tiền đường 15m Trần Nhân Tông gần ngay Khúc Hạo giá Rẻ 9,9 tỷ ngang 6,5m KD tốt","9,9 tỷ",111 m²,Không có thông tin,Không có thông tin,"Sơn Trà, Đà Nẵng","Đường Trần Nhân Tông, Phường An Hải Bắc, Sơn Trà, Đà Nẵng",
"Cần bán gấp nhà Phố Cổ Linh, DT 100m2, MT 15m, lô góc, 2 mặt đường, Kinh doanh, nhà hàng, cafe",28 tỷ,100 m²,4,4,"Long Biên, Hà Nội","Đường Cổ Linh, Phường Thạch Bàn, Long Biên, Hà Nội",
"Bán nhà 4 tầng thang máy tại Trang Quan, An Đồng, An Dương 64m2 giá chỉ 3,899 tỷ","3,9 tỷ",64 m²,4,4,"An Dương, Hải Phòng","Đường Trang Quan, Xã An Đồng, An Dương, Hải Phòng",
"BÁN NHÀ - 72M2 - HẺM NHỰA, XE HƠI THÔNG - LÊ QUANG ĐỊNH - BÌNH THẠNH - ĐANG CHO THUÊ CHDV -10.8 TỶ","10,8 tỷ",75 m²,8,8,"Bình Thạnh, Hồ Chí Minh","Đường Lê Quang Định, Phường 7, Bình Thạnh, Hồ Chí Minh",
"BÁN TÒA CHDV PHỐ MỸ ĐÌNH NHÂN MỸ, 60M,8 T THANG MÁY,12P KK, 2 THOÁNG,DTIEN 65TR/TH, GPXD PCCC ĐẠT","11,9 tỷ",60 m²,12,12,"Nam Từ Liêm, Hà Nội","Khu đô thị Mỹ Đình II, Lê Đức Thọ, Mỹ Đình 2, Nam Từ Liêm, Hà Nội",
Bán biệt thự Phùng Khoang Trung Văn 135m2 5 tầng mặt tiền 8m hơn 32 tỷ ôtô tránh vỉa hè phânlô LHCC,"32,6 tỷ",135 m²,4,4,"Nam Từ Liêm, Hà Nội","Đường Phùng Khoang, Phường Trung Văn, Nam Từ Liêm, Hà Nội",
Bán nhà mặt phố Lê Trọng Tấn Lê Quang Đạo 110m2 mặt tiền 8.5m hơn 31 tỷ C4 Hà Đông KD phân lô,"31,5 tỷ",110 m²,1,1,"Hà Đông, Hà Nội","Đường Lê Trọng Tấn, Phường La Khê, Hà Đông, Hà Nội",
"Chính chủ bán nhà tại Miêu Nha, Tây Mỗ, Nam Từ Liêm, Hà Nội",Giá thỏa thuận,"48,7 m²",Không có thông tin,Không có thông tin,"Nam Từ Liêm, Hà Nội","Đường Miêu Nha, Phường Tây Mỗ, Nam Từ Liêm, Hà Nội",
Bán nhà mặt phố Tố Hữu Tera An Hưng 330m2 8T mặt tiền 30m hơn 159 tỷ KinhDoanh ThangMáy Thuê 4 Tỷ/n,"159,99 tỷ",330 m²,8,8,"Thanh Xuân, Hà Nội","Đường Tố Hữu, Phường Nhân Chính, Thanh Xuân, Hà Nội",
Bán nhà Mậu Lương 62m2 4 tầng mặt tiền 5m hơn 14 tỷ Khu đấu giá ôtô tránh vỉa hè KD LHCC 0961 318 ***,"14,7 tỷ",62 m²,6,5,"Hà Đông, Hà Nội","Đường Mậu Lương, Phường Kiến Hưng, Hà Đông, Hà Nội",
Bán nhà mặt phố Thanh Bình Hà Đông 90m2 4 tầng hơn 19 tỷ vỉa hè kinh doanh bất chấp ô tô tránh,20 tỷ,90 m²,4,4,"Hà Đông, Hà Nội","Đường Thanh Bình, Phường Mỗ Lao, Hà Đông, Hà Nội",
"Đất nền KDC Kiến Á, đường Liên Phường, Phước Long B, TP. Thủ Đức","9,59 tỷ",135 m²,Không có thông tin,Không có thông tin,"Quận 9, Hồ Chí Minh","KDC Kiến Á, Liên Phường, Phước Long B, Quận 9, Hồ Chí Minh",
Bán nhà Mỗ Lao Thanh Bình 220m2 3t mặt tiền 31m hơn 37 tỷ phân lô ô tô tránh vỉa hè LHCC 0961 318 ***,38 tỷ,220 m²,Không có thông tin,Không có thông tin,"Hà Đông, Hà Nội","Đường Thanh Bình, Phường Mỗ Lao, Hà Đông, Hà Nội",
Bán đất Văn Phú Hà Đông 60m2 mặt tiền 4.5m hơn 14 tỷ phân lô ô tô tránh vỉa hè LHCC 0961 318 ***,"14,5 tỷ",60 m²,Không có thông tin,Không có thông tin,"Hà Đông, Hà Nội","Đường Văn La, Phường Phú La, Hà Đông, Hà Nội",
Bán nhà Hàng Bè Kiến Hưng 52m2 mặt tiền 4m hơn 11 tỷ c4 Dịch vụ PhânLô ôtô tránh VỉaHè CC0961 318 ***,"11,5 tỷ",52 m²,1,1,"Hà Đông, Hà Nội","Phố Bà Triệu, Phường Hà Cầu, Hà Đông, Hà Nội",
CHÍNH CHỦ BÁN CĂN VIEW HỒ ĐỀN LỪ 70m FULL ĐỒ Ở SƯỚNG .,"4,15 tỷ",70 m²,2,2,"Hoàng Mai, Hà Nội","Đường Đền Lừ 2, Phường Hoàng Văn Thụ, Hoàng Mai, Hà Nội",
"Bán nhà đường Nguyễn Thái Học P. Trần Phú, TP Hà Giang DT 91.4m2 x 3 tầng, kinh doanh doanh sầm uất","8,8 tỷ","91,4 m²",Không có thông tin,Không có thông tin,"Hà Giang, Hà Giang","Số 148, Đường Nguyễn Thái Học, Phường Trần Phú, Hà Giang, Hà Giang",
"CC bán đất xã Tam Nghĩa, Núi Thành, Quảng Nam, gần sân bay Chu Lai, đầu tư xây dựng, kinh doanh","3,3 tỷ",1.000 m²,Không có thông tin,Không có thông tin,"Núi Thành, Quảng Nam","Xã Tam Nghĩa, Núi Thành, Quảng Nam",
"Với 700tr sở hữu căn hộ The Glory, ngân hàng hỗ trợ 80%, ân hạn gốc 2 năm, 0% lãi suất trong 2 năm","2,2 tỷ",48 m²,1,1,"Thủ Dầu Một, Bình Dương","Midori Park The Glory, Đường Lý Thái Tổ, Phường Hòa Phú, Thủ Dầu Một, Bình Dương",
MẶT TIỀN HÀ HUY GIÁP 2300M2 FULL THỔ CƯ TẠI BIÊN HOÀ,160 tỷ,2.300 m²,Không có thông tin,Không có thông tin,"Biên Hòa, Đồng Nai","Đường Hà Huy Giáp, Phường Quyết Thắng, Biên Hòa, Đồng Nai",
"Toàn Nhà Vip! MT Nguyễn Gia Trí - D2, Bình Thạnh. DT: 8x20m (160m2) Hầm 8 Tầng, HĐ thuê 350tr 80 Tỷ",80 tỷ,160 m²,10,10,"Bình Thạnh, Hồ Chí Minh","Đường Nguyễn Gia Trí, Phường 25, Bình Thạnh, Hồ Chí Minh",
"Mình cần bán lô đất 102m2 trục chính đường Sơn Đông, ngay ngã 3 chợ. Chỉ hơn 2 tỷ thương lượng","2,2 tỷ",102 m²,Không có thông tin,Không có thông tin,"Sơn Tây, Hà Nội","Xã Sơn Đông, Sơn Tây, Hà Nội",
Giảm thêm 1.9 tỷ - Bán nhanh BT compound The Aqua Waterpoint - Nam Long. Hotline 0914 732 ***,"8,5 tỷ",225 m²,4,3,"Bến Lức, Long An","Khu đô thị Waterpoint, Tỉnh lộ 824, An Thạnh, Bến Lức, Long An",
Bán căn hộ Dulex 170m2 Sunshine Green Iconic,"12,8 tỷ",170 m²,3,4,"Long Biên, Hà Nội","Sunshine Green Iconic, Phường Phúc Đồng, Long Biên, Hà Nội",
MẶT TIỀN HÀ HUY GIÁP 2300M2 FULL THỔ CƯ TẠI BIÊN HOÀ,160 tỷ,2.300 m²,Không có thông tin,Không có thông tin,"Biên Hòa, Đồng Nai","Đường Hà Huy Giáp, Phường Quyết Thắng, Biên Hòa, Đồng Nai",
"Toàn Nhà Vip! MT Nguyễn Gia Trí - D2, Bình Thạnh. DT: 8x20m (160m2) Hầm 8 Tầng, HĐ thuê 350tr 80 Tỷ",80 tỷ,160 m²,10,10,"Bình Thạnh, Hồ Chí Minh","Đường Nguyễn Gia Trí, Phường 25, Bình Thạnh, Hồ Chí Minh",
"Mình cần bán lô đất 102m2 trục chính đường Sơn Đông, ngay ngã 3 chợ. Chỉ hơn 2 tỷ thương lượng","2,2 tỷ",102 m²,Không có thông tin,Không có thông tin,"Sơn Tây, Hà Nội","Xã Sơn Đông, Sơn Tây, Hà Nội",
Giảm thêm 1.9 tỷ - Bán nhanh BT compound The Aqua Waterpoint - Nam Long. Hotline 0914 732 ***,"8,5 tỷ",225 m²,4,3,"Bến Lức, Long An","Khu đô thị Waterpoint, Tỉnh lộ 824, An Thạnh, Bến Lức, Long An",
Bán căn hộ Dulex 170m2 Sunshine Green Iconic,"12,8 tỷ",170 m²,3,4,"Long Biên, Hà Nội","Sunshine Green Iconic, Phường Phúc Đồng, Long Biên, Hà Nội",
"Cc cần bán 64,7m2 tại lại thượng thạch thất",Giá thỏa thuận,"64,7 m²",Không có thông tin,Không có thông tin,"Thạch Thất, Hà Nội","Xã Lại Thượng, Thạch Thất, Hà Nội",
"Đất rẻ nhất Gia Đông, THuận Thành, Bắc Ninh, DT 76m giá 1.58 tỷ","1,58 tỷ",76 m²,Không có thông tin,Không có thông tin,"Thuận Thành, Bắc Ninh","Đường Đông Côi, Xã Gia Đông, Thuận Thành, Bắc Ninh",
"Bán lô đât 91m ở thôn Đồi Vua, Sơn Tây. Mặt tiền 10m kinh doanh tốt. Ô tô tránh thoải mái","1,65 tỷ",91 m²,Không có thông tin,Không có thông tin,"Sơn Tây, Hà Nội","Xã Sơn Đông, Sơn Tây, Hà Nội",
Phân khu 2 Victory Hậu Giang. Sàn giao dịch CĐT - D.I.C tại dự án hỗ trợ check mọi vị trí 24/24!,927 triệu,95 m²,Không có thông tin,Không có thông tin,"Vị Thanh, Hậu Giang","DIC Victory City, Đại lộ Võ Nguyên Giáp, 4, Vị Thanh, Hậu Giang",
"Bán lô 5x20m, TĐC Cảng Sông Phú Đinh, Ehomes 3, lô đối diện công viên","6,5 tỷ",100 m²,Không có thông tin,Không có thông tin,"Quận 8, Hồ Chí Minh","Đường Số 2, Phường 16, Quận 8, Hồ Chí Minh",
"Bán nhà riêng, đường số 8, P.BHH B, Q. Bìn Tân, Tp.HCM",6 tỷ,"73,1 m²",4,3,"Bình Tân, Hồ Chí Minh","Đường số 8, Phường Bình Hưng Hòa B, Bình Tân, Hồ Chí Minh",
"Mặt tiền biển đường Phan Đức (32x50) - 1525m2 có sẵn 500m2 thổ cư, Đối diện khu lấn biển Vincom","53,38 tỷ",1.525 m²,Không có thông tin,Không có thông tin,"Cần Giờ, Hồ Chí Minh","Đường Phan Đức, Xã Long Hòa, Cần Giờ, Hồ Chí Minh",
Bán đất nền biệt thự Hà Quang 2 - Sót lại lô 300m2 đường số 3 giá siêu ngon 45tr,"13,5 tỷ",300 m²,Không có thông tin,Không có thông tin,"Nha Trang, Khánh Hòa","KĐT Lê Hồng Phong II, Đường Số 3, Phường Phước Hải, Nha Trang, Khánh Hòa",
"Em Tuấn chuyên bán Sudico Mỹ Đình Sông Đà các diện tích 57,90,100,115,133,151,183,205m2 giá tốt","3,6 tỷ",105 m²,3,2,"Nam Từ Liêm, Hà Nội","Dự án Sudico Mỹ Đình, Đường Phạm Hùng, Phường Mỹ Đình 1, Nam Từ Liêm, Hà Nội.",
"Chính chủ Bán CC 2PN, 1WC tại KĐT Phúc Đạt, Ngộp rẻ nhất khu","1,17 tỷ",50 m²,2,1,"Thủ Dầu Một, Bình Dương","KĐT Phúc Đạt, Đường Mỹ Phước Tân Vạn, Phường Phú Lợi, Thủ Dầu Một, Bình Dương",
Cần bán gấp góc 2MT Nguyễn Bình và Nguyễn Lộ Trạch- Hải Châu-Đà Nẵng,"11,5 tỷ",154 m²,Không có thông tin,Không có thông tin,"Hải Châu, Đà Nẵng","Regal Pavillon Đà Nẵng, Phường Hòa Cường Nam, Hải Châu, Đà Nẵng",
"Cần bán CC Him Lam Chợ Lớn DT 83m2, 2PN lầu trung giá 3.6 tỷ chi tiết LH: 0901 416 *** hân","3,6 tỷ",83 m²,2,2,"Quận 6, Hồ Chí Minh","Dự án Him Lam Chợ Lớn, Đường Hậu Giang, Phường 11, Quận 6, Hồ Chí Minh",
Chính chủ kẹt ngân hàng giảm 500-1 tỷ bán gấp giá từ 6.6 tỷ DTich 61-135m 1-4Pn HaDo Quận 10 có sổ,"8,3 tỷ",86 m²,2,2,"Quận 10, Hồ Chí Minh","Dự án HaDo Centrosa Garden, Đường 3/2, Phường 12, Quận 10, Hồ Chí Minh",
"Rẻ nhất Kiêu Kỵ, Gia Lâm giáp Vinhome, ngõ đẹp, 54m giá 2.82 tỷ","2,82 tỷ",54 m²,Không có thông tin,Không có thông tin,"Gia Lâm, Hà Nội","Đường Kiêu Kỵ, Xã Kiêu Kỵ, Gia Lâm, Hà Nội",
Nhà 2 TẦNG | Đ. Hàn Hải Nguyên diện tích 48m2 chỉ 2 tỷ 460 triệu | Hẻm 5m SHR chính chủ,"2,46 tỷ",48 m²,4,3,"Quận 11, Hồ Chí Minh","Đường Hàn Hải Nguyên, Phường 10, Quận 11, Hồ Chí Minh",
"Tổng hợp quỹ căn hộ chính chủ tin tưởng gửi bán tại Vinhomes WestPoint, Cam kết giá tốt nhất","4,6 tỷ",60 m²,2,2,"Nam Từ Liêm, Hà Nội","Dự án Vinhomes West Point, Đường Phạm Hùng, Phường Mễ Trì, Nam Từ Liêm, Hà Nội.",
Bán Đất Mặt Tiền Duyên Hải Ngay Vòng Xoay Giá Ngộp Thở Hết Nổi 11.999 Tỷ,12 tỷ,250 m²,Không có thông tin,Không có thông tin,"Cần Giờ, Hồ Chí Minh","Vinhomes Long Beach Cần Giờ, Đường Duyên Hải, Xã Long Hòa, Cần Giờ, Hồ Chí Minh",
"Bán nhà phố MT đường Thống Nhất, Đức Trọng, Lâm Đồng, cách chợ Liên Nghĩa 200m, khu KD sầm uất","14,7 tỷ",75 m²,3,3,"Đức Trọng, Lâm Đồng","Đường Thống Nhất, Thị trấn Liên Nghĩa, Đức Trọng, Lâm Đồng",
Sở hữu lô đất biệt thự MT 17m khu đô thị trung tâm thương mại thị trấn Đinh Văn - Lâm Hà - Lâm Đồng,"8,3 tỷ",289 m²,Không có thông tin,Không có thông tin,"Lâm Hà, Lâm Đồng","Khu đô thị mới Đinh Văn, Hùng Vương, Đinh Văn, Lâm Hà, Lâm Đồng",
BÁN NHÀ 2 TẦNG MẶT TIỀN HỒNG BÀNG GIÁ RẺ CHO NHÀ ĐẦU TƯ,18 tỷ,109 m²,3,3,"Nha Trang, Khánh Hòa","Đường Hồng Bàng, Phường Tân Tiến, Nha Trang, Khánh Hòa",
"Nhà MT đường Nguyễn Cảnh Dị p4 Tân Bình , DT : 5X17 trệt 2 lầu ST , HĐT 35 tr/th khu VIP sân bay",14 tỷ,85 m²,5,4,"Tân Bình, Hồ Chí Minh","Đường Nguyễn Cảnh Dị, Phường 4, Tân Bình, Hồ Chí Minh",
"Bán 500m2 đất Phú Quốc, sổ đỏ chính chủ, Quy hoạch thổ cư","2,6 tỷ",501 m²,Không có thông tin,Không có thông tin,"Phú Quốc, Kiên Giang","Đường Búng Gội, Xã Cửa Dương, Phú Quốc, Kiên Giang",
"Ngộp! Chính chủ bán 5x20 đất thổ cư, sổ riêng sát Vinhomes Hậu Nghĩa giá 1 tỷ 3","1,3 tỷ",100 m²,Không có thông tin,Không có thông tin,"Đức Hòa, Long An","Đường 825, Thị trấn Hậu Nghĩa, Đức Hòa, Long An",
"Bán đất mặt tiền đường 7,5 m, trục chính, đường Phan Quang Định, khu TĐC Hoà Sơn 6","2,37 tỷ",100 m²,Không có thông tin,Không có thông tin,"Hòa Vang, Đà Nẵng","Đường Phan Quang Định, Xã Hòa Sơn, Hòa Vang, Đà Nẵng",
Liền kề phân lô Linh Đàm thiết kế 6 tầng full nội thất đẹp long lanh như hình. LH: 0986 786 ***,26 tỷ,"69,4 m²",6,6,"Hoàng Mai, Hà Nội","KĐT Linh Đàm, Đường Đặng Xuân Bảng, Phường Đại Kim, Hoàng Mai, Hà Nội.",
"Bán nhanh căn nhà 1 trệt 1 lầu, 4x12m, xã Xuân Thới Sơn, Hóc Môn, mặt đường bê tông 7m",600 triệu,48 m²,Không có thông tin,Không có thông tin,"Hóc Môn, Hồ Chí Minh","Đường Nguyễn Văn Bứa, Xã Xuân Thới Sơn, Hóc Môn, Hồ Chí Minh",
"Sót 1 lô MTKD nhỉnh 5 Tỷ - Mặt tiền đường ngay khu Himlam Linh Chiểu - Hoàng Diệu 2, ĐH Ngân Hàng","5,9 tỷ","61,2 m²",Không có thông tin,Không có thông tin,"Thủ Đức, Hồ Chí Minh","Đường Số 19, Phường Linh Chiểu, Thủ Đức, Hồ Chí Minh",
BÁN NHÀ XƯỞNG CỰC ĐẸP-ĐIỆN 3FA-ĐẦY ĐỦ TIỆN NGHI(ĐỒNG PHÚ-BÌNH PHƯỚC),"10,5 tỷ",1.600 m²,Không có thông tin,15,"Đồng Phú, Bình Phước","Xã Tân Tiến, Đồng Phú, Bình Phước",
Không người trông coi cần bán gấp nhà 474m2,"1,45 tỷ",474 m²,2,1,"Nam Đàn, Nghệ An","Xóm Yên Quả, Xã Hùng Tiến , Nam Đàn, Nghệ An",
"Cần bán duplex MCP giá 11,5 tỷ VND tại Vinhomes Grand Park, Quận 9","11,5 tỷ",133 m²,3,3,"Quận 9, Hồ Chí Minh","Masteri Centre Point, Long Bình, Quận 9, Hồ Chí Minh",
"BQL Gửi bán quỹ căn hộ Hoàng Thành Pearl, từ 2 - 3 phòng ngủ. Giá tốt nhất. LH 0865 624 ***",6 tỷ,80 m²,2,2,"Nam Từ Liêm, Hà Nội","Dự án Hoàng Thành Pearl, Đường Nguyễn Văn Giáp, Phường Cầu Diễn, Nam Từ Liêm, Hà Nội",
"Bán đất Dự án Phú Nhuận Phước Long B, Tp.Thủ Đức Vị trí: Đối diện The Global City, sổ hồng từng lô","28,8 tỷ",384 m²,Không có thông tin,Không có thông tin,"Quận 9, Hồ Chí Minh","KDC Phú Nhuận - Phước Long B, Phường Phước Long B, Quận 9, Hồ Chí Minh",
"Opal Skyline 84m2 3PN căn góc, giá 2.7 tỷ đã có sổ","2,7 tỷ",84 m²,3,2,"Thuận An, Bình Dương","Opal Skyline, KP Đông Nhì, Đường Nguyễn Văn Tiết, Phường Lái Thiêu, Thuận An, Bình Dương",
"SIÊU PHẨM: Bán nhà MT Cộng Hòa, Q. Tân Bình. DT: 12x24m. KC: hầm, 8 tầng. HĐT: 360tr/th. Giá: 69 tỷ",69 tỷ,252 m²,Không có thông tin,Không có thông tin,"Tân Bình, Hồ Chí Minh","Đường Cộng Hòa, Phường 13, Tân Bình, Hồ Chí Minh",
Bán nhanh 2PN Masteri An Phú đang có hợp đồng thuê 19tr LH 0904 379 ***,"6,6 tỷ",70 m²,2,2,"Quận 2, Hồ Chí Minh","Masteri An Phú, Đường Xa Lộ Hà Nội, Phường Thảo Điền, Quận 2, Hồ Chí Minh",
"Bán nhà mặt phố Duyên Hải, 12,3ỷ, 247m2, ngay vòng xoay long hòa hàng hiếm tại Cần Giờ, HCM","12,3 tỷ",240 m²,2,1,"Cần Giờ, Hồ Chí Minh","Đường Duyên Hải, Xã Long Hòa, Cần Giờ, Hồ Chí Minh",
Sở hữu nhà đẹp Suncasa Central với ưu đãi lên đến 100 triệu đồng,6 tỷ,250 m²,3,4,"Tân Uyên, Bình Dương","Dự án Sun Casa Central, Xã Vĩnh Tân, Tân Uyên, Bình Dương",
CỰC NÓNGDUY NHẤT 1 LÔ MẶT ĐƯỜNG TÂY SƠN 5 GIÁ CỰC RẺ,"3,8 tỷ",115 m²,Không có thông tin,Không có thông tin,"Sầm Sơn, Thanh Hóa","Đường Tây Sơn, Phường Quảng Châu, Sầm Sơn, Thanh Hóa",
"Bán căn LK 110m2 Sapphire Gem Hải Phòng giá đất chỉ 46triệu/m2 - Cách TTHC chính trị mới HP 1,5km","5,83 tỷ",110 m²,4,4,"Thủy Nguyên, Hải Phòng","Dự án Sapphire Gem Hải Phòng, Xã Thủy Đường, Thủy Nguyên, Hải Phòng",
"Bán căn hộ La Astoria, 1PN 45m2 giá 1,85 tỷ, 2PN 67m2 giá 2,5 tỷ, 3PN giá 2,8 tỷ LH 0915 698 ***","1,85 tỷ",45 m²,1,1,"Quận 2, Hồ Chí Minh","Dự án La Astoria, Đường Nguyễn Duy Trinh, Phường Bình Trưng Tây, Quận 2, Hồ Chí Minh",
"Cần bán Căn hộ City Gate 2PN đầy đủ nội thất giá 2,4 tỷ, ngân hàng thẩm định cho vay 1tỷ7","2,4 tỷ",78 m²,2,2,"Quận 8, Hồ Chí Minh","City Gate Towers, số 15, Đường Võ Văn Kiệt, Phường 16, Quận 8, Hồ Chí Minh",
Cần Bán mấy lô góc 2 mặt tiền ngã 4 khu làng chài cực đẹp giá Rẻ,Giá thỏa thuận,"136,5 m²",Không có thông tin,Không có thông tin,"Hội An, Quảng Nam","Phường Cẩm An, Hội An, Quảng Nam",
HÀNG HIẾM GÒ VẤP - NHÀ MỚI NGANG 4.5M 3PN 3WC - HẺM BA GÁC THÔNG - NHỈNH 3 TỶ,"3,6 tỷ",35 m²,3,3,"Gò Vấp, Hồ Chí Minh","Đường Số 51, Phường 14, Gò Vấp, Hồ Chí Minh",
"Siêu phẩm đất nền lợi nhuân cao, giá sốc chỉ 5,5 tỷ sở hữa đất nền xây sẵn nhà","5,5 tỷ",110 m²,Không có thông tin,Không có thông tin,"Thủy Nguyên, Hải Phòng","Sapphire Gem Hải Phòng, Đường 10, Phường Thủy Đường, Thủy Nguyên, Hải Phòng",
"Ra hàng 7 lô Fo tại Thanh Thủy - Giá chỉ 3.5tr/m2 - Sát Hồ Phượng Mao, KST Vườn Vua, gần Whymham.",455 triệu,130 m²,Không có thông tin,Không có thông tin,"Thanh Thủy, Phú Thọ","Xã Tu Vũ, Thanh Thủy, Phú Thọ",
"9 căn nhà phố - Biệt thự Nam Long Trần Trọng Cung diện tích 5x24m, 8x24m, 12x24m giá từ 14.9 tỷ/căn","14,9 tỷ",120 m²,5,5,"Quận 7, Hồ Chí Minh","Dự án Nam Thông-KDC Nam Long, Đường Trần Trọng Cung, Phường Tân Thuận Đông, Quận 7, Hồ Chí Minh",
"Bán CC 1PN, 47m2 tại Vinhomes Grand Park, 2 tỷ, TP Thủ Đức, HCM. Phân khu S5",2 tỷ,47 m²,1,1,"Quận 9, Hồ Chí Minh","Vinhomes Grand Park, Đường Nguyễn Xiển, Phường Long Thạnh Mỹ, Quận 9, Hồ Chí Minh",
Nhà 2 Tẩng Đ. Chế Lan Viên Tân Phú Giá 2 Tỷ 690/48m2 Hẻm Xe Hơi Khu Vực Sầm Uất,"2,69 tỷ",48 m²,4,4,"Tân Phú, Hồ Chí Minh","Đường Chế Lan Viên, Phường Phú Thạnh, Tân Phú, Hồ Chí Minh",
"Sở hữu ngay căn hộ 36m2 gần công viên Gia Định, giá tốt chỉ 800 triệu nhận nhà liền, CK tới 6%","1,6 tỷ",36 m²,1,1,"Gò Vấp, Hồ Chí Minh","Đường Trần Bình Trọng, Phường 1, Gò Vấp, Hồ Chí Minh",
"Bán gấp 10 lô đất phân khu V6 PFT city, sổ đỏ liền tay, giá tốt nhất thị trường","4,49 tỷ",102 m²,Không có thông tin,Không có thông tin,"Ngũ Hành Sơn, Đà Nẵng","Dự án FPT City Đà Nẵng, Đường Võ Chí Công, Phường Hòa Hải, Ngũ Hành Sơn, Đà Nẵng",
"Giỏ hàng The Western Q6 ký mới trực tiếp CDT Hoàng Phúc, 88m2 giá 3tỷ3. LH 0903 304 *** Ms Nguyên","3,3 tỷ",88 m²,3,2,"Quận 6, Hồ Chí Minh","The Western Capital, Lý Chiêu Hoàng, 10, Quận 6, Hồ Chí Minh",
"Bán đất tại Tam Thôn Hiệp, Cần Giờ, Hồ Chí Minh, giá cực chất 8 tỷ, 1544 m2",8 tỷ,1.544 m²,Không có thông tin,Không có thông tin,"Cần Giờ, Hồ Chí Minh","Đường Tam Thôn Hiệp, Xã Tam Thôn Hiệp, Cần Giờ, Hồ Chí Minh",
"Siêu cắt lỗ! Bán đất nền dự án tại KĐT Việt Hàn, 90m2 chỉ 15 triệu/m2","1,35 tỷ",90 m²,Không có thông tin,Không có thông tin,"Phổ Yên, Thái Nguyên","Dự án KĐT Việt Hàn, Đường Phạm Văn Đồng, Phường Hồng Tiến, Phổ Yên, Thái Nguyên",
"Nhà vị trí đắc địa, siêu hiếm. Ngay ngã tư Hà Huy Tập-Điện biên Phủ. 75m2 Kẹp cống.","6,35 tỷ","74,4 m²",8,7,"Thanh Khê, Đà Nẵng","Đường Hà Huy Tập, Phường Thanh Khê Đông, Thanh Khê, Đà Nẵng",
"Bán Nhà Riêng tại Đường Tà Nung, Xã Tà Nung, Xã Tà Nung, Đà Lạt, Lâm Đồng giá siêu hời 3 tỷ, 210m2",3 tỷ,210 m²,2,2,"Đà Lạt, Lâm Đồng","Đường Tà Nung, Xã Tà Nung, Đà Lạt, Lâm Đồng",
"Bán quỹ căn dự án Grand Sunlake hướng ĐN, view hồ Văn Quán, giá hợp lý nhất thị trường","4,68 tỷ",92 m²,3,2,"Hà Đông, Hà Nội","Grand Sunlake, Trần Phú, Văn Quán, Hà Đông, Hà Nội",
"Đất mặt tiền QL 26 - Đối diện Suối Nước Nóng Trường Xuân - 656,2 m2 - Ninh Tây - Hỗ trợ lên thổ cư","1,15 tỷ","656,2 m²",Không có thông tin,Không có thông tin,"Ninh Hòa, Khánh Hòa","Đường Quốc Lộ 26, Xã Ninh Tây, Ninh Hòa, Khánh Hòa",
Bán biệt thự Nine South giá tốt khu vực DT 7x20m; 10x20m giá 15.5 tỷ/căn giá thật. LH 0901 424 ***,"15,5 tỷ",140 m²,4,5,"Nhà Bè, Hồ Chí Minh","Dự án Nine South Estates, Đường Nguyễn Hữu Thọ, Thị trấn Nhà Bè, Nhà Bè, Hồ Chí Minh",
"Bán LK 110m2 Hướng Nam. Sapphire Gem HP - Ngay TTHC mới Thủy Nguyên. Giá 5,850 tỷ. Bao thuế phí","5,85 tỷ",110 m²,3,3,"Thủy Nguyên, Hải Phòng","Dự án Sapphire Gem Hải Phòng, Đường 359C, Phường Thủy Đường, Thủy Nguyên, Hải Phòng",
"Bán nhà tại khu phân lô quân đội ngõ 32 Phùng Khoang, căn góc 3 mặt thoáng, nở hậu. LH: 0915 939 ***","16,6 tỷ","53,2 m²",4,3,"Nam Từ Liêm, Hà Nội","Ngõ 32, Đường Phùng Khoang, Phường Trung Văn, Nam Từ Liêm, Hà Nội",
"Bán nhà riêng tại Nguyễn Văn Thương, Bình Thạnh, 10,5 tỷ, 42,7 m2, 4PN, 5WC, Chính chủ","10,5 tỷ","42,7 m²",4,5,"Bình Thạnh, Hồ Chí Minh","Đường Nguyễn Văn Thương, Phường 25, Bình Thạnh, Hồ Chí Minh",
"Bán căn LK - Góc 141,9m2. Sapphire Gem - Ngay TTHC mới Thủy Nguyên. Giá: 7,860 tỷ. Bao thuế phí","7,86 tỷ",110 m²,4,5,"Thủy Nguyên, Hải Phòng","Dự án Sapphire Gem Hải Phòng, Đường 359C, Xã Thủy Đường, Thủy Nguyên, Hải Phòng",
Tư vấn quỹ căn đẹp Hoàng Huy Green River. PKD Chủ đầu tư 0868 880 ***,Giá thỏa thuận,90 m²,5,5,"Thủy Nguyên, Hải Phòng","Hoàng Huy Green River, Hoa Động, Thủy Nguyên, Hải Phòng",
"120m2 SSD, 3 tầng 6t9. 2 mặt tiền nhựa 8m, Vincom TĐ cách 3 phút đi","6,9 tỷ",120 m²,Không có thông tin,Không có thông tin,"Thủ Đức, Hồ Chí Minh","Phường Trường Thọ, Thủ Đức, Hồ Chí Minh",
"Ra mắt 100 lô đất mặt đường Võ Nguyễn Giáp - Tân Mỹ trung tâm TP Bắc Giang giá chỉ từ 2,4 tỷ","2,4 tỷ",80 m²,Không có thông tin,Không có thông tin,"Bắc Giang, Bắc Giang","Đường Võ Nguyên Giáp, Xã Tân Mỹ, Bắc Giang, Bắc Giang",
"Bán nhà riêng 2PN, 2WC, 75m2 tại Lê Văn Duyệt, p 3, Bình Thạnh, HCM, 10,7 tỷ","10,7 tỷ",75 m²,2,2,"Bình Thạnh, Hồ Chí Minh","Đường Lê Văn Duyệt, Phường 3, Bình Thạnh, Hồ Chí Minh",
"Bán căn hộ Bình Thạnh, Richmond City 4.2 tỷ nội thất cao cấp. LH: 0969 790 ***","4,2 tỷ",66 m²,2,2,"Bình Thạnh, Hồ Chí Minh","Dự án Richmond City, Phố Nguyễn Xí, Phường 26, Bình Thạnh, Hồ Chí Minh",
Bán đất dự án Samsung Village 107m2,"7,28 tỷ",107 m²,Không có thông tin,Không có thông tin,"Quận 9, Hồ Chí Minh","Dự án Samsung Village, Đường Bưng Ông Thoàn, Phường Phú Hữu, Quận 9, Hồ Chí Minh",
"Bán Nhà riêng tại Đường Mỹ Huề, Trung Chánh, Hóc Môn, TP. HCM - giá 40 triệu / m2, 92 m2, 2PN, 2WC","3,68 tỷ",92 m²,2,2,"Hóc Môn, Hồ Chí Minh","Đường Mỹ Huề, Xã Trung Chánh, Hóc Môn, Hồ Chí Minh",
"Cần Bán Gấp - Nhà Mới 72m2 - Bùi Đình Túy, Bình Thạnh - Hẻm 4m","8,8 tỷ",72 m²,Không có thông tin,Không có thông tin,"Bình Thạnh, Hồ Chí Minh","Đường Bùi Đình Túy, Phường 12, Bình Thạnh, Hồ Chí Minh",
"CẮT LỖ 400 TRIỆU -BÁN GẤP LÔ ĐẤT NỀN 200M2 -SỔ HỒNG RIÊNG ,THỔ CƯ 100%- AN VIỄN TRẢNG BOM ĐỒNG NAI",3 tỷ,200 m²,Không có thông tin,Không có thông tin,"Trảng Bom, Đồng Nai","An Viễn, Trảng Bom, Đồng Nai",
Chính chủ bán gấp căn studio 1 tỷ 730 chung cư Masteri West Height Vin Smart City,"1,73 tỷ","30,3 m²",1,1,"Nam Từ Liêm, Hà Nội","Dự án Masteri West Heights, Phường Tây Mỗ, Nam Từ Liêm, Hà Nội",
"Bán đất Xuân Thành Trại Mát phường 11, Tp Đà Lạt đường ô tô, DT 401m2, sổ riêng xây dựng","6,5 tỷ",401 m²,Không có thông tin,Không có thông tin,"Đà Lạt, Lâm Đồng","Đường Trại Mát, Phường 11, Đà Lạt, Lâm Đồng",
Bán nhà sau Phong Dê Ngoại Giao Đoàn - 38m2 - 5 tầng mới - sẵn nội thất - hơn 6 tỷ - Lh 0971 555 ***,"6,8 tỷ",38 m²,3,4,"Bắc Từ Liêm, Hà Nội","Đường Xuân Đỉnh, Phường Xuân Đỉnh, Bắc Từ Liêm, Hà Nội",
GIA ĐÌNH CẦN BÁN GẤP CĂN NHÀ PHÂN LÔ MẶT GÓC CÓ DIỆN TÍCH 43m2 x 4 tầng,"14,5 tỷ",43 m²,5,4,"Hai Bà Trưng, Hà Nội","Phố Hồng Mai, Phường Bạch Mai, Hai Bà Trưng, Hà Nội",
BÁN BIỆT THỰ MINI TÂM HUYẾT - LINH XUÂN 10x22m Hẻm nhựa xe tải vào tận nhà,"8,3 tỷ",220 m²,4,4,"Thủ Đức, Hồ Chí Minh","Đường Quốc lộ 1K, Phường Linh Xuân, Thủ Đức, Hồ Chí Minh",
"Chủ Nhà Cần bán nhanh căn hộ 2PN, 2WC tại tòa Lake 1, Aquabay KĐT Ecopark (TIN THẬT)","3,55 tỷ",70 m²,2,2,"Văn Giang, Hưng Yên","Ecopark, Đường Trúc, Xã Xuân Quan, Văn Giang, Hưng Yên",
Giỏ hàng biệt thự siêu hiếm diện tích 405m2 đối diện khách sạn 5 sao,Giá thỏa thuận,405 m²,Không có thông tin,Không có thông tin,"Vị Thanh, Hậu Giang","Dự án DIC Victory City, Phường 4, Vị Thanh, Hậu Giang",
CHÍNH CHỦ CẦN BÁN_#_LÔ GÓC _#_2 MẶT THOÁNG VĨNH VIỄN_#_Ô TÔ ĐỖ CỬA VÀO NHÀ TUỲ Ý,"16,3 tỷ","64,2 m²",4,3,"Bắc Từ Liêm, Hà Nội","Đường Xuân Đỉnh, Phường Xuân Đỉnh, Bắc Từ Liêm, Hà Nội",
Tổng hợp full quỹ căn 2 phòng ngủ Vinhomes Skylake cần bán giá tốt nhất. LH 0976 069 ***,Giá thỏa thuận,70 m²,2,2,"Nam Từ Liêm, Hà Nội","Dự án Vinhomes Skylake, Đường Phạm Hùng, Phường Mỹ Đình 1, Nam Từ Liêm, Hà Nội",
"BÁN CĂN HỘ CẠNH NHÀ HÁT LỚN, LIỀN KỀ HỒ GƯƠM, TẦNG THẤP 79m2 ĐẸP THOÁNG Trước Sau","5,53 tỷ",79 m²,2,1,"Hoàn Kiếm, Hà Nội","Đường Lý Thái Tổ, Phường Lý Thái Tổ, Hoàn Kiếm, Hà Nội",
"HIẾM CÓ KHÓ TÌM: Căn nhà dòng tiền khu Giải Phóng, 38m2, 5PN giá 5.95 tỷ","5,95 tỷ",38 m²,5,5,"Hoàng Mai, Hà Nội","Đường Giải Phóng, Phường Giáp Bát, Hoàng Mai, Hà Nội",
"Siêu hiếm phân lô phố Hoàng Cầu, Đống Đa 146m2 mặt tiền 7m ô tô kinh doanh dòng tiền, đầu tư 78 tỷ",78 tỷ,146 m²,4,4,"Đống Đa, Hà Nội","Phố Hoàng Cầu, Phường Ô Chợ Dừa, Đống Đa, Hà Nội",
"Cần bán đất 1070m2 có sổ đỏ tại Thôn Đồng Chanh, Nhuận Trạch, Lương Sơn giá 8.9 triệu/m2:0916 393 ***","9,52 tỷ",1.070 m²,Không có thông tin,Không có thông tin,"Lương Sơn, Hòa Bình","Đường Đồng Chanh, Xã Nhuận Trạch, Lương Sơn, Hòa Bình",
"CHỈ VỚI 1,85 TỶ CÓ NGAY CĂN 2PN2WC 73M2 CĂN HỘ THE EMERALD 68 - TẶNG FULL NỘI THẤT LÊN ĐẾN 90TR","1,9 tỷ",48 m²,2,1,"Thuận An, Bình Dương","The Emerald 68, Vĩnh Phú 16, Vĩnh Phú, Thuận An, Bình Dương",
Cần Tiền Trả Nợ Bán Nhanh CĂN GÓC SH4 CENTA CITY VSIP! Đang Cho Thuê 20tr/ tháng,Giá thỏa thuận,112 m²,4,4,"Từ Sơn, Bắc Ninh","Centa City, Đường Hữu Nghị, Phường Phù Chẩn, Từ Sơn, Bắc Ninh",
Him Lam Central Park nhà liền kề 4 tầng duy nhất tại Quận Hồng Bàng mới có giá 3 tỷ.,3 tỷ,60 m²,3,3,"Hồng Bàng, Hải Phòng","Him Lam Central Park An Hồng, An Hồng, Hồng Bàng, Hải Phòng",
"Bán căn hộ tầng 26, sổ đỏ, 46m nhà đẹp nội thất đầy đủ, tòa 8B đẹp","2,1 tỷ",46 m²,1,1,"Thanh Trì, Hà Nội","Dự án Đại Thanh, Đường Phan Trọng Tuệ, Xã Tả Thanh Oai, Thanh Trì, Hà Nội",
"Hàng Hiếm: Dự án f0 , xây Dựng tự do , Đất Đường 19 , khu bên sông , p. Hiệp Bình Chánh, Q. Thủ đức","7,45 tỷ",74 m²,Không có thông tin,Không có thông tin,"Thủ Đức, Hồ Chí Minh","Chung cư Mỹ An - 3G, Số 19, Hiệp Bình Chánh, Thủ Đức, Hồ Chí Minh",
BÁN GẤP NHÀ NÁT NGÔ GIA TỰ P4 QUẬN 10 CHỈ 5 TỶ THƯƠNG LƯỢNG,5 tỷ,38 m²,Không có thông tin,Không có thông tin,"Quận 10, Hồ Chí Minh","Đường Ngô Gia Tự, Phường 4, Quận 10, Hồ Chí Minh",
"Biệt thự Vaquarius Văn Giang chỉ 117 triệu/m2 đơn giá rẻ nhất thị trường, chỉ từ 3 tỷ sở hữu ngay!","18,75 tỷ",160 m²,4,5,"Văn Giang, Hưng Yên","Dự án Vaquarius Văn Giang, Đường 179, Xã Cửu Cao, Văn Giang, Hưng Yên",
Bán nhanh suất ngoại giao Hoàng Thành Pearl mặt đường Nguyễn Văn Giáp. LH 0989 182 ***,Giá thỏa thuận,98 m²,Không có thông tin,Không có thông tin,"Nam Từ Liêm, Hà Nội","Dự án Hoàng Thành Pearl, Đường Nguyễn Văn Giáp, Phường Cầu Diễn, Nam Từ Liêm, Hà Nội.",
CHÍNH CHỦ CẦN BÁN GẤP CĂN NHÀ ĐƯỜNG TRƯƠNG ĐỊNH CÓ DIỆN TÍCH 71m2 x 4 tầng,"12,9 tỷ",75 m²,5,4,"Hai Bà Trưng, Hà Nội","436 Trương Định, Trương Định, Trương Định, Hai Bà Trưng, Hà Nội",
Mở bán 426 căn biệt thự vườn 3 mặt view sông đẹp nhất The Global City Quận 2. LH: 0975 467 ***,60 tỷ,160 m²,5,6,"Quận 2, Hồ Chí Minh","Dự án The Global City, Phường An Phú, Quận 2, Hồ Chí Minh",
BIỆT THỰ LIỀN KỀ MINH NHỰA -120M2 -MẶT TIỀN 6M -NỘI THẤT NHẬP KHẨU -NGAY BỆNH VIỆN TÂM ANH,36 tỷ,120 m²,Không có thông tin,Không có thông tin,"Long Biên, Hà Nội","Đường Lâm Hạ, Phường Bồ Đề, Long Biên, Hà Nội",
"Nhà phố Nguyễn Khánh Toàn, 44m x 7T, mặt tiền 5.7m, phân lô OTO VIP, Cực Gần Phố. Chỉ hơn 13 tỷ!",13 tỷ,43 m²,4,6,"Cầu Giấy, Hà Nội","Đường Nguyễn Khánh Toàn, Phường Quan Hoa, Cầu Giấy, Hà Nội",
"Chính chủ bán căn hộ Ehome Southgate lầu 8 full nội thất, có sổ hồng vào ở ngay. LH: 0975 467 ***","1,2 tỷ",51 m²,1,1,"Bến Lức, Long An","Dự án Ehome Southgate, Đường ĐT 830, Xã An Thạnh, Bến Lức, Long An",
Bán nhà dân xây cực kỳ chắc chắn tại Giang Biên Long Biên. Ô tô tránh.,Giá thỏa thuận,45 m²,4,3,"Long Biên, Hà Nội","Đường Giang Biên, Phường Giang Biên, Long Biên, Hà Nội",
"Chính chủ bán gấp nhà 5 tầng, DT 50m, MT 4,2m, Nguyễn Văn Cừ thông Ngọc lâm, ô tô vào nhà","10,8 tỷ",50 m²,5,4,"Long Biên, Hà Nội","Đường Nguyễn Văn Cừ, Phường Ngọc Thụy, Long Biên, Hà Nội",
"Chính chủ bán gấp nhà 3 tầng 3 lô liền kề xây cao tầng được, view sông khu Nam Việt Á 6PN 6 toliet","20,5 tỷ",270 m²,6,6,"Ngũ Hành Sơn, Đà Nẵng","Dự án Nam Cầu Tuyên Sơn-Nam Việt Á, Đường Anh Thơ, Phường Khuê Mỹ, Ngũ Hành Sơn, Đà Nẵng",
"Bán CC Tecco Felice Homes Thuận An Bình Dương, 1,65 tỷ, 65m2, view đẹp, chính chủ","1,65 tỷ",65 m²,Không có thông tin,Không có thông tin,"Thuận An, Bình Dương","Chung cư An Phú Thuận An, Lê Thị Trung, An Phú, Thuận An, Bình Dương",
Ô TÔ ĐỖ CỬA - 7 TẦNG THANG MÁY - 2 MẶT NGÕ 3 MẶT THOÁNG - 14 PHÒNG KHÉP KÍN - PHÒNG NÀO CŨNG THOÁNG,"16,5 tỷ",66 m²,Không có thông tin,Không có thông tin,"Hoàng Mai, Hà Nội","Phường Hoàng Văn Thụ, Hoàng Mai, Hà Nội",
"Bán nhà cấp 4 gác lửng kiệt Ngô Quyền, P. Thọ Quang, Q. Sơn Trà, Tp. Đà Nẵng","3,1 tỷ",85 m²,3,1,"Sơn Trà, Đà Nẵng","Đường Ngô Quyền, Phường Mân Thái, Sơn Trà, Đà Nẵng",
Bán căn 2 ngủ tầng thấp đầy đủ nội thất Vinhome Gardenia,"6,45 tỷ",73 m²,2,2,"Nam Từ Liêm, Hà Nội","Vinhomes Gardenia, Hàm Nghi, Cầu Diễn, Nam Từ Liêm, Hà Nội",
"Quỹ căn Imperia tháng 3-2025; 2PN và 3PN giá tốt diện tích: 66m2, 76m2, 80.5m2, 97m2, 122m2, 173m2",11 tỷ,122 m²,3,2,"Thanh Xuân, Hà Nội","Dự án Imperia Garden, Đường Nguyễn Huy Tưởng, Phường Thanh Xuân Trung, Thanh Xuân, Hà Nội",
"Bán gấp nhà riêng 4PN, 3WC, 42m2 tại Phố Kẻ Tạnh, Giang Biên, Long Biên, 6,9 tỷ. Ô tô thông","6,9 tỷ",42 m²,4,3,"Long Biên, Hà Nội","Phố Kẻ Tạnh, Phường Giang Biên, Long Biên, Hà Nội",
"Bán nhà Phú Nhuận, mặt tiền HXH 6m (4.3x12)m, khu dân trí, ở ngay, chỉ 7.6 tỷ","7,6 tỷ",45 m²,2,2,"Phú Nhuận, Hồ Chí Minh","Đường Hồ Biểu Chánh, Phường 11, Phú Nhuận, Hồ Chí Minh",
"Chính chủ bán lại căn hộ 2, 3PN tại dự án Lumi Hà Nội giá cực tốt. LH 0982 281 ***","3,8 tỷ",54 m²,2,2,"Nam Từ Liêm, Hà Nội","Dự án Lumi Hanoi, Đường Đại lộ Thăng Long, Phường Tây Mỗ, Nam Từ Liêm, Hà Nội.",
"BÁN NHÀ TRUNG TÂM BIÊN HÒA ĐƯỜNG ÔTÔ 86M2, THỔ CƯ NHỈNH 2,x TỶ, THÔNG NGUYỄN ÁI QUỐC, CHỢ TÂN PHONG","2,9 tỷ",86 m²,2,1,"Biên Hòa, Đồng Nai","Đường Dương Tử Giang, Phường Tân Mai, Biên Hòa, Đồng Nai",
"Bán căn hộ chung cư GoldSeason, penhouse 170m, 4 ngủ, hướng mát, view đẹp","14,5 tỷ",168 m²,4,3,"Thanh Xuân, Hà Nội","GoldSeason, Nguyễn Tuân, Thanh Xuân Trung, Thanh Xuân, Hà Nội",
"Những căn ngoại giao sẵn sổ cuối chung cư Cầu Giấy Center Point 110 Cầu Giấy, LH 0977 917 ***","6,01 tỷ",78 m²,2,Không có thông tin,"Cầu Giấy, Hà Nội","Cầu Giấy Center Point, 110, Đường Cầu Giấy, Phường Quan Hoa, Cầu Giấy, Hà Nội",
"Bán gấp đất nền vị trí đắc địa tại Đường Trần Phú, Phường Dương Đông, Phú Quốc, Kiên Giang, 4,5 tỷ","4,5 tỷ",82 m²,Không có thông tin,Không có thông tin,"Phú Quốc, Kiên Giang","Đường Trần Phú, Phường Dương Đông, Phú Quốc, Kiên Giang",
"5 tỷ nhỉnh - Tân Định, Quận 1 - hẻm 3m - sát mặt tiền - 4 tầng đúc hiện đại ở liền - kinh doanh","5,5 tỷ","36,8 m²",2,3,"Quận 1, Hồ Chí Minh","Phường Tân Định, Quận 1, Hồ Chí Minh",
GIỎ HÀNG ! Bán nhiều lô đất MT đường số 79; 81; 85; 45; 39; 41; 47;..P.Tân Quy l Q7. Giá tốt đầu tư,"12,5 tỷ",80 m²,Không có thông tin,Không có thông tin,"Quận 7, Hồ Chí Minh","Đường 79, Phường Tân Quy, Quận 7, Hồ Chí Minh",
"Chính chủ bán nhà 6 tầng, 30m ra phố Hào Nam, Lô góc, Nở Hậu, 2 thoáng sáng.","6,95 tỷ",30 m²,4,6,"Đống Đa, Hà Nội","Phố Hào Nam, Phường Ô Chợ Dừa, Đống Đa, Hà Nội",
"Chính chủ bán nhà 6 tầng, 30m ra phố Hào Nam, Lô góc, Nở Hậu, 2 thoáng sáng.","6,95 tỷ",30 m²,4,6,"Đống Đa, Hà Nội","Phố Hào Nam, Phường Ô Chợ Dừa, Đống Đa, Hà Nội",
"Bán nhà KĐT Yên Hoà, Trần Kim Xuyến, phân lô ô tô tránh, vỉa hè rộng. Diện tích 79m2 giá 28 tỷ",28 tỷ,79 m²,Không có thông tin,Không có thông tin,"Cầu Giấy, Hà Nội","Dự án Yên Hòa, Đường Trần Kim Xuyến, Phường Yên Hòa, Cầu Giấy, Hà Nội",
Độc quyền The Estella: tổng hợp 50 căn các loại: 150m2 - 12 tỷ; 171m2 - 13.5 tỷ; 250m2 - 18 tỷ,12 tỷ,150 m²,3,3,"Quận 2, Hồ Chí Minh","Dự án The Estella, Đường Xa Lộ Hà Nội, Phường An Phú, Quận 2, Hồ Chí Minh",
TÌM CHỦ MỚI CHO LÔ ĐẤT NGHỈ DƯỠNG VIEW HỒ ĐẸP NHẤT BA VÌ,"4,38 tỷ","360,4 m²",Không có thông tin,Không có thông tin,"Ba Vì, Hà Nội","Đường ĐT 87, Xã Yên Bài, Ba Vì, Hà Nội",
Đất mặt tiền đường 22 VCN Phước Long giá từ 75tr/m2. Thông vào kdt sân bay cũ và Sungroup,"8,05 tỷ",115 m²,Không có thông tin,Không có thông tin,"Nha Trang, Khánh Hòa","Dự án VCN - Phước Long, Đường 22, Phường Phước Hải, Nha Trang, Khánh Hòa",
"GIÁ TỐT NHẤT THỊ TRƯỜNG CĂN HỘ CAO CẤP 2PN MASTERI LAKESIDE VINHOMES OCEAN PARK 1, CHIẾT KHẤU 15%","4,11 tỷ","61,5 m²",2,2,"Gia Lâm, Hà Nội","Masteri Lakeside, Đường Lý Thánh Tông, Thị trấn Trâu Quỳ, Gia Lâm, Hà Nội",
Chính chủ bán 102m lô góc 3 mặt tiền tại Việt Hưng- Văn Lâm.,"2,35 tỷ",102 m²,Không có thông tin,Không có thông tin,"Văn Lâm, Hưng Yên","Xã Việt Hưng, Văn Lâm, Hưng Yên",
"Bán nhà riêng giá tốt, Tân Thới Hiệp 6, 36m2, 2PN, 2WC, Quận 12, TP.HCM","2,7 tỷ",36 m²,2,2,"Quận 12, Hồ Chí Minh","Đường Tân Thới Hiệp 6, Phường Tân Thới Hiệp, Quận 12, Hồ Chí Minh",
"SUẤT SANG NHƯỢNG! THE WESTERN 51m2,2PN - 2.150 tỷ, 66m2,2PN - 2.750 tỷ, 89m2,3PN - 3.280 tỷ","2,75 tỷ",66 m²,2,2,"Quận 6, Hồ Chí Minh","Dự án The Western Capital, Đường Lý Chiêu Hoàng, Phường 10, Quận 6, Hồ Chí Minh",
Gia Long Riverside hàng độc quyền chuyển nhượng lại hàng CĐT rẻ LH: 0903 818 ***,"4,85 tỷ","87,9 m²",Không có thông tin,Không có thông tin,"Nhà Bè, Hồ Chí Minh","Dự án Gia Long Riverside Nhà Bè, Đường Lê Văn Lương, Xã Phước Kiển, Nhà Bè, Hồ Chí Minh",
BÁN NHÀ 5x18 GẦN CHỢ ĐẦU MỐI HÓC MÔN,"4,68 tỷ",90 m²,4,3,"Hóc Môn, Hồ Chí Minh","Đường Nguyễn Thị Sóc, Xã Bà Điểm, Hóc Môn, Hồ Chí Minh",
"Bán Sunrise City 2PN, 2WC 106m2 giá 6,350 tỷ full nội thất","6,35 tỷ",106 m²,2,2,"Quận 7, Hồ Chí Minh","Dự án Sunrise City, Đường Nguyễn Hữu Thọ, Phường Tân Hưng, Quận 7, Hồ Chí Minh",
"Gấp siêu rẻ: 3.6 tỷ với căn 2N - 2WC toà G1, 69m2, Vinhomes Green Bay!","3,6 tỷ","69,23 m²",2,2,"Nam Từ Liêm, Hà Nội","Dự án Vinhomes Green Bay Mễ Trì, Đường Đại lộ Thăng Long, Phường Mễ Trì, Nam Từ Liêm, Hà Nội",
"Bán ngôi nhà tại Ngọc Thụy, Long Biên, Hà Nội","6,8 tỷ","49,6 m²",4,4,"Long Biên, Hà Nội","Phường Ngọc Thụy, Long Biên, Hà Nội",
"Bán nhà riêng 90m2, 23,5 tỷ, 5PN, 3WC tại Khu Liền Kề 13C Thượng Thanh, Long Biên, Hà Nội","23,5 tỷ",90 m²,5,3,"Long Biên, Hà Nội","Khu Liền Kề 13C Thượng Thanh, Phường Thượng Thanh, Long Biên, Hà Nội",
Chính chủ cần bán nhanh căn Biệt thự Mimosa đã hoàn thiện nội thất cao cấp với giá cực tốt,"38,7 tỷ",210 m²,4,4,"Văn Giang, Hưng Yên","Biệt thự Mimosa - Ecopark, Xuân Quan, Văn Giang, Hưng Yên",
CCMN PHÙNG KHOANG #90m 8T THANG MÁY - KV ĐÔNG SV - 21PKK - DÒNG TIỀN 1Tỷ5/Năm,"20,6 tỷ",90 m²,21,21,"Nam Từ Liêm, Hà Nội","Khu đô thị mới Phùng Khoang, Tố Hữu, Trung Văn, Nam Từ Liêm, Hà Nội",
"Chủ cần bán gấp căn hộ studio Onsen Eco park - view hồ thiên nga, tương lai có bể bơi trước mặt",Giá thỏa thuận,35 m²,1,1,"Văn Giang, Hưng Yên","Dự án Swan Lake Onsen, Xã Xuân Quan, Văn Giang, Hưng Yên",
"Bán nhà mặt phố cạnh Aeon Bình Tân 182 Đường 7, Bình Trị Đông B, Bình Tân, giá cực chất 17,5 tỷ","17,5 tỷ",80 m²,4,3,"Bình Tân, Hồ Chí Minh","182 Đường 7, Phường Bình Trị Đông B, Bình Tân, Hồ Chí Minh",
"CƠ HỘI CHO CÁC NHÀ ĐẦU TƯ LƯỚT SÓNG, MAY MẮN CHO NGƯỜI MUA Ở, NHÀ MẶT NGÕ, Ô TÔ VÀO NHÀ, HIỆN ĐẠI.","4,65 tỷ",45 m²,4,4,"Thanh Trì, Hà Nội","Đường Thọ Am, Xã Liên Ninh, Thanh Trì, Hà Nội",
"Phước Kiển Nhà Bè: Hạ giá thêm 400tr từ 6,5ty còn 6,1ty - có nhà 4 tầng - hẻm xe tải - 5x16m","6,1 tỷ",80 m²,4,4,"Nhà Bè, Hồ Chí Minh","Đường Lê Văn Lương, Xã Phước Kiển, Nhà Bè, Hồ Chí Minh",
Chính chủ bán căn hộ có HĐMB 75m2 2PN CC Cao cấp Garden Gate Phú Nhuận,"5,4 tỷ",75 m²,2,2,"Phú Nhuận, Hồ Chí Minh","Garden Gate, 8 Đường Hoàng Minh Giám, Phường 9, Phú Nhuận, Hồ Chí Minh",
"Lô đất Siêu đẹp, Siêu hot tọa lại ngay tại khu phố Giải trí của Đà Nẵng",10 tỷ,99 m²,Không có thông tin,Không có thông tin,"Hải Châu, Đà Nẵng","Đường Bình Minh 3, Phường Bình Thuận, Hải Châu, Đà Nẵng",
Mở Booking Villa 3 Mặt sông siêu hiếm đẳng cấp nhất khu đô thị quốc tế The Global City - Đã có Sổ,60 tỷ,338 m²,Không có thông tin,Không có thông tin,"Quận 2, Hồ Chí Minh","Đường Đỗ Xuân Hợp, Phường An Phú, Quận 2, Hồ Chí Minh",
Chuyển nhượng căn 2PN tầng 18 view trực diện biển Mỹ Khê Đà Nẵng,"4,9 tỷ","82,5 m²",2,2,"Ngũ Hành Sơn, Đà Nẵng","Dự án The Sang Residence, Đường Phạm Kiệt, Phường Khuê Mỹ, Ngũ Hành Sơn, Đà Nẵng.",
"Đẳng cấp biệt thự view sông Đồng Nai, vị trí đắc địa, toạ lạc ngay trung tâm thành phố Biên Hoà!",48 tỷ,660 m²,Không có thông tin,Không có thông tin,"Biên Hòa, Đồng Nai","Phường Thống Nhất, Biên Hòa, Đồng Nai",
"Bán đất tặng nhà C4, ngõ oto vào, cách 80m ra đường 1A, và 80m ra đường Vũ Lăng nối dài, xây VP","6,6 tỷ","69,9 m²",Không có thông tin,Không có thông tin,"Thanh Trì, Hà Nội","Đường 1A, Xã Liên Ninh, Thanh Trì, Hà Nội",
"Bán gấp căn 2N 69,9m2 toà Thăng Long Capital, full nội thất nhập cạnh Vinsmart, có slot ô tô hầm",3 tỷ,"69,9 m²",2,2,"Hoài Đức, Hà Nội","Dự án Thăng Long Capital, Xã An Khánh, Hoài Đức, Hà Nội",
"Bán giá tốt! Feliz En Vista - 3PN, 133m2, giá 14 tỷ 504 all in - có sổ","14,5 tỷ",133 m²,3,Không có thông tin,"Quận 2, Hồ Chí Minh","Feliz En Vista, Phan Văn Đáng, Thạnh Mỹ Lợi, Quận 2, Hồ Chí Minh",
Long Hoàng Investment cập nhật giỏ hàng đất vườn ven biển Bắc Bình - Bình Thuận T03 dưới 500 triệu,60 triệu,1.000 m²,Không có thông tin,Không có thông tin,"Bắc Bình, Bình Thuận","Đường Hòa Thắng - Hòa Phú, Xã Phan Rí Thành, Bắc Bình, Bình Thuận",
"Trực tiếp CĐT Khải Hoàn Prime - Nhận đăng ký giữ chỗ tháp Vinci, Mika, rổ hàng giá rẻ, đẹp nhất","2,56 tỷ","45,8 m²",1,1,"Nhà Bè, Hồ Chí Minh","Dự án Khải Hoàn Prime, Đường Lê Văn Lương, Xã Nhơn Đức, Nhà Bè, Hồ Chí Minh",
"Mặt tiền Lô góc - Cực hiếm - Lạc Long Quân Q11 - 4,1x12 - Giá còn 13.x còn TL","13,5 tỷ",49 m²,2,2,"Quận 11, Hồ Chí Minh","Đường Lạc Long Quân, Phường 5, Quận 11, Hồ Chí Minh",
"Bán nhà mặt Hồ Tây phố Từ Hoa, lô góc 225m2, 8 tầng, MT 10 m. Vuông đẹp nhất phố Từ Hoa",160 tỷ,225 m²,10,10,"Tây Hồ, Hà Nội","Phố Từ Hoa, Phường Quảng An, Tây Hồ, Hà Nội",
QUỸ CĂN NHÀ TẠI KHU A GELEXIMCO CHỦ NHÀ THIỆN CHÍ BÁN CHỈ TỪ 153TR/M2 CẢ NHÀ,Giá thỏa thuận,240 m²,5,4,"Hoài Đức, Hà Nội","Khu A, D - Geleximco Lê Trọng Tấn, Lê Trọng Tấn, An Khánh, Hoài Đức, Hà Nội",
"Bán biệt thự tứ lập phân khu Ánh Dương, 120m2 xây 4 tầng 287m2 giá từ 17 tỷ, mặt công viên, Sát góc",17 tỷ,120 m²,6,5,"Văn Giang, Hưng Yên","The Crown - Vinhomes Ocean Park 3, Nghĩa Trụ, Văn Giang, Hưng Yên",
Gia đình đang cần bán căn nhà tại KĐT Văn phú. Nhà 75m2 đường rộng 24m.,"20,8 tỷ",75 m²,5,5,"Hà Đông, Hà Nội","Đường Văn Phú, Phường Phú La, Hà Đông, Hà Nội",
(Giỏ hàng 30 căn) Giá tốt nhất - căn hộ Galleria Residence - Metropole,"8,99 tỷ",50 m²,1,1,"Quận 2, Hồ Chí Minh","Dự án The Galleria Residence, Đường Đại Lộ Vòng Cung, Phường An Khánh, Quận 2, Hồ Chí Minh",
"Bán gấp biệt thự đẹp tại Gamuda Gardens, 25 tỷ, 95 m2, 4PN, 4WC",25 tỷ,95 m²,4,4,"Hoàng Mai, Hà Nội","Gamuda Gardens, Phường Trần Phú, Hoàng Mai, Hà Nội",
"Chính chủ bán biệt thự Văn Phú 200m2, view công viên. Giá 32 tỷ. Sổ đỏ. LH 0944 960 ***",32 tỷ,200 m²,Không có thông tin,Không có thông tin,"Hà Đông, Hà Nội","Dự án KĐT Văn Phú, Đường Lê Trọng Tấn, Phường Phú La, Hà Đông, Hà Nội",
"(Đức Duy Land) chuyển nhượng hàng đầu tại Green Park, tổng hợp quỹ căn hộ 2 - 3 - PN giá tốt nhất","3,8 tỷ",55 m²,2,2,"Hoàng Mai, Hà Nội","Green Park Trần Thủ Độ, Trần Thủ Độ, Hoàng Liệt, Hoàng Mai, Hà Nội",
"(Đức Duy Land) chuyển nhượng hàng đầu tại Green Park, tổng hợp quỹ căn hộ 2 - 3 - PN giá tốt nhất","3,8 tỷ",55 m²,2,2,"Hoàng Mai, Hà Nội","Green Park Trần Thủ Độ, Trần Thủ Độ, Hoàng Liệt, Hoàng Mai, Hà Nội",
Nhanh tay sở hữu ngay - shophouse Vinhomes TP3 - 80 - chốt lợi nhuận cao - chỉ cần 30%,"4,5 tỷ","77,5 m²",Không có thông tin,Không có thông tin,"Móng Cái, Quảng Ninh","Dự án Vinhomes Golden Avenue Móng Cái, Phường Hải Hòa, Móng Cái, Quảng Ninh",
"Cần bán nhà mặt tiền đường quốc lộ 1A đường rộng 30m, nằm sát ngã tư đèn đỏ, vị trí đắc địa","4,8 tỷ",125 m²,10,11,"Tư Nghĩa, Quảng Ngãi","Thị trấn La Hà, Tư Nghĩa, Quảng Ngãi",
"CẦN BÁN NHANH CĂN BIỆT THỰ LÔ GÓC VINHOMES THƯỢNG LÝ, HỒNG BÀNG, HẢI PHÒNG 247M, MẶT TIỀN 15M,",36 tỷ,247 m²,6,8,"Hồng Bàng, Hải Phòng","Vinhomes Imperia Hải Phòng, Đường Bạch Đằng, Phường Thượng Lý, Hồng Bàng, Hải Phòng",
Lô hoa hậu tái định cư Linh Sơn Bình Yên,4 tỷ,100 m²,Không có thông tin,Không có thông tin,"Thạch Thất, Hà Nội","Bình Yên, Thạch Thất, Hà Nội",
Sở hữu ngay nhà mới full nội thất DT 54m2 - sang trọng ngay phố Hoàng Quốc Việt ô tô đỗ tận cửa,"17,33 tỷ",54 m²,Không có thông tin,Không có thông tin,"Cầu Giấy, Hà Nội","Đường Hoàng Quốc Việt, Phường Nghĩa Đô, Cầu Giấy, Hà Nội",
Chính chủ cần bán FPT Plaza 2 giá 2.250 liên hệ 0906 565 ***,"2,25 tỷ",72 m²,2,2,"Ngũ Hành Sơn, Đà Nẵng","FPT Plaza 2, Đường Hoàng Minh Thắng, Phường Hòa Hải, Quận Ngũ Hành Sơn, Đà Nẵng",
"SIÊU PHẨM QUỲNH ĐÔ, THANH TRÌ, GARA Ô TÔ, 6 TẦNG, THANG MÁY, NỘI THẤT SANG TRỌNG, ĐẲNG CẤP!!!","9,7 tỷ",100 m²,6,7,"Thanh Trì, Hà Nội","Xã Vĩnh Quỳnh, Thanh Trì, Hà Nội",
Duy nhất căn hộ vị trí góc 62m2 tầng trung giá tốt nhất dự án chung cư Tecco Thái Nguyên,"1,43 tỷ",62 m²,2,2,"Thái Nguyên, Thái Nguyên","Tecco Elite City, Quang Trung, Thịnh Đán, Thái Nguyên, Thái Nguyên",
Chủ nhà đi Mỹ bán rẻ căn Mezza KĐT Ecopark hoàn thiện nội thất 2 tầng 3 phòng ngủ 2WC giá 6tỷ300,"6,3 tỷ",101 m²,3,2,"Văn Giang, Hưng Yên","Ecopark Grand - The Island , Xuân Quan, Văn Giang, Hưng Yên",
"Bán đất nền sổ sẵn DIC Victory City đối diện tỉnh ủy Hậu Giang, 1 tỷ/nền 95m2,",1 tỷ,95 m²,Không có thông tin,Không có thông tin,"Vị Thanh, Hậu Giang","DIC Victory City, 4, Vị Thanh, Hậu Giang",
"1PN- CÓ BAN CÔNG- GIÁ TỪ 1,9 TỶ. GIỎ HÀNG ĐỘC QUYỀN THE EMERAL 68 - LH 0903 091 *** MS NGA PKD CĐT",Giá thỏa thuận,35 m²,1,1,"Thuận An, Bình Dương","The Emerald 68, Vĩnh Phú 16, Vĩnh Phú, Thuận An, Bình Dương",
Đất giá rẻ trung tâm TP. Thủ Đức (Quận 2) Thạnh Mỹ Lợi LH: 0933 883 *** Mr. Hiếu,"28,8 tỷ",160 m²,Không có thông tin,Không có thông tin,"Quận 2, Hồ Chí Minh","Dự án Thạnh Mỹ Lợi, Phường Thạnh Mỹ Lợi, Quận 2, Hồ Chí Minh",
"Chuyên mua bán đất nền dự án Sở Văn Hóa, Phú Hữu, Quận 9 giá tốt nhất thị trường 0903 838 ***","6,3 tỷ",90 m²,Không có thông tin,Không có thông tin,"Quận 9, Hồ Chí Minh","Khu dân cư Sở Văn Hóa Thông Tin, Bưng Ông Thoàn, Phú Hữu, Quận 9, Hồ Chí Minh",
"Cập nhật giỏ hàng mới Feliz En Vista: 1-2-3-4PN, duplex, penthouse nhà đẹp giá tốt. LH 0938 693 ***","16,5 tỷ",173 m²,4,4,"Quận 2, Hồ Chí Minh","Feliz En Vista, Đồng Văn Cống, Thạnh Mỹ Lợi, Quận 2, Hồ Chí Minh",
"Mới Coong! Bán căn hộ 3PN2VS/85,3m2 Eurowindow Cổ Loa Ntcb Giá 46tr/m2 Ở Ngay + Đầu Tư 0967 565 ***","4,3 tỷ","82,1 m²",3,2,"Đông Anh, Hà Nội","Eurowindow River Park, Đường 5, Xã Đông Hội, Đông Anh, Hà Nội",
"Bán CC tại Riverside sang xịn (Smart Home, điều khiển bằng giọng nói) 15 tỷ",15 tỷ,129 m²,3,2,"Quận 7, Hồ Chí Minh","Dự án Riverside Residence, Đường Nguyễn Lương Bằng, Phường Tân Phú, Quận 7, Hồ Chí Minh",
ĐẤT NINH XUÂN - NINH HOÀ KHÁNH HOÀ GIÁ ĐẦU TƯ - VIEW SÔNG GẦN NÚT GIAO CAO TỐC BẮC NAM VÀ QL26,399 triệu,114 m²,Không có thông tin,Không có thông tin,"Ninh Hòa, Khánh Hòa","Xã Ninh Xuân, Thị xã Ninh Hòa, Khánh Hòa",
"Bán nhà 5 tầng đẹp đường 7m, ô tô đỗ cửa, gần Nguyễn Chí Thanh sổ đỏ chính chủ","7,1 tỷ",25 m²,3,4,"Đống Đa, Hà Nội","Đường Huỳnh Thúc Kháng, Phường Láng Hạ, Đống Đa, Hà Nội",
Chính chủ bán lại căn 2PN 54m2 giá đợt 1 không chênh tòa VIP SP dự án The Senique,"4,5 tỷ",54 m²,2,Không có thông tin,"Gia Lâm, Hà Nội","Dự án Chung cư The Senique Hanoi , Xã Dương Xá, Gia Lâm, Hà Nội",
"Chính chủ bán căn 2PN + 1 tòa S1.10 Vinhomes Ocean Park, đầy đủ nội thất (mới 100%), view thoáng","3,15 tỷ","69,2 m²",2,2,"Gia Lâm, Hà Nội","Dự án The Sapphire 1 - Vinhomes Ocean Park, Xã Đa Tốn, Gia Lâm, Hà Nội",
Bán đất nền tại Khu đô thị Cầu Trúc Sông Công DT 105m giá chỉ 16tr/m. LH: 0983 663 ***,"1,68 tỷ",105 m²,Không có thông tin,Không có thông tin,"Sông Công, Thái Nguyên","Khu đô thị Cầu Trúc Sông Công, Cách Mạng Tháng Mười, Bách Quang, Sông Công, Thái Nguyên",
"CHÍNH CHỦ CẦN BÁN NHANH DT : 275 ngay Hồ Đại Lải,cách 100 mét...",935 tỷ,275 m²,Không có thông tin,Không có thông tin,"Phúc Yên, Vĩnh Phúc","Đường Lê Duẩn, Xã Ngọc Thanh, Phúc Yên, Vĩnh Phúc",
"Bán nhà góc 2MT hẻm 8m đường Kênh 26/3, gần Eon Mall Tân Phú, 7.7x14, 3 lầu, 5pn, 12.2 tỷ","12,2 tỷ",110 m²,5,5,"Tân Phú, Hồ Chí Minh","Đường 26/3, Phường Sơn Kỳ, Tân Phú, Hồ Chí Minh",
"+ Bán nhà Cự Khối -Long Biên. DT 104m Mt 5,3-H 5,4m x3tầng ô tô vào sân- Giá 8,8 tỷ","8,8 tỷ",104 m²,3,4,"Long Biên, Hà Nội","Đường Cự Khối, Phường Cự Khối, Long Biên, Hà Nội",
Chính chủ cần tiền bán gấp đất tặng nhà 52m mặt 8m 3tầng đường 3 ô tô tránh Kd luôn,7 tỷ,52 m²,3,3,"Hoài Đức, Hà Nội","Đường Liên Xã, Xã Đông La, Hoài Đức, Hà Nội",
"Chính chủ gửi bán đất dịch vụ An Khánh Hoài Đức giáp đại lộ Thăng Long, DT 60m2 - 143m2",Giá thỏa thuận,60 m²,Không có thông tin,Không có thông tin,"Hoài Đức, Hà Nội","Xã An Khánh, Hoài Đức, Hà Nội",
"Có 102! Bán nhà phố Trung Kính, lô góc, 2 thoáng, ô tô tránh, TM, KD cực đỉnh 65m2*6T, MT 5.5m.",25 tỷ,65 m²,4,4,"Cầu Giấy, Hà Nội","Phố Trung Kính, Phường Yên Hòa, Cầu Giấy, Hà Nội",
"Bán CC Eaton Park, Mai Chí Thọ, An Phú, Q2, HCM, 12 tỷ, 75m2 thanh toán siêu nhẹ full nội thất",12 tỷ,75 m²,2,2,"Quận 2, Hồ Chí Minh","Dự án Eaton Park, Đường Mai Chí Thọ, Phường An Phú, Quận 2, Hồ Chí Minh",
"Bán biệt thự DT147m2, MT7,03m, 5T, ôtô tránh tại Phùng Khoang, Trung Văn, SĐCC, giá bán 31tỷ TL sâu",31 tỷ,147 m²,6,4,"Nam Từ Liêm, Hà Nội","Phùng Khoang, ngõ 67, Đường Phùng Khoang, Phường Trung Văn, Nam Từ Liêm, Hà Nội",
Bán Đất Mặt Tiền Đường 7.5m Trần Quý Hai - Hoà Thọ Đông Thuận Tiện Kinh Doanh Buôn Bán,"3,63 tỷ",90 m²,Không có thông tin,Không có thông tin,"Cẩm Lệ, Đà Nẵng","Đường Trần Quý Hai, Phường Hòa Thọ Đông, Cẩm Lệ, Đà Nẵng",
"Chính chủ gửi bán đất đấu giá X1 Đông Cao, Tráng Việt. Giá tốt, thương lương nhẹ",Giá thỏa thuận,100 m²,Không có thông tin,Không có thông tin,"Mê Linh, Hà Nội","Xã Tráng Việt, Mê Linh, Hà Nội",
"Bán nhà ngõ 308 Tây Sơn, Đống Đa DT106m2, MT5m, 5tầng, 6PN, ôtô đỗ, SĐCC, giá bán 29tỷ có TL sâu",29 tỷ,106 m²,6,5,"Đống Đa, Hà Nội","Ngõ 308, Đường Tây Sơn, Phường Thịnh Quang, Đống Đa, Hà Nội",
"Bán Nhà ôtô đậu sảnh, Huỳnh Văn Bánh, DT: 63m2 (4,1m x 16m), 3 lầu, giá 11,9 tỷ","11,9 tỷ",63 m²,5,4,"Phú Nhuận, Hồ Chí Minh","Đường Huỳnh Văn Bánh, Phường 13, Phú Nhuận, Hồ Chí Minh",
Chính thức ra mắt SOLA Đảo Ánh Dương phân khu bán đảo villa vườn tại The Global City,Giá thỏa thuận,133 m²,Không có thông tin,Không có thông tin,"Quận 2, Hồ Chí Minh","The Global City, Đường Đỗ Xuân Hợp, Phường An Phú, Quận 2, Hồ Chí Minh",
"Bán căn CCMN tại Xuân Đỉnh, ngõ thông ô tô qua, 19 phòng khép kín, dòng tiền 100tr/tháng, giá 25 tỷ",25 tỷ,108 m²,19,19,"Bắc Từ Liêm, Hà Nội","Đường Xuân Đỉnh, Phường Xuân Đỉnh, Bắc Từ Liêm, Hà Nội",
